"scenario","method","estimand","correction","n","d","M","design","requested","completed","failed","inference_status","probability_limit","bias_from_limit","bias_from_limit_mcse","failure_rate","target","bias","bias_mcse","empirical_sd","empirical_sd_mcse_delta","empirical_variance","empirical_variance_mcse_asymptotic","rmse","rmse_mcse_delta","mean_root_n_variance","mean_root_n_variance_mcse","mean_diagonal_root_n_variance","diagonal_minus_reported_root_n","diagonal_minus_reported_root_n_mcse","mean_estimated_variance","mean_estimated_variance_mcse","variance_ratio","variance_ratio_mcse_delta","intervals","coverage","coverage_mcse","mean_interval_width","mean_interval_width_mcse","total_elapsed_seconds","warning_records","clipping_records","benchmark_scope","benchmark_probability_limit","benchmark_target_bias","benchmark_root_n_variance","benchmark_geometry_mcse","geometry_reported_mcse","geometry_key","geometry_status","geometry_precision_status","geometry_draws","geometry_seed","geometry_relative_mcse","geometry_relative_goal","geometry_precision_goal_met","geometry_below_jensen","comparison_status","empirical_root_n_variance","empirical_root_n_variance_mcse_asymptotic","empirical_minus_benchmark_root_n","empirical_minus_benchmark_mcse_independent","empirical_benchmark_standardized_discrepancy","fitted_minus_benchmark_root_n","fitted_minus_benchmark_mcse_independent","fitted_benchmark_standardized_discrepancy","empirical_to_benchmark_ratio","fitted_to_benchmark_ratio","comparison_interpretation"
"strong_d1_m3_n2000","self_normalized","PATE","oracle",2000,1,3,"strong",1000,1000,0,"within_declared_theorem_scope",1.5,0.00263271517436647,0.00179807088272549,0,1.5,0.00263271517436647,0.00179807088272549,0.0568599938384206,0.00121750858193957,0.00323305889930522,0.000138455060934616,0.0568925041599968,0.00121648235834941,6.66682504988739,0.00404577961686035,6.66682504988739,-1.19015908239817e-16,4.64813797689973e-17,0.0033334125249437,2.02288980843018e-06,1.03103983835866,0.0441925027112171,1000,0.954,0.00662449998113065,0.226309420646312,6.86923081035215e-05,479.216,0,0,"bias_corrected",1.5,0,6.67370414719176,0,0,"M3_d1","exact_1d_closed_form","exact_formula_evaluated_in_floating_point",0,NA,0,0.01,TRUE,FALSE,"monte_carlo_diagnostic_available",6.46611779861044,0.276910121869232,-0.207586348581317,0.276910121869232,-0.749652440221551,-0.00687909730436687,0.00404577961686035,-1.700314390754,0.968894882961111,0.998969223514761,"Independent-stream Monte Carlo diagnostics; finite-n departures from an asymptotic limit are possible; no hypothesis-test or coverage certification"
"strong_d1_m3_n2000","self_normalized","PATE","raw",2000,1,3,"strong",1000,1000,0,"point_estimate_only",1.5,0.00263210285697311,0.00179806096297838,0,1.5,0.00263210285697311,0.00179806096297838,0.0568596801484736,0.00121745702668462,0.00323302322658672,0.000138448434263599,0.0568921626308038,0.0012164323316734,NA,NA,NA,NA,NA,NA,NA,NA,NA,0,NA,NA,NA,NA,0,0,0,"raw_point_only",1.5,0,NA,NA,NA,"M3_d1","exact_1d_closed_form","exact_formula_evaluated_in_floating_point",0,NA,NA,0.01,NA,FALSE,"not_applicable",6.46604645317344,0.276896868527198,NA,NA,NA,NA,NA,NA,NA,NA,"Independent-stream Monte Carlo diagnostics; finite-n departures from an asymptotic limit are possible; no hypothesis-test or coverage certification"
"strong_d1_m3_n2000","self_normalized","PATE","polynomial",2000,1,3,"strong",1000,1000,0,"within_declared_theorem_scope",1.5,0.00263259439135642,0.00179806494867155,0,1.5,0.00263259439135642,0.00179806494867155,0.0568598061871583,0.00121750955199191,0.00323303755964121,0.000138454714314548,0.0568923112143545,0.00121648461132919,6.65019038086294,0.00403574072887983,6.65019038086294,-8.88178419700125e-18,4.32413407634853e-17,0.00332509519043147,2.01787036443992e-06,1.02847403690555,0.0440898893585216,1000,0.954,0.00662449998113065,0.226026908511661,6.86027019475395e-05,481.485,0,0,"bias_corrected",1.5,0,6.67370414719176,0,0,"M3_d1","exact_1d_closed_form","exact_formula_evaluated_in_floating_point",0,NA,0,0.01,TRUE,FALSE,"monte_carlo_diagnostic_available",6.46607511928242,0.276909428629096,-0.207629027909338,0.276909428629096,-0.749808444361224,-0.0235137663288176,0.00403574072887983,-5.82638179914599,0.968888487812768,0.996476654372113,"Independent-stream Monte Carlo diagnostics; finite-n departures from an asymptotic limit are possible; no hypothesis-test or coverage certification"
"strong_d1_m3_n2000","stabilized","PATE","oracle",2000,1,3,"strong",1000,1000,0,"within_declared_theorem_scope",1.5,0.00299449602968425,0.0018878462642868,0,1.5,0.00299449602968425,0.0018878462642868,0.0596989406738647,0.00128967432387543,0.00356396351758162,0.000153984381899292,0.0597441759549484,0.00128776072251438,7.27096716994503,0.00539973474702916,7.26539396103268,-0.00557320891235309,0.00329267932074331,0.00363548358497252,2.69986737351457e-06,1.02006756439511,0.0441004531690247,1000,0.947,0.00708456067798138,0.236335674412906,8.77418848717605e-05,488.77,0,0,"bias_corrected",1.5,0,7.27430555555556,0,0,"M3_d1","exact_1d_closed_form","exact_formula_evaluated_in_floating_point",0,NA,0,0.01,TRUE,FALSE,"monte_carlo_diagnostic_available",7.12792703516324,0.307968763798584,-0.146378520392316,0.307968763798584,-0.47530313979521,-0.00333838561052602,0.00539973474702916,-0.618249926510323,0.979877320347023,0.999541071572395,"Independent-stream Monte Carlo diagnostics; finite-n departures from an asymptotic limit are possible; no hypothesis-test or coverage certification"
"strong_d1_m3_n2000","stabilized","PATE","raw",2000,1,3,"strong",1000,1000,0,"point_estimate_only",1.5,0.00311128782099213,0.00219927078018864,0,1.5,0.00311128782099213,0.00219927078018864,0.0695470485685161,0.00152172160530125,0.00483679196459154,0.000211662492783293,0.0695818603123832,0.00151937051021329,NA,NA,NA,NA,NA,NA,NA,NA,NA,0,NA,NA,NA,NA,0,0,0,"raw_point_only",1.5,0,NA,NA,NA,"M3_d1","exact_1d_closed_form","exact_formula_evaluated_in_floating_point",0,NA,NA,0.01,NA,FALSE,"not_applicable",9.67358392918308,0.423324985566586,NA,NA,NA,NA,NA,NA,NA,NA,"Independent-stream Monte Carlo diagnostics; finite-n departures from an asymptotic limit are possible; no hypothesis-test or coverage certification"
"strong_d1_m3_n2000","stabilized","PATE","polynomial",2000,1,3,"strong",1000,1000,0,"within_declared_theorem_scope",1.5,0.00301133646827861,0.00188757539995273,0,1.5,0.00301133646827861,0.00188757539995273,0.0596903751915391,0.00128851369876167,0.0035629408905067,0.000153823732237044,0.0597364720831535,0.00128638559287203,7.24940077078831,0.00534679635927205,7.24645329535165,-0.00294747543666137,0.0019825246397297,0.00362470038539416,2.67339817963603e-06,1.01733385334907,0.043964524629351,1000,0.947,0.00708456067798138,0.235985130804092,8.70326688334606e-05,493.885,0,0,"bias_corrected",1.5,0,7.27430555555556,0,0,"M3_d1","exact_1d_closed_form","exact_formula_evaluated_in_floating_point",0,NA,0,0.01,TRUE,FALSE,"monte_carlo_diagnostic_available",7.1258817810134,0.307647464474088,-0.148423774542156,0.307647464474088,-0.482447579393774,-0.0249047847672461,0.00534679635927205,-4.65788915339144,0.979596158917355,0.996576335077343,"Independent-stream Monte Carlo diagnostics; finite-n departures from an asymptotic limit are possible; no hypothesis-test or coverage certification"
"strong_d1_m3_n2000","self_normalized","PATT","oracle",2000,1,3,"strong",1000,1000,0,"within_declared_theorem_scope",1.5,0.00102938452470785,0.00193400819976765,0,1.5,0.00102938452470785,0.00193400819976765,0.0611587092470769,0.00133227930262396,0.00374038771676849,0.000162960965010154,0.0611367889371975,0.00132994241369943,7.58907258668246,0.00631562000143746,7.58907258668246,-6.92779167366098e-17,5.1981899457614e-17,0.00379453629334123,3.15781000071872e-06,1.01447672826268,0.0442193370461113,1000,0.948,0.00702111102319284,0.241445933005059,0.000100454887883314,210.482,0,0,"bias_corrected",1.5,0,7.59407832577475,0,0,"M3_d1","exact_1d_closed_form","exact_formula_evaluated_in_floating_point",0,NA,0,0.01,TRUE,FALSE,"monte_carlo_diagnostic_available",7.48077543353698,0.325921930020308,-0.113302892237773,0.325921930020308,-0.347638136012246,-0.00500573909229374,0.00631562000143746,-0.792596624108862,0.985080099601657,0.999340836520568,"Independent-stream Monte Carlo diagnostics; finite-n departures from an asymptotic limit are possible; no hypothesis-test or coverage certification"
"strong_d1_m3_n2000","self_normalized","PATT","raw",2000,1,3,"strong",1000,1000,0,"point_estimate_only",1.5,0.00103098843400335,0.00193400429242609,0,1.5,0.00103098843400335,0.00193400429242609,0.0611585856860878,0.00133218746513514,0.00374037260312255,0.000162949402472799,0.0611366924822604,0.00132984602764175,NA,NA,NA,NA,NA,NA,NA,NA,NA,0,NA,NA,NA,NA,0,0,0,"raw_point_only",1.5,0,NA,NA,NA,"M3_d1","exact_1d_closed_form","exact_formula_evaluated_in_floating_point",0,NA,NA,0.01,NA,FALSE,"not_applicable",7.4807452062451,0.325898804945598,NA,NA,NA,NA,NA,NA,NA,NA,"Independent-stream Monte Carlo diagnostics; finite-n departures from an asymptotic limit are possible; no hypothesis-test or coverage certification"
"strong_d1_m3_n2000","self_normalized","PATT","polynomial",2000,1,3,"strong",1000,1000,0,"within_declared_theorem_scope",1.5,0.00102954228469168,0.00193400479873237,0,1.5,0.00102954228469168,0.00193400479873237,0.0611586016968981,0.00133227680264108,0.00374037456151982,0.000162960372645486,0.0611366841125218,0.00132993953442056,7.58149904669442,0.00661596123370955,7.58149904669442,-4.9737991503207e-17,4.97697337846627e-17,0.00379074952334721,3.30798061685478e-06,1.01346789231903,0.0441987483228932,1000,0.948,0.00702111102319284,0.241323355089343,0.000105271765371506,211.82,0,0,"bias_corrected",1.5,0,7.59407832577475,0,0,"M3_d1","exact_1d_closed_form","exact_formula_evaluated_in_floating_point",0,NA,0,0.01,TRUE,FALSE,"monte_carlo_diagnostic_available",7.48074912303964,0.325920745290972,-0.113329202735113,0.325920745290972,-0.347720126357518,-0.0125792790803336,0.00661596123370955,-1.90135320265177,0.985076634994603,0.998343541040703,"Independent-stream Monte Carlo diagnostics; finite-n departures from an asymptotic limit are possible; no hypothesis-test or coverage certification"
"strong_d1_m3_n2000","stabilized","PATT","oracle",2000,1,3,"strong",1000,1000,0,"within_declared_theorem_scope",1.5,0.00120143195377935,0.00201065361286842,0,1.5,0.00120143195377935,0.00201065361286842,0.0635824500231065,0.00139352777687533,0.00404272795094083,0.000177207820457972,0.0635620064325337,0.00139082834655516,8.08005453755611,0.00827360497590944,8.08005453755611,-6.3948846218409e-17,5.63474896430729e-17,0.00404002726877806,4.13680248795472e-06,0.999331965396745,0.0438018836425905,1000,0.948,0.00702111102319284,0.249122787932875,0.000127461087589735,211.932,0,0,"bias_corrected",1.5,0,8.08810763888889,0,0,"M3_d1","exact_1d_closed_form","exact_formula_evaluated_in_floating_point",0,NA,0,0.01,TRUE,FALSE,"monte_carlo_diagnostic_available",8.08545590188166,0.354415640915944,-0.00265173700722698,0.354415640915944,-0.00748199769167606,-0.00805310133277715,0.00827360497590944,-0.973348541080419,0.999672143704607,0.999004328120702,"Independent-stream Monte Carlo diagnostics; finite-n departures from an asymptotic limit are possible; no hypothesis-test or coverage certification"
"strong_d1_m3_n2000","stabilized","PATT","raw",2000,1,3,"strong",1000,1000,0,"point_estimate_only",1.5,0.00209784183345088,0.00225120985686432,0,1.5,0.00209784183345088,0.00225120985686432,0.0711895063871288,0.00160034963993474,0.00506794581964305,0.000227856201827547,0.0711848215154157,0.0015965341341108,NA,NA,NA,NA,NA,NA,NA,NA,NA,0,NA,NA,NA,NA,0,0,0,"raw_point_only",1.5,0,NA,NA,NA,"M3_d1","exact_1d_closed_form","exact_formula_evaluated_in_floating_point",0,NA,NA,0.01,NA,FALSE,"not_applicable",10.1358916392861,0.455712403655094,NA,NA,NA,NA,NA,NA,NA,NA,"Independent-stream Monte Carlo diagnostics; finite-n departures from an asymptotic limit are possible; no hypothesis-test or coverage certification"
"strong_d1_m3_n2000","stabilized","PATT","polynomial",2000,1,3,"strong",1000,1000,0,"within_declared_theorem_scope",1.5,0.00126575636418933,0.00200995366236172,0,1.5,0.00126575636418933,0.00200995366236172,0.0635603156446007,0.00139178186962401,0.00403991372484128,0.000176924189883469,0.0635411358907749,0.00138888095590243,8.06669414558461,0.00806379264161029,8.06669414558461,3.81916720471054e-17,4.53036536241592e-17,0.00403334707279231,4.03189632080514e-06,0.998374556365253,0.0437547810736836,1000,0.946,0.00714730718522718,0.248918273651363,0.000124319171798297,213.761,0,0,"bias_corrected",1.5,0,8.08810763888889,0,0,"M3_d1","exact_1d_closed_form","exact_formula_evaluated_in_floating_point",0,NA,0,0.01,TRUE,FALSE,"monte_carlo_diagnostic_available",8.07982744968256,0.353848379766938,-0.008280189206328,0.353848379766938,-0.0234003875099887,-0.0214134933042782,0.00806379264161029,-2.65551140213869,0.99897625135866,0.997352471769624,"Independent-stream Monte Carlo diagnostics; finite-n departures from an asymptotic limit are possible; no hypothesis-test or coverage certification"
"weak_d1_m3_n2000","self_normalized","PATE","oracle",2000,1,3,"weak",1000,1000,0,"assumption_failure_diagnostic",-0.0238756613756613,-0.00122407780296583,0.000903623468216012,0,0,-0.0250997391786272,0.000903623468216012,0.0285750830674337,0.000649602548249837,0.000816535372310734,3.71248935541113e-05,0.0380225688739403,0.000809926144715653,1.32269848233132,0.000463394648737141,1.32269848233132,0,1.99940139507303e-17,0.000661349241165658,2.31697324368569e-07,0.809945611166959,0.0368523670368931,1000,0.806,0.0125045591685593,0.100806112391879,1.76499319166507e-05,491.593,0,0,"original_weak_variance_not_established",-0.0238756613756613,-0.0238756613756614,NA,NA,NA,"M3_d1","exact_1d_closed_form","exact_formula_evaluated_in_floating_point",0,NA,NA,0.01,NA,FALSE,"not_applicable",1.63307074462147,0.0742497871082226,NA,NA,NA,NA,NA,NA,NA,NA,"Independent-stream Monte Carlo diagnostics; finite-n departures from an asymptotic limit are possible; no hypothesis-test or coverage certification"
"weak_d1_m3_n2000","self_normalized","PATE","raw",2000,1,3,"weak",1000,1000,0,"point_estimate_only",-0.0238756613756613,-0.00122407780296583,0.000903623468216012,0,0,-0.0250997391786272,0.000903623468216012,0.0285750830674337,0.000649602548249837,0.000816535372310734,3.71248935541113e-05,0.0380225688739403,0.000809926144715653,NA,NA,NA,NA,NA,NA,NA,NA,NA,0,NA,NA,NA,NA,0,0,0,"raw_point_only",-0.0238756613756613,-0.0238756613756614,NA,NA,NA,"M3_d1","exact_1d_closed_form","exact_formula_evaluated_in_floating_point",0,NA,NA,0.01,NA,FALSE,"not_applicable",1.63307074462147,0.0742497871082226,NA,NA,NA,NA,NA,NA,NA,NA,"Independent-stream Monte Carlo diagnostics; finite-n departures from an asymptotic limit are possible; no hypothesis-test or coverage certification"
"weak_d1_m3_n2000","self_normalized","PATE","polynomial",2000,1,3,"weak",1000,1000,0,"assumption_failure_diagnostic",-0.0238756613756613,-0.00122407780296583,0.000903623468216012,0,0,-0.0250997391786272,0.000903623468216012,0.0285750830674337,0.000649602548249837,0.000816535372310734,3.71248935541114e-05,0.0380225688739403,0.000809926144715653,1.32298497401382,0.000652568287655534,1.32298497401382,-1.99840144432528e-17,2.44794021618e-17,0.000661492487006911,3.26284143827765e-07,0.810121042441721,0.0368480414145272,1000,0.805,0.0125289664378192,0.100815512978928,2.48506839833822e-05,493.081,0,0,"original_weak_variance_not_established",-0.0238756613756613,-0.0238756613756614,NA,NA,NA,"M3_d1","exact_1d_closed_form","exact_formula_evaluated_in_floating_point",0,NA,NA,0.01,NA,FALSE,"not_applicable",1.63307074462147,0.0742497871082228,NA,NA,NA,NA,NA,NA,NA,NA,"Independent-stream Monte Carlo diagnostics; finite-n departures from an asymptotic limit are possible; no hypothesis-test or coverage certification"
"weak_d1_m3_n2000","stabilized","PATE","oracle",2000,1,3,"weak",1000,1000,0,"within_declared_theorem_scope",0,-0.0012513943905165,0.000866473618924482,0,0,-0.0012513943905165,0.000866473618924482,0.0274003016825014,0.000630053809521456,0.000750776532292088,3.45273289141943e-05,0.0274151736029596,0.000634636805787629,1.40100938304836,0.000854230522152575,1.41532196498642,0.0143125819380521,0.000625568719430553,0.000700504691524182,4.27115261076287e-07,0.933040207564256,0.0429392434829623,1000,0.944,0.00727076337120113,0.103744120338666,3.15942736480394e-05,501.467,0,0,"bias_corrected",5.55111512312578e-17,0,1.40236175632476,0,0,"M3_d1","exact_1d_closed_form","exact_formula_evaluated_in_floating_point",0,NA,0,0.01,TRUE,FALSE,"monte_carlo_diagnostic_available",1.50155306458418,0.0690546578283886,0.0991913082594191,0.0690546578283886,1.43641734502435,-0.0013523732763967,0.000854230522152575,-1.58314792240022,1.0707316124474,0.999035645923531,"Independent-stream Monte Carlo diagnostics; finite-n departures from an asymptotic limit are possible; no hypothesis-test or coverage certification"
"weak_d1_m3_n2000","stabilized","PATE","raw",2000,1,3,"weak",1000,1000,0,"point_estimate_only",0,-0.00166465696118819,0.00107294287837882,0,0,-0.00166465696118819,0.00107294287837882,0.0339294329493409,0.000784343924873702,0.00115120642026382,5.32246892164503e-05,0.0339532958141326,0.000790394252141286,NA,NA,NA,NA,NA,NA,NA,NA,NA,0,NA,NA,NA,NA,0,0,0,"raw_point_only",5.55111512312578e-17,0,NA,NA,NA,"M3_d1","exact_1d_closed_form","exact_formula_evaluated_in_floating_point",0,NA,NA,0.01,NA,FALSE,"not_applicable",2.30241284052764,0.106449378432901,NA,NA,NA,NA,NA,NA,NA,NA,"Independent-stream Monte Carlo diagnostics; finite-n departures from an asymptotic limit are possible; no hypothesis-test or coverage certification"
"weak_d1_m3_n2000","stabilized","PATE","polynomial",2000,1,3,"weak",1000,1000,0,"within_declared_theorem_scope",0,-0.00133202030398846,0.000868323454078095,0,0,-0.00133202030398846,0.000868323454078095,0.0274587986063141,0.000634311814520718,0.000753985620902114,3.48348807370601e-05,0.0274773709326684,0.000639793896669631,1.40322278305871,0.00134190707093392,1.41841369516113,0.0151909121024202,0.000368463050396448,0.000701611391529355,6.70953535466958e-07,0.93053683263867,0.0429643070151499,1000,0.948,0.00702111102319284,0.10381904279759,4.95366655430786e-05,503.485,0,0,"bias_corrected",5.55111512312578e-17,0,1.40236175632476,0,0,"M3_d1","exact_1d_closed_form","exact_formula_evaluated_in_floating_point",0,NA,0,0.01,TRUE,FALSE,"monte_carlo_diagnostic_available",1.50797124180423,0.0696697614741202,0.105609485479471,0.0696697614741202,1.51585828980771,0.000861026733953274,0.00134190707093392,0.64164408445514,1.07530830401155,1.00061398332497,"Independent-stream Monte Carlo diagnostics; finite-n departures from an asymptotic limit are possible; no hypothesis-test or coverage certification"
"weak_d1_m3_n2000","self_normalized","PATT","oracle",2000,1,3,"weak",1000,1000,0,"assumption_failure_diagnostic",0.062962962962963,-0.0018830860732348,0.000938421204881055,0,0,0.0610798768897282,0.000938421204881055,0.0296754841202365,0.000674397697726002,0.00088063435777041,4.00261563391841e-05,0.0679007001751601,0.000857853712707768,1.47290661455177,0.00143540369901781,1.47290661455177,-1.99840144432528e-17,1.41237578688229e-17,0.000736453307275886,7.17701849508903e-07,0.836275919486537,0.0379116832184996,1000,0.39,0.0154240072614091,0.106365152371844,5.17421609795029e-05,236.251,0,0,"original_weak_variance_not_established",0.062962962962963,0.0629629629629629,NA,NA,NA,"M3_d1","exact_1d_closed_form","exact_formula_evaluated_in_floating_point",0,NA,NA,0.01,NA,FALSE,"not_applicable",1.76126871554082,0.0800523126783682,NA,NA,NA,NA,NA,NA,NA,NA,"Independent-stream Monte Carlo diagnostics; finite-n departures from an asymptotic limit are possible; no hypothesis-test or coverage certification"
"weak_d1_m3_n2000","self_normalized","PATT","raw",2000,1,3,"weak",1000,1000,0,"point_estimate_only",0.062962962962963,-0.0018830860732348,0.000938421204881055,0,0,0.0610798768897282,0.000938421204881055,0.0296754841202365,0.000674397697726002,0.00088063435777041,4.00261563391841e-05,0.0679007001751601,0.000857853712707768,NA,NA,NA,NA,NA,NA,NA,NA,NA,0,NA,NA,NA,NA,0,0,0,"raw_point_only",0.062962962962963,0.0629629629629629,NA,NA,NA,"M3_d1","exact_1d_closed_form","exact_formula_evaluated_in_floating_point",0,NA,NA,0.01,NA,FALSE,"not_applicable",1.76126871554082,0.0800523126783682,NA,NA,NA,NA,NA,NA,NA,NA,"Independent-stream Monte Carlo diagnostics; finite-n departures from an asymptotic limit are possible; no hypothesis-test or coverage certification"
"weak_d1_m3_n2000","self_normalized","PATT","polynomial",2000,1,3,"weak",1000,1000,0,"assumption_failure_diagnostic",0.062962962962963,-0.0018830860732348,0.000938421204881055,0,0,0.0610798768897282,0.000938421204881055,0.0296754841202365,0.000674397697726002,0.00088063435777041,4.00261563391841e-05,0.0679007001751601,0.000857853712707768,1.47174653863842,0.00131229186865832,1.47174653863842,-2.22044604925031e-19,2.01060110923281e-17,0.000735873269319211,6.56145934329161e-07,0.835617260246687,0.0379464723266595,1000,0.387,0.015402305022301,0.106325297346585,4.73374096030602e-05,238.804,0,0,"original_weak_variance_not_established",0.062962962962963,0.0629629629629629,NA,NA,NA,"M3_d1","exact_1d_closed_form","exact_formula_evaluated_in_floating_point",0,NA,NA,0.01,NA,FALSE,"not_applicable",1.76126871554082,0.0800523126783682,NA,NA,NA,NA,NA,NA,NA,NA,"Independent-stream Monte Carlo diagnostics; finite-n departures from an asymptotic limit are possible; no hypothesis-test or coverage certification"
"weak_d1_m3_n2000","stabilized","PATT","oracle",2000,1,3,"weak",1000,1000,0,"within_declared_theorem_scope",0,-0.00198153253644962,0.000928589613412404,0,0,-0.00198153253644962,0.000928589613412404,0.0293645818995844,0.000671440361707813,0.000862278670137398,3.94331309841112e-05,0.0294167106023136,0.000681914686988625,1.59917062690096,0.00241023226387563,1.59917062690096,-3.99680288865056e-17,2.44548941608331e-17,0.000799585313450482,1.20511613193782e-06,0.927293392660489,0.0422573943081359,1000,0.946,0.00714730718522718,0.110812242651498,8.33669574978668e-05,239.807,0,0,"bias_corrected",5.55111512312578e-17,0,1.59375,0,0,"M3_d1","exact_1d_closed_form","exact_formula_evaluated_in_floating_point",0,NA,0,0.01,TRUE,FALSE,"monte_carlo_diagnostic_available",1.7245573402748,0.0788662619682224,0.130807340274796,0.0788662619682224,1.65859693372436,0.00542062690096001,0.00241023226387563,2.24900603240772,1.08207519389791,1.00340117766335,"Independent-stream Monte Carlo diagnostics; finite-n departures from an asymptotic limit are possible; no hypothesis-test or coverage certification"
"weak_d1_m3_n2000","stabilized","PATT","raw",2000,1,3,"weak",1000,1000,0,"point_estimate_only",0,-0.00224714299316259,0.00111029329942248,0,0,-0.00224714299316259,0.00111029329942248,0.0351105569699835,0.000803509705325766,0.00123275121074246,5.642334656955e-05,0.035164870413005,0.00081356712198162,NA,NA,NA,NA,NA,NA,NA,NA,NA,0,NA,NA,NA,NA,0,0,0,"raw_point_only",5.55111512312578e-17,0,NA,NA,NA,"M3_d1","exact_1d_closed_form","exact_formula_evaluated_in_floating_point",0,NA,NA,0.01,NA,FALSE,"not_applicable",2.46550242148492,0.1128466931391,NA,NA,NA,NA,NA,NA,NA,NA,"Independent-stream Monte Carlo diagnostics; finite-n departures from an asymptotic limit are possible; no hypothesis-test or coverage certification"
"weak_d1_m3_n2000","stabilized","PATT","polynomial",2000,1,3,"weak",1000,1000,0,"within_declared_theorem_scope",0,-0.00179309461726493,0.000927949821487796,0,0,-0.00179309461726493,0.000927949821487796,0.0293443499024809,0.000668825892765578,0.000861090871199232,3.92525220423046e-05,0.0293844341213932,0.000676955610379028,1.59883928528752,0.00205758234141687,1.59883928528752,1.02140518265514e-17,2.24518918707863e-17,0.000799419642643761,1.02879117070843e-06,0.928380115713476,0.042287700167566,1000,0.943,0.00733150734842434,0.110809253773824,7.11680663081272e-05,239.902,0,0,"bias_corrected",5.55111512312578e-17,0,1.59375,0,0,"M3_d1","exact_1d_closed_form","exact_formula_evaluated_in_floating_point",0,NA,0,0.01,TRUE,FALSE,"monte_carlo_diagnostic_available",1.72218174239846,0.0785050440846092,0.128431742398464,0.0785050440846092,1.63596803104838,0.00508928528751995,0.00205758234141687,2.47342970683517,1.08058462268139,1.00319327704315,"Independent-stream Monte Carlo diagnostics; finite-n departures from an asymptotic limit are possible; no hypothesis-test or coverage certification"
"strong_d5_m3_n2000","self_normalized","PATE","oracle",2000,5,3,"strong",1000,1000,0,"within_declared_theorem_scope",1.5,-0.00116962536337246,0.00181408947985345,0,1.5,-0.00116962536337246,0.00181408947985345,0.0573665463568703,0.00124988646844146,0.00329092064091495,0.000143403340065344,0.0573497841649355,0.00125048409556853,6.55437861158733,0.00381943078236995,6.55437861158733,3.10862446895044e-17,4.80166840951473e-17,0.00327718930579367,1.90971539118498e-06,0.995827509496714,0.0434418708519469,1000,0.946,0.00714730718522718,0.224393589283365,6.5363783969945e-05,832.507,0,0,"bias_corrected",1.5,0,6.48586327958643,0.0318528583083668,0.0318528583083668,"M3_d5","monte_carlo_precision_estimated","monte_carlo_estimate",6e+05,934108,0.00491112083855056,0.01,TRUE,FALSE,"monte_carlo_diagnostic_available",6.5818412818299,0.286806680130688,0.0959780022434717,0.288570054492838,0.332598621198423,0.0685153320009011,0.0320810323074898,2.13569598833966,1.01479803044038,1.01056379529562,"Independent-stream Monte Carlo diagnostics; finite-n departures from an asymptotic limit are possible; no hypothesis-test or coverage certification"
"strong_d5_m3_n2000","self_normalized","PATE","raw",2000,5,3,"strong",1000,1000,0,"point_estimate_only",1.5,-0.000837030333351868,0.00182065786580016,0,1.5,-0.000837030333351868,0.00182065786580016,0.0575742569582969,0.00124304198296089,0.0033147950643,0.000143134437073882,0.0575515498402489,0.0012430772709184,NA,NA,NA,NA,NA,NA,NA,NA,NA,0,NA,NA,NA,NA,0,0,0,"raw_point_only",1.5,0,NA,NA,NA,"M3_d5","monte_carlo_precision_estimated","monte_carlo_estimate",6e+05,934108,NA,0.01,NA,FALSE,"not_applicable",6.6295901286,0.286268874147764,NA,NA,NA,NA,NA,NA,NA,NA,"Independent-stream Monte Carlo diagnostics; finite-n departures from an asymptotic limit are possible; no hypothesis-test or coverage certification"
"strong_d5_m3_n2000","self_normalized","PATE","polynomial",2000,5,3,"strong",1000,1000,0,"within_declared_theorem_scope",1.5,-0.00106936213046287,0.00180680616349815,0,1.5,-0.00106936213046287,0.00180680616349815,0.0571362276708473,0.00124475748292529,0.00326454851245489,0.000142241493878821,0.0571176636366414,0.00124499175440938,6.4501945047812,0.00391568758407707,6.4501945047812,-1.95399252334028e-17,4.62384203252506e-17,0.0032250972523906,1.95784379203854e-06,0.987915247724523,0.0430949334667972,1000,0.953,0.00669260786241059,0.22260223351326,6.75525678738723e-05,840.48,0,0,"bias_corrected",1.5,0,6.48586327958643,0.0318528583083668,0.0318528583083668,"M3_d5","monte_carlo_precision_estimated","monte_carlo_estimate",6e+05,934108,0.00491112083855056,0.01,TRUE,FALSE,"monte_carlo_diagnostic_available",6.52909702490978,0.284482987757642,0.0432337453233513,0.286260676492472,0.151029285101575,-0.0356687748052291,0.0320926345392364,-1.11143180724601,1.00666584284307,0.994500535508127,"Independent-stream Monte Carlo diagnostics; finite-n departures from an asymptotic limit are possible; no hypothesis-test or coverage certification"
"strong_d5_m3_n2000","stabilized","PATE","oracle",2000,5,3,"strong",1000,1000,0,"within_declared_theorem_scope",1.5,-0.00106906937824298,0.00190396374243295,0,1.5,-0.00106906937824298,0.00190396374243295,0.060208620084663,0.00130510142629271,0.00362507793249928,0.000157156711895219,0.0601880034882557,0.00130550564309168,7.16763418283087,0.00466887472194738,7.16850471629174,0.000870533460867999,0.00304497470152347,0.00358381709141543,2.33443736097369e-06,0.98861794370986,0.0428893677134483,1000,0.949,0.00695693898205238,0.234654027904944,7.63945967257945e-05,838.699999999999,0,0,"bias_corrected",1.5,0,7.09073046392214,0.038130221249801,0.038130221249801,"M3_d5","monte_carlo_precision_estimated","monte_carlo_estimate",6e+05,934108,0.00537747435808041,0.01,TRUE,FALSE,"monte_carlo_diagnostic_available",7.25015586499856,0.314313423790438,0.159425401076416,0.316617817166732,0.503526309741635,0.076903718908726,0.0384149992024992,2.0019190551935,1.02248363576751,1.01084566946946,"Independent-stream Monte Carlo diagnostics; finite-n departures from an asymptotic limit are possible; no hypothesis-test or coverage certification"
"strong_d5_m3_n2000","stabilized","PATE","raw",2000,5,3,"strong",1000,1000,0,"point_estimate_only",1.5,-0.00243953348308207,0.00219093275252266,0,1.5,-0.00243953348308207,0.00219093275252266,0.0692833769823364,0.00147472755309845,0.00480018632607654,0.000204348210015116,0.0692916839408997,0.00147147300036524,NA,NA,NA,NA,NA,NA,NA,NA,NA,0,NA,NA,NA,NA,0,0,0,"raw_point_only",1.5,0,NA,NA,NA,"M3_d5","monte_carlo_precision_estimated","monte_carlo_estimate",6e+05,934108,NA,0.01,NA,FALSE,"not_applicable",9.60037265215308,0.408696420030232,NA,NA,NA,NA,NA,NA,NA,NA,"Independent-stream Monte Carlo diagnostics; finite-n departures from an asymptotic limit are possible; no hypothesis-test or coverage certification"
"strong_d5_m3_n2000","stabilized","PATE","polynomial",2000,5,3,"strong",1000,1000,0,"within_declared_theorem_scope",1.5,-0.000951545967394455,0.00189335324126122,0,1.5,-0.000951545967394455,0.00189335324126122,0.0598730865764773,0.00129709643880768,0.00358478649619435,0.000155322334757546,0.0598507071756568,0.00129706753351163,7.02126239356462,0.00463095997968016,7.01600614541845,-0.00525624814616852,0.00175839073616617,0.00351063119678231,2.31547998984008e-06,0.979313886757059,0.0424767639814001,1000,0.949,0.00695693898205238,0.2322454007708,7.65531810795232e-05,851.45,0,0,"bias_corrected",1.5,0,7.09073046392214,0.038130221249801,0.038130221249801,"M3_d5","monte_carlo_precision_estimated","monte_carlo_estimate",6e+05,934108,0.00537747435808041,0.01,TRUE,FALSE,"monte_carlo_diagnostic_available",7.1695729923887,0.310644669515092,0.0788425284665557,0.312976076514962,0.251912316572179,-0.0694680703575239,0.0384104095642337,-1.80857405962705,1.01111909821812,0.990202974050279,"Independent-stream Monte Carlo diagnostics; finite-n departures from an asymptotic limit are possible; no hypothesis-test or coverage certification"
"strong_d5_m3_n2000","self_normalized","PATT","oracle",2000,5,3,"strong",1000,1000,0,"within_declared_theorem_scope",1.5,2.93037191587047e-05,0.00191762886981775,0,1.5,2.93037191587047e-05,0.00191762886981775,0.0606407493551861,0.00132636273447027,0.0036773004823585,0.000160863260270142,0.0606104284804529,0.00132567054883623,7.43319301019652,0.0059667225571,7.43319301019652,4.9737991503207e-17,5.5557507413993e-17,0.00371659650509826,2.98336127855e-06,1.01068610599767,0.0442633093919807,1000,0.951,0.00682634602111555,0.238954875783518,9.58448506786865e-05,380.888,0,0,"bias_corrected",1.5,0,7.34332565058723,0.0426057839548764,0.0426057839548764,"M3_d5","monte_carlo_precision_estimated","monte_carlo_estimate",6e+05,934108,0.00580197392600577,0.01,TRUE,FALSE,"monte_carlo_diagnostic_available",7.354600964717,0.321726520540284,0.0112753141297723,0.324535370715377,0.0347429437503777,0.0898673596092925,0.0430215597634838,2.08889124669931,1.00153545064815,1.0122379646342,"Independent-stream Monte Carlo diagnostics; finite-n departures from an asymptotic limit are possible; no hypothesis-test or coverage certification"
"strong_d5_m3_n2000","self_normalized","PATT","raw",2000,5,3,"strong",1000,1000,0,"point_estimate_only",1.5,0.00217036783258312,0.00192483759847924,0,1.5,0.00217036783258312,0.00192483759847924,0.0608687093712307,0.00132550532387922,0.00370499978051935,0.000161363596658447,0.0608769683646249,0.00132405684825599,NA,NA,NA,NA,NA,NA,NA,NA,NA,0,NA,NA,NA,NA,0,0,0,"raw_point_only",1.5,0,NA,NA,NA,"M3_d5","monte_carlo_precision_estimated","monte_carlo_estimate",6e+05,934108,NA,0.01,NA,FALSE,"not_applicable",7.4099995610387,0.322727193316894,NA,NA,NA,NA,NA,NA,NA,NA,"Independent-stream Monte Carlo diagnostics; finite-n departures from an asymptotic limit are possible; no hypothesis-test or coverage certification"
"strong_d5_m3_n2000","self_normalized","PATT","polynomial",2000,5,3,"strong",1000,1000,0,"within_declared_theorem_scope",1.5,0.000138567033229661,0.00190897322580124,0,1.5,0.000138567033229661,0.00190897322580124,0.0603670338581084,0.00131897474246117,0.00364417877682601,0.000159245185872286,0.0603370019048998,0.00131818938429729,7.4247608161831,0.00663629140182092,7.4247608161831,-1.70530256582424e-16,5.02298807303225e-17,0.00371238040809155,3.31814570091046e-06,1.01871522651393,0.0445818612330931,1000,0.952,0.00675988165576884,0.238814735335908,0.000106580502838077,383.705999999999,0,0,"bias_corrected",1.5,0,7.34332565058723,0.0426057839548764,0.0426057839548764,"M3_d5","monte_carlo_precision_estimated","monte_carlo_estimate",6e+05,934108,0.00580197392600577,0.01,TRUE,FALSE,"monte_carlo_diagnostic_available",7.28835755365202,0.318490371744572,-0.054968096935208,0.32132751161456,-0.171065641591074,0.081435165595872,0.0431195221446097,1.88859156005401,0.992514550007623,1.01108968462938,"Independent-stream Monte Carlo diagnostics; finite-n departures from an asymptotic limit are possible; no hypothesis-test or coverage certification"
"strong_d5_m3_n2000","stabilized","PATT","oracle",2000,5,3,"strong",1000,1000,0,"within_declared_theorem_scope",1.5,-2.99226306781602e-05,0.00199002317321098,0,1.5,-2.99226306781602e-05,0.00199002317321098,0.0629300582386248,0.00138059468891042,0.00396019222991671,0.000173761808354138,0.0628985924568318,0.00137994491996621,7.9525486101204,0.00757147439745749,7.9525486101204,1.95399252334028e-17,4.16186391957411e-17,0.0039762743050602,3.78573719872875e-06,1.00406093295724,0.0440856093756771,1000,0.952,0.00675988165576884,0.247153689258778,0.000117659424642721,381.379,0,0,"bias_corrected",1.5,0,7.84120731164009,0.0512834503901255,0.0512834503901255,"M3_d5","monte_carlo_precision_estimated","monte_carlo_estimate",6e+05,934108,0.00654024926926704,0.01,TRUE,FALSE,"monte_carlo_diagnostic_available",7.92038445983342,0.347523616708276,0.0791771481933283,0.351287142454598,0.225391534799944,0.111341298480307,0.051839362539173,2.14781380454228,1.01009757108141,1.01419950959784,"Independent-stream Monte Carlo diagnostics; finite-n departures from an asymptotic limit are possible; no hypothesis-test or coverage certification"
"strong_d5_m3_n2000","stabilized","PATT","raw",2000,5,3,"strong",1000,1000,0,"point_estimate_only",1.5,0.000186552754098881,0.00224049924022022,0,1.5,0.000186552754098881,0.00224049924022022,0.0708508069497264,0.00151264550261356,0.0050198368454274,0.000214344308978091,0.0708156184080323,0.00151152026173639,NA,NA,NA,NA,NA,NA,NA,NA,NA,0,NA,NA,NA,NA,0,0,0,"raw_point_only",1.5,0,NA,NA,NA,"M3_d5","monte_carlo_precision_estimated","monte_carlo_estimate",6e+05,934108,NA,0.01,NA,FALSE,"not_applicable",10.0396736908548,0.428688617956182,NA,NA,NA,NA,NA,NA,NA,NA,"Independent-stream Monte Carlo diagnostics; finite-n departures from an asymptotic limit are possible; no hypothesis-test or coverage certification"
"strong_d5_m3_n2000","stabilized","PATT","polynomial",2000,5,3,"strong",1000,1000,0,"within_declared_theorem_scope",1.5,0.000145434137024859,0.00198073728298875,0,1.5,0.000145434137024859,0.00198073728298875,0.0626364126065795,0.00137591273658504,0.00392332018422167,0.000172364475758777,0.0626052554912578,0.00137506472385969,7.9066626629888,0.00764201084360131,7.9066626629888,-7.19424519957101e-17,6.10144194148053e-17,0.0039533313314944,3.82100542180065e-06,1.00764942596157,0.0443250277053041,1000,0.952,0.00675988165576884,0.24643880597689,0.000119025769482813,386.864,0,0,"bias_corrected",1.5,0,7.84120731164009,0.0512834503901255,0.0512834503901255,"M3_d5","monte_carlo_precision_estimated","monte_carlo_estimate",6e+05,934108,0.00654024926926704,0.01,TRUE,FALSE,"monte_carlo_diagnostic_available",7.84664036844334,0.344728951517554,0.00543305680324835,0.348522656793369,0.0155888195425684,0.0654553513487075,0.0518497117991044,1.26240530713689,1.00069288523914,1.00834761137504,"Independent-stream Monte Carlo diagnostics; finite-n departures from an asymptotic limit are possible; no hypothesis-test or coverage certification"
"weak_d5_m3_n2000","self_normalized","PATE","oracle",2000,5,3,"weak",1000,1000,0,"assumption_failure_diagnostic",-0.0238756613756613,-0.000884507518324126,0.000860776208516603,0,0,-0.0247601688939855,0.000860776208516603,0.0272201337459649,0.00058866099886532,0.000740935681148219,3.20468622402946e-05,0.0367866920111846,0.000727497004396609,1.29829603176499,0.000372878977562208,1.29829603176499,3.04201108747293e-17,3.01250278307983e-17,0.000649148015882496,1.86439488781105e-07,0.876119253531588,0.0379197811941354,1000,0.818,0.0122014753206323,0.099872398514913,1.43424815420413e-05,826.906,0,0,"original_weak_variance_not_established",-0.0238756613756613,-0.0238756613756614,NA,NA,NA,"M3_d5","monte_carlo_precision_estimated","monte_carlo_estimate",6e+05,934108,NA,0.01,NA,FALSE,"not_applicable",1.48187136229644,0.0640937244805892,NA,NA,NA,NA,NA,NA,NA,NA,"Independent-stream Monte Carlo diagnostics; finite-n departures from an asymptotic limit are possible; no hypothesis-test or coverage certification"
"weak_d5_m3_n2000","self_normalized","PATE","raw",2000,5,3,"weak",1000,1000,0,"point_estimate_only",-0.0238756613756613,-0.000884507518324126,0.000860776208516603,0,0,-0.0247601688939855,0.000860776208516603,0.0272201337459649,0.00058866099886532,0.000740935681148219,3.20468622402946e-05,0.0367866920111846,0.000727497004396609,NA,NA,NA,NA,NA,NA,NA,NA,NA,0,NA,NA,NA,NA,0,0,0,"raw_point_only",-0.0238756613756613,-0.0238756613756614,NA,NA,NA,"M3_d5","monte_carlo_precision_estimated","monte_carlo_estimate",6e+05,934108,NA,0.01,NA,FALSE,"not_applicable",1.48187136229644,0.0640937244805892,NA,NA,NA,NA,NA,NA,NA,NA,"Independent-stream Monte Carlo diagnostics; finite-n departures from an asymptotic limit are possible; no hypothesis-test or coverage certification"
"weak_d5_m3_n2000","self_normalized","PATE","polynomial",2000,5,3,"weak",1000,1000,0,"assumption_failure_diagnostic",-0.0238756613756613,-0.000884507518324127,0.000860776208516603,0,0,-0.0247601688939855,0.000860776208516603,0.0272201337459649,0.00058866099886532,0.000740935681148219,3.20468622402946e-05,0.0367866920111846,0.000727497004396609,1.29815708816078,0.000597473306362267,1.29815708816078,4.9960036108132e-17,3.31186220940555e-17,0.000649078544080391,2.98736653181133e-07,0.876025491274117,0.0379155614436262,1000,0.82,0.01214907403879,0.0998654413291525,2.29815188244009e-05,824.559999999999,0,0,"original_weak_variance_not_established",-0.0238756613756613,-0.0238756613756614,NA,NA,NA,"M3_d5","monte_carlo_precision_estimated","monte_carlo_estimate",6e+05,934108,NA,0.01,NA,FALSE,"not_applicable",1.48187136229644,0.0640937244805892,NA,NA,NA,NA,NA,NA,NA,NA,"Independent-stream Monte Carlo diagnostics; finite-n departures from an asymptotic limit are possible; no hypothesis-test or coverage certification"
"weak_d5_m3_n2000","stabilized","PATE","oracle",2000,5,3,"weak",1000,1000,0,"within_declared_theorem_scope",0,-0.000767550260338886,0.000834874672533821,0,0,-0.000767550260338886,0.000834874672533821,0.0264010552599409,0.000573563440954587,0.000697015718838456,3.02853601994479e-05,0.0263990120368502,0.00057411171069936,1.3806031545958,0.000707068045958022,1.39381078654053,0.0132076319447283,0.000601540479007481,0.000690301577297901,3.53534022979012e-07,0.990367302545567,0.0430661201040596,1000,0.945,0.00720936890441875,0.102987210373726,2.63728490211916e-05,830.415,0,0,"bias_corrected",5.55111512312578e-17,0,1.36265751451042,0.00824693323841207,0.00824693323841207,"M3_d5","monte_carlo_precision_estimated","monte_carlo_estimate",6e+05,934108,0.00605209537289715,0.01,TRUE,FALSE,"monte_carlo_diagnostic_available",1.39403143767691,0.0605707203988958,0.0313739231664887,0.0611295679477619,0.513236461826447,0.0179456400853766,0.00827718871721798,2.16808395923685,1.02302407085596,1.0131695894928,"Independent-stream Monte Carlo diagnostics; finite-n departures from an asymptotic limit are possible; no hypothesis-test or coverage certification"
"weak_d5_m3_n2000","stabilized","PATE","raw",2000,5,3,"weak",1000,1000,0,"point_estimate_only",0,-0.000964184703931101,0.00103040965986491,0,0,-0.000964184703931101,0.00103040965986491,0.032584414482125,0.000704934503636046,0.00106174406714291,4.59397560984559e-05,0.0325823875002902,0.000705465118563924,NA,NA,NA,NA,NA,NA,NA,NA,NA,0,NA,NA,NA,NA,0,0,0,"raw_point_only",5.55111512312578e-17,0,NA,NA,NA,"M3_d5","monte_carlo_precision_estimated","monte_carlo_estimate",6e+05,934108,NA,0.01,NA,FALSE,"not_applicable",2.12348813428582,0.0918795121969118,NA,NA,NA,NA,NA,NA,NA,NA,"Independent-stream Monte Carlo diagnostics; finite-n departures from an asymptotic limit are possible; no hypothesis-test or coverage certification"
"weak_d5_m3_n2000","stabilized","PATE","polynomial",2000,5,3,"weak",1000,1000,0,"within_declared_theorem_scope",0,-0.000854609117237044,0.000835088259947096,0,0,-0.000854609117237044,0.000835088259947096,0.0264078094869958,0.00057358267231727,0.000697372401901468,3.02941238711929e-05,0.026408433998305,0.000574494407525132,1.38179854777788,0.00121248670296607,1.39547921940867,0.0136806716307854,0.000349724793648951,0.000690899273888941,6.06243351483035e-07,0.990717831685227,0.0430605523947732,1000,0.946,0.00714730718522718,0.103025264151355,4.51821595156875e-05,835.881,0,0,"bias_corrected",5.55111512312578e-17,0,1.36265751451042,0.00824693323841207,0.00824693323841207,"M3_d5","monte_carlo_precision_estimated","monte_carlo_estimate",6e+05,934108,0.00605209537289715,0.01,TRUE,FALSE,"monte_carlo_diagnostic_available",1.39474480380294,0.0605882477423858,0.0320872892925126,0.0611469351017003,0.524757115612494,0.0191410332674566,0.00833558827220343,2.296302629448,1.02354758180308,1.0140468408706,"Independent-stream Monte Carlo diagnostics; finite-n departures from an asymptotic limit are possible; no hypothesis-test or coverage certification"
"weak_d5_m3_n2000","self_normalized","PATT","oracle",2000,5,3,"weak",1000,1000,0,"assumption_failure_diagnostic",0.062962962962963,-0.00126756090158627,0.000897807702941258,0,0,0.0616954020613767,0.000897807702941258,0.0283911724213823,0.000623222243679071,0.000806058671460658,3.53880203542665e-05,0.067908580078692,0.000849409555236712,1.43059995376693,0.00128113451242866,1.43059995376693,1.99840144432528e-17,1.99840144432528e-17,0.000715299976883463,6.40567256214331e-07,0.887404356791136,0.038926397919594,1000,0.368,0.0152504426165276,0.10482835337486,4.69057718409293e-05,402.322,0,0,"original_weak_variance_not_established",0.062962962962963,0.0629629629629629,NA,NA,NA,"M3_d5","monte_carlo_precision_estimated","monte_carlo_estimate",6e+05,934108,NA,0.01,NA,FALSE,"not_applicable",1.61211734292132,0.070776040708533,NA,NA,NA,NA,NA,NA,NA,NA,"Independent-stream Monte Carlo diagnostics; finite-n departures from an asymptotic limit are possible; no hypothesis-test or coverage certification"
"weak_d5_m3_n2000","self_normalized","PATT","raw",2000,5,3,"weak",1000,1000,0,"point_estimate_only",0.062962962962963,-0.00126756090158627,0.000897807702941258,0,0,0.0616954020613767,0.000897807702941258,0.0283911724213823,0.000623222243679071,0.000806058671460658,3.53880203542665e-05,0.067908580078692,0.000849409555236712,NA,NA,NA,NA,NA,NA,NA,NA,NA,0,NA,NA,NA,NA,0,0,0,"raw_point_only",0.062962962962963,0.0629629629629629,NA,NA,NA,"M3_d5","monte_carlo_precision_estimated","monte_carlo_estimate",6e+05,934108,NA,0.01,NA,FALSE,"not_applicable",1.61211734292132,0.070776040708533,NA,NA,NA,NA,NA,NA,NA,NA,"Independent-stream Monte Carlo diagnostics; finite-n departures from an asymptotic limit are possible; no hypothesis-test or coverage certification"
"weak_d5_m3_n2000","self_normalized","PATT","polynomial",2000,5,3,"weak",1000,1000,0,"assumption_failure_diagnostic",0.062962962962963,-0.00126756090158628,0.000897807702941258,0,0,0.0616954020613767,0.000897807702941258,0.0283911724213823,0.000623222243679071,0.000806058671460658,3.53880203542665e-05,0.067908580078692,0.000849409555236712,1.4291193523154,0.00115992523909595,1.4291193523154,0,2.44875660446889e-17,0.0007145596761577,5.79962619547975e-07,0.886485936393248,0.0389351764058327,1000,0.364,0.0152152555022911,0.104775956153441,4.25100316204905e-05,402.062000000001,0,0,"original_weak_variance_not_established",0.062962962962963,0.0629629629629629,NA,NA,NA,"M3_d5","monte_carlo_precision_estimated","monte_carlo_estimate",6e+05,934108,NA,0.01,NA,FALSE,"not_applicable",1.61211734292132,0.070776040708533,NA,NA,NA,NA,NA,NA,NA,NA,"Independent-stream Monte Carlo diagnostics; finite-n departures from an asymptotic limit are possible; no hypothesis-test or coverage certification"
"weak_d5_m3_n2000","stabilized","PATT","oracle",2000,5,3,"weak",1000,1000,0,"within_declared_theorem_scope",0,-0.00133611238768435,0.000891481323252861,0,0,-0.00133611238768435,0.000891481323252861,0.0281911147297987,0.00062670696701958,0.000794738949708672,3.53351360184263e-05,0.0282086760956888,0.00062969927126903,1.55930662592709,0.00216002929989634,1.55930662592709,-2.99760216648792e-17,2.64325855322991e-17,0.000779653312963546,1.08001464994817e-06,0.981018123308721,0.0435433083948484,1000,0.942,0.00739161687318817,0.109427159065656,7.5676749791308e-05,402.326,0,0,"bias_corrected",5.55111512312578e-17,0,1.52568558546114,0.0141375998372778,0.0141375998372778,"M3_d5","monte_carlo_precision_estimated","monte_carlo_estimate",6e+05,934108,0.0092663914321539,0.01,TRUE,FALSE,"monte_carlo_diagnostic_available",1.58947789941734,0.0706702720368526,0.0637923139562013,0.0720705146292279,0.885137483537972,0.0336210404659474,0.0143016591951916,2.35084894745997,1.04181222826256,1.02203667701021,"Independent-stream Monte Carlo diagnostics; finite-n departures from an asymptotic limit are possible; no hypothesis-test or coverage certification"
"weak_d5_m3_n2000","stabilized","PATT","raw",2000,5,3,"weak",1000,1000,0,"point_estimate_only",0,-0.00150066294982881,0.00106269018117562,0,0,-0.00150066294982881,0.00106269018117562,0.0336052141961196,0.000751201465903687,0.00112931042116708,5.04885723322649e-05,0.0336219139852998,0.000754210373723931,NA,NA,NA,NA,NA,NA,NA,NA,NA,0,NA,NA,NA,NA,0,0,0,"raw_point_only",5.55111512312578e-17,0,NA,NA,NA,"M3_d5","monte_carlo_precision_estimated","monte_carlo_estimate",6e+05,934108,NA,0.01,NA,FALSE,"not_applicable",2.25862084233416,0.10097714466453,NA,NA,NA,NA,NA,NA,NA,NA,"Independent-stream Monte Carlo diagnostics; finite-n departures from an asymptotic limit are possible; no hypothesis-test or coverage certification"
"weak_d5_m3_n2000","stabilized","PATT","polynomial",2000,5,3,"weak",1000,1000,0,"within_declared_theorem_scope",0,-0.00116076878617617,0.000891210105476031,0,0,-0.00116076878617617,0.000891210105476031,0.0281825380706316,0.000624799443252631,0.000794255452102598,3.52168681919534e-05,0.0281923496861375,0.000626528220308893,1.55784174918816,0.00181820873730908,1.55784174918816,-1.99840144432528e-17,3.16069885319867e-17,0.000778920874594082,9.0910436865454e-07,0.980693141648671,0.0435039533995887,1000,0.942,0.00739161687318817,0.109383275668966,6.3819543951096e-05,403.864,0,0,"bias_corrected",5.55111512312578e-17,0,1.52568558546114,0.0141375998372778,0.0141375998372778,"M3_d5","monte_carlo_precision_estimated","monte_carlo_estimate",6e+05,934108,0.0092663914321539,0.01,TRUE,FALSE,"monte_carlo_diagnostic_available",1.5885109042052,0.0704337363839068,0.0628253187440533,0.0718385895612983,0.874534412879109,0.0321561637270174,0.01425403845131,2.25593356134534,1.04117841797992,1.02107653374551,"Independent-stream Monte Carlo diagnostics; finite-n departures from an asymptotic limit are possible; no hypothesis-test or coverage certification"
"strong_d1_m1_n200","self_normalized","PATE","oracle",200,1,1,"strong",1000,1000,0,"within_declared_theorem_scope",1.5,0.0051915227577277,0.0057000429607387,0,1.5,0.0051915227577277,0.0057000429607387,0.18025118516744,0.00384617501105891,0.0324904897542668,0.00138655520820952,0.180235821004196,0.003831228785335,6.24186220775086,0.016133040475803,6.24186220775086,7.01660951563099e-17,4.79754214604249e-17,0.0312093110387543,8.06652023790148e-05,0.960567577614176,0.0414093349023973,1000,0.939,0.00756828910652864,0.69193116971723,0.000888357057969891,29.9250000000004,0,0,"bias_corrected",1.5,0,6.31271258503401,0,0,"M1_d1","exact_1d_closed_form","exact_formula_evaluated_in_floating_point",0,NA,0,0.01,TRUE,FALSE,"monte_carlo_diagnostic_available",6.49809795085336,0.277311041641904,0.185385365819346,0.277311041641904,0.668510581914501,-0.0708503772831541,0.016133040475803,-4.39163202927672,1.02936698975633,0.988776555826235,"Independent-stream Monte Carlo diagnostics; finite-n departures from an asymptotic limit are possible; no hypothesis-test or coverage certification"
"strong_d1_m1_n200","self_normalized","PATE","raw",200,1,1,"strong",1000,1000,0,"point_estimate_only",1.5,0.00523964363546065,0.0056988953788153,0,1.5,0.00523964363546065,0.0056988953788153,0.180214895440644,0.00384663391550102,0.0324774085386824,0.00138644145776091,0.180200957254867,0.00383151157445403,NA,NA,NA,NA,NA,NA,NA,NA,NA,0,NA,NA,NA,NA,0,0,0,"raw_point_only",1.5,0,NA,NA,NA,"M1_d1","exact_1d_closed_form","exact_formula_evaluated_in_floating_point",0,NA,NA,0.01,NA,FALSE,"not_applicable",6.49548170773648,0.277288291552182,NA,NA,NA,NA,NA,NA,NA,NA,"Independent-stream Monte Carlo diagnostics; finite-n departures from an asymptotic limit are possible; no hypothesis-test or coverage certification"
"strong_d1_m1_n200","self_normalized","PATE","polynomial",200,1,1,"strong",1000,1000,0,"within_declared_theorem_scope",1.5,0.00516936204065048,0.00570005140990732,0,1.5,0.00516936204065048,0.00570005140990732,0.180251452353612,0.00384503683436844,0.0324905860755865,0.00138614694749609,0.180235450989582,0.00383013494607,6.12626708709179,0.0175904406707793,6.12626708709179,-1.77635683940025e-18,4.70214674119469e-17,0.0306313354354589,8.79522033538967e-05,0.942775712453997,0.0408128674341379,1000,0.932,0.00796090447122687,0.685360823873447,0.000978546598630764,30.8219999999997,0,0,"bias_corrected",1.5,0,6.31271258503401,0,0,"M1_d1","exact_1d_closed_form","exact_formula_evaluated_in_floating_point",0,NA,0,0.01,TRUE,FALSE,"monte_carlo_diagnostic_available",6.4981172151173,0.277229389499218,0.185404630083285,0.277229389499218,0.668776966317304,-0.186445497942224,0.0175904406707793,-10.5992511177927,1.02937004141814,0.97046507417679,"Independent-stream Monte Carlo diagnostics; finite-n departures from an asymptotic limit are possible; no hypothesis-test or coverage certification"
"strong_d1_m1_n200","stabilized","PATE","oracle",200,1,1,"strong",1000,1000,0,"within_declared_theorem_scope",1.5,0.00729950564533758,0.00678532856235496,0,1.5,0.00729950564533758,0.00678532856235496,0.214570929296375,0.00465069702640757,0.0460406836991101,0.00199580876566432,0.214587804402015,0.00463013279899188,8.87698004573024,0.0308577976192495,8.88128367519377,0.0043036294635345,0.0181232996703508,0.0443849002286512,0.000154288988096247,0.964036514286366,0.0422135695137587,1000,0.936,0.0077397674383666,0.824611177837169,0.00142460550425853,30.3499999999997,0,0,"bias_corrected",1.5,0,8.98490646258504,0,0,"M1_d1","exact_1d_closed_form","exact_formula_evaluated_in_floating_point",0,NA,0,0.01,TRUE,FALSE,"monte_carlo_diagnostic_available",9.20813673982202,0.399161753132864,0.223230277236985,0.399161753132864,0.55924766209422,-0.107926416854795,0.0308577976192495,-3.49754114621159,1.02484503073756,0.987988031115936,"Independent-stream Monte Carlo diagnostics; finite-n departures from an asymptotic limit are possible; no hypothesis-test or coverage certification"
"strong_d1_m1_n200","stabilized","PATE","raw",200,1,1,"strong",1000,1000,0,"point_estimate_only",1.5,0.00383397941446188,0.00815758359908509,0,1.5,0.00383397941446188,0.00815758359908509,0.257965443763428,0.0058804231269989,0.0665461701760621,0.00303389192294599,0.257864932482175,0.00587034440113053,NA,NA,NA,NA,NA,NA,NA,NA,NA,0,NA,NA,NA,NA,0,0,0,"raw_point_only",1.5,0,NA,NA,NA,"M1_d1","exact_1d_closed_form","exact_formula_evaluated_in_floating_point",0,NA,NA,0.01,NA,FALSE,"not_applicable",13.3092340352124,0.606778384589198,NA,NA,NA,NA,NA,NA,NA,NA,"Independent-stream Monte Carlo diagnostics; finite-n departures from an asymptotic limit are possible; no hypothesis-test or coverage certification"
"strong_d1_m1_n200","stabilized","PATE","polynomial",200,1,1,"strong",1000,1000,0,"within_declared_theorem_scope",1.5,0.00768430559248146,0.00676535006163398,0,1.5,0.00768430559248146,0.00676535006163398,0.213939153631239,0.00463192137838267,0.0457699614564509,0.00198189867875526,0.213970184949757,0.00460943693328771,8.51407291329478,0.0333643237999567,8.52088027373286,0.00680736043807599,0.0142913078495688,0.0425703645664739,0.000166821618999783,0.93009395708097,0.0410215022961615,1000,0.93,0.00806845710157772,0.8072611169916,0.00156880846812685,31.8969999999999,0,0,"bias_corrected",1.5,0,8.98490646258504,0,0,"M1_d1","exact_1d_closed_form","exact_formula_evaluated_in_floating_point",0,NA,0,0.01,TRUE,FALSE,"monte_carlo_diagnostic_available",9.15399229129018,0.396379735751052,0.169085828705144,0.396379735751052,0.426575360581348,-0.470833549290255,0.0333643237999567,-14.1118864603174,1.01881887467713,0.947597278697235,"Independent-stream Monte Carlo diagnostics; finite-n departures from an asymptotic limit are possible; no hypothesis-test or coverage certification"
"strong_d1_m1_n200","self_normalized","PATT","oracle",200,1,1,"strong",1000,1000,0,"within_declared_theorem_scope",1.5,0.00729917569589341,0.0065179660427705,0,1.5,0.00729917569589341,0.0065179660427705,0.206116184067892,0.0046132404897869,0.0424838813347093,0.00190172705188474,0.206142366871088,0.00458985704079074,8.10688503867532,0.0276950806828804,8.10688503867532,4.35207425653061e-17,4.72944328081306e-17,0.0405344251933766,0.000138475403414402,0.954113040520616,0.0428242086401777,1000,0.938,0.00762600813007697,0.788073360247709,0.00133696190614139,13.4719999999998,0,0,"bias_corrected",1.5,0,8.15104166666666,0,0,"M1_d1","exact_1d_closed_form","exact_formula_evaluated_in_floating_point",0,NA,0,0.01,TRUE,FALSE,"monte_carlo_diagnostic_available",8.49677626694186,0.380345410376948,0.345734600275197,0.380345410376948,0.909001635993321,-0.0441566279913435,0.0276950806828804,-1.59438524469216,1.04241600207849,0.994582701230455,"Independent-stream Monte Carlo diagnostics; finite-n departures from an asymptotic limit are possible; no hypothesis-test or coverage certification"
"strong_d1_m1_n200","self_normalized","PATT","raw",200,1,1,"strong",1000,1000,0,"point_estimate_only",1.5,0.00736821169811189,0.0065186372369038,0,1.5,0.00736821169811189,0.0065186372369038,0.206137409090026,0.00461301833170569,0.0424926314263487,0.00190183129396521,0.206166023724935,0.00458954109407905,NA,NA,NA,NA,NA,NA,NA,NA,NA,0,NA,NA,NA,NA,0,0,0,"raw_point_only",1.5,0,NA,NA,NA,"M1_d1","exact_1d_closed_form","exact_formula_evaluated_in_floating_point",0,NA,NA,0.01,NA,FALSE,"not_applicable",8.49852628526974,0.380366258793042,NA,NA,NA,NA,NA,NA,NA,NA,"Independent-stream Monte Carlo diagnostics; finite-n departures from an asymptotic limit are possible; no hypothesis-test or coverage certification"
"strong_d1_m1_n200","self_normalized","PATT","polynomial",200,1,1,"strong",1000,1000,0,"within_declared_theorem_scope",1.5,0.00732993672514696,0.00651846776703861,0,1.5,0.00732993672514696,0.00651846776703861,0.206132049982338,0.00461238878011581,0.0424904220299213,0.00190152230912162,0.20615930631501,0.00458897023918509,8.08029396493593,0.0297744733405268,8.08029396493593,-3.99680288865056e-17,5.58983676679817e-17,0.0404014698246796,0.000148872366702634,0.950837103859062,0.0429185672349911,1000,0.935,0.0077958322198467,0.786593317812703,0.00144061037020225,14.245,0,0,"bias_corrected",1.5,0,8.15104166666666,0,0,"M1_d1","exact_1d_closed_form","exact_formula_evaluated_in_floating_point",0,NA,0,0.01,TRUE,FALSE,"monte_carlo_diagnostic_available",8.49808440598426,0.380304461824324,0.347042739317596,0.380304461824324,0.912539226210569,-0.0707477017307347,0.0297744733405268,-2.37611933287963,1.04257648942427,0.991320409755718,"Independent-stream Monte Carlo diagnostics; finite-n departures from an asymptotic limit are possible; no hypothesis-test or coverage certification"
"strong_d1_m1_n200","stabilized","PATT","oracle",200,1,1,"strong",1000,1000,0,"within_declared_theorem_scope",1.5,0.0119156672901473,0.00766846893029116,0,1.5,0.0119156672901473,0.00766846893029116,0.24249827985955,0.00552901799070753,0.0588054157348408,0.00268155470411817,0.242669720909048,0.00549266348410697,11.1513898862946,0.0565730463244543,11.1513898862946,1.34114941374719e-16,1.75970207804309e-16,0.0557569494314728,0.000282865231622271,0.94816010965531,0.0429790223952639,1000,0.931,0.00801492358042171,0.922701278314451,0.00231944641297227,13.586,0,0,"bias_corrected",1.5,0,11.1393229166667,0,0,"M1_d1","exact_1d_closed_form","exact_formula_evaluated_in_floating_point",0,NA,0,0.01,TRUE,FALSE,"monte_carlo_diagnostic_available",11.7610831469682,0.536310940823634,0.621760230301494,0.536310940823634,1.15932788793499,0.0120669696279343,0.0565730463244543,0.213298919042269,1.05581669864074,1.00108327675912,"Independent-stream Monte Carlo diagnostics; finite-n departures from an asymptotic limit are possible; no hypothesis-test or coverage certification"
"strong_d1_m1_n200","stabilized","PATT","raw",200,1,1,"strong",1000,1000,0,"point_estimate_only",1.5,0.00703895023914065,0.00884918917603066,0,1.5,0.00703895023914065,0.00884918917603066,0.279835932419656,0.006570136179539,0.0783081490731781,0.00367712036785082,0.279784538072736,0.00653406221161565,NA,NA,NA,NA,NA,NA,NA,NA,NA,0,NA,NA,NA,NA,0,0,0,"raw_point_only",1.5,0,NA,NA,NA,"M1_d1","exact_1d_closed_form","exact_formula_evaluated_in_floating_point",0,NA,NA,0.01,NA,FALSE,"not_applicable",15.6616298146356,0.735424073570164,NA,NA,NA,NA,NA,NA,NA,NA,"Independent-stream Monte Carlo diagnostics; finite-n departures from an asymptotic limit are possible; no hypothesis-test or coverage certification"
"strong_d1_m1_n200","stabilized","PATT","polynomial",200,1,1,"strong",1000,1000,0,"within_declared_theorem_scope",1.5,0.0121466302215477,0.00763411575012269,0,1.5,0.0121466302215477,0.00763411575012269,0.241411936917526,0.0054894433117574,0.0582797232862714,0.00265043428498062,0.241596738779157,0.00545260834897961,10.8475074191795,0.0575775048464075,10.8475074191795,-4.61852778244065e-17,1.7688125510352e-16,0.0542375370958975,0.000287887524232038,0.930641637220573,0.0426374047580406,1000,0.925,0.00832916562447884,0.909772544066015,0.00239263535178668,14.6710000000001,0,0,"bias_corrected",1.5,0,11.1393229166667,0,0,"M1_d1","exact_1d_closed_form","exact_formula_evaluated_in_floating_point",0,NA,0,0.01,TRUE,FALSE,"monte_carlo_diagnostic_available",11.6559446572543,0.530086856996124,0.516621740587615,0.530086856996124,0.974598282845923,-0.291815497487166,0.0575775048464075,-5.06822062306462,1.0463781995057,0.973803120739901,"Independent-stream Monte Carlo diagnostics; finite-n departures from an asymptotic limit are possible; no hypothesis-test or coverage certification"
"weak_d1_m1_n200","self_normalized","PATE","oracle",200,1,1,"weak",1000,1000,0,"assumption_failure_diagnostic",-0.0416666666666667,-0.00514507394733323,0.00287634453022512,0,0,-0.0468117406139999,0.00287634453022512,0.0909580005087841,0.00201211514998702,0.00827335785655597,0.000366035941672503,0.102256655323807,0.0022210426895631,1.50186159096702,0.00233130745601365,1.50186159096702,-1.04360964314765e-17,3.01385897170322e-17,0.00750930795483508,1.16565372800683e-05,0.907649358946146,0.0403989444555665,1000,0.897,0.00961202372032029,0.339585632136435,0.000261641021555856,29.7440000000001,0,0,"original_weak_variance_not_established",-0.0416666666666667,-0.0416666666666667,NA,NA,NA,"M1_d1","exact_1d_closed_form","exact_formula_evaluated_in_floating_point",0,NA,NA,0.01,NA,FALSE,"not_applicable",1.65467157131119,0.0732071883345006,NA,NA,NA,NA,NA,NA,NA,NA,"Independent-stream Monte Carlo diagnostics; finite-n departures from an asymptotic limit are possible; no hypothesis-test or coverage certification"
"weak_d1_m1_n200","self_normalized","PATE","raw",200,1,1,"weak",1000,1000,0,"point_estimate_only",-0.0416666666666667,-0.00514507394733323,0.00287634453022512,0,0,-0.0468117406139999,0.00287634453022512,0.0909580005087841,0.00201211514998702,0.00827335785655597,0.000366035941672503,0.102256655323807,0.0022210426895631,NA,NA,NA,NA,NA,NA,NA,NA,NA,0,NA,NA,NA,NA,0,0,0,"raw_point_only",-0.0416666666666667,-0.0416666666666667,NA,NA,NA,"M1_d1","exact_1d_closed_form","exact_formula_evaluated_in_floating_point",0,NA,NA,0.01,NA,FALSE,"not_applicable",1.65467157131119,0.0732071883345006,NA,NA,NA,NA,NA,NA,NA,NA,"Independent-stream Monte Carlo diagnostics; finite-n departures from an asymptotic limit are possible; no hypothesis-test or coverage certification"
"weak_d1_m1_n200","self_normalized","PATE","polynomial",200,1,1,"weak",1000,1000,0,"assumption_failure_diagnostic",-0.0416666666666667,-0.00514507394733323,0.00287634453022512,0,0,-0.0468117406139999,0.00287634453022512,0.0909580005087841,0.00201211514998702,0.00827335785655597,0.000366035941672503,0.102256655323807,0.0022210426895631,1.48603895799607,0.00275898225297183,1.48603895799607,3.99680288865056e-17,2.82475157376459e-17,0.00743019478998035,1.37949112648591e-05,0.898086958016995,0.0402800789571965,1000,0.892,0.00981509042240569,0.337747567943547,0.000312773779972721,30.239,0,0,"original_weak_variance_not_established",-0.0416666666666667,-0.0416666666666667,NA,NA,NA,"M1_d1","exact_1d_closed_form","exact_formula_evaluated_in_floating_point",0,NA,NA,0.01,NA,FALSE,"not_applicable",1.65467157131119,0.0732071883345006,NA,NA,NA,NA,NA,NA,NA,NA,"Independent-stream Monte Carlo diagnostics; finite-n departures from an asymptotic limit are possible; no hypothesis-test or coverage certification"
"weak_d1_m1_n200","stabilized","PATE","oracle",200,1,1,"weak",1000,1000,0,"within_declared_theorem_scope",0,-0.00477987399477123,0.00299371696489447,0,0,-0.00477987399477123,0.00299371696489447,0.0946696427895286,0.00214219607725151,0.00896234126589695,0.000405601874837061,0.0947429476005309,0.00213430097606777,1.73333432373091,0.00658071697115381,1.76153236178484,0.0281980380539308,0.00355573979678302,0.00866667161865454,3.29035848557691e-05,0.96700977585316,0.043964487946369,1000,0.947,0.00708456067798138,0.364291163776419,0.000680484824355591,29.9399999999997,0,0,"bias_corrected",5.55111512312578e-17,0,1.73958333333333,0,0,"M1_d1","exact_1d_closed_form","exact_formula_evaluated_in_floating_point",0,NA,0,0.01,TRUE,FALSE,"monte_carlo_diagnostic_available",1.79246825317939,0.0811203749674122,0.0528849198460568,0.0811203749674122,0.651931402773986,-0.00624900960242325,0.00658071697115381,-0.949594038129192,1.03040091200731,0.996407754959086,"Independent-stream Monte Carlo diagnostics; finite-n departures from an asymptotic limit are possible; no hypothesis-test or coverage certification"
"weak_d1_m1_n200","stabilized","PATE","raw",200,1,1,"weak",1000,1000,0,"point_estimate_only",0,-0.00600098218334059,0.00382103406542208,0,0,-0.00600098218334059,0.00382103406542208,0.120831706638266,0.00276672388614887,0.014600301329116,0.000668615937920448,0.120920274623206,0.00275368201479502,NA,NA,NA,NA,NA,NA,NA,NA,NA,0,NA,NA,NA,NA,0,0,0,"raw_point_only",5.55111512312578e-17,0,NA,NA,NA,"M1_d1","exact_1d_closed_form","exact_formula_evaluated_in_floating_point",0,NA,NA,0.01,NA,FALSE,"not_applicable",2.9200602658232,0.13372318758409,NA,NA,NA,NA,NA,NA,NA,NA,"Independent-stream Monte Carlo diagnostics; finite-n departures from an asymptotic limit are possible; no hypothesis-test or coverage certification"
"weak_d1_m1_n200","stabilized","PATE","polynomial",200,1,1,"weak",1000,1000,0,"within_declared_theorem_scope",0,-0.00579641864438288,0.00300776566613038,0,0,-0.00579641864438288,0.00300776566613038,0.0951139017302556,0.00216245362173202,0.00904665430235272,0.00041135880254731,0.0952428796139182,0.00216572466611233,1.73610338365805,0.00819711894556438,1.76624932849886,0.0301459448408065,0.00278593545847763,0.00868051691829027,4.09855947278219e-05,0.959527868333906,0.044373357681014,1000,0.943,0.00733150734842434,0.364271079526792,0.000831062224270454,31.5329999999996,0,0,"bias_corrected",5.55111512312578e-17,0,1.73958333333333,0,0,"M1_d1","exact_1d_closed_form","exact_formula_evaluated_in_floating_point",0,NA,0,0.01,TRUE,FALSE,"monte_carlo_diagnostic_available",1.80933086047054,0.082271760509462,0.0697475271372108,0.082271760509462,0.847769960254943,-0.00347994967528331,0.00819711894556438,-0.424533265698966,1.04009438685732,0.997999549887262,"Independent-stream Monte Carlo diagnostics; finite-n departures from an asymptotic limit are possible; no hypothesis-test or coverage certification"
"weak_d1_m1_n200","self_normalized","PATT","oracle",200,1,1,"weak",1000,1000,0,"assumption_failure_diagnostic",0.166666666666667,-0.0077289142304596,0.00326915828307138,0,0,0.158937752436207,0.00326915828307138,0.10337986206111,0.00216311347671994,0.0106873958797742,0.000447244745691673,0.189572987615239,0.0029135849293477,1.99547921590826,0.00643772898505659,1.99547921590826,-1.02140518265514e-17,1.02140518265514e-17,0.00997739607954131,3.2188644925283e-05,0.933566622943521,0.0387051312816999,1000,0.617,0.0153724103510152,0.391059760592831,0.000619412646267336,14.68,0,0,"original_weak_variance_not_established",0.166666666666667,0.166666666666667,NA,NA,NA,"M1_d1","exact_1d_closed_form","exact_formula_evaluated_in_floating_point",0,NA,NA,0.01,NA,FALSE,"not_applicable",2.13747917595484,0.0894489491383346,NA,NA,NA,NA,NA,NA,NA,NA,"Independent-stream Monte Carlo diagnostics; finite-n departures from an asymptotic limit are possible; no hypothesis-test or coverage certification"
"weak_d1_m1_n200","self_normalized","PATT","raw",200,1,1,"weak",1000,1000,0,"point_estimate_only",0.166666666666667,-0.0077289142304596,0.00326915828307138,0,0,0.158937752436207,0.00326915828307138,0.10337986206111,0.00216311347671994,0.0106873958797742,0.000447244745691673,0.189572987615239,0.0029135849293477,NA,NA,NA,NA,NA,NA,NA,NA,NA,0,NA,NA,NA,NA,0,0,0,"raw_point_only",0.166666666666667,0.166666666666667,NA,NA,NA,"M1_d1","exact_1d_closed_form","exact_formula_evaluated_in_floating_point",0,NA,NA,0.01,NA,FALSE,"not_applicable",2.13747917595484,0.0894489491383346,NA,NA,NA,NA,NA,NA,NA,NA,"Independent-stream Monte Carlo diagnostics; finite-n departures from an asymptotic limit are possible; no hypothesis-test or coverage certification"
"weak_d1_m1_n200","self_normalized","PATT","polynomial",200,1,1,"weak",1000,1000,0,"assumption_failure_diagnostic",0.166666666666667,-0.0077289142304596,0.00326915828307138,0,0,0.158937752436207,0.00326915828307138,0.10337986206111,0.00216311347671994,0.0106873958797742,0.000447244745691673,0.189572987615239,0.0029135849293477,1.97383018815368,0.00719719482866634,1.97383018815368,-2.02060590481778e-17,3.18208251003433e-17,0.00986915094076839,3.59859741433317e-05,0.923438324152066,0.0388287617956198,1000,0.611,0.0154168414404508,0.388787151609975,0.000701990933687113,15.3950000000003,0,0,"original_weak_variance_not_established",0.166666666666667,0.166666666666667,NA,NA,NA,"M1_d1","exact_1d_closed_form","exact_formula_evaluated_in_floating_point",0,NA,NA,0.01,NA,FALSE,"not_applicable",2.13747917595484,0.0894489491383346,NA,NA,NA,NA,NA,NA,NA,NA,"Independent-stream Monte Carlo diagnostics; finite-n departures from an asymptotic limit are possible; no hypothesis-test or coverage certification"
"weak_d1_m1_n200","stabilized","PATT","oracle",200,1,1,"weak",1000,1000,0,"within_declared_theorem_scope",0,-0.00804430964851042,0.00353125647898336,0,0,-0.00804430964851042,0.00353125647898336,0.111668134758139,0.00232320016554165,0.0124697723203619,0.000518854858311673,0.111901802781558,0.00234686998627073,2.34559657321973,0.0154934139268482,2.34559657321973,2.06501482580279e-17,3.4568135999621e-17,0.0117279828660987,7.74670696342408e-05,0.940512991319656,0.0387704870695417,1000,0.946,0.00714730718522718,0.422335061756762,0.00135837907976144,14.7889999999998,0,0,"bias_corrected",5.55111512312578e-17,0,2.30208333333333,0,0,"M1_d1","exact_1d_closed_form","exact_formula_evaluated_in_floating_point",0,NA,0,0.01,TRUE,FALSE,"monte_carlo_diagnostic_available",2.49395446407238,0.103770971662335,0.191871130739047,0.103770971662335,1.8489865486023,0.0435132398863969,0.0154934139268482,2.80849915272668,1.08334673552465,1.01890167886468,"Independent-stream Monte Carlo diagnostics; finite-n departures from an asymptotic limit are possible; no hypothesis-test or coverage certification"
"weak_d1_m1_n200","stabilized","PATT","raw",200,1,1,"weak",1000,1000,0,"point_estimate_only",0,-0.00899049590266294,0.00436475318962596,0,0,-0.00899049590266294,0.00436475318962596,0.138025615037029,0.00285180671134921,0.01905107040635,0.0007872447506014,0.13824922550423,0.00288108132671324,NA,NA,NA,NA,NA,NA,NA,NA,NA,0,NA,NA,NA,NA,0,0,0,"raw_point_only",5.55111512312578e-17,0,NA,NA,NA,"M1_d1","exact_1d_closed_form","exact_formula_evaluated_in_floating_point",0,NA,NA,0.01,NA,FALSE,"not_applicable",3.81021408127,0.15744895012028,NA,NA,NA,NA,NA,NA,NA,NA,"Independent-stream Monte Carlo diagnostics; finite-n departures from an asymptotic limit are possible; no hypothesis-test or coverage certification"
"weak_d1_m1_n200","stabilized","PATT","polynomial",200,1,1,"weak",1000,1000,0,"within_declared_theorem_scope",0,-0.00614186319883754,0.00352213821691347,0,0,-0.00614186319883754,0.00352213821691347,0.111379789993708,0.00232230741871467,0.0124054576190424,0.000517316225194539,0.111493383861898,0.00232460460953075,2.30955049777846,0.0142021476720104,2.30955049777846,-1.02140518265514e-17,3.02163487230073e-17,0.0115477524888923,7.1010738360052e-05,0.930860661775706,0.039408991015453,1000,0.94,0.00750999334220744,0.419361755240481,0.00125624799750914,15.7770000000004,0,0,"bias_corrected",5.55111512312578e-17,0,2.30208333333333,0,0,"M1_d1","exact_1d_closed_form","exact_formula_evaluated_in_floating_point",0,NA,0,0.01,TRUE,FALSE,"monte_carlo_diagnostic_available",2.48109152380848,0.103463245038908,0.179008190475147,0.103463245038908,1.730162149929,0.00746716444512696,0.0142021476720104,0.525777130162028,1.07775921396205,1.00324365514358,"Independent-stream Monte Carlo diagnostics; finite-n departures from an asymptotic limit are possible; no hypothesis-test or coverage certification"
"strong_d1_m3_n200","self_normalized","PATE","oracle",200,1,3,"strong",1000,1000,0,"within_declared_theorem_scope",1.5,0.00227712581823275,0.00583441865912541,0,1.5,0.00227712581823275,0.00583441865912541,0.184500517858218,0.00435783171466932,0.0340404410899508,0.00160804441619092,0.184422303290174,0.00436253680182296,6.60238974206592,0.0133847565367136,6.60238974206592,-3.28626015289046e-17,5.80511601176088e-17,0.0330119487103296,6.69237826835681e-05,0.969786161791986,0.0462152909493831,1000,0.941,0.00745110730026082,0.711855355816621,0.000720164758135743,29.2649999999997,0,0,"bias_corrected",1.5,0,6.67370414719176,0,0,"M3_d1","exact_1d_closed_form","exact_formula_evaluated_in_floating_point",0,NA,0,0.01,TRUE,FALSE,"monte_carlo_diagnostic_available",6.80808821799016,0.321608883238184,0.134384070798403,0.321608883238184,0.417849374822394,-0.071314405125837,0.0133847565367136,-5.32803155068422,1.02013635423964,0.98931411948253,"Independent-stream Monte Carlo diagnostics; finite-n departures from an asymptotic limit are possible; no hypothesis-test or coverage certification"
"strong_d1_m3_n200","self_normalized","PATE","raw",200,1,3,"strong",1000,1000,0,"point_estimate_only",1.5,0.00216066727594165,0.00583873541464744,0,1.5,0.00216066727594165,0.00583873541464744,0.184637025653736,0.00435579064306748,0.0340908312422582,0.0016084804574127,0.184557332268575,0.00436008387804222,NA,NA,NA,NA,NA,NA,NA,NA,NA,0,NA,NA,NA,NA,0,0,0,"raw_point_only",1.5,0,NA,NA,NA,"M3_d1","exact_1d_closed_form","exact_formula_evaluated_in_floating_point",0,NA,NA,0.01,NA,FALSE,"not_applicable",6.81816624845164,0.32169609148254,NA,NA,NA,NA,NA,NA,NA,NA,"Independent-stream Monte Carlo diagnostics; finite-n departures from an asymptotic limit are possible; no hypothesis-test or coverage certification"
"strong_d1_m3_n200","self_normalized","PATE","polynomial",200,1,3,"strong",1000,1000,0,"within_declared_theorem_scope",1.5,0.00222895772931961,0.0058354421956147,0,1.5,0.00222895772931961,0.0058354421956147,0.184532884923963,0.00435877092495207,0.0340523856183605,0.00160867314700819,0.184454063347223,0.00436343311697827,6.42613029299776,0.0144102098271541,6.42613029299776,-9.76996261670138e-18,5.80596475608823e-17,0.0321306514649888,7.20510491357706e-05,0.943565359123163,0.0450631408193527,1000,0.937,0.00768316341099159,0.702208529055164,0.000786191935382926,30.3670000000004,0,0,"bias_corrected",1.5,0,6.67370414719176,0,0,"M3_d1","exact_1d_closed_form","exact_formula_evaluated_in_floating_point",0,NA,0,0.01,TRUE,FALSE,"monte_carlo_diagnostic_available",6.8104771236721,0.321734629401638,0.136772976480342,0.321734629401638,0.425111144344993,-0.247573854193997,0.0144102098271541,-17.1804475551409,1.02049431222358,0.962903082196388,"Independent-stream Monte Carlo diagnostics; finite-n departures from an asymptotic limit are possible; no hypothesis-test or coverage certification"
"strong_d1_m3_n200","stabilized","PATE","oracle",200,1,3,"strong",1000,1000,0,"within_declared_theorem_scope",1.5,0.00198789394262176,0.00608792443568411,0,1.5,0.00198789394262176,0.00608792443568411,0.19251707439757,0.00453781567366188,0.0370628239345997,0.00174721399529765,0.192431059948731,0.00453976366452582,7.20124271272442,0.0173228360545976,7.18066434037816,-0.0205783723462625,0.00995831597558795,0.0360062135636221,8.66141802729878e-05,0.971491369010574,0.0462549616633542,1000,0.943,0.00733150734842434,0.743288396731228,0.000888084880270893,30.2139999999999,0,0,"bias_corrected",1.5,0,7.27430555555556,0,0,"M3_d1","exact_1d_closed_form","exact_formula_evaluated_in_floating_point",0,NA,0,0.01,TRUE,FALSE,"monte_carlo_diagnostic_available",7.41256478691994,0.34944279905953,0.138259231364383,0.34944279905953,0.395656261157724,-0.0730628428311366,0.0173228360545976,-4.21771831130072,1.01900651963386,0.989956038789801,"Independent-stream Monte Carlo diagnostics; finite-n departures from an asymptotic limit are possible; no hypothesis-test or coverage certification"
"strong_d1_m3_n200","stabilized","PATE","raw",200,1,3,"strong",1000,1000,0,"point_estimate_only",1.5,-0.0021351097419219,0.00685280168273618,0,1.5,-0.0021351097419219,0.00685280168273618,0.216704616708809,0.00476537993180957,0.0469608909029118,0.00206535966318929,0.216606760526118,0.00476300552040627,NA,NA,NA,NA,NA,NA,NA,NA,NA,0,NA,NA,NA,NA,0,0,0,"raw_point_only",1.5,0,NA,NA,NA,"M3_d1","exact_1d_closed_form","exact_formula_evaluated_in_floating_point",0,NA,NA,0.01,NA,FALSE,"not_applicable",9.39217818058236,0.413071932637858,NA,NA,NA,NA,NA,NA,NA,NA,"Independent-stream Monte Carlo diagnostics; finite-n departures from an asymptotic limit are possible; no hypothesis-test or coverage certification"
"strong_d1_m3_n200","stabilized","PATE","polynomial",200,1,3,"strong",1000,1000,0,"within_declared_theorem_scope",1.5,0.00256250439995294,0.00607671503154551,0,1.5,0.00256250439995294,0.00607671503154551,0.192162601914658,0.00456250541059659,0.0369264655746112,0.00175348582189989,0.192083589975397,0.00456654181076699,6.96788842162967,0.0180549634936941,6.95916966495043,-0.00871875667924114,0.00602797080241212,0.0348394421081483,9.02748174684706e-05,0.943481634811598,0.0453704442526055,1000,0.936,0.0077397674383666,0.731064566088216,0.000939474107936018,31.7299999999996,0,0,"bias_corrected",1.5,0,7.27430555555556,0,0,"M3_d1","exact_1d_closed_form","exact_formula_evaluated_in_floating_point",0,NA,0,0.01,TRUE,FALSE,"monte_carlo_diagnostic_available",7.38529311492224,0.350697164379978,0.110987559366683,0.350697164379978,0.316476922654639,-0.306417133925886,0.0180549634936941,-16.9713516193431,1.01525747832821,0.957876785407802,"Independent-stream Monte Carlo diagnostics; finite-n departures from an asymptotic limit are possible; no hypothesis-test or coverage certification"
"strong_d1_m3_n200","self_normalized","PATT","oracle",200,1,3,"strong",1000,1000,0,"within_declared_theorem_scope",1.5,-0.00068905442903005,0.00623407203371092,0,1.5,-0.00068905442903005,0.00623407203371092,0.197138667240845,0.00465925331064907,0.0388636541214965,0.00183703797599771,0.197041278069802,0.00465511160708443,7.52038718497887,0.0205103181786481,7.52038718497887,-1.86517468137026e-17,5.44063571442904e-17,0.0376019359248943,0.000102551590893241,0.967534751295959,0.0459283442653067,1000,0.947,0.00708456067798138,0.759421266710616,0.00103225915449958,13.1710000000002,0,0,"bias_corrected",1.5,0,7.59407832577475,0,0,"M3_d1","exact_1d_closed_form","exact_formula_evaluated_in_floating_point",0,NA,0,0.01,TRUE,FALSE,"monte_carlo_diagnostic_available",7.7727308242993,0.367407595199542,0.178652498524546,0.367407595199542,0.486251511560391,-0.0736911407958836,0.0205103181786481,-3.59288140505779,1.02352523780512,0.990296236404914,"Independent-stream Monte Carlo diagnostics; finite-n departures from an asymptotic limit are possible; no hypothesis-test or coverage certification"
"strong_d1_m3_n200","self_normalized","PATT","raw",200,1,3,"strong",1000,1000,0,"point_estimate_only",1.5,-0.000592610812636124,0.00623630536956088,0,1.5,-0.000592610812636124,0.00623630536956088,0.197209291521505,0.00465813312409729,0.0388915046624139,0.00183725426643216,0.197111553048843,0.00465425967979727,NA,NA,NA,NA,NA,NA,NA,NA,NA,0,NA,NA,NA,NA,0,0,0,"raw_point_only",1.5,0,NA,NA,NA,"M3_d1","exact_1d_closed_form","exact_formula_evaluated_in_floating_point",0,NA,NA,0.01,NA,FALSE,"not_applicable",7.77830093248278,0.367450853286432,NA,NA,NA,NA,NA,NA,NA,NA,"Independent-stream Monte Carlo diagnostics; finite-n departures from an asymptotic limit are possible; no hypothesis-test or coverage certification"
"strong_d1_m3_n200","self_normalized","PATT","polynomial",200,1,3,"strong",1000,1000,0,"within_declared_theorem_scope",1.5,-0.000738521072400802,0.00623516994086543,0,1.5,-0.000738521072400802,0.00623516994086543,0.197173386113521,0.00465842067501838,0.0388773441914717,0.00183703315686922,0.197076158529272,0.00465415577120458,7.43811020793824,0.0228107929713181,7.43811020793824,-6.21724893790088e-18,6.06933369474894e-17,0.0371905510396912,0.00011405396485659,0.956612438764514,0.045673688707365,1000,0.944,0.00727076337120113,0.755077553178941,0.00115025785370975,14.0059999999996,0,0,"bias_corrected",1.5,0,7.59407832577475,0,0,"M3_d1","exact_1d_closed_form","exact_formula_evaluated_in_floating_point",0,NA,0,0.01,TRUE,FALSE,"monte_carlo_diagnostic_available",7.77546883829434,0.367406631373844,0.181390512519586,0.367406631373844,0.493705058728288,-0.155968117836514,0.0228107929713181,-6.83747022879148,1.02388578373019,0.979461876590455,"Independent-stream Monte Carlo diagnostics; finite-n departures from an asymptotic limit are possible; no hypothesis-test or coverage certification"
"strong_d1_m3_n200","stabilized","PATT","oracle",200,1,3,"strong",1000,1000,0,"within_declared_theorem_scope",1.5,0.000258479873352739,0.00645248131686604,0,1.5,0.000258479873352739,0.00645248131686604,0.204045375209793,0.00483588045832369,0.0416345151445053,0.00197347808517673,0.203943490803717,0.00483414940282024,8.02159681157545,0.0259752656418693,8.02159681157545,-7.105427357601e-17,5.4166646610661e-17,0.0401079840578772,0.000129876328209347,0.963334961838039,0.0457632870242869,1000,0.947,0.00708456067798138,0.784027642562513,0.0012629042650248,13.3059999999999,0,0,"bias_corrected",1.5,0,8.08810763888889,0,0,"M3_d1","exact_1d_closed_form","exact_formula_evaluated_in_floating_point",0,NA,0,0.01,TRUE,FALSE,"monte_carlo_diagnostic_available",8.32690302890106,0.394695617035346,0.238795390012173,0.394695617035346,0.605011506856405,-0.0665108273134383,0.0259752656418693,-2.5605446439104,1.02952425965055,0.9917767133818,"Independent-stream Monte Carlo diagnostics; finite-n departures from an asymptotic limit are possible; no hypothesis-test or coverage certification"
"strong_d1_m3_n200","stabilized","PATT","raw",200,1,3,"strong",1000,1000,0,"point_estimate_only",1.5,-0.00266970529037264,0.00716104918089982,0,1.5,-0.00266970529037264,0.00716104918089982,0.226452258481266,0.00513359419578734,0.051280625371266,0.00232502799952472,0.226354748287356,0.0051274235012971,NA,NA,NA,NA,NA,NA,NA,NA,NA,0,NA,NA,NA,NA,0,0,0,"raw_point_only",1.5,0,NA,NA,NA,"M3_d1","exact_1d_closed_form","exact_formula_evaluated_in_floating_point",0,NA,NA,0.01,NA,FALSE,"not_applicable",10.2561250742532,0.465005599904944,NA,NA,NA,NA,NA,NA,NA,NA,"Independent-stream Monte Carlo diagnostics; finite-n departures from an asymptotic limit are possible; no hypothesis-test or coverage certification"
"strong_d1_m3_n200","stabilized","PATT","polynomial",200,1,3,"strong",1000,1000,0,"within_declared_theorem_scope",1.5,0.000368158989649055,0.0064340404224284,0,1.5,0.000368158989649055,0.0064340404224284,0.203462222924657,0.00479793032164483,0.0413968761574426,0.00195239513735894,0.203360799620593,0.00479645079825305,7.87478406685742,0.0261372805540418,7.87478406685742,4.9737991503207e-17,6.26895798648028e-17,0.0393739203342871,0.000130686402770209,0.951132645481226,0.0453551155157862,1000,0.942,0.00739161687318817,0.776781647317886,0.00127478302298331,14.3199999999999,0,0,"bias_corrected",1.5,0,8.08810763888889,0,0,"M3_d1","exact_1d_closed_form","exact_formula_evaluated_in_floating_point",0,NA,0,0.01,TRUE,FALSE,"monte_carlo_diagnostic_available",8.27937523148852,0.390479027471788,0.191267592599633,0.390479027471788,0.489828080750002,-0.213323572031467,0.0261372805540418,-8.16165903680747,1.02364800286287,0.973625033004534,"Independent-stream Monte Carlo diagnostics; finite-n departures from an asymptotic limit are possible; no hypothesis-test or coverage certification"
"weak_d1_m3_n200","self_normalized","PATE","oracle",200,1,3,"weak",1000,1000,0,"assumption_failure_diagnostic",-0.0238756613756613,0.00373847421136935,0.00270428941562899,0,0,-0.020137187164292,0.00270428941562899,0.0855171400567336,0.00195177510836924,0.00731318124348298,0.000333820450603318,0.087814431439993,0.00199448559937652,1.3159589946591,0.00155509311937307,1.3159589946591,0,2.44875660446889e-17,0.00657979497329552,7.77546559686535e-06,0.899717202983174,0.0414001218974049,1000,0.927,0.00822623850857729,0.317913175583885,0.000187866543342657,29.581,0,0,"original_weak_variance_not_established",-0.0238756613756613,-0.0238756613756614,NA,NA,NA,"M3_d1","exact_1d_closed_form","exact_formula_evaluated_in_floating_point",0,NA,NA,0.01,NA,FALSE,"not_applicable",1.4626362486966,0.0667640901206636,NA,NA,NA,NA,NA,NA,NA,NA,"Independent-stream Monte Carlo diagnostics; finite-n departures from an asymptotic limit are possible; no hypothesis-test or coverage certification"
"weak_d1_m3_n200","self_normalized","PATE","raw",200,1,3,"weak",1000,1000,0,"point_estimate_only",-0.0238756613756613,0.00373847421136935,0.00270428941562899,0,0,-0.020137187164292,0.00270428941562899,0.0855171400567336,0.00195177510836924,0.00731318124348298,0.000333820450603318,0.087814431439993,0.00199448559937652,NA,NA,NA,NA,NA,NA,NA,NA,NA,0,NA,NA,NA,NA,0,0,0,"raw_point_only",-0.0238756613756613,-0.0238756613756614,NA,NA,NA,"M3_d1","exact_1d_closed_form","exact_formula_evaluated_in_floating_point",0,NA,NA,0.01,NA,FALSE,"not_applicable",1.4626362486966,0.0667640901206636,NA,NA,NA,NA,NA,NA,NA,NA,"Independent-stream Monte Carlo diagnostics; finite-n departures from an asymptotic limit are possible; no hypothesis-test or coverage certification"
"weak_d1_m3_n200","self_normalized","PATE","polynomial",200,1,3,"weak",1000,1000,0,"assumption_failure_diagnostic",-0.0238756613756613,0.00373847421136935,0.00270428941562899,0,0,-0.020137187164292,0.00270428941562899,0.0855171400567336,0.00195177510836924,0.00731318124348298,0.000333820450603318,0.087814431439993,0.00199448559937652,1.31012529395612,0.00221191930601134,1.31012529395612,3.99680288865056e-17,2.82475157376459e-17,0.0065506264697806,1.10595965300567e-05,0.895728719374771,0.0413013067057062,1000,0.925,0.00832916562447884,0.317150054564714,0.000267884275814458,30.2060000000001,0,0,"original_weak_variance_not_established",-0.0238756613756613,-0.0238756613756614,NA,NA,NA,"M3_d1","exact_1d_closed_form","exact_formula_evaluated_in_floating_point",0,NA,NA,0.01,NA,FALSE,"not_applicable",1.4626362486966,0.0667640901206636,NA,NA,NA,NA,NA,NA,NA,NA,"Independent-stream Monte Carlo diagnostics; finite-n departures from an asymptotic limit are possible; no hypothesis-test or coverage certification"
"weak_d1_m3_n200","stabilized","PATE","oracle",200,1,3,"weak",1000,1000,0,"within_declared_theorem_scope",0,0.00319194658461048,0.00262076398708243,0,0,0.00319194658461048,0.00262076398708243,0.0828758340892458,0.00188677073236894,0.0068684038759882,0.000312735396360506,0.0828958623521778,0.00189220382154085,1.39455621771516,0.00270031121990179,1.40779498453292,0.013238766817759,0.00195912866007349,0.00697278108857581,1.3501556099509e-05,1.01519672029662,0.0465362843692682,1000,0.953,0.00669260786241059,0.327174361701853,0.000315661776680276,30.5350000000002,0,0,"bias_corrected",5.55111512312578e-17,0,1.40236175632476,0,0,"M3_d1","exact_1d_closed_form","exact_formula_evaluated_in_floating_point",0,NA,0,0.01,TRUE,FALSE,"monte_carlo_diagnostic_available",1.37368077519764,0.0625470792721012,-0.0286809811271169,0.0625470792721012,-0.458550286614421,-0.00780553860959676,0.00270031121990179,-2.89060703524413,0.979548086648995,0.994434004938887,"Independent-stream Monte Carlo diagnostics; finite-n departures from an asymptotic limit are possible; no hypothesis-test or coverage certification"
"weak_d1_m3_n200","stabilized","PATE","raw",200,1,3,"weak",1000,1000,0,"point_estimate_only",0,0.00440181742554301,0.00324610590942138,0,0,0.00440181742554301,0.00324610590942138,0.102650881999038,0.00236321866414083,0.0105372035751804,0.000485172960461288,0.102693925663853,0.00237102409510411,NA,NA,NA,NA,NA,NA,NA,NA,NA,0,NA,NA,NA,NA,0,0,0,"raw_point_only",5.55111512312578e-17,0,NA,NA,NA,"M3_d1","exact_1d_closed_form","exact_formula_evaluated_in_floating_point",0,NA,NA,0.01,NA,FALSE,"not_applicable",2.10744071503608,0.0970345920922576,NA,NA,NA,NA,NA,NA,NA,NA,"Independent-stream Monte Carlo diagnostics; finite-n departures from an asymptotic limit are possible; no hypothesis-test or coverage certification"
"weak_d1_m3_n200","stabilized","PATE","polynomial",200,1,3,"weak",1000,1000,0,"within_declared_theorem_scope",0,0.00238286712248821,0.00262545725955023,0,0,0.00238286712248821,0.00262545725955023,0.0830242483960258,0.0019094641473753,0.006893025821725,0.000317063651349985,0.0830169311142414,0.0019096444709996,1.39502973553348,0.00419274491987169,1.40805769832101,0.0130279627875265,0.00121265256933463,0.00697514867766741,2.09637245993584e-05,1.01191390516536,0.0469748298202203,1000,0.946,0.00714730718522718,0.327021287693858,0.000486106313796444,31.8040000000003,0,0,"bias_corrected",5.55111512312578e-17,0,1.40236175632476,0,0,"M3_d1","exact_1d_closed_form","exact_formula_evaluated_in_floating_point",0,NA,0,0.01,TRUE,FALSE,"monte_carlo_diagnostic_available",1.378605164345,0.063412730269997,-0.0237565919797567,0.063412730269997,-0.374634428743353,-0.00733202079127682,0.00419274491987169,-1.74874000956423,0.983059583682589,0.99477166233448,"Independent-stream Monte Carlo diagnostics; finite-n departures from an asymptotic limit are possible; no hypothesis-test or coverage certification"
"weak_d1_m3_n200","self_normalized","PATT","oracle",200,1,3,"weak",1000,1000,0,"assumption_failure_diagnostic",0.062962962962963,0.000139688074515078,0.00280622486087748,0,0,0.0631026510374781,0.00280622486087748,0.0887406218696198,0.00197869062930387,0.00787489796980684,0.000351180473864029,0.10885296339464,0.0023069567898383,1.47074332516052,0.00443235130952743,1.47074332516052,-2.22044604925031e-19,2.01060110923281e-17,0.00735371662580258,2.21617565476371e-05,0.93381738455501,0.0414764820441811,1000,0.86,0.0109726933794762,0.335775307944696,0.000501190737241671,14.8290000000001,0,0,"original_weak_variance_not_established",0.062962962962963,0.0629629629629629,NA,NA,NA,"M3_d1","exact_1d_closed_form","exact_formula_evaluated_in_floating_point",0,NA,NA,0.01,NA,FALSE,"not_applicable",1.57497959396137,0.0702360947728058,NA,NA,NA,NA,NA,NA,NA,NA,"Independent-stream Monte Carlo diagnostics; finite-n departures from an asymptotic limit are possible; no hypothesis-test or coverage certification"
"weak_d1_m3_n200","self_normalized","PATT","raw",200,1,3,"weak",1000,1000,0,"point_estimate_only",0.062962962962963,0.000139688074515078,0.00280622486087748,0,0,0.0631026510374781,0.00280622486087748,0.0887406218696198,0.00197869062930387,0.00787489796980684,0.000351180473864029,0.10885296339464,0.0023069567898383,NA,NA,NA,NA,NA,NA,NA,NA,NA,0,NA,NA,NA,NA,0,0,0,"raw_point_only",0.062962962962963,0.0629629629629629,NA,NA,NA,"M3_d1","exact_1d_closed_form","exact_formula_evaluated_in_floating_point",0,NA,NA,0.01,NA,FALSE,"not_applicable",1.57497959396137,0.0702360947728058,NA,NA,NA,NA,NA,NA,NA,NA,"Independent-stream Monte Carlo diagnostics; finite-n departures from an asymptotic limit are possible; no hypothesis-test or coverage certification"
"weak_d1_m3_n200","self_normalized","PATT","polynomial",200,1,3,"weak",1000,1000,0,"assumption_failure_diagnostic",0.062962962962963,0.000139688074515077,0.00280622486087748,0,0,0.0631026510374781,0.00280622486087748,0.0887406218696198,0.00197869062930387,0.00787489796980684,0.000351180473864029,0.10885296339464,0.0023069567898383,1.45675003106299,0.00413926617953009,1.45675003106299,-2.22044604925031e-19,2.45790963824104e-17,0.00728375015531495,2.06963308976504e-05,0.924932638269294,0.0414834183776778,1000,0.864,0.0108399261990108,0.334212223236664,0.000472565640899229,15.5,0,0,"original_weak_variance_not_established",0.062962962962963,0.0629629629629629,NA,NA,NA,"M3_d1","exact_1d_closed_form","exact_formula_evaluated_in_floating_point",0,NA,NA,0.01,NA,FALSE,"not_applicable",1.57497959396137,0.0702360947728058,NA,NA,NA,NA,NA,NA,NA,NA,"Independent-stream Monte Carlo diagnostics; finite-n departures from an asymptotic limit are possible; no hypothesis-test or coverage certification"
"weak_d1_m3_n200","stabilized","PATT","oracle",200,1,3,"weak",1000,1000,0,"within_declared_theorem_scope",0,0.000242548939859235,0.00279398257207398,0,0,0.000242548939859235,0.00279398257207398,0.0883534867056935,0.001919608060403,0.00780633861305316,0.000339208130489916,0.0883096320025643,0.00191848249000333,1.58990477269519,0.00738799817557551,1.58990477269519,-3.99680288865056e-17,2.44548941608331e-17,0.00794952386347597,3.69399908778776e-05,1.0183421777507,0.0441206902135591,1000,0.948,0.00702111102319284,0.348585816436722,0.000799776521473924,15.0050000000001,0,0,"bias_corrected",5.55111512312578e-17,0,1.59375,0,0,"M3_d1","exact_1d_closed_form","exact_formula_evaluated_in_floating_point",0,NA,0,0.01,TRUE,FALSE,"monte_carlo_diagnostic_available",1.56126772261063,0.0678416260979832,-0.032482277389368,0.0678416260979832,-0.478795678370889,-0.00384522730480996,0.00738799817557551,-0.52046944428359,0.979618963206671,0.997587308357766,"Independent-stream Monte Carlo diagnostics; finite-n departures from an asymptotic limit are possible; no hypothesis-test or coverage certification"
"weak_d1_m3_n200","stabilized","PATT","raw",200,1,3,"weak",1000,1000,0,"point_estimate_only",0,0.000673051197247537,0.00334738918780127,0,0,0.000673051197247537,0.00334738918780127,0.105853740484731,0.0022669673397158,0.0112050143746089,0.000479933944931277,0.105802941160198,0.00226545908129077,NA,NA,NA,NA,NA,NA,NA,NA,NA,0,NA,NA,NA,NA,0,0,0,"raw_point_only",5.55111512312578e-17,0,NA,NA,NA,"M3_d1","exact_1d_closed_form","exact_formula_evaluated_in_floating_point",0,NA,NA,0.01,NA,FALSE,"not_applicable",2.24100287492178,0.0959867889862554,NA,NA,NA,NA,NA,NA,NA,NA,"Independent-stream Monte Carlo diagnostics; finite-n departures from an asymptotic limit are possible; no hypothesis-test or coverage certification"
"weak_d1_m3_n200","stabilized","PATT","polynomial",200,1,3,"weak",1000,1000,0,"within_declared_theorem_scope",0,0.00196667415198974,0.00280187822536391,0,0,0.00196667415198974,0.00280187822536391,0.0886031691858053,0.0019406694995436,0.00785052158976843,0.000343898936003588,0.0885806913237798,0.00194243112418397,1.57468733535115,0.00632619691596752,1.57468733535115,1.02140518265514e-17,3.00640656339005e-17,0.00787343667675574,3.16309845798376e-05,1.00291892541474,0.0442385279459125,1000,0.944,0.00727076337120113,0.347141445771526,0.000689364152672057,15.7250000000002,0,0,"bias_corrected",5.55111512312578e-17,0,1.59375,0,0,"M3_d1","exact_1d_closed_form","exact_formula_evaluated_in_floating_point",0,NA,0,0.01,TRUE,FALSE,"monte_carlo_diagnostic_available",1.57010431795369,0.0687797872007176,-0.023645682046314,0.0687797872007176,-0.343788240828801,-0.0190626646488501,0.00632619691596752,-3.01328980145011,0.985163493617999,0.988039112377192,"Independent-stream Monte Carlo diagnostics; finite-n departures from an asymptotic limit are possible; no hypothesis-test or coverage certification"
"strong_d2_m1_n200","self_normalized","PATE","oracle",200,2,1,"strong",1000,1000,0,"within_declared_theorem_scope",1.5,0.00419398017074662,0.00537016321799603,0,1.5,0.00419398017074662,0.00537016321799603,0.169819471757268,0.00356021948970697,0.0288386529879175,0.00120918918616393,0.169786347521237,0.00356607535822205,6.14411276317577,0.0154672380622887,6.14411276317577,6.03961325396085e-17,5.82259971538378e-17,0.0307205638158788,7.73361903114436e-05,1.06525654401229,0.0448962574985447,1000,0.957,0.00641490451994416,0.686518377031432,0.00086045439665048,35.1510000000001,0,0,"bias_corrected",1.5,0,6.13632528804919,0.0007580532412615,0.0007580532412615,"M1_d2","monte_carlo_precision_estimated","monte_carlo_estimate",2e+05,934102,0.000123535374296054,0.01,TRUE,FALSE,"monte_carlo_diagnostic_available",5.7677305975835,0.241837837232786,-0.368594690465685,0.241839025308464,-1.52413238514977,0.00778747512658473,0.015485803110982,0.502878350626977,0.939932341725178,1.00126907795155,"Independent-stream Monte Carlo diagnostics; finite-n departures from an asymptotic limit are possible; no hypothesis-test or coverage certification"
"strong_d2_m1_n200","self_normalized","PATE","raw",200,2,1,"strong",1000,1000,0,"point_estimate_only",1.5,0.00375725892348435,0.0053641730354394,0,1.5,0.00375725892348435,0.0053641730354394,0.169630045552476,0.00356465087922777,0.0287743523541351,0.00120934378204416,0.169586836153043,0.00357012679891583,NA,NA,NA,NA,NA,NA,NA,NA,NA,0,NA,NA,NA,NA,0,0,0,"raw_point_only",1.5,0,NA,NA,NA,"M1_d2","monte_carlo_precision_estimated","monte_carlo_estimate",2e+05,934102,NA,0.01,NA,FALSE,"not_applicable",5.75487047082702,0.241868756408832,NA,NA,NA,NA,NA,NA,NA,NA,"Independent-stream Monte Carlo diagnostics; finite-n departures from an asymptotic limit are possible; no hypothesis-test or coverage certification"
"strong_d2_m1_n200","self_normalized","PATE","polynomial",200,2,1,"strong",1000,1000,0,"within_declared_theorem_scope",1.5,0.00389164249307658,0.00538167270584313,0,1.5,0.00389164249307658,0.00538167270584313,0.170183433720257,0.00357359423992129,0.0289624011128169,0.00121633307694547,0.170142832916929,0.00357892615944099,5.94049859918892,0.0171310528850627,5.94049859918892,2.75335310107039e-17,4.80188548305756e-17,0.0297024929959446,8.56552644253134e-05,1.02555354026915,0.0435414341673328,1000,0.945,0.00720936890441875,0.674882170564017,0.000968818521517848,36.6389999999999,0,0,"bias_corrected",1.5,0,6.13632528804919,0.0007580532412615,0.0007580532412615,"M1_d2","monte_carlo_precision_estimated","monte_carlo_estimate",2e+05,934102,0.000123535374296054,0.01,TRUE,FALSE,"monte_carlo_diagnostic_available",5.79248022256338,0.243266615389094,-0.343845065485805,0.24326779648688,-1.41344259475113,-0.195826688860266,0.0171478167026418,-11.4199196466858,0.943965639149629,0.968087303122335,"Independent-stream Monte Carlo diagnostics; finite-n departures from an asymptotic limit are possible; no hypothesis-test or coverage certification"
"strong_d2_m1_n200","stabilized","PATE","oracle",200,2,1,"strong",1000,1000,0,"within_declared_theorem_scope",1.5,0.00534230422805501,0.00641055748959671,0,1.5,0.00534230422805501,0.00641055748959671,0.202719627385768,0.00432008335503077,0.0410952473274245,0.00175153137601459,0.202688658524749,0.00432462694139228,8.73768151750449,0.0282909373648673,8.68706924517877,-0.0506122723257203,0.0177772392143474,0.0436884075875224,0.000141454686824336,1.06310122042671,0.0455690186447528,1000,0.955,0.00655553201502365,0.818273329714827,0.00131885253386725,35.8099999999999,0,0,"bias_corrected",1.5,0,8.6687228504367,0.00135885075694216,0.00135885075694216,"M1_d2","monte_carlo_precision_estimated","monte_carlo_estimate",2e+05,934102,0.000156753281929379,0.01,TRUE,FALSE,"monte_carlo_diagnostic_available",8.2190494654849,0.350306275202918,-0.449673384951797,0.350308910708709,-1.28364814940638,0.0689586670677915,0.0283235522553667,2.43467579370188,0.948126916420088,1.00795488196561,"Independent-stream Monte Carlo diagnostics; finite-n departures from an asymptotic limit are possible; no hypothesis-test or coverage certification"
"strong_d2_m1_n200","stabilized","PATE","raw",200,2,1,"strong",1000,1000,0,"point_estimate_only",1.5,-0.00212215511148273,0.00750497616897655,0,1.5,-0.00212215511148273,0.00750497616897655,0.237328184792506,0.00539120168042067,0.0563246672969059,0.00255896821732909,0.237218983582525,0.00538685967198428,NA,NA,NA,NA,NA,NA,NA,NA,NA,0,NA,NA,NA,NA,0,0,0,"raw_point_only",1.5,0,NA,NA,NA,"M1_d2","monte_carlo_precision_estimated","monte_carlo_estimate",2e+05,934102,NA,0.01,NA,FALSE,"not_applicable",11.2649334593812,0.511793643465818,NA,NA,NA,NA,NA,NA,NA,NA,"Independent-stream Monte Carlo diagnostics; finite-n departures from an asymptotic limit are possible; no hypothesis-test or coverage certification"
"strong_d2_m1_n200","stabilized","PATE","polynomial",200,2,1,"strong",1000,1000,0,"within_declared_theorem_scope",1.5,0.00615250985477986,0.00635387502201648,0,1.5,0.00615250985477986,0.00635387502201648,0.200927170376246,0.00424359941505648,0.0403717277954049,0.00170530884535518,0.200920903454874,0.00424978057169937,8.05803195138595,0.0313043252014392,8.01494886558365,-0.0430830858022956,0.0133330408537181,0.0402901597569297,0.000156521626007196,0.997979575239174,0.0429094907550962,1000,0.943,0.00733150734842434,0.785382915014181,0.00150595585878479,37.6270000000001,0,2,"bias_corrected",1.5,0,8.6687228504367,0.00135885075694216,0.00135885075694216,"M1_d2","monte_carlo_precision_estimated","monte_carlo_estimate",2e+05,934102,0.000156753281929379,0.01,TRUE,FALSE,"monte_carlo_diagnostic_available",8.07434555908098,0.341061769071036,-0.594377291355718,0.34106447601186,-1.74271239944394,-0.610690899050748,0.0313338036583033,-19.4898425263132,0.931434272197804,0.929552379331174,"Independent-stream Monte Carlo diagnostics; finite-n departures from an asymptotic limit are possible; no hypothesis-test or coverage certification"
"strong_d2_m1_n200","self_normalized","PATT","oracle",200,2,1,"strong",1000,1000,0,"within_declared_theorem_scope",1.5,0.00941624828371437,0.00618717212278337,0,1.5,0.00941624828371437,0.00618717212278337,0.195655561834944,0.00407522631993442,0.0382810988769477,0.00159468139046264,0.195784277994458,0.00409397251439554,8.0086487002766,0.0272495031079849,8.0086487002766,-4.17443857259059e-17,5.84656499065183e-17,0.040043243501383,0.000136247515539925,1.04603171476607,0.04356049810691,1000,0.964,0.00589101010014412,0.78329494468888,0.00132236988672723,15.2989999999994,0,0,"bias_corrected",1.5,0,7.92117524240452,0.000987888532495039,0.000987888532495039,"M1_d2","monte_carlo_precision_estimated","monte_carlo_estimate",2e+05,934102,0.00012471489422511,0.01,TRUE,FALSE,"monte_carlo_diagnostic_available",7.65621977538954,0.318936278092528,-0.264955467014981,0.318937808055531,-0.83074336225716,0.0874734578720791,0.0272674044123146,3.20798622961612,0.966550990363577,1.01104298985885,"Independent-stream Monte Carlo diagnostics; finite-n departures from an asymptotic limit are possible; no hypothesis-test or coverage certification"
"strong_d2_m1_n200","self_normalized","PATT","raw",200,2,1,"strong",1000,1000,0,"point_estimate_only",1.5,0.00985481659236009,0.00618897398575723,0,1.5,0.00985481659236009,0.00618897398575723,0.195712541745233,0.00406483423642969,0.0383033989963797,0.0015910780803694,0.195862740222464,0.00408702263085077,NA,NA,NA,NA,NA,NA,NA,NA,NA,0,NA,NA,NA,NA,0,0,0,"raw_point_only",1.5,0,NA,NA,NA,"M1_d2","monte_carlo_precision_estimated","monte_carlo_estimate",2e+05,934102,NA,0.01,NA,FALSE,"not_applicable",7.66067979927594,0.31821561607388,NA,NA,NA,NA,NA,NA,NA,NA,"Independent-stream Monte Carlo diagnostics; finite-n departures from an asymptotic limit are possible; no hypothesis-test or coverage certification"
"strong_d2_m1_n200","self_normalized","PATT","polynomial",200,2,1,"strong",1000,1000,0,"within_declared_theorem_scope",1.5,0.00933465491926675,0.00619849198098412,0,1.5,0.00933465491926675,0.00619849198098412,0.196013527181989,0.00408704888589298,0.0384213028383244,0.00160223373577821,0.196137750874093,0.00410672679824388,8.03090183096044,0.031394188797863,8.03090183096044,-7.99360577730113e-17,5.45754792130538e-17,0.0401545091548022,0.000156970943989315,1.04511055556265,0.0438454506161644,1000,0.961,0.00612200947402077,0.784037224381501,0.00151509069609711,16.5849999999998,0,0,"bias_corrected",1.5,0,7.92117524240452,0.000987888532495039,0.000987888532495039,"M1_d2","monte_carlo_precision_estimated","monte_carlo_estimate",2e+05,934102,0.00012471489422511,0.01,TRUE,FALSE,"monte_carlo_diagnostic_available",7.68426056766488,0.320446747155642,-0.236914674739641,0.320448269906992,-0.739322683216244,0.109726588555919,0.0314097280158314,3.49339505584428,0.970090969144154,1.01385231170856,"Independent-stream Monte Carlo diagnostics; finite-n departures from an asymptotic limit are possible; no hypothesis-test or coverage certification"
"strong_d2_m1_n200","stabilized","PATT","oracle",200,2,1,"strong",1000,1000,0,"within_declared_theorem_scope",1.5,0.00989924530538716,0.00723453990315101,0,1.5,0.00989924530538716,0.00723453990315101,0.228776239173311,0.00497079088509076,0.0523385676102842,0.00227439768881608,0.228876001582276,0.00497337323572399,10.9201177481132,0.0539276988198342,10.9201177481132,1.11022302462516e-16,1.06476800986157e-16,0.0546005887405662,0.000269638494099171,1.04321901101928,0.0448270027049895,1000,0.954,0.00662449998113065,0.913232754035104,0.00223485670057201,15.6790000000003,0,0,"bias_corrected",1.5,0,10.7140700317817,0.00182759378511582,0.00182759378511582,"M1_d2","monte_carlo_precision_estimated","monte_carlo_estimate",2e+05,934102,0.000170578853759079,0.01,TRUE,FALSE,"monte_carlo_diagnostic_available",10.4677135220568,0.454879537763216,-0.246356509724858,0.454883209158923,-0.541581893471888,0.206047716331501,0.0539586582398612,3.81862194229444,0.977006262886645,1.01923150732824,"Independent-stream Monte Carlo diagnostics; finite-n departures from an asymptotic limit are possible; no hypothesis-test or coverage certification"
"strong_d2_m1_n200","stabilized","PATT","raw",200,2,1,"strong",1000,1000,0,"point_estimate_only",1.5,0.00370821653484745,0.00836378938452238,0,1.5,0.00370821653484745,0.00836378938452238,0.264486243250286,0.00596212939541294,0.0699529728686492,0.00315380241112973,0.264379974214481,0.00594577075460622,NA,NA,NA,NA,NA,NA,NA,NA,NA,0,NA,NA,NA,NA,0,0,0,"raw_point_only",1.5,0,NA,NA,NA,"M1_d2","monte_carlo_precision_estimated","monte_carlo_estimate",2e+05,934102,NA,0.01,NA,FALSE,"not_applicable",13.9905945737298,0.630760482225946,NA,NA,NA,NA,NA,NA,NA,NA,"Independent-stream Monte Carlo diagnostics; finite-n departures from an asymptotic limit are possible; no hypothesis-test or coverage certification"
"strong_d2_m1_n200","stabilized","PATT","polynomial",200,2,1,"strong",1000,1000,0,"within_declared_theorem_scope",1.5,0.0110222008135121,0.0071539509117535,0,1.5,0.0110222008135121,0.0071539509117535,0.226227791501793,0.0048869887113044,0.0511790136477788,0.00221114532650518,0.226383134409135,0.00489470624201795,10.4633595942466,0.0567954897723344,10.4633595942466,-2.8421709430404e-16,2.68054372865154e-16,0.052316797971233,0.000283977448861672,1.02223146251478,0.0443358637314237,1000,0.952,0.00675988165576884,0.893425156044067,0.00238505328558325,16.9599999999993,0,1,"bias_corrected",1.5,0,10.7140700317817,0.00182759378511582,0.00182759378511582,"M1_d2","monte_carlo_precision_estimated","monte_carlo_estimate",2e+05,934102,0.000170578853759079,0.01,TRUE,FALSE,"monte_carlo_diagnostic_available",10.2358027295558,0.442229065301036,-0.478267302225939,0.442232841720367,-1.08148300421423,-0.250710437535099,0.0568248867796737,-4.41198305431167,0.955360819855832,0.97659988811055,"Independent-stream Monte Carlo diagnostics; finite-n departures from an asymptotic limit are possible; no hypothesis-test or coverage certification"
"weak_d2_m1_n200","self_normalized","PATE","oracle",200,2,1,"weak",1000,1000,0,"assumption_failure_diagnostic",-0.0416666666666667,-0.000361787102652164,0.00267977623932101,0,0,-0.0420284537693188,0.00267977623932101,0.0847419653585486,0.00198714551754601,0.00718120069282946,0.000336789233220558,0.0945537435450146,0.00208369957171764,1.45178869464831,0.00183749809045475,1.45178869464831,9.99200722162641e-18,2.64477049875794e-17,0.00725894347324155,9.18749045227375e-06,1.0108258749111,0.0477868554296757,1000,0.93,0.00806845710157772,0.333909056615177,0.000210988538411795,35.4010000000001,0,0,"original_weak_variance_not_established",-0.0416666666666667,-0.0416666666666667,NA,NA,NA,"M1_d2","monte_carlo_precision_estimated","monte_carlo_estimate",2e+05,934102,NA,0.01,NA,FALSE,"not_applicable",1.43624013856589,0.0673578466441116,NA,NA,NA,NA,NA,NA,NA,NA,"Independent-stream Monte Carlo diagnostics; finite-n departures from an asymptotic limit are possible; no hypothesis-test or coverage certification"
"weak_d2_m1_n200","self_normalized","PATE","raw",200,2,1,"weak",1000,1000,0,"point_estimate_only",-0.0416666666666667,-0.000361787102652164,0.00267977623932101,0,0,-0.0420284537693188,0.00267977623932101,0.0847419653585486,0.00198714551754601,0.00718120069282946,0.000336789233220558,0.0945537435450146,0.00208369957171764,NA,NA,NA,NA,NA,NA,NA,NA,NA,0,NA,NA,NA,NA,0,0,0,"raw_point_only",-0.0416666666666667,-0.0416666666666667,NA,NA,NA,"M1_d2","monte_carlo_precision_estimated","monte_carlo_estimate",2e+05,934102,NA,0.01,NA,FALSE,"not_applicable",1.43624013856589,0.0673578466441116,NA,NA,NA,NA,NA,NA,NA,NA,"Independent-stream Monte Carlo diagnostics; finite-n departures from an asymptotic limit are possible; no hypothesis-test or coverage certification"
"weak_d2_m1_n200","self_normalized","PATE","polynomial",200,2,1,"weak",1000,1000,0,"assumption_failure_diagnostic",-0.0416666666666667,-0.000361787102652164,0.00267977623932101,0,0,-0.0420284537693188,0.00267977623932101,0.0847419653585486,0.00198714551754601,0.00718120069282946,0.000336789233220558,0.0945537435450146,0.00208369957171764,1.43888612331259,0.0023093308930893,1.43888612331259,9.99200722162641e-18,1.73124378770881e-17,0.00719443061656295,1.15466544654465e-05,1.00184229967931,0.047641285722461,1000,0.926,0.00827792244467173,0.332380277144259,0.000268065350256293,36.1130000000003,0,0,"original_weak_variance_not_established",-0.0416666666666667,-0.0416666666666667,NA,NA,NA,"M1_d2","monte_carlo_precision_estimated","monte_carlo_estimate",2e+05,934102,NA,0.01,NA,FALSE,"not_applicable",1.43624013856589,0.0673578466441116,NA,NA,NA,NA,NA,NA,NA,NA,"Independent-stream Monte Carlo diagnostics; finite-n departures from an asymptotic limit are possible; no hypothesis-test or coverage certification"
"weak_d2_m1_n200","stabilized","PATE","oracle",200,2,1,"weak",1000,1000,0,"within_declared_theorem_scope",0,-5.66817983424738e-05,0.00278031323376914,0,0,-5.66817983424738e-05,0.00278031323376914,0.0879212242741867,0.0020913132429576,0.00773014167787183,0.000367741641323304,0.087877270946589,0.00209014192046661,1.67152051007594,0.00514354738309673,1.69380244374368,0.0222819336677398,0.00335764059783477,0.00835760255037972,2.57177369154836e-05,1.08117068207224,0.0518496028970507,1000,0.955,0.00655553201502365,0.357940323704264,0.000548242085139666,36.0600000000002,0,0,"bias_corrected",5.55111512312578e-17,0,1.67119807211535,0.000293896838417274,0.000293896838417274,"M1_d2","monte_carlo_precision_estimated","monte_carlo_estimate",2e+05,934102,0.00017585996736178,0.01,TRUE,FALSE,"monte_carlo_diagnostic_available",1.54602833557437,0.0735483282646608,-0.125169736540979,0.0735489154636418,-1.7018569988684,0.000322437960594613,0.00515193701764617,0.0625857729801847,0.925101794557156,1.00019293820761,"Independent-stream Monte Carlo diagnostics; finite-n departures from an asymptotic limit are possible; no hypothesis-test or coverage certification"
"weak_d2_m1_n200","stabilized","PATE","raw",200,2,1,"weak",1000,1000,0,"point_estimate_only",0,-5.1716452291123e-05,0.00353933251650074,0,0,-5.1716452291123e-05,0.00353933251650074,0.111923521488378,0.00268800190829251,0.0125268746623595,0.000601701278687157,0.111867557684471,0.00268652973348738,NA,NA,NA,NA,NA,NA,NA,NA,NA,0,NA,NA,NA,NA,0,0,0,"raw_point_only",5.55111512312578e-17,0,NA,NA,NA,"M1_d2","monte_carlo_precision_estimated","monte_carlo_estimate",2e+05,934102,NA,0.01,NA,FALSE,"not_applicable",2.5053749324719,0.120340255737431,NA,NA,NA,NA,NA,NA,NA,NA,"Independent-stream Monte Carlo diagnostics; finite-n departures from an asymptotic limit are possible; no hypothesis-test or coverage certification"
"weak_d2_m1_n200","stabilized","PATE","polynomial",200,2,1,"weak",1000,1000,0,"within_declared_theorem_scope",0,-0.000980120469200845,0.00279842795728886,0,0,-0.000980120469200845,0.00279842795728886,0.088494062129252,0.0020861218460322,0.00783119903213591,0.000369218792503926,0.0884552342670456,0.00208471848844302,1.68233864243938,0.00696460325892459,1.70938535284442,0.027046710405038,0.00299481863794586,0.0084116932121969,3.48230162946229e-05,1.07412583662845,0.0514288583950674,1000,0.947,0.00708456067798138,0.35878137956467,0.000727422276747043,37.2350000000003,0,0,"bias_corrected",5.55111512312578e-17,0,1.67119807211535,0.000293896838417274,0.000293896838417274,"M1_d2","monte_carlo_precision_estimated","monte_carlo_estimate",2e+05,934102,0.00017585996736178,0.01,TRUE,FALSE,"monte_carlo_diagnostic_available",1.56623980642718,0.0738437585007852,-0.104958265688163,0.07384434335055,-1.42134469515032,0.0111405703240346,0.00697080152535235,1.59817637663575,0.937195795376122,1.00666621779304,"Independent-stream Monte Carlo diagnostics; finite-n departures from an asymptotic limit are possible; no hypothesis-test or coverage certification"
"weak_d2_m1_n200","self_normalized","PATT","oracle",200,2,1,"weak",1000,1000,0,"assumption_failure_diagnostic",0.166666666666667,-0.00257238962056592,0.00296047442778776,0,0,0.164094277046101,0.00296047442778776,0.0936184214649298,0.00206078139515665,0.00876440883758524,0.000385854202397723,0.188898322353668,0.00269129651168534,1.89070666308772,0.00528429993591891,1.89070666308772,-7.01660951563099e-17,3.60400272584296e-17,0.00945353331543858,2.64214996795945e-05,1.07862760519547,0.0472105750622732,1000,0.602,0.0154788888490098,0.380764162612024,0.000529498445925343,17.6290000000002,0,0,"original_weak_variance_not_established",0.166666666666667,0.166666666666667,NA,NA,NA,"M1_d2","monte_carlo_precision_estimated","monte_carlo_estimate",2e+05,934102,NA,0.01,NA,FALSE,"not_applicable",1.75288176751705,0.0771708404795446,NA,NA,NA,NA,NA,NA,NA,NA,"Independent-stream Monte Carlo diagnostics; finite-n departures from an asymptotic limit are possible; no hypothesis-test or coverage certification"
"weak_d2_m1_n200","self_normalized","PATT","raw",200,2,1,"weak",1000,1000,0,"point_estimate_only",0.166666666666667,-0.00257238962056592,0.00296047442778776,0,0,0.164094277046101,0.00296047442778776,0.0936184214649298,0.00206078139515665,0.00876440883758524,0.000385854202397723,0.188898322353668,0.00269129651168534,NA,NA,NA,NA,NA,NA,NA,NA,NA,0,NA,NA,NA,NA,0,0,0,"raw_point_only",0.166666666666667,0.166666666666667,NA,NA,NA,"M1_d2","monte_carlo_precision_estimated","monte_carlo_estimate",2e+05,934102,NA,0.01,NA,FALSE,"not_applicable",1.75288176751705,0.0771708404795446,NA,NA,NA,NA,NA,NA,NA,NA,"Independent-stream Monte Carlo diagnostics; finite-n departures from an asymptotic limit are possible; no hypothesis-test or coverage certification"
"weak_d2_m1_n200","self_normalized","PATT","polynomial",200,2,1,"weak",1000,1000,0,"assumption_failure_diagnostic",0.166666666666667,-0.00257238962056592,0.00296047442778776,0,0,0.164094277046101,0.00296047442778776,0.0936184214649298,0.00206078139515665,0.00876440883758524,0.000385854202397723,0.188898322353668,0.00269129651168534,1.871929820417,0.00623326914967774,1.871929820417,6.99440505513849e-17,2.63587305897526e-17,0.00935964910208501,3.11663457483887e-05,1.06791562049766,0.0473125103069908,1000,0.6,0.0154919333848297,0.37871013784142,0.000630758082878769,18.121,0,0,"original_weak_variance_not_established",0.166666666666667,0.166666666666667,NA,NA,NA,"M1_d2","monte_carlo_precision_estimated","monte_carlo_estimate",2e+05,934102,NA,0.01,NA,FALSE,"not_applicable",1.75288176751705,0.0771708404795446,NA,NA,NA,NA,NA,NA,NA,NA,"Independent-stream Monte Carlo diagnostics; finite-n departures from an asymptotic limit are possible; no hypothesis-test or coverage certification"
"weak_d2_m1_n200","stabilized","PATT","oracle",200,2,1,"weak",1000,1000,0,"within_declared_theorem_scope",0,-0.00218430834816658,0.00319526293076623,0,0,-0.00218430834816658,0.00319526293076623,0.101043085843262,0.00221574459552996,0.0102097051967288,0.000447771342745755,0.101016170460437,0.0022207373789597,2.20498530130159,0.0127800502666245,2.20498530130159,-3.95239396766556e-17,2.8095729789718e-17,0.0110249265065079,6.39002513331223e-05,1.079847683559,0.0469867717478985,1000,0.959,0.00627048642451286,0.409934539460789,0.00116715050490046,17.776,0,0,"bias_corrected",5.55111512312578e-17,0,2.18485145695964,0.00050382315157247,0.00050382315157247,"M1_d2","monte_carlo_precision_estimated","monte_carlo_estimate",2e+05,934102,0.000230598354852724,0.01,TRUE,FALSE,"monte_carlo_diagnostic_available",2.04194103934576,0.089554268549151,-0.14291041761388,0.0895556857666866,-1.5957715737468,0.0201338443419505,0.0127899774270915,1.57418920062388,0.934590327796129,1.0092152005473,"Independent-stream Monte Carlo diagnostics; finite-n departures from an asymptotic limit are possible; no hypothesis-test or coverage certification"
"weak_d2_m1_n200","stabilized","PATT","raw",200,2,1,"weak",1000,1000,0,"point_estimate_only",0,-0.00102006453096873,0.00394945393071952,0,0,-0.00102006453096873,0.00394945393071952,0.124892699349785,0.00271321627747851,0.0155981863508759,0.000677721809628135,0.124834405098003,0.00271479266871865,NA,NA,NA,NA,NA,NA,NA,NA,NA,0,NA,NA,NA,NA,0,0,0,"raw_point_only",5.55111512312578e-17,0,NA,NA,NA,"M1_d2","monte_carlo_precision_estimated","monte_carlo_estimate",2e+05,934102,NA,0.01,NA,FALSE,"not_applicable",3.11963727017518,0.135544361925627,NA,NA,NA,NA,NA,NA,NA,NA,"Independent-stream Monte Carlo diagnostics; finite-n departures from an asymptotic limit are possible; no hypothesis-test or coverage certification"
"weak_d2_m1_n200","stabilized","PATT","polynomial",200,2,1,"weak",1000,1000,0,"within_declared_theorem_scope",0,-0.000565483525794357,0.00320594375227029,0,0,-0.000565483525794357,0.00320594375227029,0.101380843075607,0.00221216589935858,0.0102780753427209,0.000448542487800164,0.101331717833046,0.00221125472972958,2.19795574949163,0.0129935779327206,2.19795574949163,9.10382880192628e-18,2.6453623486309e-17,0.0109897787474582,6.49678896636031e-05,1.06924481296406,0.0471960127209271,1000,0.954,0.00662449998113065,0.409262687737177,0.00117156092831355,18.4800000000002,0,0,"bias_corrected",5.55111512312578e-17,0,2.18485145695964,0.00050382315157247,0.00050382315157247,"M1_d2","monte_carlo_precision_estimated","monte_carlo_estimate",2e+05,934102,0.000230598354852724,0.01,TRUE,FALSE,"monte_carlo_diagnostic_available",2.05561506854418,0.0897084975600328,-0.129236388415459,0.0897099123410923,-1.44060321811575,0.0131042925319904,0.0130033420804709,1.00776342350258,0.940848890205424,1.00599779563514,"Independent-stream Monte Carlo diagnostics; finite-n departures from an asymptotic limit are possible; no hypothesis-test or coverage certification"
"strong_d2_m3_n200","self_normalized","PATE","oracle",200,2,3,"strong",1000,1000,0,"within_declared_theorem_scope",1.5,0.00306704898514294,0.00571880693021176,0,1.5,0.00306704898514294,0.00571880693021176,0.180844553982248,0.00433272742007961,0.032704752705038,0.0015671003156219,0.180780128171794,0.00432572080261453,6.53024426351752,0.0129566285588894,6.53024426351752,8.79296635503124e-17,5.39445960082942e-17,0.0326512213175876,6.47831427944469e-05,0.99836319241019,0.0482351682440774,1000,0.947,0.00708456067798138,0.707971503146429,0.000700092429274172,36.2619999999999,0,0,"bias_corrected",1.5,0,6.58375356350997,0.00740160034084482,0.00740160034084482,"M3_d2","monte_carlo_precision_estimated","monte_carlo_estimate",6e+05,934106,0.00112422196083822,0.01,TRUE,FALSE,"monte_carlo_diagnostic_available",6.5409505410076,0.31342006312438,-0.0428030225023681,0.313507447529554,-0.136529523747066,-0.0535092999924469,0.0149217261474208,-3.58599933169902,0.993498690057356,0.991872523861006,"Independent-stream Monte Carlo diagnostics; finite-n departures from an asymptotic limit are possible; no hypothesis-test or coverage certification"
"strong_d2_m3_n200","self_normalized","PATE","raw",200,2,3,"strong",1000,1000,0,"point_estimate_only",1.5,0.00308581389789094,0.00572422919278833,0,1.5,0.00308581389789094,0.00572422919278833,0.181016020980382,0.00432805854750136,0.0327667998515701,0.00156689587367765,0.180951803801816,0.00432193022102636,NA,NA,NA,NA,NA,NA,NA,NA,NA,0,NA,NA,NA,NA,0,0,0,"raw_point_only",1.5,0,NA,NA,NA,"M3_d2","monte_carlo_precision_estimated","monte_carlo_estimate",6e+05,934106,NA,0.01,NA,FALSE,"not_applicable",6.55335997031402,0.31337917473553,NA,NA,NA,NA,NA,NA,NA,NA,"Independent-stream Monte Carlo diagnostics; finite-n departures from an asymptotic limit are possible; no hypothesis-test or coverage certification"
"strong_d2_m3_n200","self_normalized","PATE","polynomial",200,2,3,"strong",1000,1000,0,"within_declared_theorem_scope",1.5,0.00272800566254481,0.00573009538204173,0,1.5,0.00272800566254481,0.00573009538204173,0.181201526172646,0.00431442137058321,0.032833993087296,0.00156355947380311,0.181131447046347,0.00430763600314733,6.18695576987238,0.014212216606515,6.18695576987238,-5.95079541199084e-17,4.87894485165106e-17,0.0309347788493619,7.10610830325753e-05,0.942157073832457,0.0454080047178476,1000,0.936,0.0077397674383666,0.688991337758618,0.000793903700134966,37.8170000000001,0,0,"bias_corrected",1.5,0,6.58375356350997,0.00740160034084482,0.00740160034084482,"M3_d2","monte_carlo_precision_estimated","monte_carlo_estimate",6e+05,934106,0.00112422196083822,0.01,TRUE,FALSE,"monte_carlo_diagnostic_available",6.5667986174592,0.312711894760622,-0.0169549460507668,0.312799477001455,-0.0542038823507619,-0.396797793637587,0.0160240690361748,-24.7626113405905,0.997424729542622,0.939730764554006,"Independent-stream Monte Carlo diagnostics; finite-n departures from an asymptotic limit are possible; no hypothesis-test or coverage certification"
"strong_d2_m3_n200","stabilized","PATE","oracle",200,2,3,"strong",1000,1000,0,"within_declared_theorem_scope",1.5,0.00336807126798654,0.00600502888623206,0,1.5,0.00336807126798654,0.00600502888623206,0.189895686955974,0.0044980955878032,0.0360603719244815,0.00170833790327905,0.189830596734623,0.00449267612844096,7.1221392312099,0.0166468117623005,7.11589914464422,-0.00624008656567653,0.010144896174608,0.0356106961560495,8.32340588115026e-05,0.987529918732571,0.0471458033287961,1000,0.948,0.00702111102319284,0.739223469530453,0.000858772976543987,37.3140000000001,0,0,"bias_corrected",1.5,0,7.1878143088164,0.00875571590823904,0.00875571590823904,"M3_d2","monte_carlo_precision_estimated","monte_carlo_estimate",6e+05,934106,0.0012181332922721,0.01,TRUE,FALSE,"monte_carlo_diagnostic_available",7.2120743848963,0.34166758065581,0.0242600760798997,0.341779751056525,0.0709816073213987,-0.0656750776065005,0.0188090112157778,-3.4916815590715,1.00337516733705,0.990862997458637,"Independent-stream Monte Carlo diagnostics; finite-n departures from an asymptotic limit are possible; no hypothesis-test or coverage certification"
"strong_d2_m3_n200","stabilized","PATE","raw",200,2,3,"strong",1000,1000,0,"point_estimate_only",1.5,0.00363991673535436,0.00707263666009642,0,1.5,0.00363991673535436,0.00707263666009642,0.223656409087108,0.00503370868779361,0.0500221893257399,0.002251642419005,0.223574184847568,0.00502737664835473,NA,NA,NA,NA,NA,NA,NA,NA,NA,0,NA,NA,NA,NA,0,0,0,"raw_point_only",1.5,0,NA,NA,NA,"M3_d2","monte_carlo_precision_estimated","monte_carlo_estimate",6e+05,934106,NA,0.01,NA,FALSE,"not_applicable",10.004437865148,0.450328483801,NA,NA,NA,NA,NA,NA,NA,NA,"Independent-stream Monte Carlo diagnostics; finite-n departures from an asymptotic limit are possible; no hypothesis-test or coverage certification"
"strong_d2_m3_n200","stabilized","PATE","polynomial",200,2,3,"strong",1000,1000,0,"within_declared_theorem_scope",1.5,0.00336778759888978,0.00596483174732752,0,1.5,0.00336778759888978,0.00596483174732752,0.188624541812369,0.00446163490906744,0.0355792177739262,0.00168314768091383,0.188560283595097,0.00445542852786111,6.64652830699419,0.016678609834583,6.63133461539511,-0.0151936915990789,0.00505854654688003,0.0332326415349709,8.33930491729151e-05,0.9340464353695,0.0447296801076798,1000,0.938,0.00762600813007697,0.714033580650679,0.000896741705720075,39.2399999999999,0,2,"bias_corrected",1.5,0,7.1878143088164,0.00875571590823904,0.00875571590823904,"M3_d2","monte_carlo_precision_estimated","monte_carlo_estimate",6e+05,934106,0.0012181332922721,0.01,TRUE,FALSE,"monte_carlo_diagnostic_available",7.11584355478524,0.336629536182766,-0.0719707540311605,0.336743384777919,-0.213725814030838,-0.54128600182221,0.0188371597402591,-28.735011503107,0.989987115562671,0.924693936353047,"Independent-stream Monte Carlo diagnostics; finite-n departures from an asymptotic limit are possible; no hypothesis-test or coverage certification"
"strong_d2_m3_n200","self_normalized","PATT","oracle",200,2,3,"strong",1000,1000,0,"within_declared_theorem_scope",1.5,0.00382472670760586,0.00610215977099679,0,1.5,0.00382472670760586,0.00610215977099679,0.192967235226013,0.00463259312530954,0.0372363538707716,0.00178787737463604,0.192908646906479,0.00462703352368964,7.4376273235673,0.0202258501976713,7.4376273235673,-6.92779167366098e-17,4.57611947317086e-17,0.0371881366178365,0.000101129250988356,0.998705102730992,0.0482346808911055,1000,0.946,0.00714730718522718,0.755238447408841,0.00102113270957191,16.0459999999994,0,0,"bias_corrected",1.5,0,7.4740221393334,0.00989900797360608,0.00989900797360608,"M3_d2","monte_carlo_precision_estimated","monte_carlo_estimate",6e+05,934106,0.00132445526505879,0.01,TRUE,FALSE,"monte_carlo_diagnostic_available",7.44727077415432,0.357575474927208,-0.0267513651790763,0.357712469209951,-0.0747845475953348,-0.036394815766096,0.0225183341986071,-1.61623037677216,0.996420753821655,0.995130491308748,"Independent-stream Monte Carlo diagnostics; finite-n departures from an asymptotic limit are possible; no hypothesis-test or coverage certification"
"strong_d2_m3_n200","self_normalized","PATT","raw",200,2,3,"strong",1000,1000,0,"point_estimate_only",1.5,0.00532273909423349,0.00611923239632192,0,1.5,0.00532273909423349,0.00611923239632192,0.193507119042674,0.00462797154455099,0.0374450051201956,0.00179109088119507,0.193483569500205,0.00462240767887259,NA,NA,NA,NA,NA,NA,NA,NA,NA,0,NA,NA,NA,NA,0,0,0,"raw_point_only",1.5,0,NA,NA,NA,"M3_d2","monte_carlo_precision_estimated","monte_carlo_estimate",6e+05,934106,NA,0.01,NA,FALSE,"not_applicable",7.48900102403912,0.358218176239014,NA,NA,NA,NA,NA,NA,NA,NA,"Independent-stream Monte Carlo diagnostics; finite-n departures from an asymptotic limit are possible; no hypothesis-test or coverage certification"
"strong_d2_m3_n200","self_normalized","PATT","polynomial",200,2,3,"strong",1000,1000,0,"within_declared_theorem_scope",1.5,0.00326834446384201,0.00612166638417221,0,1.5,0.00326834446384201,0.00612166638417221,0.193584088496715,0.00461579630858818,0.037474799319104,0.00178708944216909,0.19351487435161,0.00461015959700684,7.33851330422324,0.0233218639723229,7.33851330422324,-8.88178419700125e-18,4.57955555822568e-17,0.0366925665211162,0.000116609319861614,0.979126431303155,0.0471748019314704,1000,0.945,0.00720936890441875,0.749938756325638,0.00118541141667092,16.8439999999997,0,0,"bias_corrected",1.5,0,7.4740221393334,0.00989900797360608,0.00989900797360608,"M3_d2","monte_carlo_precision_estimated","monte_carlo_estimate",6e+05,934106,0.00132445526505879,0.01,TRUE,FALSE,"monte_carlo_diagnostic_available",7.4949598638208,0.357417888433818,0.0209377244874043,0.357554943094555,0.0585580618916721,-0.135508835110156,0.0253357395393355,-5.34852495226235,1.00280139984831,0.981869355939285,"Independent-stream Monte Carlo diagnostics; finite-n departures from an asymptotic limit are possible; no hypothesis-test or coverage certification"
"strong_d2_m3_n200","stabilized","PATT","oracle",200,2,3,"strong",1000,1000,0,"within_declared_theorem_scope",1.5,0.00326698969612754,0.0063397771313932,0,1.5,0.00326698969612754,0.0063397771313932,0.200481355930511,0.00482005503331141,0.0401927740757361,0.00193266233747591,0.200407720717878,0.00481571691462387,7.94740953660159,0.0260821788286184,7.94740953660159,2.30926389122033e-17,4.63220941541464e-17,0.0397370476830079,0.000130410894143092,0.988661484478044,0.0476069255756819,1000,0.944,0.00727076337120113,0.780367604243951,0.00127316633634868,16.1410000000006,0,0,"bias_corrected",1.5,0,7.97178076178348,0.0117760481762889,0.0117760481762889,"M3_d2","monte_carlo_precision_estimated","monte_carlo_estimate",6e+05,934106,0.00147721676350445,0.01,TRUE,FALSE,"monte_carlo_diagnostic_available",8.03855481514722,0.386532467495182,0.0667740533637406,0.386711809670411,0.172671358086145,-0.0243712251818895,0.0286173961620953,-0.851622734781511,1.00837630328268,0.996942812915939,"Independent-stream Monte Carlo diagnostics; finite-n departures from an asymptotic limit are possible; no hypothesis-test or coverage certification"
"strong_d2_m3_n200","stabilized","PATT","raw",200,2,3,"strong",1000,1000,0,"point_estimate_only",1.5,0.00521232143930989,0.00731398944586122,0,1.5,0.00521232143930989,0.00731398944586122,0.231288654313542,0.00507089506148519,0.0534944416141693,0.00234568098987219,0.231231735424318,0.00505371506997638,NA,NA,NA,NA,NA,NA,NA,NA,NA,0,NA,NA,NA,NA,0,0,0,"raw_point_only",1.5,0,NA,NA,NA,"M3_d2","monte_carlo_precision_estimated","monte_carlo_estimate",6e+05,934106,NA,0.01,NA,FALSE,"not_applicable",10.6988883228339,0.469136197974438,NA,NA,NA,NA,NA,NA,NA,NA,"Independent-stream Monte Carlo diagnostics; finite-n departures from an asymptotic limit are possible; no hypothesis-test or coverage certification"
"strong_d2_m3_n200","stabilized","PATT","polynomial",200,2,3,"strong",1000,1000,0,"within_declared_theorem_scope",1.5,0.00298481335482164,0.00633329690871608,0,1.5,0.00298481335482164,0.00633329690871608,0.200276433296463,0.00476901067774053,0.0401106497339526,0.00191024089778124,0.200198521960033,0.00476532749379143,7.72560720771316,0.0264324296909917,7.72560720771316,-2.66453525910038e-17,5.05274105004594e-17,0.0386280360385658,0.000132162148454958,0.963036906526802,0.0463410333547996,1000,0.938,0.00762600813007697,0.76931120853046,0.00130920491622695,17.247,0,0,"bias_corrected",1.5,0,7.97178076178348,0.0117760481762889,0.0117760481762889,"M3_d2","monte_carlo_precision_estimated","monte_carlo_estimate",6e+05,934106,0.00147721676350445,0.01,TRUE,FALSE,"monte_carlo_diagnostic_available",8.02212994679052,0.382048179556248,0.0503491850070397,0.382229625765578,0.131724967435986,-0.24617355407032,0.0289369772094373,-8.50723115578342,1.0063159269568,0.969119377285127,"Independent-stream Monte Carlo diagnostics; finite-n departures from an asymptotic limit are possible; no hypothesis-test or coverage certification"
"weak_d2_m3_n200","self_normalized","PATE","oracle",200,2,3,"weak",1000,1000,0,"assumption_failure_diagnostic",-0.0238756613756613,-0.00340022612143968,0.00277833649219347,0,0,-0.027275887497101,0.00277833649219347,0.0878587142169398,0.00198320078976734,0.0077191536638539,0.000348482942845955,0.091953295476261,0.00207692759514415,1.3013010413361,0.00142264438070034,1.3013010413361,-9.99200722162641e-18,1.73124378770881e-17,0.0065065052066805,7.11322190350168e-06,0.842903962017,0.0383876337224214,1000,0.913,0.00891240708226459,0.316145614145038,0.000172823022292276,36.7220000000003,0,0,"original_weak_variance_not_established",-0.0238756613756613,-0.0238756613756614,NA,NA,NA,"M3_d2","monte_carlo_precision_estimated","monte_carlo_estimate",6e+05,934106,NA,0.01,NA,FALSE,"not_applicable",1.54383073277078,0.069696588569191,NA,NA,NA,NA,NA,NA,NA,NA,"Independent-stream Monte Carlo diagnostics; finite-n departures from an asymptotic limit are possible; no hypothesis-test or coverage certification"
"weak_d2_m3_n200","self_normalized","PATE","raw",200,2,3,"weak",1000,1000,0,"point_estimate_only",-0.0238756613756613,-0.00340022612143968,0.00277833649219347,0,0,-0.027275887497101,0.00277833649219347,0.0878587142169398,0.00198320078976734,0.0077191536638539,0.000348482942845955,0.091953295476261,0.00207692759514415,NA,NA,NA,NA,NA,NA,NA,NA,NA,0,NA,NA,NA,NA,0,0,0,"raw_point_only",-0.0238756613756613,-0.0238756613756614,NA,NA,NA,"M3_d2","monte_carlo_precision_estimated","monte_carlo_estimate",6e+05,934106,NA,0.01,NA,FALSE,"not_applicable",1.54383073277078,0.069696588569191,NA,NA,NA,NA,NA,NA,NA,NA,"Independent-stream Monte Carlo diagnostics; finite-n departures from an asymptotic limit are possible; no hypothesis-test or coverage certification"
"weak_d2_m3_n200","self_normalized","PATE","polynomial",200,2,3,"weak",1000,1000,0,"assumption_failure_diagnostic",-0.0238756613756613,-0.00340022612143968,0.00277833649219347,0,0,-0.027275887497101,0.00277833649219347,0.0878587142169398,0.00198320078976734,0.0077191536638539,0.000348482942845955,0.091953295476261,0.00207692759514415,1.29659144309168,0.00204299586841996,1.29659144309168,9.99200722162641e-18,2.23517516579581e-17,0.0064829572154584,1.02149793420998e-05,0.839853369653182,0.0382720743194028,1000,0.913,0.00891240708226459,0.315522358468358,0.00024850710325132,37.2420000000001,0,0,"original_weak_variance_not_established",-0.0238756613756613,-0.0238756613756614,NA,NA,NA,"M3_d2","monte_carlo_precision_estimated","monte_carlo_estimate",6e+05,934106,NA,0.01,NA,FALSE,"not_applicable",1.54383073277078,0.069696588569191,NA,NA,NA,NA,NA,NA,NA,NA,"Independent-stream Monte Carlo diagnostics; finite-n departures from an asymptotic limit are possible; no hypothesis-test or coverage certification"
"weak_d2_m3_n200","stabilized","PATE","oracle",200,2,3,"weak",1000,1000,0,"within_declared_theorem_scope",0,-0.003115517542314,0.00264698403256938,0,0,-0.003115517542314,0.00264698403256938,0.0837049847301656,0.00190850039283315,0.00700652446867726,0.000319501992479228,0.0837211108010701,0.00190792944755144,1.37695972089577,0.00256004142138944,1.38724220615021,0.0102824852544473,0.00191568711941828,0.00688479860447883,1.28002071069471e-05,0.982626783829471,0.0451941067647622,1000,0.95,0.00689202437604511,0.325115838936584,0.000300770755093042,37.6599999999998,0,0,"bias_corrected",5.55111512312578e-17,0,1.38365513689835,0.00189371585537618,0.00189371585537618,"M3_d2","monte_carlo_precision_estimated","monte_carlo_estimate",6e+05,934106,0.00136863283695185,0.01,TRUE,FALSE,"monte_carlo_diagnostic_available",1.40130489373545,0.0639003984958456,0.0176497568371052,0.0639284528803003,0.276086093779755,-0.00669541600257673,0.00318433224085252,-2.10261225781648,1.01275589297249,0.9951610659159,"Independent-stream Monte Carlo diagnostics; finite-n departures from an asymptotic limit are possible; no hypothesis-test or coverage certification"
"weak_d2_m3_n200","stabilized","PATE","raw",200,2,3,"weak",1000,1000,0,"point_estimate_only",0,-0.00416633922663683,0.00327222010970181,0,0,-0.00416633922663683,0.00327222010970181,0.103476685520637,0.00236153666274608,0.0107074244463369,0.000488727973192863,0.103508818003308,0.00236207908007951,NA,NA,NA,NA,NA,NA,NA,NA,NA,0,NA,NA,NA,NA,0,0,0,"raw_point_only",5.55111512312578e-17,0,NA,NA,NA,"M3_d2","monte_carlo_precision_estimated","monte_carlo_estimate",6e+05,934106,NA,0.01,NA,FALSE,"not_applicable",2.14148488926738,0.0977455946385726,NA,NA,NA,NA,NA,NA,NA,NA,"Independent-stream Monte Carlo diagnostics; finite-n departures from an asymptotic limit are possible; no hypothesis-test or coverage certification"
"weak_d2_m3_n200","stabilized","PATE","polynomial",200,2,3,"weak",1000,1000,0,"within_declared_theorem_scope",0,-0.00400356049048122,0.00267048322826808,0,0,-0.00400356049048122,0.00267048322826808,0.0844480945460648,0.0019368980629264,0.0071314806724611,0.000327134701488196,0.0845007555492232,0.00194201346963134,1.38403350063714,0.0039685327482772,1.39600912986628,0.0119756292291427,0.00115002763861513,0.00692016750318569,1.9842663741386e-05,0.970368962774952,0.0447748047749248,1000,0.948,0.00702111102319284,0.325758623763401,0.000464422992179024,39.148,0,0,"bias_corrected",5.55111512312578e-17,0,1.38365513689835,0.00189371585537618,0.00189371585537618,"M3_d2","monte_carlo_precision_estimated","monte_carlo_estimate",6e+05,934106,0.00136863283695185,0.01,TRUE,FALSE,"monte_carlo_diagnostic_available",1.42629613449222,0.0654269402976392,0.0426409975938733,0.0654543403942913,0.651461726403591,0.000378363738793297,0.00439720501171502,0.0860464176187513,1.03081764845643,1.00027345234279,"Independent-stream Monte Carlo diagnostics; finite-n departures from an asymptotic limit are possible; no hypothesis-test or coverage certification"
"weak_d2_m3_n200","self_normalized","PATT","oracle",200,2,3,"weak",1000,1000,0,"assumption_failure_diagnostic",0.062962962962963,-0.00443500184143849,0.00285834161171678,0,0,0.0585279611215245,0.00285834161171678,0.0903886982386167,0.00196383015722991,0.0081701167692717,0.000355016102947499,0.107645106184838,0.00222242688613189,1.45830704519448,0.00426671284913882,1.45830704519448,0,2.44875660446889e-17,0.00729153522597242,2.13335642456941e-05,0.892464016352413,0.0385836427451387,1000,0.869,0.0106695360723885,0.334371550546641,0.000486242591457664,18.0459999999998,0,0,"original_weak_variance_not_established",0.062962962962963,0.0629629629629629,NA,NA,NA,"M3_d2","monte_carlo_precision_estimated","monte_carlo_estimate",6e+05,934106,NA,0.01,NA,FALSE,"not_applicable",1.63402335385434,0.0710032205894998,NA,NA,NA,NA,NA,NA,NA,NA,"Independent-stream Monte Carlo diagnostics; finite-n departures from an asymptotic limit are possible; no hypothesis-test or coverage certification"
"weak_d2_m3_n200","self_normalized","PATT","raw",200,2,3,"weak",1000,1000,0,"point_estimate_only",0.062962962962963,-0.00443500184143849,0.00285834161171678,0,0,0.0585279611215245,0.00285834161171678,0.0903886982386167,0.00196383015722991,0.0081701167692717,0.000355016102947499,0.107645106184838,0.00222242688613189,NA,NA,NA,NA,NA,NA,NA,NA,NA,0,NA,NA,NA,NA,0,0,0,"raw_point_only",0.062962962962963,0.0629629629629629,NA,NA,NA,"M3_d2","monte_carlo_precision_estimated","monte_carlo_estimate",6e+05,934106,NA,0.01,NA,FALSE,"not_applicable",1.63402335385434,0.0710032205894998,NA,NA,NA,NA,NA,NA,NA,NA,"Independent-stream Monte Carlo diagnostics; finite-n departures from an asymptotic limit are possible; no hypothesis-test or coverage certification"
"weak_d2_m3_n200","self_normalized","PATT","polynomial",200,2,3,"weak",1000,1000,0,"assumption_failure_diagnostic",0.062962962962963,-0.00443500184143849,0.00285834161171678,0,0,0.0585279611215245,0.00285834161171678,0.0903886982386167,0.00196383015722991,0.0081701167692717,0.000355016102947499,0.107645106184838,0.00222242688613189,1.44276696600917,0.00392903606259767,1.44276696600917,2.22044604925031e-19,2.01060110923281e-17,0.00721383483004583,1.96451803129883e-05,0.882953699900288,0.0385836980204411,1000,0.872,0.0105648473723003,0.332631057919329,0.000450977209570581,18.6970000000001,0,0,"original_weak_variance_not_established",0.062962962962963,0.0629629629629629,NA,NA,NA,"M3_d2","monte_carlo_precision_estimated","monte_carlo_estimate",6e+05,934106,NA,0.01,NA,FALSE,"not_applicable",1.63402335385434,0.0710032205894998,NA,NA,NA,NA,NA,NA,NA,NA,"Independent-stream Monte Carlo diagnostics; finite-n departures from an asymptotic limit are possible; no hypothesis-test or coverage certification"
"weak_d2_m3_n200","stabilized","PATT","oracle",200,2,3,"weak",1000,1000,0,"within_declared_theorem_scope",0,-0.00407521036897221,0.00281945197852667,0,0,-0.00407521036897221,0.00281945197852667,0.0891589000561243,0.00196550334587092,0.00794930945921797,0.000350484232748967,0.0892074407732344,0.0019791654935366,1.57921645530632,0.00714050384912934,1.57921645530632,0,2.44875660446889e-17,0.00789608227653162,3.57025192456467e-05,0.99330417529228,0.0434379558908396,1000,0.952,0.00675988165576884,0.347455819546431,0.000777790499951797,18.3330000000002,0,0,"bias_corrected",5.55111512312578e-17,0,1.56168150955473,0.00324637003778774,0.00324637003778774,"M3_d2","monte_carlo_precision_estimated","monte_carlo_estimate",6e+05,934106,0.00207876575212404,0.01,TRUE,FALSE,"monte_carlo_diagnostic_available",1.58986189184359,0.0700968465497934,0.0281803822888689,0.070171980267394,0.401590238461079,0.0175349457515948,0.00784383284126306,2.23550732230688,1.01804489719348,1.01122824701728,"Independent-stream Monte Carlo diagnostics; finite-n departures from an asymptotic limit are possible; no hypothesis-test or coverage certification"
"weak_d2_m3_n200","stabilized","PATT","raw",200,2,3,"weak",1000,1000,0,"point_estimate_only",0,-0.00373118978657516,0.0033665954180278,0,0,-0.00373118978657516,0.0033665954180278,0.106461094812545,0.00232344193412847,0.0113339647086858,0.000494712344081389,0.106473247913269,0.00233506071630537,NA,NA,NA,NA,NA,NA,NA,NA,NA,0,NA,NA,NA,NA,0,0,0,"raw_point_only",5.55111512312578e-17,0,NA,NA,NA,"M3_d2","monte_carlo_precision_estimated","monte_carlo_estimate",6e+05,934106,NA,0.01,NA,FALSE,"not_applicable",2.26679294173716,0.0989424688162778,NA,NA,NA,NA,NA,NA,NA,NA,"Independent-stream Monte Carlo diagnostics; finite-n departures from an asymptotic limit are possible; no hypothesis-test or coverage certification"
"weak_d2_m3_n200","stabilized","PATT","polynomial",200,2,3,"weak",1000,1000,0,"within_declared_theorem_scope",0,-0.00228347278542716,0.00282084203971014,0,0,-0.00228347278542716,0.00282084203971014,0.0892028576503919,0.00196242233738257,0.00795714981299608,0.000350107360822973,0.0891874818073976,0.00196473721649211,1.56400587386781,0.00595982042751609,1.56400587386781,2.02060590481778e-17,2.83479034805787e-17,0.00782002936933903,2.97991021375804e-05,0.982767643329639,0.0434288440184074,1000,0.952,0.00675988165576884,0.346029017794386,0.00065240146202963,19.143,0,0,"bias_corrected",5.55111512312578e-17,0,1.56168150955473,0.00324637003778774,0.00324637003778774,"M3_d2","monte_carlo_precision_estimated","monte_carlo_estimate",6e+05,934106,0.00207876575212404,0.01,TRUE,FALSE,"monte_carlo_diagnostic_available",1.59142996259922,0.0700214721645946,0.0297484530444909,0.0700966866729045,0.424391714594265,0.0023243643130848,0.00678663229816409,0.342491564441113,1.0190489884541,1.00148837282049,"Independent-stream Monte Carlo diagnostics; finite-n departures from an asymptotic limit are possible; no hypothesis-test or coverage certification"
"strong_d3_m1_n200","self_normalized","PATE","oracle",200,3,1,"strong",1000,1000,0,"within_declared_theorem_scope",1.5,0.00796628653184386,0.0055881349718243,0,1.5,0.00796628653184386,0.0055881349718243,0.176712343834056,0.00402265189629774,0.0312272524633257,0.00142170449004657,0.17680352635615,0.00401019357298803,6.06294015664685,0.0146452572794915,6.06294015664685,7.01660951563099e-17,5.39560125784428e-17,0.0303147007832343,7.32262863974573e-05,0.970777074250666,0.0445420019774777,1000,0.94,0.00750999334220744,0.682007264891877,0.000823083825328517,38.6400000000001,0,0,"bias_corrected",1.5,0,6.05627347806492,0.000699184431357183,0.000699184431357183,"M1_d3","monte_carlo_precision_estimated","monte_carlo_estimate",2e+05,934103,0.000115447962165108,0.01,TRUE,FALSE,"monte_carlo_diagnostic_available",6.24545049266514,0.284340898009314,0.189177014600221,0.284341757643179,0.665315626407642,0.00666667858193115,0.0146619377863757,0.454692870687668,1.03123653766386,1.00110078889371,"Independent-stream Monte Carlo diagnostics; finite-n departures from an asymptotic limit are possible; no hypothesis-test or coverage certification"
"strong_d3_m1_n200","self_normalized","PATE","raw",200,3,1,"strong",1000,1000,0,"point_estimate_only",1.5,0.00908634185116971,0.00561782809955215,0,1.5,0.00908634185116971,0.00561782809955215,0.177651322978799,0.00401558333098408,0.0315599925561177,0.00142674738256187,0.177794809181252,0.00400327862164707,NA,NA,NA,NA,NA,NA,NA,NA,NA,0,NA,NA,NA,NA,0,0,0,"raw_point_only",1.5,0,NA,NA,NA,"M1_d3","monte_carlo_precision_estimated","monte_carlo_estimate",2e+05,934103,NA,0.01,NA,FALSE,"not_applicable",6.31199851122354,0.285349476512374,NA,NA,NA,NA,NA,NA,NA,NA,"Independent-stream Monte Carlo diagnostics; finite-n departures from an asymptotic limit are possible; no hypothesis-test or coverage certification"
"strong_d3_m1_n200","self_normalized","PATE","polynomial",200,3,1,"strong",1000,1000,0,"within_declared_theorem_scope",1.5,0.00772560662769904,0.005665851701473,0,1.5,0.00772560662769904,0.005665851701473,0.179169962613951,0.00407995167165206,0.0321018755030845,0.00146200957695325,0.179246920825289,0.00406815182404677,5.77223460169,0.0159242570592575,5.77223460169,-1.24344978758018e-17,5.92239225081517e-17,0.02886117300845,7.96212852962873e-05,0.89904943422003,0.0413417012603557,1000,0.935,0.0077958322198467,0.665310597915948,0.000915793368492571,40.223,0,0,"bias_corrected",1.5,0,6.05627347806492,0.000699184431357183,0.000699184431357183,"M1_d3","monte_carlo_precision_estimated","monte_carlo_estimate",2e+05,934103,0.000115447962165108,0.01,TRUE,FALSE,"monte_carlo_diagnostic_available",6.4203751006169,0.29240191539065,0.36410162255198,0.292402751325958,1.24520587067287,-0.284038876374919,0.0159395991718225,-17.8197000635395,1.06011974589171,0.953100057749427,"Independent-stream Monte Carlo diagnostics; finite-n departures from an asymptotic limit are possible; no hypothesis-test or coverage certification"
"strong_d3_m1_n200","stabilized","PATE","oracle",200,3,1,"strong",1000,1000,0,"within_declared_theorem_scope",1.5,0.00855468945491241,0.00667981274763434,0,1.5,0.00855468945491241,0.00667981274763434,0.21123422625952,0.00478713419253432,0.0446198983434583,0.00202241317432096,0.211301824783377,0.00477078688459261,8.61231583424935,0.0263733392242481,8.55105262944635,-0.061263204803006,0.01766043302008,0.0430615791712468,0.000131866696121241,0.96507568976925,0.044098203863223,1000,0.947,0.00708456067798138,0.812488651782486,0.00124131549190604,39.2690000000003,0,0,"bias_corrected",1.5,0,8.5252257229649,0.00125332528386899,0.00125332528386899,"M1_d3","monte_carlo_precision_estimated","monte_carlo_estimate",2e+05,934103,0.000147013736010865,0.01,TRUE,FALSE,"monte_carlo_diagnostic_available",8.92397966869166,0.404482634864192,0.398753945726758,0.404484576629253,0.985832263493825,0.0870901112844482,0.0264031029635618,3.2984801598751,1.04677341793457,1.01021557834532,"Independent-stream Monte Carlo diagnostics; finite-n departures from an asymptotic limit are possible; no hypothesis-test or coverage certification"
"strong_d3_m1_n200","stabilized","PATE","raw",200,3,1,"strong",1000,1000,0,"point_estimate_only",1.5,0.00667960601048927,0.00780134605948966,0,1.5,0.00667960601048927,0.00780134605948966,0.246700223631668,0.00555763541486467,0.0608610003399148,0.00274213979942078,0.246667299162314,0.00555587596535678,NA,NA,NA,NA,NA,NA,NA,NA,NA,0,NA,NA,NA,NA,0,0,0,"raw_point_only",1.5,0,NA,NA,NA,"M1_d3","monte_carlo_precision_estimated","monte_carlo_estimate",2e+05,934103,NA,0.01,NA,FALSE,"not_applicable",12.172200067983,0.548427959884156,NA,NA,NA,NA,NA,NA,NA,NA,"Independent-stream Monte Carlo diagnostics; finite-n departures from an asymptotic limit are possible; no hypothesis-test or coverage certification"
"strong_d3_m1_n200","stabilized","PATE","polynomial",200,3,1,"strong",1000,1000,0,"within_declared_theorem_scope",1.5,0.00864359477072953,0.0066065563720564,0,1.5,0.00864359477072953,0.0066065563720564,0.20891765625997,0.00475212225237018,0.043646587097159,0.00198560448645205,0.208991990852813,0.00473068473836796,7.58438754132246,0.0272065647295983,7.53851703622407,-0.0458705050983874,0.0120833824134265,0.0379219377066123,0.000136032823647991,0.868840847102125,0.0401311151692047,1000,0.931,0.00801492358042171,0.762143381493805,0.00135703942636473,41.5159999999999,0,56,"bias_corrected",1.5,0,8.5252257229649,0.00125332528386899,0.00125332528386899,"M1_d3","monte_carlo_precision_estimated","monte_carlo_estimate",2e+05,934103,0.000147013736010865,0.01,TRUE,FALSE,"monte_carlo_diagnostic_available",8.7293174194318,0.39712089729041,0.204091696466898,0.397122875051296,0.513925813113979,-0.940838181642441,0.0272354179085434,-34.5446574310619,1.02393974108124,0.889640672022554,"Independent-stream Monte Carlo diagnostics; finite-n departures from an asymptotic limit are possible; no hypothesis-test or coverage certification"
"strong_d3_m1_n200","self_normalized","PATT","oracle",200,3,1,"strong",1000,1000,0,"within_declared_theorem_scope",1.5,0.00649050968443529,0.00633430837943903,0,1.5,0.00649050968443529,0.00633430837943903,0.200308418809174,0.00463064113366646,0.0401234626458315,0.0018551128071149,0.200313419168935,0.00463537440485971,7.88104699924484,0.0263469083430985,7.88104699924484,-6.30606677987089e-17,4.1736515790981e-17,0.0394052349962242,0.000131734541715493,0.982099559652988,0.0454769212368377,1000,0.947,0.00708456067798138,0.777064614606156,0.00129096923264099,16.68,0,0,"bias_corrected",1.5,0,7.81685240492502,0.000911171200438882,0.000911171200438882,"M1_d3","monte_carlo_precision_estimated","monte_carlo_estimate",2e+05,934103,0.00011656497439619,0.01,TRUE,FALSE,"monte_carlo_diagnostic_available",8.0246925291663,0.37102256142298,0.207840124241276,0.371023680265594,0.56018021300553,0.0641945943198161,0.0263626594295064,2.43505760454373,1.02658872311703,1.00821233291796,"Independent-stream Monte Carlo diagnostics; finite-n departures from an asymptotic limit are possible; no hypothesis-test or coverage certification"
"strong_d3_m1_n200","self_normalized","PATT","raw",200,3,1,"strong",1000,1000,0,"point_estimate_only",1.5,0.00892325703824855,0.00636650546184244,0,1.5,0.00892325703824855,0.00636650546184244,0.201326579953243,0.00464152807544064,0.0405323917956696,0.00186892594637084,0.201423642902328,0.00465077525080843,NA,NA,NA,NA,NA,NA,NA,NA,NA,0,NA,NA,NA,NA,0,0,0,"raw_point_only",1.5,0,NA,NA,NA,"M1_d3","monte_carlo_precision_estimated","monte_carlo_estimate",2e+05,934103,NA,0.01,NA,FALSE,"not_applicable",8.10647835913392,0.373785189274168,NA,NA,NA,NA,NA,NA,NA,NA,"Independent-stream Monte Carlo diagnostics; finite-n departures from an asymptotic limit are possible; no hypothesis-test or coverage certification"
"strong_d3_m1_n200","self_normalized","PATT","polynomial",200,3,1,"strong",1000,1000,0,"within_declared_theorem_scope",1.5,0.00591115014724168,0.00639912911821902,0,1.5,0.00591115014724168,0.00639912911821902,0.20235823055077,0.00468333233021737,0.0409488534716385,0.001895421686848,0.202343387127502,0.00468721652171494,7.96135251033226,0.0304137627376797,7.96135251033226,-2.04281036531029e-17,4.92081347891119e-17,0.0398067625516613,0.000152068813688399,0.972109330954328,0.0453024673791027,1000,0.944,0.00727076337120113,0.780687820605539,0.00148083629876534,17.8140000000003,0,0,"bias_corrected",1.5,0,7.81685240492502,0.000911171200438882,0.000911171200438882,"M1_d3","monte_carlo_precision_estimated","monte_carlo_estimate",2e+05,934103,0.00011656497439619,0.01,TRUE,FALSE,"monte_carlo_diagnostic_available",8.1897706943277,0.3790843373696,0.372918289402676,0.379085432418479,0.983731522004268,0.144500105407236,0.0304274086445163,4.74901123179538,1.04770696312082,1.01848571495557,"Independent-stream Monte Carlo diagnostics; finite-n departures from an asymptotic limit are possible; no hypothesis-test or coverage certification"
"strong_d3_m1_n200","stabilized","PATT","oracle",200,3,1,"strong",1000,1000,0,"within_declared_theorem_scope",1.5,0.00669138732129107,0.00742132826919263,0,1.5,0.00669138732129107,0.00742132826919263,0.234683005944439,0.00538444544387698,0.0550761132791176,0.00252727568422578,0.234661057336155,0.0053902125310164,10.7122149654336,0.0520331970717572,10.7122149654336,-1.19904086659517e-16,2.27807915808102e-16,0.0535610748271681,0.000260165985358786,0.972491914157566,0.0443382443562804,1000,0.942,0.00739161687318817,0.904563583860012,0.00218635684949532,16.7090000000004,0,0,"bias_corrected",1.5,0,10.5210727824446,0.00168566672081193,0.00168566672081193,"M1_d3","monte_carlo_precision_estimated","monte_carlo_estimate",2e+05,934103,0.0001602181408368,0.01,TRUE,FALSE,"monte_carlo_diagnostic_available",11.0152226558235,0.505455136845156,0.494149873378888,0.505457947642976,0.977628061212967,0.191142182988967,0.0520604943292126,3.67153991624148,1.04696763187528,1.0181675563834,"Independent-stream Monte Carlo diagnostics; finite-n departures from an asymptotic limit are possible; no hypothesis-test or coverage certification"
"strong_d3_m1_n200","stabilized","PATT","raw",200,3,1,"strong",1000,1000,0,"point_estimate_only",1.5,0.00611228882757499,0.00845992904035134,0,1.5,0.00611228882757499,0.00845992904035134,0.267526446109128,0.00630262229542918,0.0715703993677799,0.00337223628772864,0.267462500255875,0.00628425195225475,NA,NA,NA,NA,NA,NA,NA,NA,NA,0,NA,NA,NA,NA,0,0,0,"raw_point_only",1.5,0,NA,NA,NA,"M1_d3","monte_carlo_precision_estimated","monte_carlo_estimate",2e+05,934103,NA,0.01,NA,FALSE,"not_applicable",14.314079873556,0.674447257545728,NA,NA,NA,NA,NA,NA,NA,NA,"Independent-stream Monte Carlo diagnostics; finite-n departures from an asymptotic limit are possible; no hypothesis-test or coverage certification"
"strong_d3_m1_n200","stabilized","PATT","polynomial",200,3,1,"strong",1000,1000,0,"within_declared_theorem_scope",1.5,0.00729955574729717,0.00729374736437799,0,1.5,0.00729955574729717,0.00729374736437799,0.230648543492845,0.00525419391326293,0.0531987506153708,0.00242374434664613,0.230648727243103,0.00525699263084804,10.0188623982538,0.0528458324713784,10.0188623982538,-4.61852778244065e-17,2.02616328268094e-16,0.0500943119912688,0.000264229162356892,0.941644520065006,0.0432922655674396,1000,0.942,0.00739161687318817,0.874401330348382,0.00227341781804544,18.1310000000001,0,10,"bias_corrected",1.5,0,10.5210727824446,0.00168566672081193,0.00168566672081193,"M1_d3","monte_carlo_precision_estimated","monte_carlo_estimate",2e+05,934103,0.0001602181408368,0.01,TRUE,FALSE,"monte_carlo_diagnostic_available",10.6397501230742,0.484748869329226,0.118677340629528,0.484751800190837,0.244820835286857,-0.502210384190832,0.0528727101810248,-9.49848007547507,1.01127996574908,0.95226623799915,"Independent-stream Monte Carlo diagnostics; finite-n departures from an asymptotic limit are possible; no hypothesis-test or coverage certification"
"weak_d3_m1_n200","self_normalized","PATE","oracle",200,3,1,"weak",1000,1000,0,"assumption_failure_diagnostic",-0.0416666666666667,0.000901382833843217,0.00279538671350344,0,0,-0.0407652838328234,0.00279538671350344,0.0883978895564344,0.00217290767517061,0.00781418687803158,0.00038416090537212,0.0973045788086265,0.00223669937124535,1.43653453821803,0.0016817836987795,1.43653453821803,2.02060590481778e-17,2.83479034805787e-17,0.00718267269109015,8.4089184938975e-06,0.91918363397261,0.0454470283901314,1000,0.91,0.00904986187739901,0.332159857914211,0.000193989390644763,40.8710000000005,0,0,"original_weak_variance_not_established",-0.0416666666666667,-0.0416666666666667,NA,NA,NA,"M1_d3","monte_carlo_precision_estimated","monte_carlo_estimate",2e+05,934103,NA,0.01,NA,FALSE,"not_applicable",1.56283737560632,0.076832181074424,NA,NA,NA,NA,NA,NA,NA,NA,"Independent-stream Monte Carlo diagnostics; finite-n departures from an asymptotic limit are possible; no hypothesis-test or coverage certification"
"weak_d3_m1_n200","self_normalized","PATE","raw",200,3,1,"weak",1000,1000,0,"point_estimate_only",-0.0416666666666667,0.000901382833843217,0.00279538671350344,0,0,-0.0407652838328234,0.00279538671350344,0.0883978895564344,0.00217290767517061,0.00781418687803158,0.00038416090537212,0.0973045788086265,0.00223669937124535,NA,NA,NA,NA,NA,NA,NA,NA,NA,0,NA,NA,NA,NA,0,0,0,"raw_point_only",-0.0416666666666667,-0.0416666666666667,NA,NA,NA,"M1_d3","monte_carlo_precision_estimated","monte_carlo_estimate",2e+05,934103,NA,0.01,NA,FALSE,"not_applicable",1.56283737560632,0.076832181074424,NA,NA,NA,NA,NA,NA,NA,NA,"Independent-stream Monte Carlo diagnostics; finite-n departures from an asymptotic limit are possible; no hypothesis-test or coverage certification"
"weak_d3_m1_n200","self_normalized","PATE","polynomial",200,3,1,"weak",1000,1000,0,"assumption_failure_diagnostic",-0.0416666666666667,0.000901382833843217,0.00279538671350344,0,0,-0.0407652838328234,0.00279538671350344,0.0883978895564344,0.00217290767517061,0.00781418687803158,0.00038416090537212,0.0973045788086265,0.00223669937124535,1.42277977207743,0.00217274704598289,1.42277977207743,-9.76996261670138e-18,2.24520897055537e-17,0.00711389886038715,1.08637352299144e-05,0.910382483990346,0.0452937509802367,1000,0.906,0.00922843432007835,0.330525303048799,0.000253152597809042,41.499,0,0,"original_weak_variance_not_established",-0.0416666666666667,-0.0416666666666667,NA,NA,NA,"M1_d3","monte_carlo_precision_estimated","monte_carlo_estimate",2e+05,934103,NA,0.01,NA,FALSE,"not_applicable",1.56283737560632,0.076832181074424,NA,NA,NA,NA,NA,NA,NA,NA,"Independent-stream Monte Carlo diagnostics; finite-n departures from an asymptotic limit are possible; no hypothesis-test or coverage certification"
"weak_d3_m1_n200","stabilized","PATE","oracle",200,3,1,"weak",1000,1000,0,"within_declared_theorem_scope",0,0.000906291999708017,0.00290339635508251,0,0,0.000906291999708017,0.00290339635508251,0.0918134543229171,0.00222861280481457,0.00842971039470638,0.000409233279916621,0.0917720112534339,0.00222920740818636,1.65179786378307,0.00483591576264354,1.67744941260251,0.0256515488194386,0.00326954934175104,0.00825898931891534,2.41795788132177e-05,0.979747693835574,0.0478449243470224,1000,0.948,0.00702111102319284,0.355863208280551,0.000517604466093266,41.3140000000001,0,0,"bias_corrected",5.55111512312578e-17,0,1.6401620279652,0.000271073432130568,0.000271073432130568,"M1_d3","monte_carlo_precision_estimated","monte_carlo_estimate",2e+05,934103,0.000165272349626863,0.01,TRUE,FALSE,"monte_carlo_diagnostic_available",1.68594207894128,0.0818466559833242,0.0457800509760808,0.0818471048752381,0.559336228762944,0.0116358358178748,0.00484350720748832,2.40235749001986,1.02791190760152,1.00709432093871,"Independent-stream Monte Carlo diagnostics; finite-n departures from an asymptotic limit are possible; no hypothesis-test or coverage certification"
"weak_d3_m1_n200","stabilized","PATE","raw",200,3,1,"weak",1000,1000,0,"point_estimate_only",0,0.00150821529226304,0.00368782017214203,0,0,0.00150821529226304,0.00368782017214203,0.116619113450831,0.00281046003137425,0.0136000176220577,0.000655506714495718,0.116570546527858,0.00281215087620617,NA,NA,NA,NA,NA,NA,NA,NA,NA,0,NA,NA,NA,NA,0,0,0,"raw_point_only",5.55111512312578e-17,0,NA,NA,NA,"M1_d3","monte_carlo_precision_estimated","monte_carlo_estimate",2e+05,934103,NA,0.01,NA,FALSE,"not_applicable",2.72000352441154,0.131101342899144,NA,NA,NA,NA,NA,NA,NA,NA,"Independent-stream Monte Carlo diagnostics; finite-n departures from an asymptotic limit are possible; no hypothesis-test or coverage certification"
"weak_d3_m1_n200","stabilized","PATE","polynomial",200,3,1,"weak",1000,1000,0,"within_declared_theorem_scope",0,4.80700645130978e-05,0.00291802695943439,0,0,4.80700645130978e-05,0.00291802695943439,0.0922761146558844,0.00223439435771162,0.00851488133598592,0.000412362459877317,0.0922299775852788,0.0022333284809722,1.65745097196876,0.0066151894373789,1.68579374260015,0.0283427706313926,0.00270742802563406,0.0082872548598438,3.30759471868946e-05,0.973267216868882,0.0476420280454084,1000,0.944,0.00727076337120113,0.356164137246039,0.000698704981508564,42.733,0,0,"bias_corrected",5.55111512312578e-17,0,1.6401620279652,0.000271073432130568,0.000271073432130568,"M1_d3","monte_carlo_precision_estimated","monte_carlo_estimate",2e+05,934103,0.000165272349626863,0.01,TRUE,FALSE,"monte_carlo_diagnostic_available",1.70297626719718,0.0824724919754634,0.0628142392319888,0.0824729374610149,0.761634557538116,0.0172889440035648,0.00662074105353898,2.6113306446751,1.03829758167851,1.01054099760193,"Independent-stream Monte Carlo diagnostics; finite-n departures from an asymptotic limit are possible; no hypothesis-test or coverage certification"
"weak_d3_m1_n200","self_normalized","PATT","oracle",200,3,1,"weak",1000,1000,0,"assumption_failure_diagnostic",0.166666666666667,-0.00181094869948725,0.00304368830482914,0,0,0.164855717967179,0.00304368830482914,0.0962498753087696,0.00228035414081815,0.00926403849695371,0.000438967603427166,0.190872161943357,0.00276658449982089,1.86225934366113,0.00522278309513651,1.86225934366113,-2.22044604925031e-19,1.98838656526424e-17,0.00931129671830563,2.61139154756826e-05,1.00510125485418,0.0471282273626699,1000,0.577,0.0156227718411299,0.377890062341193,0.000524621438719922,20.115,0,0,"original_weak_variance_not_established",0.166666666666667,0.166666666666667,NA,NA,NA,"M1_d3","monte_carlo_precision_estimated","monte_carlo_estimate",2e+05,934103,NA,0.01,NA,FALSE,"not_applicable",1.85280769939074,0.0877935206854332,NA,NA,NA,NA,NA,NA,NA,NA,"Independent-stream Monte Carlo diagnostics; finite-n departures from an asymptotic limit are possible; no hypothesis-test or coverage certification"
"weak_d3_m1_n200","self_normalized","PATT","raw",200,3,1,"weak",1000,1000,0,"point_estimate_only",0.166666666666667,-0.00181094869948725,0.00304368830482914,0,0,0.164855717967179,0.00304368830482914,0.0962498753087696,0.00228035414081815,0.00926403849695371,0.000438967603427166,0.190872161943357,0.00276658449982089,NA,NA,NA,NA,NA,NA,NA,NA,NA,0,NA,NA,NA,NA,0,0,0,"raw_point_only",0.166666666666667,0.166666666666667,NA,NA,NA,"M1_d3","monte_carlo_precision_estimated","monte_carlo_estimate",2e+05,934103,NA,0.01,NA,FALSE,"not_applicable",1.85280769939074,0.0877935206854332,NA,NA,NA,NA,NA,NA,NA,NA,"Independent-stream Monte Carlo diagnostics; finite-n departures from an asymptotic limit are possible; no hypothesis-test or coverage certification"
"weak_d3_m1_n200","self_normalized","PATT","polynomial",200,3,1,"weak",1000,1000,0,"assumption_failure_diagnostic",0.166666666666667,-0.00181094869948725,0.00304368830482914,0,0,0.164855717967179,0.00304368830482914,0.0962498753087696,0.00228035414081815,0.00926403849695371,0.000438967603427166,0.190872161943357,0.00276658449982089,1.84078387889009,0.0061161965101093,1.84078387889009,-9.99200722162641e-18,2.66169753011493e-17,0.00920391939445046,3.05809825505465e-05,0.993510486541802,0.0472773486176936,1000,0.576,0.0156276677722557,0.37554931830043,0.000623704980790662,20.6910000000002,0,0,"original_weak_variance_not_established",0.166666666666667,0.166666666666667,NA,NA,NA,"M1_d3","monte_carlo_precision_estimated","monte_carlo_estimate",2e+05,934103,NA,0.01,NA,FALSE,"not_applicable",1.85280769939074,0.0877935206854332,NA,NA,NA,NA,NA,NA,NA,NA,"Independent-stream Monte Carlo diagnostics; finite-n departures from an asymptotic limit are possible; no hypothesis-test or coverage certification"
"weak_d3_m1_n200","stabilized","PATT","oracle",200,3,1,"weak",1000,1000,0,"within_declared_theorem_scope",0,-0.00144627427119136,0.00328807505693262,0,0,-0.00144627427119136,0.00328807505693262,0.103978062974949,0.00246057471449002,0.0108114375800224,0.000511691585235621,0.103936123901702,0.00246386689569437,2.17393811278823,0.0131021470111441,2.17393811278823,3.93018950717305e-17,2.83330594725848e-17,0.0108696905639412,6.55107350557204e-05,1.00538808863184,0.0468509495343123,1000,0.951,0.00682634602111555,0.406921320783715,0.00119931306327024,20.2,0,0,"bias_corrected",5.55111512312578e-17,0,2.1316468098451,0.00046469731222383,0.00046469731222383,"M1_d3","monte_carlo_precision_estimated","monte_carlo_estimate",2e+05,934103,0.000217999206096248,0.01,TRUE,FALSE,"monte_carlo_diagnostic_available",2.16228751600448,0.102338317047124,0.0306407061593834,0.102339372089288,0.299402913403166,0.0422913029431333,0.0131103851924198,3.22578645268069,1.01437419464513,1.01983973271173,"Independent-stream Monte Carlo diagnostics; finite-n departures from an asymptotic limit are possible; no hypothesis-test or coverage certification"
"weak_d3_m1_n200","stabilized","PATT","raw",200,3,1,"weak",1000,1000,0,"point_estimate_only",0,-0.000352250986303781,0.00407537655079769,0,0,-0.000352250986303781,0.00407537655079769,0.128874722233616,0.00302532514711041,0.0166086940307917,0.000779775876000455,0.128810750395758,0.00302489872402568,NA,NA,NA,NA,NA,NA,NA,NA,NA,0,NA,NA,NA,NA,0,0,0,"raw_point_only",5.55111512312578e-17,0,NA,NA,NA,"M1_d3","monte_carlo_precision_estimated","monte_carlo_estimate",2e+05,934103,NA,0.01,NA,FALSE,"not_applicable",3.32173880615834,0.155955175200091,NA,NA,NA,NA,NA,NA,NA,NA,"Independent-stream Monte Carlo diagnostics; finite-n departures from an asymptotic limit are possible; no hypothesis-test or coverage certification"
"weak_d3_m1_n200","stabilized","PATT","polynomial",200,3,1,"weak",1000,1000,0,"within_declared_theorem_scope",0,0.000610725411551761,0.0032895592904283,0,0,0.000610725411551761,0.0032895592904283,0.104024998559208,0.00244422066713523,0.0108212003252431,0.000508520102754255,0.10397476670061,0.00244287835272462,2.15071728118388,0.012302612286494,2.15071728118388,-9.99200722162641e-18,2.64495709876267e-17,0.0107535864059194,6.15130614324698e-05,0.993751717250258,0.0471764863806489,1000,0.946,0.00714730718522718,0.404929818283371,0.00112736446107125,21.115,0,0,"bias_corrected",5.55111512312578e-17,0,2.1316468098451,0.00046469731222383,0.00046469731222383,"M1_d3","monte_carlo_precision_estimated","monte_carlo_estimate",2e+05,934103,0.000217999206096248,0.01,TRUE,FALSE,"monte_carlo_diagnostic_available",2.16424006504862,0.101704020550851,0.0325932552035231,0.101705082172918,0.320468304111966,0.0190704713387833,0.0123113854892039,1.54901098300484,1.01529017614597,1.00894635605237,"Independent-stream Monte Carlo diagnostics; finite-n departures from an asymptotic limit are possible; no hypothesis-test or coverage certification"
"strong_d3_m3_n200","self_normalized","PATE","oracle",200,3,3,"strong",1000,1000,0,"within_declared_theorem_scope",1.5,-0.0052878128902071,0.00573999583006593,0,1.5,-0.0052878128902071,0.00573999583006593,0.181514605828771,0.00407322866830503,0.0329475521291742,0.00147870099235568,0.181500869260196,0.00406682430708203,6.55215710340897,0.0129279962636704,6.55215710340897,-2.1316282072803e-17,5.82534398126712e-17,0.0327607855170448,6.46399813183518e-05,0.994331396414607,0.0450210997695668,1000,0.949,0.00695693898205238,0.709161262272071,0.00069830201751887,40.9160000000001,0,0,"bias_corrected",1.5,0,6.53760830983225,0.0123192168708596,0.0123192168708596,"M3_d3","monte_carlo_precision_estimated","monte_carlo_estimate",6e+05,934107,0.00188436141888954,0.01,TRUE,FALSE,"monte_carlo_diagnostic_available",6.58951042583484,0.295740198471136,0.0519021160025845,0.295996669062438,0.175346959703916,0.014548793576715,0.0178576647886768,0.814708627857105,1.00793900667382,1.00222540000673,"Independent-stream Monte Carlo diagnostics; finite-n departures from an asymptotic limit are possible; no hypothesis-test or coverage certification"
"strong_d3_m3_n200","self_normalized","PATE","raw",200,3,3,"strong",1000,1000,0,"point_estimate_only",1.5,-0.00479114515256447,0.00575262150703723,0,1.5,-0.00479114515256447,0.00575262150703723,0.18191386479108,0.00413491377072672,0.0330926542032273,0.00150439628922151,0.181885998968851,0.00412845828916561,NA,NA,NA,NA,NA,NA,NA,NA,NA,0,NA,NA,NA,NA,0,0,0,"raw_point_only",1.5,0,NA,NA,NA,"M3_d3","monte_carlo_precision_estimated","monte_carlo_estimate",6e+05,934107,NA,0.01,NA,FALSE,"not_applicable",6.61853084064546,0.300879257844302,NA,NA,NA,NA,NA,NA,NA,NA,"Independent-stream Monte Carlo diagnostics; finite-n departures from an asymptotic limit are possible; no hypothesis-test or coverage certification"
"strong_d3_m3_n200","self_normalized","PATE","polynomial",200,3,3,"strong",1000,1000,0,"within_declared_theorem_scope",1.5,-0.00496484582225892,0.00578146163994613,0,1.5,-0.00496484582225892,0.00578146163994613,0.182825869871221,0.00407491614083384,0.0334252986941686,0.00149000017620045,0.182801868397216,0.00406911332288444,6.03750609293107,0.0145388513532398,6.03750609293107,-1.50990331349021e-17,5.57408891925043e-17,0.0301875304646554,7.26942567661992e-05,0.903134202056418,0.0407283624677552,1000,0.936,0.0077397674383666,0.680572923464334,0.000823282670324223,42.4450000000001,0,0,"bias_corrected",1.5,0,6.53760830983225,0.0123192168708596,0.0123192168708596,"M3_d3","monte_carlo_precision_estimated","monte_carlo_estimate",6e+05,934107,0.00188436141888954,0.01,TRUE,FALSE,"monte_carlo_diagnostic_available",6.68505973883372,0.29800003524009,0.147451429001465,0.298254562592773,0.494381134423048,-0.500102216901184,0.0190562667640562,-26.243451726047,1.02255433822484,0.923503796312016,"Independent-stream Monte Carlo diagnostics; finite-n departures from an asymptotic limit are possible; no hypothesis-test or coverage certification"
"strong_d3_m3_n200","stabilized","PATE","oracle",200,3,3,"strong",1000,1000,0,"within_declared_theorem_scope",1.5,-0.00624872368381185,0.00597100833940451,0,1.5,-0.00624872368381185,0.00597100833940451,0.18881986280378,0.00417280824422746,0.0356529405892382,0.00157581816036302,0.18882884895144,0.00416496710953693,7.16108058227657,0.0164494786406775,7.14269282596463,-0.0183877563119379,0.0100092012479332,0.0358054029113828,8.22473932033875e-05,1.00427629024773,0.0447783878534933,1000,0.955,0.00655553201502365,0.741258945826484,0.000846058163710065,42.013,0,0,"bias_corrected",1.5,0,7.14292839078095,0.014659592415062,0.014659592415062,"M3_d3","monte_carlo_precision_estimated","monte_carlo_estimate",6e+05,934107,0.00205232246678862,0.01,TRUE,FALSE,"monte_carlo_diagnostic_available",7.13058811784764,0.315163632072604,-0.012340272933308,0.315504387657242,-0.0391128409495027,0.0181521914956218,0.0220338148609325,0.823833349340103,0.998272379021854,1.00254128146084,"Independent-stream Monte Carlo diagnostics; finite-n departures from an asymptotic limit are possible; no hypothesis-test or coverage certification"
"strong_d3_m3_n200","stabilized","PATE","raw",200,3,3,"strong",1000,1000,0,"point_estimate_only",1.5,-0.00686704638861161,0.00686665702084812,0,1.5,-0.00686704638861161,0.00686665702084812,0.217142760970664,0.00493263948836454,0.0471509786419627,0.00214217391475279,0.217142773283902,0.00493569454782084,NA,NA,NA,NA,NA,NA,NA,NA,NA,0,NA,NA,NA,NA,0,0,0,"raw_point_only",1.5,0,NA,NA,NA,"M3_d3","monte_carlo_precision_estimated","monte_carlo_estimate",6e+05,934107,NA,0.01,NA,FALSE,"not_applicable",9.43019572839254,0.428434782950558,NA,NA,NA,NA,NA,NA,NA,NA,"Independent-stream Monte Carlo diagnostics; finite-n departures from an asymptotic limit are possible; no hypothesis-test or coverage certification"
"strong_d3_m3_n200","stabilized","PATE","polynomial",200,3,3,"strong",1000,1000,0,"within_declared_theorem_scope",1.5,-0.00557491201796396,0.00597806841414376,0,1.5,-0.00557491201796396,0.00597806841414376,0.18904312197005,0.00414953330708071,0.0357373019641833,0.00156888146217849,0.189030802532886,0.00414271866922539,6.44050146452817,0.0165044025095641,6.41633385004079,-0.0241676144873771,0.00453602355075425,0.0322025073226408,8.25220125478203e-05,0.901089493407055,0.0400205097878122,1000,0.942,0.00739161687318817,0.702852858499862,0.000903935622866334,44.2720000000001,0,54,"bias_corrected",1.5,0,7.14292839078095,0.014659592415062,0.014659592415062,"M3_d3","monte_carlo_precision_estimated","monte_carlo_estimate",6e+05,934107,0.00205232246678862,0.01,TRUE,FALSE,"monte_carlo_diagnostic_available",7.14746039283666,0.313776292435698,0.00453200205571225,0.314118553009001,0.0144276802891754,-0.702426926252778,0.0220748488550534,-31.8202371787465,1.00063447395911,0.901661211225445,"Independent-stream Monte Carlo diagnostics; finite-n departures from an asymptotic limit are possible; no hypothesis-test or coverage certification"
"strong_d3_m3_n200","self_normalized","PATT","oracle",200,3,3,"strong",1000,1000,0,"within_declared_theorem_scope",1.5,-0.00429769888693037,0.00609578169274501,0,1.5,-0.00429769888693037,0.00609578169274501,0.192765542682309,0.00449334770565825,0.0371585544456052,0.00173232521788304,0.192717062313855,0.00449068463033602,7.45426138238487,0.0198782617730186,7.45426138238487,-1.06581410364015e-17,4.9809319776229e-17,0.0372713069119243,9.93913088650931e-05,1.0030343609433,0.046831849447741,1000,0.949,0.00695693898205238,0.756107781738078,0.00100339023790872,17.6749999999997,0,0,"bias_corrected",1.5,0,7.41242362252178,0.0164769280876907,0.0164769280876907,"M3_d3","monte_carlo_precision_estimated","monte_carlo_estimate",6e+05,934107,0.0022228799818763,0.01,TRUE,FALSE,"monte_carlo_diagnostic_available",7.43171088912104,0.346465043576608,0.0192872665992638,0.346856621069496,0.055605876975315,0.0418377598630935,0.0258192651003777,1.62040862512703,1.0026020189322,1.00564427534012,"Independent-stream Monte Carlo diagnostics; finite-n departures from an asymptotic limit are possible; no hypothesis-test or coverage certification"
"strong_d3_m3_n200","self_normalized","PATT","raw",200,3,3,"strong",1000,1000,0,"point_estimate_only",1.5,-0.00164063510982404,0.00610702454695061,0,1.5,-0.00164063510982404,0.00610702454695061,0.193121072949218,0.00452441140271256,0.0372957488170573,0.00174751836911105,0.193031460523418,0.00452143460666025,NA,NA,NA,NA,NA,NA,NA,NA,NA,0,NA,NA,NA,NA,0,0,0,"raw_point_only",1.5,0,NA,NA,NA,"M3_d3","monte_carlo_precision_estimated","monte_carlo_estimate",6e+05,934107,NA,0.01,NA,FALSE,"not_applicable",7.45914976341146,0.34950367382221,NA,NA,NA,NA,NA,NA,NA,NA,"Independent-stream Monte Carlo diagnostics; finite-n departures from an asymptotic limit are possible; no hypothesis-test or coverage certification"
"strong_d3_m3_n200","self_normalized","PATT","polynomial",200,3,3,"strong",1000,1000,0,"within_declared_theorem_scope",1.5,-0.00454551094541829,0.00617257360075882,0,1.5,-0.00454551094541829,0.00617257360075882,0.195193916034247,0.00452498820151643,0.0381006648567848,0.00176650033412551,0.195149239972086,0.00452326159483882,7.38631078613017,0.0250946187082266,7.38631078613017,-6.66133814775094e-17,6.00683736112654e-17,0.0369315539306509,0.000125473093541133,0.969315209313842,0.045364357684394,1000,0.945,0.00720936890441875,0.752250622278634,0.00126679931214967,18.8320000000002,0,0,"bias_corrected",1.5,0,7.41242362252178,0.0164769280876907,0.0164769280876907,"M3_d3","monte_carlo_precision_estimated","monte_carlo_estimate",6e+05,934107,0.0022228799818763,0.01,TRUE,FALSE,"monte_carlo_diagnostic_available",7.62013297135696,0.353300066825102,0.207709348835183,0.353684077077027,0.587273678113441,-0.026112836391607,0.0300204771334202,-0.869834156051336,1.02802178604635,0.996477152720702,"Independent-stream Monte Carlo diagnostics; finite-n departures from an asymptotic limit are possible; no hypothesis-test or coverage certification"
"strong_d3_m3_n200","stabilized","PATT","oracle",200,3,3,"strong",1000,1000,0,"within_declared_theorem_scope",1.5,-0.00506635811795545,0.00629108980098339,0,1.5,-0.00506635811795545,0.00629108980098339,0.198941727357629,0.00463806268270885,0.0395778108840372,0.00184540840338211,0.198906764735975,0.00463627969146963,7.96716527410098,0.0258720440839965,7.96716527410098,-5.32907051820075e-18,4.88012054031741e-17,0.0398358263705049,0.000129360220419982,1.00651919549628,0.0468190026930121,1000,0.947,0.00708456067798138,0.781358087588233,0.00126169615998499,17.6459999999998,0,0,"bias_corrected",1.5,0,7.91141119991532,0.019716499294145,0.019716499294145,"M3_d3","monte_carlo_precision_estimated","monte_carlo_estimate",6e+05,934107,0.00249215959023291,0.01,TRUE,FALSE,"monte_carlo_diagnostic_available",7.91556217680744,0.369081680676422,0.00415097689211574,0.369607937354365,0.0112307568983183,0.0557540741856553,0.0325284953463925,1.7140071679288,1.00052468223269,1.00704729823502,"Independent-stream Monte Carlo diagnostics; finite-n departures from an asymptotic limit are possible; no hypothesis-test or coverage certification"
"strong_d3_m3_n200","stabilized","PATT","raw",200,3,3,"strong",1000,1000,0,"point_estimate_only",1.5,-0.00256994458401328,0.00710058054322911,0,1.5,-0.00256994458401328,0.00710058054322911,0.224540072260797,0.00544227326910051,0.0504182440508838,0.00244401686621366,0.224442488005275,0.00544195124647925,NA,NA,NA,NA,NA,NA,NA,NA,NA,0,NA,NA,NA,NA,0,0,0,"raw_point_only",1.5,0,NA,NA,NA,"M3_d3","monte_carlo_precision_estimated","monte_carlo_estimate",6e+05,934107,NA,0.01,NA,FALSE,"not_applicable",10.0836488101768,0.488803373242732,NA,NA,NA,NA,NA,NA,NA,NA,"Independent-stream Monte Carlo diagnostics; finite-n departures from an asymptotic limit are possible; no hypothesis-test or coverage certification"
"strong_d3_m3_n200","stabilized","PATT","polynomial",200,3,3,"strong",1000,1000,0,"within_declared_theorem_scope",1.5,-0.00504545888396842,0.00633417914192074,0,1.5,-0.00504545888396842,0.00633417914192074,0.200304331960005,0.00456340295373644,0.0401218254019438,0.00182813876022498,0.200267721392869,0.00456298420746339,7.73731823788669,0.0277772749468627,7.73731823788669,-6.21724893790088e-17,5.34290719008731e-17,0.0386865911894334,0.000138886374734314,0.964228092861379,0.0443531051769992,1000,0.947,0.00708456067798138,0.769790841169587,0.00136957089805918,19.1499999999998,0,14,"bias_corrected",1.5,0,7.91141119991532,0.019716499294145,0.019716499294145,"M3_d3","monte_carlo_precision_estimated","monte_carlo_estimate",6e+05,934107,0.00249215959023291,0.01,TRUE,FALSE,"monte_carlo_diagnostic_available",8.02436508038876,0.365627752044996,0.112953880473436,0.366158972865466,0.30848316945366,-0.174092962028634,0.034063431240696,-5.11084631487867,1.01427733657361,0.977994701876892,"Independent-stream Monte Carlo diagnostics; finite-n departures from an asymptotic limit are possible; no hypothesis-test or coverage certification"
"weak_d3_m3_n200","self_normalized","PATE","oracle",200,3,3,"weak",1000,1000,0,"assumption_failure_diagnostic",-0.0238756613756613,0.000724765729889713,0.00265905733516223,0,0,-0.0231508956457716,0.00265905733516223,0.0840867760809039,0.00182059128706392,0.00707058591168007,0.000306175303780378,0.0871749923714926,0.00191924856809211,1.30165627657968,0.00142892111528967,1.30165627657968,9.99200722162641e-18,1.73124378770881e-17,0.00650828138289841,7.14460557644835e-06,0.920472711058815,0.0402036052384274,1000,0.933,0.00790638982089803,0.316188508866674,0.000173310706096635,41.0639999999994,0,0,"original_weak_variance_not_established",-0.0238756613756613,-0.0238756613756614,NA,NA,NA,"M3_d3","monte_carlo_precision_estimated","monte_carlo_estimate",6e+05,934107,NA,0.01,NA,FALSE,"not_applicable",1.41411718233601,0.0612350607560756,NA,NA,NA,NA,NA,NA,NA,NA,"Independent-stream Monte Carlo diagnostics; finite-n departures from an asymptotic limit are possible; no hypothesis-test or coverage certification"
"weak_d3_m3_n200","self_normalized","PATE","raw",200,3,3,"weak",1000,1000,0,"point_estimate_only",-0.0238756613756613,0.000724765729889713,0.00265905733516223,0,0,-0.0231508956457716,0.00265905733516223,0.0840867760809039,0.00182059128706392,0.00707058591168007,0.000306175303780378,0.0871749923714926,0.00191924856809211,NA,NA,NA,NA,NA,NA,NA,NA,NA,0,NA,NA,NA,NA,0,0,0,"raw_point_only",-0.0238756613756613,-0.0238756613756614,NA,NA,NA,"M3_d3","monte_carlo_precision_estimated","monte_carlo_estimate",6e+05,934107,NA,0.01,NA,FALSE,"not_applicable",1.41411718233601,0.0612350607560756,NA,NA,NA,NA,NA,NA,NA,NA,"Independent-stream Monte Carlo diagnostics; finite-n departures from an asymptotic limit are possible; no hypothesis-test or coverage certification"
"weak_d3_m3_n200","self_normalized","PATE","polynomial",200,3,3,"weak",1000,1000,0,"assumption_failure_diagnostic",-0.0238756613756613,0.000724765729889713,0.00265905733516223,0,0,-0.0231508956457716,0.00265905733516223,0.0840867760809039,0.00182059128706392,0.00707058591168007,0.000306175303780378,0.0871749923714926,0.00191924856809211,1.29549224361889,0.0021569557002592,1.29549224361889,1.99840144432528e-17,2.44794021618e-17,0.00647746121809446,1.0784778501296e-05,0.916113784487674,0.0400911917694383,1000,0.931,0.00801492358042171,0.31537674631253,0.000263019376333629,41.7010000000003,0,0,"original_weak_variance_not_established",-0.0238756613756613,-0.0238756613756614,NA,NA,NA,"M3_d3","monte_carlo_precision_estimated","monte_carlo_estimate",6e+05,934107,NA,0.01,NA,FALSE,"not_applicable",1.41411718233601,0.0612350607560756,NA,NA,NA,NA,NA,NA,NA,NA,"Independent-stream Monte Carlo diagnostics; finite-n departures from an asymptotic limit are possible; no hypothesis-test or coverage certification"
"weak_d3_m3_n200","stabilized","PATE","oracle",200,3,3,"weak",1000,1000,0,"within_declared_theorem_scope",0,0.000618961164167252,0.00255835654280572,0,0,0.000618961164167252,0.00255835654280572,0.0809023374206012,0.0017340052628653,0.00654518820011682,0.000280570157730854,0.0808642450335094,0.00173226163752836,1.38413239301422,0.00259493913613911,1.39630646992528,0.0121740769110652,0.00198066248605911,0.00692066196507109,1.29746956806956e-05,1.05736638175623,0.0456596609608398,1000,0.953,0.00669260786241059,0.32595902221236,0.00030423708127447,42.1189999999999,0,0,"bias_corrected",5.55111512312578e-17,0,1.37394705870603,0.00317062623784224,0.00317062623784224,"M3_d3","monte_carlo_precision_estimated","monte_carlo_estimate",6e+05,934107,0.00230767715375314,0.01,TRUE,FALSE,"monte_carlo_diagnostic_available",1.30903764002336,0.0561140315461708,-0.0649094186826709,0.0562035355391878,-1.15489920802959,0.010185334308185,0.00409714288991244,2.48596023664742,0.952756972496596,1.00741319270175,"Independent-stream Monte Carlo diagnostics; finite-n departures from an asymptotic limit are possible; no hypothesis-test or coverage certification"
"weak_d3_m3_n200","stabilized","PATE","raw",200,3,3,"weak",1000,1000,0,"point_estimate_only",0,0.000754734471923601,0.00318310514724539,0,0,0.000754734471923601,0.00318310514724539,0.100658622971011,0.00215421772953962,0.0101321583784201,0.00043368118047039,0.100611111931858,0.00215223690970991,NA,NA,NA,NA,NA,NA,NA,NA,NA,0,NA,NA,NA,NA,0,0,0,"raw_point_only",5.55111512312578e-17,0,NA,NA,NA,"M3_d3","monte_carlo_precision_estimated","monte_carlo_estimate",6e+05,934107,NA,0.01,NA,FALSE,"not_applicable",2.02643167568402,0.086736236094078,NA,NA,NA,NA,NA,NA,NA,NA,"Independent-stream Monte Carlo diagnostics; finite-n departures from an asymptotic limit are possible; no hypothesis-test or coverage certification"
"weak_d3_m3_n200","stabilized","PATE","polynomial",200,3,3,"weak",1000,1000,0,"within_declared_theorem_scope",0,-0.00043592328505225,0.00256510711901024,0,0,-0.00043592328505225,0.00256510711901024,0.0811158093838494,0.00178098831642339,0.006579774531997,0.000288932617579725,0.0810764132567262,0.00178135731169036,1.38630226833143,0.00409778235158686,1.39903449176134,0.0127322234299101,0.00121793590429059,0.00693151134165713,2.04889117579343e-05,1.05345727394604,0.0465965874640854,1000,0.951,0.00682634602111555,0.326003297880171,0.000480147737371048,43.4870000000002,0,0,"bias_corrected",5.55111512312578e-17,0,1.37394705870603,0.00317062623784224,0.00317062623784224,"M3_d3","monte_carlo_precision_estimated","monte_carlo_estimate",6e+05,934107,0.00230767715375314,0.01,TRUE,FALSE,"monte_carlo_diagnostic_available",1.3159549063994,0.057786523515945,-0.0579921523066349,0.0578734409794247,-1.00205122289605,0.0123552096253952,0.0051811862484445,2.38462951010581,0.957791567048259,1.00899249323117,"Independent-stream Monte Carlo diagnostics; finite-n departures from an asymptotic limit are possible; no hypothesis-test or coverage certification"
"weak_d3_m3_n200","self_normalized","PATT","oracle",200,3,3,"weak",1000,1000,0,"assumption_failure_diagnostic",0.062962962962963,-0.00266257670200001,0.0027051387535698,0,0,0.060300386260963,0.0027051387535698,0.0855439984806951,0.00185583261959709,0.00731777567606517,0.000317510685582476,0.104625974230162,0.00209704190070332,1.45185807014393,0.0041430188243221,1.45185807014393,0,1.41379028476999e-17,0.00725929035071966,2.07150941216105e-05,0.992007772862347,0.0428463025559906,1000,0.877,0.0103860964755773,0.333647078924304,0.000474248284891181,20.1029999999999,0,0,"original_weak_variance_not_established",0.062962962962963,0.0629629629629629,NA,NA,NA,"M3_d3","monte_carlo_precision_estimated","monte_carlo_estimate",6e+05,934107,NA,0.01,NA,FALSE,"not_applicable",1.46355513521303,0.0635021371164952,NA,NA,NA,NA,NA,NA,NA,NA,"Independent-stream Monte Carlo diagnostics; finite-n departures from an asymptotic limit are possible; no hypothesis-test or coverage certification"
"weak_d3_m3_n200","self_normalized","PATT","raw",200,3,3,"weak",1000,1000,0,"point_estimate_only",0.062962962962963,-0.00266257670200001,0.0027051387535698,0,0,0.060300386260963,0.0027051387535698,0.0855439984806951,0.00185583261959709,0.00731777567606517,0.000317510685582476,0.104625974230162,0.00209704190070332,NA,NA,NA,NA,NA,NA,NA,NA,NA,0,NA,NA,NA,NA,0,0,0,"raw_point_only",0.062962962962963,0.0629629629629629,NA,NA,NA,"M3_d3","monte_carlo_precision_estimated","monte_carlo_estimate",6e+05,934107,NA,0.01,NA,FALSE,"not_applicable",1.46355513521303,0.0635021371164952,NA,NA,NA,NA,NA,NA,NA,NA,"Independent-stream Monte Carlo diagnostics; finite-n departures from an asymptotic limit are possible; no hypothesis-test or coverage certification"
"weak_d3_m3_n200","self_normalized","PATT","polynomial",200,3,3,"weak",1000,1000,0,"assumption_failure_diagnostic",0.062962962962963,-0.00266257670200001,0.0027051387535698,0,0,0.060300386260963,0.0027051387535698,0.0855439984806951,0.00185583261959709,0.00731777567606517,0.000317510685582476,0.104625974230162,0.00209704190070332,1.43945462558103,0.00390614929636014,1.43945462558103,-4.9960036108132e-17,2.99493377635944e-17,0.00719727312790516,1.95307464818007e-05,0.983532899409017,0.0429803034950728,1000,0.877,0.0103860964755773,0.332250129651812,0.000449629716300025,20.8249999999997,0,0,"original_weak_variance_not_established",0.062962962962963,0.0629629629629629,NA,NA,NA,"M3_d3","monte_carlo_precision_estimated","monte_carlo_estimate",6e+05,934107,NA,0.01,NA,FALSE,"not_applicable",1.46355513521303,0.0635021371164952,NA,NA,NA,NA,NA,NA,NA,NA,"Independent-stream Monte Carlo diagnostics; finite-n departures from an asymptotic limit are possible; no hypothesis-test or coverage certification"
"weak_d3_m3_n200","stabilized","PATT","oracle",200,3,3,"weak",1000,1000,0,"within_declared_theorem_scope",0,-0.00302818525955424,0.0026764581927294,0,0,-0.00302818525955424,0.0026764581927294,0.0846370395124283,0.00185844081146727,0.00716342845742835,0.00031458585678333,0.084648892106968,0.00187069662224536,1.57939585217014,0.00695734270846064,1.57939585217014,2.97539770599542e-17,3.59714235678652e-17,0.0078969792608507,3.47867135423032e-05,1.1024021957896,0.0480710918799692,1000,0.956,0.00648567652600714,0.347515872834843,0.00075959045493623,20.3000000000002,0,0,"bias_corrected",5.55111512312578e-17,0,1.54503908979648,0.00543535926487241,0.00543535926487241,"M3_d3","monte_carlo_precision_estimated","monte_carlo_estimate",6e+05,934107,0.00351794287974189,0.01,TRUE,FALSE,"monte_carlo_diagnostic_available",1.43268569148567,0.062917171356666,-0.112353398310807,0.0631515129024025,-1.77910857788068,0.0343567623736629,0.00882880217816691,3.89144095431486,0.927281193690959,1.02223682403931,"Independent-stream Monte Carlo diagnostics; finite-n departures from an asymptotic limit are possible; no hypothesis-test or coverage certification"
"weak_d3_m3_n200","stabilized","PATT","raw",200,3,3,"weak",1000,1000,0,"point_estimate_only",0,-0.00324509006103506,0.00319208466489947,0,0,-0.00324509006103506,0.00319208466489947,0.100942580251777,0.00220367993893133,0.0101894045078864,0.000444890278169613,0.100944270332113,0.00221621565425459,NA,NA,NA,NA,NA,NA,NA,NA,NA,0,NA,NA,NA,NA,0,0,0,"raw_point_only",5.55111512312578e-17,0,NA,NA,NA,"M3_d3","monte_carlo_precision_estimated","monte_carlo_estimate",6e+05,934107,NA,0.01,NA,FALSE,"not_applicable",2.03788090157728,0.0889780556339226,NA,NA,NA,NA,NA,NA,NA,NA,"Independent-stream Monte Carlo diagnostics; finite-n departures from an asymptotic limit are possible; no hypothesis-test or coverage certification"
"weak_d3_m3_n200","stabilized","PATT","polynomial",200,3,3,"weak",1000,1000,0,"within_declared_theorem_scope",0,-0.00138019505629403,0.00267353943551502,0,0,-0.00138019505629403,0.00267353943551502,0.0845447403050832,0.00184504559667753,0.00714781311325396,0.000311977801644278,0.084513728106942,0.00184746026317937,1.56843993855848,0.0061616788046646,1.56843993855848,-9.99200722162641e-18,2.64477049875794e-17,0.00784219969279239,3.0808394023323e-05,1.0971467172597,0.0483107752100392,1000,0.952,0.00675988165576884,0.346480686828469,0.000673450759065066,21.1379999999999,0,0,"bias_corrected",5.55111512312578e-17,0,1.54503908979648,0.00543535926487241,0.00543535926487241,"M3_d3","monte_carlo_precision_estimated","monte_carlo_estimate",6e+05,934107,0.00351794287974189,0.01,TRUE,FALSE,"monte_carlo_diagnostic_available",1.42956262265079,0.0623955603288556,-0.115476467145685,0.0626318535498519,-1.84373382872617,0.023400848762003,0.00821641138393687,2.84806196629246,0.925259841056257,1.0151457972271,"Independent-stream Monte Carlo diagnostics; finite-n departures from an asymptotic limit are possible; no hypothesis-test or coverage certification"
"strong_d5_m1_n200","self_normalized","PATE","oracle",200,5,1,"strong",1000,1000,0,"within_declared_theorem_scope",1.5,-0.00579466791457024,0.00528726404417573,0,1.5,-0.00579466791457024,0.00528726404417573,0.167197969703084,0.00371720902457567,0.0279551610728335,0.00124301960374207,0.167214784298521,0.00371090715942797,6.02734362993672,0.0141386434186674,6.02734362993672,1.24344978758018e-17,5.01564741503619e-17,0.0301367181496836,7.06932170933371e-05,1.0780377215916,0.0483636768811745,1000,0.952,0.00675988165576884,0.68003135822105,0.000796136119174161,47.4139999999999,0,0,"bias_corrected",1.5,0,5.98077792025315,0.000830670795035252,0.000830670795035252,"M1_d5","monte_carlo_precision_estimated","monte_carlo_estimate",2e+05,934104,0.000138890091909664,0.01,TRUE,FALSE,"monte_carlo_diagnostic_available",5.5910322145667,0.248603920748414,-0.389745705686449,0.248605308522271,-1.56772881481545,0.0465657096835708,0.0141630241011569,3.28783664780794,0.934833610128438,1.00778589513011,"Independent-stream Monte Carlo diagnostics; finite-n departures from an asymptotic limit are possible; no hypothesis-test or coverage certification"
"strong_d5_m1_n200","self_normalized","PATE","raw",200,5,1,"strong",1000,1000,0,"point_estimate_only",1.5,-0.00664279400049632,0.00536421950696627,0,1.5,-0.00664279400049632,0.00536421950696627,0.169631515111189,0.00376874502360044,0.0287748509189174,0.00127859585684219,0.169676759693635,0.00375882127158922,NA,NA,NA,NA,NA,NA,NA,NA,NA,0,NA,NA,NA,NA,0,0,0,"raw_point_only",1.5,0,NA,NA,NA,"M1_d5","monte_carlo_precision_estimated","monte_carlo_estimate",2e+05,934104,NA,0.01,NA,FALSE,"not_applicable",5.75497018378348,0.255719171368438,NA,NA,NA,NA,NA,NA,NA,NA,"Independent-stream Monte Carlo diagnostics; finite-n departures from an asymptotic limit are possible; no hypothesis-test or coverage certification"
"strong_d5_m1_n200","self_normalized","PATE","polynomial",200,5,1,"strong",1000,1000,0,"within_declared_theorem_scope",1.5,-0.00423260721352783,0.00541872062225775,0,1.5,-0.00423260721352783,0.00541872062225775,0.171354991704594,0.00380730605824421,0.0293625331820814,0.00130480179605457,0.171321585367178,0.00379833760252191,5.53120184150781,0.0167090737372562,5.53120184150781,-6.75015598972095e-17,5.16336823984783e-17,0.0276560092075391,8.35453686862811e-05,0.941880900944074,0.0421823005999621,1000,0.939,0.00756828910652864,0.651147949855032,0.000982341313413782,50.5910000000002,0,0,"bias_corrected",1.5,0,5.98077792025315,0.000830670795035252,0.000830670795035252,"M1_d5","monte_carlo_precision_estimated","monte_carlo_estimate",2e+05,934104,0.000138890091909664,0.01,TRUE,FALSE,"monte_carlo_diagnostic_available",5.87250663641628,0.260960359210914,-0.108271283836869,0.260961681274204,-0.414893417716387,-0.449576078745339,0.0167297088775265,-26.8729170385784,0.981896789133363,0.924829832383024,"Independent-stream Monte Carlo diagnostics; finite-n departures from an asymptotic limit are possible; no hypothesis-test or coverage certification"
"strong_d5_m1_n200","stabilized","PATE","oracle",200,5,1,"strong",1000,1000,0,"within_declared_theorem_scope",1.5,-0.00669017212988005,0.00620154543620944,0,1.5,-0.00669017212988005,0.00620154543620944,0.196110085914443,0.00434629761334808,0.0384591657973701,0.00170470559672686,0.19612614571928,0.00434849444023637,8.50744136543302,0.0247386014561066,8.49320772593336,-0.0142336394996578,0.0169106601951422,0.0425372068271651,0.000123693007280533,1.10603560803375,0.0493440770590713,1000,0.952,0.00675988165576884,0.807621602058771,0.00116979904832083,48.064,0,0,"bias_corrected",1.5,0,8.38989591986614,0.00148902158471745,0.00148902158471745,"M1_d5","monte_carlo_precision_estimated","monte_carlo_estimate",2e+05,934104,0.000177477956692126,0.01,TRUE,FALSE,"monte_carlo_diagnostic_available",7.69183315947402,0.340941119345372,-0.698062760392124,0.340944370896126,-2.0474388785401,0.117545445566877,0.0247833732022869,4.74291552677061,0.916797208563791,1.0140103580175,"Independent-stream Monte Carlo diagnostics; finite-n departures from an asymptotic limit are possible; no hypothesis-test or coverage certification"
"strong_d5_m1_n200","stabilized","PATE","raw",200,5,1,"strong",1000,1000,0,"point_estimate_only",1.5,-0.0118315334154542,0.00754650194346651,0,1.5,-0.0118315334154542,0.00754650194346651,0.238641345082414,0.00522480112776044,0.0569496915827438,0.00249370713783373,0.238815257205485,0.00524971746519029,NA,NA,NA,NA,NA,NA,NA,NA,NA,0,NA,NA,NA,NA,0,0,0,"raw_point_only",1.5,0,NA,NA,NA,"M1_d5","monte_carlo_precision_estimated","monte_carlo_estimate",2e+05,934104,NA,0.01,NA,FALSE,"not_applicable",11.3899383165488,0.498741427566746,NA,NA,NA,NA,NA,NA,NA,NA,"Independent-stream Monte Carlo diagnostics; finite-n departures from an asymptotic limit are possible; no hypothesis-test or coverage certification"
"strong_d5_m1_n200","stabilized","PATE","polynomial",200,5,1,"strong",1000,1000,0,"within_declared_theorem_scope",1.5,-0.00322553760143758,0.00613256507622075,0,1.5,-0.00322553760143758,0.00613256507622075,0.193928735400617,0.0043868842161815,0.0376083544140824,0.00170148581678601,0.193858582870314,0.00438158999201436,6.70443495904213,0.0255282350092258,6.67005922222123,-0.0343757368209,0.00939780467153743,0.0335221747952107,0.000127641175046129,0.891349151470939,0.0406595322145483,1000,0.926,0.00827792244467173,0.716423473503037,0.00135479086791561,52.1700000000004,0,646,"bias_corrected",1.5,0,8.38989591986614,0.00148902158471745,0.00148902158471745,"M1_d5","monte_carlo_precision_estimated","monte_carlo_estimate",2e+05,934104,0.000177477956692126,0.01,TRUE,FALSE,"monte_carlo_diagnostic_available",7.52167088281648,0.340297163357202,-0.868225037049664,0.340300421060918,-2.55134870048909,-1.68546096082401,0.0255716242731277,-65.9113767206098,0.896515398362234,0.799108239610807,"Independent-stream Monte Carlo diagnostics; finite-n departures from an asymptotic limit are possible; no hypothesis-test or coverage certification"
"strong_d5_m1_n200","self_normalized","PATT","oracle",200,5,1,"strong",1000,1000,0,"within_declared_theorem_scope",1.5,-0.00361761840430227,0.00604791633053821,0,1.5,-0.00361761840430227,0.00604791633053821,0.191251907026285,0.00422963752429818,0.0365772919411907,0.00161785248510392,0.191190485673761,0.00422288143297009,7.80327897323441,0.0251794940772915,7.80327897323441,3.99680288865056e-17,5.87632720255433e-17,0.0390163948661721,0.000125897470386458,1.06668352946694,0.0472649654080975,1000,0.953,0.00669260786241059,0.773290053501086,0.00124239024915074,20.5079999999997,0,0,"bias_corrected",1.5,0,7.71846723650011,0.00108252311055126,0.00108252311055126,"M1_d5","monte_carlo_precision_estimated","monte_carlo_estimate",2e+05,934104,0.000140251046921865,0.01,TRUE,FALSE,"monte_carlo_diagnostic_available",7.31545838823814,0.323570497020784,-0.403008848261972,0.323572307836382,-1.24549857482167,0.0848117367342978,0.025202753386748,3.36517742457827,0.94778641459328,1.01098815789918,"Independent-stream Monte Carlo diagnostics; finite-n departures from an asymptotic limit are possible; no hypothesis-test or coverage certification"
"strong_d5_m1_n200","self_normalized","PATT","raw",200,5,1,"strong",1000,1000,0,"point_estimate_only",1.5,-0.000996183676501318,0.00612053892232801,0,1.5,-0.000996183676501318,0.00612053892232801,0.193548435022689,0.00426916451403958,0.0374609966997321,0.00165258022109352,0.193454201517955,0.0042655640035158,NA,NA,NA,NA,NA,NA,NA,NA,NA,0,NA,NA,NA,NA,0,0,0,"raw_point_only",1.5,0,NA,NA,NA,"M1_d5","monte_carlo_precision_estimated","monte_carlo_estimate",2e+05,934104,NA,0.01,NA,FALSE,"not_applicable",7.49219933994642,0.330516044218704,NA,NA,NA,NA,NA,NA,NA,NA,"Independent-stream Monte Carlo diagnostics; finite-n departures from an asymptotic limit are possible; no hypothesis-test or coverage certification"
"strong_d5_m1_n200","self_normalized","PATT","polynomial",200,5,1,"strong",1000,1000,0,"within_declared_theorem_scope",1.5,-0.00354847329346513,0.00619174545213845,0,1.5,-0.00354847329346513,0.00619174545213845,0.195800183207466,0.00438585224726342,0.0383377117440772,0.00171750134707011,0.195734426443198,0.0043777365810299,8.07197476528499,0.0341618643657885,8.07197476528499,5.95079541199084e-17,4.88864612465922e-17,0.0403598738264249,0.000170809321828943,1.05274602970168,0.0473485743940001,1000,0.949,0.00695693898205238,0.785771855482531,0.00165181502442087,22.4220000000005,0,0,"bias_corrected",1.5,0,7.71846723650011,0.00108252311055126,0.00108252311055126,"M1_d5","monte_carlo_precision_estimated","monte_carlo_estimate",2e+05,934104,0.000140251046921865,0.01,TRUE,FALSE,"monte_carlo_diagnostic_available",7.66754234881544,0.343500269414022,-0.0509248876846726,0.343501975167233,-0.148252095668096,0.353507528784878,0.0341790115894449,10.3428248022844,0.993402202001474,1.04580022405396,"Independent-stream Monte Carlo diagnostics; finite-n departures from an asymptotic limit are possible; no hypothesis-test or coverage certification"
"strong_d5_m1_n200","stabilized","PATT","oracle",200,5,1,"strong",1000,1000,0,"within_declared_theorem_scope",1.5,-0.00419233354294277,0.0069978561119788,0,1.5,-0.00419233354294277,0.0069978561119788,0.221291640519833,0.00486738613827093,0.0489699901639591,0.00215422372716294,0.221220694859975,0.00486282342545401,10.5951502473172,0.0501025969255141,10.5951502473172,5.32907051820075e-18,2.04846288974339e-16,0.0529757512365859,0.00025051298462757,1.08180032422337,0.0472509684793541,1000,0.958,0.00634318531969546,0.899726959432743,0.00212428306286281,20.6149999999995,0,0,"bias_corrected",1.5,0,10.3390602208585,0.00200266775451983,0.00200266775451983,"M1_d5","monte_carlo_precision_estimated","monte_carlo_estimate",2e+05,934104,0.000193699205898767,0.01,TRUE,FALSE,"monte_carlo_diagnostic_available",9.79399803279182,0.430844745432588,-0.545062188066723,0.430849399842923,-1.26508749522557,0.256090026458656,0.0501426056045707,5.1072341249716,0.947281263826369,1.02476917833809,"Independent-stream Monte Carlo diagnostics; finite-n departures from an asymptotic limit are possible; no hypothesis-test or coverage certification"
"strong_d5_m1_n200","stabilized","PATT","raw",200,5,1,"strong",1000,1000,0,"point_estimate_only",1.5,-0.00729046024697618,0.00834162506998557,0,1.5,-0.00729046024697618,0.00834162506998557,0.263785346083159,0.0059070789345304,0.0695827088082118,0.00311640172217128,0.263754197900273,0.0059277135575196,NA,NA,NA,NA,NA,NA,NA,NA,NA,0,NA,NA,NA,NA,0,0,0,"raw_point_only",1.5,0,NA,NA,NA,"M1_d5","monte_carlo_precision_estimated","monte_carlo_estimate",2e+05,934104,NA,0.01,NA,FALSE,"not_applicable",13.9165417616424,0.623280344434256,NA,NA,NA,NA,NA,NA,NA,NA,"Independent-stream Monte Carlo diagnostics; finite-n departures from an asymptotic limit are possible; no hypothesis-test or coverage certification"
"strong_d5_m1_n200","stabilized","PATT","polynomial",200,5,1,"strong",1000,1000,0,"within_declared_theorem_scope",1.5,-0.0033185822585733,0.00683294633121072,0,1.5,-0.0033185822585733,0.00683294633121072,0.216076735363172,0.00478783173946404,0.0466891555652061,0.00206907810346313,0.215994165193988,0.00478062320557591,9.46368908595222,0.0516819127653859,9.46368908595222,-5.77315972805081e-17,1.51787537678573e-16,0.0473184454297611,0.00025840956382693,1.01347828755815,0.0450966793625653,1000,0.943,0.00733150734842434,0.849646921664039,0.00227875833671259,22.8340000000004,0,204,"bias_corrected",1.5,0,10.3390602208585,0.00200266775451983,0.00200266775451983,"M1_d5","monte_carlo_precision_estimated","monte_carlo_estimate",2e+05,934104,0.000193699205898767,0.01,TRUE,FALSE,"monte_carlo_diagnostic_available",9.33783111304122,0.413815620692626,-1.00122910781732,0.41382046663663,-2.4194770160957,-0.875371134906324,0.0517206997750799,-16.9249669612571,0.903160530412871,0.915333587752946,"Independent-stream Monte Carlo diagnostics; finite-n departures from an asymptotic limit are possible; no hypothesis-test or coverage certification"
"weak_d5_m1_n200","self_normalized","PATE","oracle",200,5,1,"weak",1000,1000,0,"assumption_failure_diagnostic",-0.0416666666666667,-0.00131548711464049,0.0027307954302932,0,0,-0.0429821537813071,0.0027307954302932,0.0863553338370609,0.00199160151165942,0.00745724368211023,0.000343970826819488,0.0964222587482167,0.00218474395470449,1.42655664328181,0.00159200686970662,1.42655664328181,-2.99760216648792e-17,2.99760216648792e-17,0.00713278321640903,7.9600343485331e-06,0.956490564137045,0.0444351002028256,1000,0.909,0.00909499862561837,0.33100935995802,0.000184417029898516,53.4980000000003,0,0,"original_weak_variance_not_established",-0.0416666666666667,-0.0416666666666667,NA,NA,NA,"M1_d5","monte_carlo_precision_estimated","monte_carlo_estimate",2e+05,934104,NA,0.01,NA,FALSE,"not_applicable",1.49144873642205,0.0687941653638976,NA,NA,NA,NA,NA,NA,NA,NA,"Independent-stream Monte Carlo diagnostics; finite-n departures from an asymptotic limit are possible; no hypothesis-test or coverage certification"
"weak_d5_m1_n200","self_normalized","PATE","raw",200,5,1,"weak",1000,1000,0,"point_estimate_only",-0.0416666666666667,-0.00131548711464049,0.0027307954302932,0,0,-0.0429821537813071,0.0027307954302932,0.0863553338370609,0.00199160151165942,0.00745724368211023,0.000343970826819488,0.0964222587482167,0.00218474395470449,NA,NA,NA,NA,NA,NA,NA,NA,NA,0,NA,NA,NA,NA,0,0,0,"raw_point_only",-0.0416666666666667,-0.0416666666666667,NA,NA,NA,"M1_d5","monte_carlo_precision_estimated","monte_carlo_estimate",2e+05,934104,NA,0.01,NA,FALSE,"not_applicable",1.49144873642205,0.0687941653638976,NA,NA,NA,NA,NA,NA,NA,NA,"Independent-stream Monte Carlo diagnostics; finite-n departures from an asymptotic limit are possible; no hypothesis-test or coverage certification"
"weak_d5_m1_n200","self_normalized","PATE","polynomial",200,5,1,"weak",1000,1000,0,"assumption_failure_diagnostic",-0.0416666666666667,-0.00131548711464049,0.0027307954302932,0,0,-0.0429821537813071,0.0027307954302932,0.0863553338370609,0.00199160151165942,0.00745724368211023,0.000343970826819488,0.0964222587482167,0.00218474395470449,1.41547021398506,0.00212259684506689,1.41547021398506,6.99440505513849e-17,3.30823905702972e-17,0.00707735106992531,1.06129842253345e-05,0.949057235034939,0.0443402498399077,1000,0.908,0.00913980306133562,0.329678413181903,0.000248226261692429,54.2729999999997,0,0,"original_weak_variance_not_established",-0.0416666666666667,-0.0416666666666667,NA,NA,NA,"M1_d5","monte_carlo_precision_estimated","monte_carlo_estimate",2e+05,934104,NA,0.01,NA,FALSE,"not_applicable",1.49144873642205,0.0687941653638976,NA,NA,NA,NA,NA,NA,NA,NA,"Independent-stream Monte Carlo diagnostics; finite-n departures from an asymptotic limit are possible; no hypothesis-test or coverage certification"
"weak_d5_m1_n200","stabilized","PATE","oracle",200,5,1,"weak",1000,1000,0,"within_declared_theorem_scope",0,-0.0010479102064282,0.00286041652801672,0,0,-0.0010479102064282,0.00286041652801672,0.0904543128532366,0.00208655661756053,0.00818198271375121,0.000377476090141622,0.0904151472201323,0.00208608522422106,1.6335572342303,0.00463264721891205,1.66118327058373,0.0276260363534288,0.00326598314897704,0.00816778617115149,2.31632360945603e-05,0.998264901907473,0.0463353966360868,1000,0.951,0.00682634602111555,0.353916497162641,0.000498214998936013,54.0160000000002,0,0,"bias_corrected",5.55111512312578e-17,0,1.61089244035878,0.000322050625388999,0.000322050625388999,"M1_d5","monte_carlo_precision_estimated","monte_carlo_estimate",2e+05,934104,0.000199920626182386,0.01,TRUE,FALSE,"monte_carlo_diagnostic_available",1.63639654275024,0.0754952180283244,0.0255041023914582,0.0754959049336423,0.337821003852795,0.0226647938715161,0.00464382782413463,4.88062751890239,1.01583228138173,1.01406971272798,"Independent-stream Monte Carlo diagnostics; finite-n departures from an asymptotic limit are possible; no hypothesis-test or coverage certification"
"weak_d5_m1_n200","stabilized","PATE","raw",200,5,1,"weak",1000,1000,0,"point_estimate_only",0,-0.00180618239192163,0.00363237006999484,0,0,-0.00180618239192163,0.00363237006999484,0.114865627258089,0.00263826895377434,0.0131941123253943,0.000606092836501664,0.114822386788909,0.0026371728901689,NA,NA,NA,NA,NA,NA,NA,NA,NA,0,NA,NA,NA,NA,0,0,0,"raw_point_only",5.55111512312578e-17,0,NA,NA,NA,"M1_d5","monte_carlo_precision_estimated","monte_carlo_estimate",2e+05,934104,NA,0.01,NA,FALSE,"not_applicable",2.63882246507886,0.121218567300333,NA,NA,NA,NA,NA,NA,NA,NA,"Independent-stream Monte Carlo diagnostics; finite-n departures from an asymptotic limit are possible; no hypothesis-test or coverage certification"
"weak_d5_m1_n200","stabilized","PATE","polynomial",200,5,1,"weak",1000,1000,0,"within_declared_theorem_scope",0,-0.00194943582672874,0.00287133391048881,0,0,-0.00194943582672874,0.00287133391048881,0.0907995508002268,0.00210298532522586,0.00824455842552298,0.000381900245739954,0.0907750745917622,0.00210630673325881,1.63395739987728,0.00626137404117968,1.66290296500469,0.0289455651274033,0.00269753196859104,0.00816978699938642,3.13068702058985e-05,0.990930814935451,0.0465200805290744,1000,0.946,0.00714730718522718,0.353680309856459,0.000668046430881439,55.7530000000004,0,0,"bias_corrected",5.55111512312578e-17,0,1.61089244035878,0.000322050625388999,0.000322050625388999,"M1_d5","monte_carlo_precision_estimated","monte_carlo_estimate",2e+05,934104,0.000199920626182386,0.01,TRUE,FALSE,"monte_carlo_diagnostic_available",1.6489116851046,0.0763800491479908,0.0380192447458123,0.0763807280958673,0.497759653431078,0.0230649595184962,0.00626965082671054,3.67882680487288,1.02360135524464,1.0143181251216,"Independent-stream Monte Carlo diagnostics; finite-n departures from an asymptotic limit are possible; no hypothesis-test or coverage certification"
"weak_d5_m1_n200","self_normalized","PATT","oracle",200,5,1,"weak",1000,1000,0,"assumption_failure_diagnostic",0.166666666666667,-0.00253312623265689,0.00307058527563259,0,0,0.16413354043401,0.00307058527563259,0.097100432207749,0.00221322536323155,0.00942849393493165,0.000429810278685871,0.190680058045931,0.00271968086224549,1.84589196910757,0.00470845410374704,1.84589196910757,0,2.44875660446889e-17,0.00922945984553784,2.35422705187352e-05,0.978890150349844,0.0443473167416443,1000,0.57,0.0156556698994326,0.376285709795533,0.000477128904172576,26.2929999999999,0,0,"original_weak_variance_not_established",0.166666666666667,0.166666666666667,NA,NA,NA,"M1_d5","monte_carlo_precision_estimated","monte_carlo_estimate",2e+05,934104,NA,0.01,NA,FALSE,"not_applicable",1.88569878698633,0.0859620557371742,NA,NA,NA,NA,NA,NA,NA,NA,"Independent-stream Monte Carlo diagnostics; finite-n departures from an asymptotic limit are possible; no hypothesis-test or coverage certification"
"weak_d5_m1_n200","self_normalized","PATT","raw",200,5,1,"weak",1000,1000,0,"point_estimate_only",0.166666666666667,-0.00253312623265689,0.00307058527563259,0,0,0.16413354043401,0.00307058527563259,0.097100432207749,0.00221322536323155,0.00942849393493165,0.000429810278685871,0.190680058045931,0.00271968086224549,NA,NA,NA,NA,NA,NA,NA,NA,NA,0,NA,NA,NA,NA,0,0,0,"raw_point_only",0.166666666666667,0.166666666666667,NA,NA,NA,"M1_d5","monte_carlo_precision_estimated","monte_carlo_estimate",2e+05,934104,NA,0.01,NA,FALSE,"not_applicable",1.88569878698633,0.0859620557371742,NA,NA,NA,NA,NA,NA,NA,NA,"Independent-stream Monte Carlo diagnostics; finite-n departures from an asymptotic limit are possible; no hypothesis-test or coverage certification"
"weak_d5_m1_n200","self_normalized","PATT","polynomial",200,5,1,"weak",1000,1000,0,"assumption_failure_diagnostic",0.166666666666667,-0.00253312623265689,0.00307058527563259,0,0,0.16413354043401,0.00307058527563259,0.097100432207749,0.00221322536323155,0.00942849393493165,0.000429810278685871,0.190680058045931,0.00271968086224549,1.8263013492065,0.00555979984597216,1.8263013492065,1.02140518265514e-17,1.71849813178249e-17,0.00913150674603249,2.77989992298608e-05,0.968501099862953,0.044361926286128,1000,0.572,0.0156465970741245,0.374149557807929,0.000570668553388376,27.0020000000001,0,0,"original_weak_variance_not_established",0.166666666666667,0.166666666666667,NA,NA,NA,"M1_d5","monte_carlo_precision_estimated","monte_carlo_estimate",2e+05,934104,NA,0.01,NA,FALSE,"not_applicable",1.88569878698633,0.0859620557371742,NA,NA,NA,NA,NA,NA,NA,NA,"Independent-stream Monte Carlo diagnostics; finite-n departures from an asymptotic limit are possible; no hypothesis-test or coverage certification"
"weak_d5_m1_n200","stabilized","PATT","oracle",200,5,1,"weak",1000,1000,0,"within_declared_theorem_scope",0,-0.00259201841277404,0.00331090536383917,0,0,-0.00259201841277404,0.00331090536383917,0.104700020670003,0.00236983480948019,0.010962094328299,0.000496243507074137,0.104679753502876,0.00238142063716578,2.16894949271837,0.0126962601975914,2.16894949271837,-3.01980662698043e-17,2.66859816350076e-17,0.0108447474635918,6.34813009879572e-05,0.98929521483826,0.0441743920655161,1000,0.95,0.00689202437604511,0.406533896446829,0.00117054022273135,26.3059999999992,0,0,"bias_corrected",5.55111512312578e-17,0,2.08147037394839,0.000552086786381142,0.000552086786381142,"M1_d5","monte_carlo_precision_estimated","monte_carlo_estimate",2e+05,934104,0.000265238839471866,0.01,TRUE,FALSE,"monte_carlo_diagnostic_available",2.1924188656598,0.0992487014148274,0.110948491711409,0.0992502369385044,1.11786626544935,0.0874791187699788,0.0127082580562656,6.88364356331657,1.05330294060393,1.04202755891454,"Independent-stream Monte Carlo diagnostics; finite-n departures from an asymptotic limit are possible; no hypothesis-test or coverage certification"
"weak_d5_m1_n200","stabilized","PATT","raw",200,5,1,"weak",1000,1000,0,"point_estimate_only",0,-0.00276869495312557,0.00408022676255928,0,0,-0.00276869495312557,0.00408022676255928,0.129028099396624,0.00288276440089054,0.016648250433905,0.000743915223310305,0.128993286085806,0.00289561303986089,NA,NA,NA,NA,NA,NA,NA,NA,NA,0,NA,NA,NA,NA,0,0,0,"raw_point_only",5.55111512312578e-17,0,NA,NA,NA,"M1_d5","monte_carlo_precision_estimated","monte_carlo_estimate",2e+05,934104,NA,0.01,NA,FALSE,"not_applicable",3.329650086781,0.148783044662061,NA,NA,NA,NA,NA,NA,NA,NA,"Independent-stream Monte Carlo diagnostics; finite-n departures from an asymptotic limit are possible; no hypothesis-test or coverage certification"
"weak_d5_m1_n200","stabilized","PATT","polynomial",200,5,1,"weak",1000,1000,0,"within_declared_theorem_scope",0,-0.000755860078607487,0.00331268535820788,0,0,-0.000755860078607487,0.00331268535820788,0.104756309034277,0.0023505158324993,0.0109738842824849,0.000492462725878514,0.104706646029089,0.00235128823129158,2.15170592143736,0.0126746115719093,2.15170592143736,-1.95399252334028e-17,2.84292099476302e-17,0.0107585296071868,6.33730578595465e-05,0.980375711119736,0.0442964406651317,1000,0.942,0.00739161687318817,0.404936876823889,0.00115812817852725,27.544,0,0,"bias_corrected",5.55111512312578e-17,0,2.08147037394839,0.000552086786381142,0.000552086786381142,"M1_d5","monte_carlo_precision_estimated","monte_carlo_estimate",2e+05,934104,0.000265238839471866,0.01,TRUE,FALSE,"monte_carlo_diagnostic_available",2.19477685649698,0.0984925451757028,0.113306482548589,0.0984940924878622,1.15038861404355,0.0702355474889687,0.0126866299038978,5.53618636477996,1.05443578922224,1.03374323668885,"Independent-stream Monte Carlo diagnostics; finite-n departures from an asymptotic limit are possible; no hypothesis-test or coverage certification"
"strong_d5_m3_n200","self_normalized","PATE","oracle",200,5,3,"strong",1000,1000,0,"within_declared_theorem_scope",1.5,0.00235028848309108,0.00576467738343001,0,1.5,0.00235028848309108,0.00576467738343001,0.182295105076986,0.0039886083709925,0.0332315053350294,0.00145420756420205,0.182219092538757,0.00398508282776247,6.55394638934697,0.0126627384950664,6.55394638934697,1.72306613421824e-16,5.38945468201499e-17,0.0327697319467348,6.33136924753322e-05,0.986104349362476,0.0434796850938207,1000,0.945,0.00720936890441875,0.709273168278873,0.000682892712197317,49.0979999999993,0,0,"bias_corrected",1.5,0,6.48586327958643,0.0318528583083668,0.0318528583083668,"M3_d5","monte_carlo_precision_estimated","monte_carlo_estimate",6e+05,934108,0.00491112083855056,0.01,TRUE,FALSE,"monte_carlo_diagnostic_available",6.64630106700588,0.29084151284041,0.160437787419451,0.29258057039679,0.548354209583602,0.0680831097605408,0.034277536793173,1.98623110439198,1.02473653552402,1.01049715463088,"Independent-stream Monte Carlo diagnostics; finite-n departures from an asymptotic limit are possible; no hypothesis-test or coverage certification"
"strong_d5_m3_n200","self_normalized","PATE","raw",200,5,3,"strong",1000,1000,0,"point_estimate_only",1.5,0.00274182670020778,0.00588830494078339,0,1.5,0.00274182670020778,0.00588830494078339,0.186204551704984,0.00405244795978757,0.0346721350756541,0.00150916851132004,0.186131621585996,0.00404954158298763,NA,NA,NA,NA,NA,NA,NA,NA,NA,0,NA,NA,NA,NA,0,0,0,"raw_point_only",1.5,0,NA,NA,NA,"M3_d5","monte_carlo_precision_estimated","monte_carlo_estimate",6e+05,934108,NA,0.01,NA,FALSE,"not_applicable",6.93442701513082,0.301833702264008,NA,NA,NA,NA,NA,NA,NA,NA,"Independent-stream Monte Carlo diagnostics; finite-n departures from an asymptotic limit are possible; no hypothesis-test or coverage certification"
"strong_d5_m3_n200","self_normalized","PATE","polynomial",200,5,3,"strong",1000,1000,0,"within_declared_theorem_scope",1.5,0.00227985525961501,0.00593578230819137,0,1.5,0.00227985525961501,0.00593578230819137,0.187705917888163,0.00403603672096829,0.0352335116102376,0.00151517595467937,0.187625893305354,0.00403226012618848,5.69076644674559,0.0159495760388722,5.69076644674559,-4.9737991503207e-17,4.40461578695348e-17,0.028453832233728,7.97478801943612e-05,0.807578663985916,0.0351195470790592,1000,0.918,0.00867617427210864,0.66057432965511,0.000926991683621341,52.1479999999999,0,0,"bias_corrected",1.5,0,6.48586327958643,0.0318528583083668,0.0318528583083668,"M3_d5","monte_carlo_precision_estimated","monte_carlo_estimate",6e+05,934108,0.00491112083855056,0.01,TRUE,FALSE,"monte_carlo_diagnostic_available",7.04670232204752,0.303035190935874,0.560839042461091,0.30470466279326,1.84059881893444,-0.795096832840839,0.03562293584522,-22.3198008242638,1.08647099364957,0.87741079351097,"Independent-stream Monte Carlo diagnostics; finite-n departures from an asymptotic limit are possible; no hypothesis-test or coverage certification"
"strong_d5_m3_n200","stabilized","PATE","oracle",200,5,3,"strong",1000,1000,0,"within_declared_theorem_scope",1.5,0.00234555060443174,0.00603089112573706,0,1.5,0.00234555060443174,0.00603089112573706,0.19071352277826,0.00419003433347703,0.0363716477704941,0.00159819241659853,0.190632572584964,0.00418614732604485,7.19204358766658,0.0163805884200373,7.16720031142544,-0.024843276241143,0.0100129426006118,0.0359602179383329,8.19029421001866e-05,0.988688171766171,0.043660186654263,1000,0.947,0.00708456067798138,0.742868263474854,0.000840377849513148,50.2120000000002,0,0,"bias_corrected",1.5,0,7.09073046392214,0.038130221249801,0.038130221249801,"M3_d5","monte_carlo_precision_estimated","monte_carlo_estimate",6e+05,934108,0.00537747435808041,0.01,TRUE,FALSE,"monte_carlo_diagnostic_available",7.27432955409882,0.319638483319706,0.183599090176676,0.321904758882935,0.570352208565652,0.101313123744436,0.0414998487894285,2.44128898537684,1.02589283164983,1.01428810815189,"Independent-stream Monte Carlo diagnostics; finite-n departures from an asymptotic limit are possible; no hypothesis-test or coverage certification"
"strong_d5_m3_n200","stabilized","PATE","raw",200,5,3,"strong",1000,1000,0,"point_estimate_only",1.5,0.00486644081280828,0.00686419536893948,0,1.5,0.00486644081280828,0.00686419536893948,0.217064916702286,0.00464593991581664,0.0471171780629702,0.00201694112166112,0.217010928598289,0.00465231584909939,NA,NA,NA,NA,NA,NA,NA,NA,NA,0,NA,NA,NA,NA,0,0,0,"raw_point_only",1.5,0,NA,NA,NA,"M3_d5","monte_carlo_precision_estimated","monte_carlo_estimate",6e+05,934108,NA,0.01,NA,FALSE,"not_applicable",9.42343561259404,0.403388224332224,NA,NA,NA,NA,NA,NA,NA,NA,"Independent-stream Monte Carlo diagnostics; finite-n departures from an asymptotic limit are possible; no hypothesis-test or coverage certification"
"strong_d5_m3_n200","stabilized","PATE","polynomial",200,5,3,"strong",1000,1000,0,"within_declared_theorem_scope",1.5,0.00231902210911639,0.00606202867876207,0,1.5,0.00231902210911639,0.00606202867876207,0.191698178661493,0.00410098804795448,0.0367481917021338,0.00157230387901085,0.19161633900577,0.00409729530923034,5.9429064888924,0.0177237935040268,5.92102389347622,-0.0218825954161805,0.00376308655415545,0.029714532444462,8.86189675201342e-05,0.808598493371214,0.0350297910317537,1000,0.919,0.00862780389206894,0.674969045487317,0.00100319743089076,54.2239999999994,0,650,"bias_corrected",1.5,0,7.09073046392214,0.038130221249801,0.038130221249801,"M3_d5","monte_carlo_precision_estimated","monte_carlo_estimate",6e+05,934108,0.00537747435808041,0.01,TRUE,FALSE,"monte_carlo_diagnostic_available",7.34963834042676,0.31446077580217,0.258907876504616,0.31676409722483,0.817352341294068,-1.14782397502974,0.0420481465552544,-27.2978494669537,1.03651356906343,0.838123310303514,"Independent-stream Monte Carlo diagnostics; finite-n departures from an asymptotic limit are possible; no hypothesis-test or coverage certification"
"strong_d5_m3_n200","self_normalized","PATT","oracle",200,5,3,"strong",1000,1000,0,"within_declared_theorem_scope",1.5,0.00210901400365086,0.00620046432165923,0,1.5,0.00210901400365086,0.00620046432165923,0.196075898070541,0.00415189916614453,0.038445757804169,0.00162817471540024,0.195989183340389,0.00414840755994949,7.44227325929983,0.0195332341026728,7.44227325929983,-2.1316282072803e-17,4.70334563748661e-17,0.0372113662964991,9.7666170513364e-05,0.96789264724713,0.0411768792492004,1000,0.948,0.00702111102319284,0.755519129045448,0.000987697500161763,21.2789999999994,0,0,"bias_corrected",1.5,0,7.34332565058723,0.0426057839548764,0.0426057839548764,"M3_d5","monte_carlo_precision_estimated","monte_carlo_estimate",6e+05,934108,0.00580197392600577,0.01,TRUE,FALSE,"monte_carlo_diagnostic_available",7.6891515608338,0.325634943080048,0.345825910246572,0.328410366738256,1.05302982266146,0.098947608712602,0.0468700337200585,2.11110598519276,1.04709390904091,1.01347449553796,"Independent-stream Monte Carlo diagnostics; finite-n departures from an asymptotic limit are possible; no hypothesis-test or coverage certification"
"strong_d5_m3_n200","self_normalized","PATT","raw",200,5,3,"strong",1000,1000,0,"point_estimate_only",1.5,0.00634000917578667,0.00631200391373663,0,1.5,0.00634000917578667,0.00631200391373663,0.199603089673047,0.00418993090807976,0.0398413934070266,0.00167264630953864,0.199603977239855,0.00418775090278351,NA,NA,NA,NA,NA,NA,NA,NA,NA,0,NA,NA,NA,NA,0,0,0,"raw_point_only",1.5,0,NA,NA,NA,"M3_d5","monte_carlo_precision_estimated","monte_carlo_estimate",6e+05,934108,NA,0.01,NA,FALSE,"not_applicable",7.96827868140532,0.334529261907728,NA,NA,NA,NA,NA,NA,NA,NA,"Independent-stream Monte Carlo diagnostics; finite-n departures from an asymptotic limit are possible; no hypothesis-test or coverage certification"
"strong_d5_m3_n200","self_normalized","PATT","polynomial",200,5,3,"strong",1000,1000,0,"within_declared_theorem_scope",1.5,0.00328794019910546,0.00643831606889179,0,1.5,0.00328794019910546,0.00643831606889179,0.203597430737596,0.00429634717564491,0.0414519138029503,0.00174945049303606,0.203522166949697,0.00429366437984437,7.50313493778064,0.0293048332229545,7.50313493778064,1.15463194561016e-17,4.64200701827446e-17,0.0375156746889032,0.000146524166114772,0.90504083520103,0.038536482966486,1000,0.936,0.0077397674383666,0.757826086936816,0.00147019087575685,23.1179999999995,0,0,"bias_corrected",1.5,0,7.34332565058723,0.0426057839548764,0.0426057839548764,"M3_d5","monte_carlo_precision_estimated","monte_carlo_estimate",6e+05,934108,0.00580197392600577,0.01,TRUE,FALSE,"monte_carlo_diagnostic_available",8.29038276059006,0.349890098607212,0.947057110002834,0.352474586218318,2.68688054978307,0.159809287193412,0.0517109860342537,3.09043202323687,1.12896842044954,1.02176252215924,"Independent-stream Monte Carlo diagnostics; finite-n departures from an asymptotic limit are possible; no hypothesis-test or coverage certification"
"strong_d5_m3_n200","stabilized","PATT","oracle",200,5,3,"strong",1000,1000,0,"within_declared_theorem_scope",1.5,0.00183762427747066,0.00639415274379864,0,1.5,0.00183762427747066,0.00639415274379864,0.202200863774188,0.00425725447263903,0.0408851893110277,0.00172164106334828,0.20210809232859,0.00425384451072175,7.96939032582618,0.0255567362219893,7.96939032582618,2.30926389122033e-17,6.23894497187134e-17,0.0398469516291309,0.000127783681109946,0.974606019945302,0.0412238092791613,1000,0.948,0.00702111102319284,0.781485867912857,0.00125023861845644,21.3430000000002,0,0,"bias_corrected",1.5,0,7.84120731164009,0.0512834503901255,0.0512834503901255,"M3_d5","monte_carlo_precision_estimated","monte_carlo_estimate",6e+05,934108,0.00654024926926704,0.01,TRUE,FALSE,"monte_carlo_diagnostic_available",8.17703786220554,0.344328212669656,0.335830550565447,0.348126285023404,0.964680246833041,0.128183014186088,0.0572986827966996,2.237102284548,1.0428289340172,1.01634735686631,"Independent-stream Monte Carlo diagnostics; finite-n departures from an asymptotic limit are possible; no hypothesis-test or coverage certification"
"strong_d5_m3_n200","stabilized","PATT","raw",200,5,3,"strong",1000,1000,0,"point_estimate_only",1.5,0.00669222864883854,0.00719342553471197,0,1.5,0.00669222864883854,0.00719342553471197,0.227476088685044,0.00482148105775755,0.0517453709234462,0.00219354330537544,0.227460791075761,0.00481654013070264,NA,NA,NA,NA,NA,NA,NA,NA,NA,0,NA,NA,NA,NA,0,0,0,"raw_point_only",1.5,0,NA,NA,NA,"M3_d5","monte_carlo_precision_estimated","monte_carlo_estimate",6e+05,934108,NA,0.01,NA,FALSE,"not_applicable",10.3490741846892,0.438708661075088,NA,NA,NA,NA,NA,NA,NA,NA,"Independent-stream Monte Carlo diagnostics; finite-n departures from an asymptotic limit are possible; no hypothesis-test or coverage certification"
"strong_d5_m3_n200","stabilized","PATT","polynomial",200,5,3,"strong",1000,1000,0,"within_declared_theorem_scope",1.5,0.003731387590341,0.00654992963907073,0,1.5,0.003731387590341,0.00654992963907073,0.207126961733081,0.00433168435572955,0.0429015782767772,0.00179441723957796,0.207056996867649,0.00432745724064031,7.77211386750225,0.031456954570334,7.77211386750225,-8.88178419700125e-18,5.65788333925641e-17,0.0388605693375113,0.00015728477285167,0.905807452742285,0.0382560448001985,1000,0.933,0.00790638982089803,0.771177343366179,0.00155339162458632,23.5949999999998,0,226,"bias_corrected",1.5,0,7.84120731164009,0.0512834503901255,0.0512834503901255,"M3_d5","monte_carlo_precision_estimated","monte_carlo_estimate",6e+05,934108,0.00654024926926704,0.01,TRUE,FALSE,"monte_carlo_diagnostic_available",8.58031565535544,0.358883447915592,0.739108343715348,0.362529062933856,2.03875611443102,-0.0690934441378426,0.06016254877211,-1.14844609392401,1.09425950805027,0.991188417626036,"Independent-stream Monte Carlo diagnostics; finite-n departures from an asymptotic limit are possible; no hypothesis-test or coverage certification"
"weak_d5_m3_n200","self_normalized","PATE","oracle",200,5,3,"weak",1000,1000,0,"assumption_failure_diagnostic",-0.0238756613756613,0.00450395459917235,0.00266457481912584,0,0,-0.019371706776489,0.00266457481912584,0.0842612542436883,0.0017857912283093,0.00709995896671948,0.000300946017429437,0.086418296854237,0.00183859564706032,1.30388883674183,0.00143664817354333,1.30388883674183,-2.99760216648792e-17,2.99760216648792e-17,0.00651944418370913,7.18324086771667e-06,0.918236881969113,0.0392424641807093,1000,0.918,0.00867617427210864,0.31645918122163,0.000174133296845266,50.2440000000001,0,0,"original_weak_variance_not_established",-0.0238756613756613,-0.0238756613756614,NA,NA,NA,"M3_d5","monte_carlo_precision_estimated","monte_carlo_estimate",6e+05,934108,NA,0.01,NA,FALSE,"not_applicable",1.4199917933439,0.0601892034858874,NA,NA,NA,NA,NA,NA,NA,NA,"Independent-stream Monte Carlo diagnostics; finite-n departures from an asymptotic limit are possible; no hypothesis-test or coverage certification"
"weak_d5_m3_n200","self_normalized","PATE","raw",200,5,3,"weak",1000,1000,0,"point_estimate_only",-0.0238756613756613,0.00450395459917235,0.00266457481912584,0,0,-0.019371706776489,0.00266457481912584,0.0842612542436883,0.0017857912283093,0.00709995896671948,0.000300946017429437,0.086418296854237,0.00183859564706032,NA,NA,NA,NA,NA,NA,NA,NA,NA,0,NA,NA,NA,NA,0,0,0,"raw_point_only",-0.0238756613756613,-0.0238756613756614,NA,NA,NA,"M3_d5","monte_carlo_precision_estimated","monte_carlo_estimate",6e+05,934108,NA,0.01,NA,FALSE,"not_applicable",1.4199917933439,0.0601892034858874,NA,NA,NA,NA,NA,NA,NA,NA,"Independent-stream Monte Carlo diagnostics; finite-n departures from an asymptotic limit are possible; no hypothesis-test or coverage certification"
"weak_d5_m3_n200","self_normalized","PATE","polynomial",200,5,3,"weak",1000,1000,0,"assumption_failure_diagnostic",-0.0238756613756613,0.00450395459917235,0.00266457481912584,0,0,-0.019371706776489,0.00266457481912584,0.0842612542436883,0.0017857912283093,0.00709995896671948,0.000300946017429437,0.086418296854237,0.00183859564706032,1.30009587319244,0.00206501648079825,1.30009587319244,-9.76996261670138e-18,3.00642133775063e-17,0.00650047936596219,1.03250824039912e-05,0.915565765440716,0.0391722374437329,1000,0.918,0.00867617427210864,0.315946679194084,0.000251105867812036,51.0269999999993,0,0,"original_weak_variance_not_established",-0.0238756613756613,-0.0238756613756614,NA,NA,NA,"M3_d5","monte_carlo_precision_estimated","monte_carlo_estimate",6e+05,934108,NA,0.01,NA,FALSE,"not_applicable",1.4199917933439,0.0601892034858874,NA,NA,NA,NA,NA,NA,NA,NA,"Independent-stream Monte Carlo diagnostics; finite-n departures from an asymptotic limit are possible; no hypothesis-test or coverage certification"
"weak_d5_m3_n200","stabilized","PATE","oracle",200,5,3,"weak",1000,1000,0,"within_declared_theorem_scope",0,0.00440234076665277,0.0025612808690582,0,0,0.00440234076665277,0.0025612808690582,0.0809948127363939,0.00173412997179963,0.00656015969020352,0.000280911064652958,0.0810739177216634,0.0017369862144442,1.38494646017406,0.00259908149854447,1.39664008380286,0.0116936236287974,0.00193737412452504,0.0069247323008703,1.29954074927223e-05,1.05557374025684,0.0455351193092925,1000,0.954,0.00662449998113065,0.326054437446676,0.000304782916931195,51.3460000000001,0,0,"bias_corrected",5.55111512312578e-17,0,1.36265751451042,0.00824693323841207,0.00824693323841207,"M3_d5","monte_carlo_precision_estimated","monte_carlo_estimate",6e+05,934108,0.00605209537289715,0.01,TRUE,FALSE,"monte_carlo_diagnostic_available",1.3120319380407,0.0561822129305916,-0.0506255764697194,0.0567842668141199,-0.891542311102464,0.0222889456636366,0.00864679897273563,2.57771063417991,0.962847908641293,1.01635696822297,"Independent-stream Monte Carlo diagnostics; finite-n departures from an asymptotic limit are possible; no hypothesis-test or coverage certification"
"weak_d5_m3_n200","stabilized","PATE","raw",200,5,3,"weak",1000,1000,0,"point_estimate_only",0,0.00513718319615338,0.00317170298094795,0,0,0.00513718319615338,0.00317170298094795,0.100298054813412,0.00214691836207997,0.0100596997993541,0.000430663471119635,0.100379433903293,0.00215043652147012,NA,NA,NA,NA,NA,NA,NA,NA,NA,0,NA,NA,NA,NA,0,0,0,"raw_point_only",5.55111512312578e-17,0,NA,NA,NA,"M3_d5","monte_carlo_precision_estimated","monte_carlo_estimate",6e+05,934108,NA,0.01,NA,FALSE,"not_applicable",2.01193995987082,0.086132694223927,NA,NA,NA,NA,NA,NA,NA,NA,"Independent-stream Monte Carlo diagnostics; finite-n departures from an asymptotic limit are possible; no hypothesis-test or coverage certification"
"weak_d5_m3_n200","stabilized","PATE","polynomial",200,5,3,"weak",1000,1000,0,"within_declared_theorem_scope",0,0.00382955093762449,0.00257052178294087,0,0,0.00382955093762449,0.00257052178294087,0.0812870360917009,0.00172828898530542,0.00660758223657349,0.000280974978250821,0.0813365853396906,0.0017278710427533,1.3906339312448,0.00397702550770424,1.40462571472639,0.0139917834815908,0.00118871349939495,0.00695316965622401,1.98851275385212e-05,1.05230164487968,0.0451087799013162,1000,0.949,0.00695693898205238,0.326534209206132,0.000465711000084453,52.6740000000004,0,0,"bias_corrected",5.55111512312578e-17,0,1.36265751451042,0.00824693323841207,0.00824693323841207,"M3_d5","monte_carlo_precision_estimated","monte_carlo_estimate",6e+05,934108,0.00605209537289715,0.01,TRUE,FALSE,"monte_carlo_diagnostic_available",1.3215164473147,0.0561949956501642,-0.0411410671957255,0.0567969140355424,-0.724353917714265,0.0279764167343766,0.00915579814804564,3.0555956217043,0.969808211705708,1.02053077639573,"Independent-stream Monte Carlo diagnostics; finite-n departures from an asymptotic limit are possible; no hypothesis-test or coverage certification"
"weak_d5_m3_n200","self_normalized","PATT","oracle",200,5,3,"weak",1000,1000,0,"assumption_failure_diagnostic",0.062962962962963,0.00238150523760008,0.00277148247236262,0,0,0.0653444682005631,0.00277148247236262,0.0876419710790054,0.00192063879735116,0.00768111509461321,0.000336657139861332,0.109285559448323,0.0022128057600628,1.45651357091852,0.00410687097007505,1.45651357091852,-9.99200722162641e-18,2.64477049875794e-17,0.00728256785459259,2.05343548503753e-05,0.948113361782572,0.0413309049896139,1000,0.861,0.0109397897603199,0.33419067832105,0.000468559666200601,24.5360000000003,0,0,"original_weak_variance_not_established",0.062962962962963,0.0629629629629629,NA,NA,NA,"M3_d5","monte_carlo_precision_estimated","monte_carlo_estimate",6e+05,934108,NA,0.01,NA,FALSE,"not_applicable",1.53622301892264,0.0673314279722664,NA,NA,NA,NA,NA,NA,NA,NA,"Independent-stream Monte Carlo diagnostics; finite-n departures from an asymptotic limit are possible; no hypothesis-test or coverage certification"
"weak_d5_m3_n200","self_normalized","PATT","raw",200,5,3,"weak",1000,1000,0,"point_estimate_only",0.062962962962963,0.00238150523760008,0.00277148247236262,0,0,0.0653444682005631,0.00277148247236262,0.0876419710790054,0.00192063879735116,0.00768111509461321,0.000336657139861332,0.109285559448323,0.0022128057600628,NA,NA,NA,NA,NA,NA,NA,NA,NA,0,NA,NA,NA,NA,0,0,0,"raw_point_only",0.062962962962963,0.0629629629629629,NA,NA,NA,"M3_d5","monte_carlo_precision_estimated","monte_carlo_estimate",6e+05,934108,NA,0.01,NA,FALSE,"not_applicable",1.53622301892264,0.0673314279722664,NA,NA,NA,NA,NA,NA,NA,NA,"Independent-stream Monte Carlo diagnostics; finite-n departures from an asymptotic limit are possible; no hypothesis-test or coverage certification"
"weak_d5_m3_n200","self_normalized","PATT","polynomial",200,5,3,"weak",1000,1000,0,"assumption_failure_diagnostic",0.062962962962963,0.00238150523760008,0.00277148247236262,0,0,0.0653444682005631,0.00277148247236262,0.0876419710790054,0.00192063879735116,0.00768111509461321,0.000336657139861332,0.109285559448323,0.0022128057600628,1.44352042154424,0.0038126179060011,1.44352042154424,3.01980662698043e-17,2.24338816039713e-17,0.00721760210772122,1.90630895300055e-05,0.939655508193458,0.0414913763466655,1000,0.865,0.0108062481925967,0.332735672045937,0.000437777707660876,25.0980000000002,0,0,"original_weak_variance_not_established",0.062962962962963,0.0629629629629629,NA,NA,NA,"M3_d5","monte_carlo_precision_estimated","monte_carlo_estimate",6e+05,934108,NA,0.01,NA,FALSE,"not_applicable",1.53622301892264,0.0673314279722664,NA,NA,NA,NA,NA,NA,NA,NA,"Independent-stream Monte Carlo diagnostics; finite-n departures from an asymptotic limit are possible; no hypothesis-test or coverage certification"
"weak_d5_m3_n200","stabilized","PATT","oracle",200,5,3,"weak",1000,1000,0,"within_declared_theorem_scope",0,0.00206457372494529,0.00274482025839279,0,0,0.00206457372494529,0.00274482025839279,0.0867988378429312,0.00191839202316879,0.00753403825088346,0.000333028396276401,0.0867799900743156,0.00191189381625783,1.57868527835248,0.00722101143005798,1.57868527835248,0,2.44875660446889e-17,0.0078934263917624,3.61050571502899e-05,1.04770192676375,0.0459343555716633,1000,0.956,0.00648567652600714,0.347378527576888,0.000786044653472038,24.7589999999994,0,0,"bias_corrected",5.55111512312578e-17,0,1.52568558546114,0.0141375998372778,0.0141375998372778,"M3_d5","monte_carlo_precision_estimated","monte_carlo_estimate",6e+05,934108,0.0092663914321539,0.01,TRUE,FALSE,"monte_carlo_diagnostic_available",1.50680765017669,0.0666056792552802,-0.0188779352844508,0.0680895604202014,-0.277251537063087,0.0529996928913374,0.0158749719757871,3.3385692253299,0.987626588686197,1.03473827988964,"Independent-stream Monte Carlo diagnostics; finite-n departures from an asymptotic limit are possible; no hypothesis-test or coverage certification"
"weak_d5_m3_n200","stabilized","PATT","raw",200,5,3,"weak",1000,1000,0,"point_estimate_only",0,0.00343798866923404,0.00332812961909866,0,0,0.00343798866923404,0.00332812961909866,0.105244699446204,0.00231520363410978,0.0110764467615218,0.000487325821257287,0.105248230773016,0.00230430800136259,NA,NA,NA,NA,NA,NA,NA,NA,NA,0,NA,NA,NA,NA,0,0,0,"raw_point_only",5.55111512312578e-17,0,NA,NA,NA,"M3_d5","monte_carlo_precision_estimated","monte_carlo_estimate",6e+05,934108,NA,0.01,NA,FALSE,"not_applicable",2.21528935230436,0.0974651642514574,NA,NA,NA,NA,NA,NA,NA,NA,"Independent-stream Monte Carlo diagnostics; finite-n departures from an asymptotic limit are possible; no hypothesis-test or coverage certification"
"weak_d5_m3_n200","stabilized","PATT","polynomial",200,5,3,"weak",1000,1000,0,"within_declared_theorem_scope",0,0.0041121667099538,0.00274977914920934,0,0,0.0041121667099538,0.00274977914920934,0.0869556517394151,0.00189880648456975,0.00756128536942645,0.000330223910785581,0.0870093902927005,0.00189665825977775,1.57426897139749,0.00605682577277368,1.57426897139749,-3.01980662698043e-17,2.65171518220189e-17,0.00787134485698746,3.02841288638684e-05,1.04100618775939,0.0458446588431197,1000,0.954,0.00662449998113065,0.347150249171831,0.000661006774769339,25.649,0,0,"bias_corrected",5.55111512312578e-17,0,1.52568558546114,0.0141375998372778,0.0141375998372778,"M3_d5","monte_carlo_precision_estimated","monte_carlo_estimate",6e+05,934108,0.0092663914321539,0.01,TRUE,FALSE,"monte_carlo_diagnostic_available",1.51225707388529,0.0660447821571162,-0.0134285115758526,0.0675409874027611,-0.198820184487022,0.0485833859363474,0.0153804053132788,3.15878450188843,0.991198375534371,1.03184364222833,"Independent-stream Monte Carlo diagnostics; finite-n departures from an asymptotic limit are possible; no hypothesis-test or coverage certification"
"strong_d1_m1_n800","self_normalized","PATE","oracle",800,1,1,"strong",1000,1000,0,"within_declared_theorem_scope",1.5,-0.00229392287491695,0.00302691713878554,0,1.5,-0.00229392287491695,0.00302691713878554,0.0957195244716232,0.00212891175572318,0.00916222736507366,0.000407556841799742,0.0956991495252944,0.00212642905681606,6.28738317951317,0.00825518082029653,6.28738317951317,8.88178419700125e-19,5.57854107331457e-17,0.00785922897439147,1.03189760253707e-05,0.857785848488194,0.0381715354073558,1000,0.928,0.00817410545564467,0.347436020022501,0.000227775641346024,144.086,0,0,"bias_corrected",1.5,0,6.31271258503401,0,0,"M1_d1","exact_1d_closed_form","exact_formula_evaluated_in_floating_point",0,NA,0,0.01,TRUE,FALSE,"monte_carlo_diagnostic_available",7.32978189205893,0.326045473439794,1.01706930702491,0.326045473439794,3.11940937653509,-0.0253294055208446,0.00825518082029653,-3.06830414405566,1.1611144643962,0.995987556034011,"Independent-stream Monte Carlo diagnostics; finite-n departures from an asymptotic limit are possible; no hypothesis-test or coverage certification"
"strong_d1_m1_n800","self_normalized","PATE","raw",800,1,1,"strong",1000,1000,0,"point_estimate_only",1.5,-0.00229505397651391,0.00302673538757994,0,1.5,-0.00229505397651391,0.00302673538757994,0.0957137769938511,0.00212856839976914,0.00916112710642866,0.000407466642263325,0.095693433693631,0.00212608562230021,NA,NA,NA,NA,NA,NA,NA,NA,NA,0,NA,NA,NA,NA,0,0,0,"raw_point_only",1.5,0,NA,NA,NA,"M1_d1","exact_1d_closed_form","exact_formula_evaluated_in_floating_point",0,NA,NA,0.01,NA,FALSE,"not_applicable",7.32890168514293,0.32597331381066,NA,NA,NA,NA,NA,NA,NA,NA,"Independent-stream Monte Carlo diagnostics; finite-n departures from an asymptotic limit are possible; no hypothesis-test or coverage certification"
"strong_d1_m1_n800","self_normalized","PATE","polynomial",800,1,1,"strong",1000,1000,0,"within_declared_theorem_scope",1.5,-0.00229452809535718,0.00302685972517459,0,1.5,-0.00229452809535718,0.00302685972517459,0.09571770889383,0.00212883658657957,0.00916187979588399,0.000407534721353516,0.0956973498863395,0.00212635723540506,6.26345318451048,0.00840402006966293,6.26345318451048,-7.105427357601e-17,5.41228944321123e-17,0.00782931648063809,1.05050250870787e-05,0.854553503764091,0.0380797919259823,1000,0.927,0.00822623850857729,0.346770815794727,0.000232471017646277,144.636,0,0,"bias_corrected",1.5,0,6.31271258503401,0,0,"M1_d1","exact_1d_closed_form","exact_formula_evaluated_in_floating_point",0,NA,0,0.01,TRUE,FALSE,"monte_carlo_diagnostic_available",7.32950383670719,0.326027777082813,1.01679125167318,0.326027777082813,3.11872583609619,-0.0492594005235345,0.00840402006966293,-5.86140919645736,1.16107041750701,0.99219679339745,"Independent-stream Monte Carlo diagnostics; finite-n departures from an asymptotic limit are possible; no hypothesis-test or coverage certification"
"strong_d1_m1_n800","stabilized","PATE","oracle",800,1,1,"strong",1000,1000,0,"within_declared_theorem_scope",1.5,-0.00231696593190229,0.00361734252122967,0,1.5,-0.00231696593190229,0.00361734252122967,0.114390414440618,0.00257756475789421,0.0130851669158962,0.000589697401806098,0.114356679210748,0.00257430356340065,8.94304909201419,0.0153721843148694,8.93966759460815,-0.0033814974060348,0.0095191661298417,0.0111788113650177,1.92152303935868e-05,0.854311713168701,0.0384776270528417,1000,0.926,0.00827792244467173,0.414301247019294,0.000355495692713825,144.416,0,0,"bias_corrected",1.5,0,8.98490646258504,0,0,"M1_d1","exact_1d_closed_form","exact_formula_evaluated_in_floating_point",0,NA,0,0.01,TRUE,FALSE,"monte_carlo_diagnostic_available",10.468133532717,0.471757921444878,1.48322707013192,0.471757921444878,3.14404274461182,-0.0418573705708454,0.0153721843148694,-2.72292926714111,1.16507985656928,0.995341368244049,"Independent-stream Monte Carlo diagnostics; finite-n departures from an asymptotic limit are possible; no hypothesis-test or coverage certification"
"strong_d1_m1_n800","stabilized","PATE","raw",800,1,1,"strong",1000,1000,0,"point_estimate_only",1.5,-0.00420393620762795,0.00415038083260772,0,1.5,-0.00420393620762795,0.00415038083260772,0.131246565881464,0.00296510432732149,0.0172256610556776,0.000778319520882429,0.131248270366735,0.0029677016392692,NA,NA,NA,NA,NA,NA,NA,NA,NA,0,NA,NA,NA,NA,0,0,0,"raw_point_only",1.5,0,NA,NA,NA,"M1_d1","exact_1d_closed_form","exact_formula_evaluated_in_floating_point",0,NA,NA,0.01,NA,FALSE,"not_applicable",13.7805288445421,0.622655616705943,NA,NA,NA,NA,NA,NA,NA,NA,"Independent-stream Monte Carlo diagnostics; finite-n departures from an asymptotic limit are possible; no hypothesis-test or coverage certification"
"strong_d1_m1_n800","stabilized","PATE","polynomial",800,1,1,"strong",1000,1000,0,"within_declared_theorem_scope",1.5,-0.00214035979872482,0.00361330712688149,0,1.5,-0.00214035979872482,0.00361330712688149,0.114262804066645,0.00256807036339238,0.0130559883931726,0.000586869841523323,0.114225713150969,0.00256456548129756,8.85842350060245,0.0156422379572234,8.86218934989904,0.00376584929658982,0.00719723774698431,0.0110730293757531,1.95527974465293e-05,0.848118812785061,0.038213549681527,1000,0.925,0.00832916562447884,0.412327814150737,0.000363663853360195,146.591,0,0,"bias_corrected",1.5,0,8.98490646258504,0,0,"M1_d1","exact_1d_closed_form","exact_formula_evaluated_in_floating_point",0,NA,0,0.01,TRUE,FALSE,"monte_carlo_diagnostic_available",10.4447907145381,0.469495873218658,1.45988425195304,0.469495873218658,3.10947195753759,-0.126482961982585,0.0156422379572234,-8.08598886735239,1.162481853098,0.985922729133655,"Independent-stream Monte Carlo diagnostics; finite-n departures from an asymptotic limit are possible; no hypothesis-test or coverage certification"
"strong_d1_m1_n800","self_normalized","PATT","oracle",800,1,1,"strong",1000,1000,0,"within_declared_theorem_scope",1.5,-0.00155881116900167,0.00341918103059829,0,1.5,-0.00155881116900167,0.00341918103059829,0.108123997891325,0.00242061540112298,0.0116907989200032,0.00052345322905346,0.108081164008091,0.0024187809632466,8.13104362832476,0.0139480331709077,8.13104362832476,-7.105427357601e-18,6.24818518461551e-17,0.010163804535406,1.74350414636346e-05,0.869384941521445,0.0388850827730051,1000,0.93,0.00806845710157772,0.395045799520917,0.000338048657975402,60.9899999999994,0,0,"bias_corrected",1.5,0,8.15104166666666,0,0,"M1_d1","exact_1d_closed_form","exact_formula_evaluated_in_floating_point",0,NA,0,0.01,TRUE,FALSE,"monte_carlo_diagnostic_available",9.35263913600256,0.418762583242768,1.2015974693359,0.418762583242768,2.86940026979272,-0.0199980383419049,0.0139480331709077,-1.43375328240659,1.14741643074281,0.997546566542079,"Independent-stream Monte Carlo diagnostics; finite-n departures from an asymptotic limit are possible; no hypothesis-test or coverage certification"
"strong_d1_m1_n800","self_normalized","PATT","raw",800,1,1,"strong",1000,1000,0,"point_estimate_only",1.5,-0.00156007992525278,0.00341894410341848,0,1.5,-0.00156007992525278,0.00341894410341848,0.108116505596047,0.00242056349097306,0.0116891787823,0.000523405732434751,0.108073694546318,0.00241872485572802,NA,NA,NA,NA,NA,NA,NA,NA,NA,0,NA,NA,NA,NA,0,0,0,"raw_point_only",1.5,0,NA,NA,NA,"M1_d1","exact_1d_closed_form","exact_formula_evaluated_in_floating_point",0,NA,NA,0.01,NA,FALSE,"not_applicable",9.35134302584,0.418724585947801,NA,NA,NA,NA,NA,NA,NA,NA,"Independent-stream Monte Carlo diagnostics; finite-n departures from an asymptotic limit are possible; no hypothesis-test or coverage certification"
"strong_d1_m1_n800","self_normalized","PATT","polynomial",800,1,1,"strong",1000,1000,0,"within_declared_theorem_scope",1.5,-0.00156114148920119,0.00341912746912116,0,1.5,-0.00156114148920119,0.00341912746912116,0.108122304128699,0.00242061237843131,0.0116904326500989,0.000523444375516888,0.108079504903557,0.00241877874648104,8.13013473482138,0.0142843488359506,8.13013473482138,4.44089209850063e-17,5.96073206554167e-17,0.0101626684185267,1.78554360449383e-05,0.869314996519034,0.0389388748728828,1000,0.927,0.00822623850857729,0.395016905295688,0.000345909144588347,61.94,0,0,"bias_corrected",1.5,0,8.15104166666666,0,0,"M1_d1","exact_1d_closed_form","exact_formula_evaluated_in_floating_point",0,NA,0,0.01,TRUE,FALSE,"monte_carlo_diagnostic_available",9.35234612007912,0.41875550041351,1.20130445341246,0.41875550041351,2.86874907249266,-0.0209069318452837,0.0142843488359506,-1.4636251246305,1.14738048246338,0.997435060118662,"Independent-stream Monte Carlo diagnostics; finite-n departures from an asymptotic limit are possible; no hypothesis-test or coverage certification"
"strong_d1_m1_n800","stabilized","PATT","oracle",800,1,1,"strong",1000,1000,0,"within_declared_theorem_scope",1.5,-0.000898467316670993,0.00401331491079881,0,1.5,-0.000898467316670993,0.00401331491079881,0.126912160856397,0.00286418041320678,0.0161066965732401,0.000726998650645282,0.126851870779212,0.00286247557854945,11.1225506603184,0.0291034131707588,11.1225506603184,8.5265128291212e-17,2.64873389310025e-16,0.013903188325398,3.63792664634485e-05,0.863193036646443,0.0387847896930801,1000,0.923,0.00843036179532053,0.461813700994597,0.00060213773923934,61.3679999999999,0,0,"bias_corrected",1.5,0,11.1393229166667,0,0,"M1_d1","exact_1d_closed_form","exact_formula_evaluated_in_floating_point",0,NA,0,0.01,TRUE,FALSE,"monte_carlo_diagnostic_available",12.8853572585921,0.581598920516226,1.74603434192542,0.581598920516226,3.00212789318048,-0.0167722563482666,0.0291034131707588,-0.576298602842854,1.15674510515473,0.998494319944422,"Independent-stream Monte Carlo diagnostics; finite-n departures from an asymptotic limit are possible; no hypothesis-test or coverage certification"
"strong_d1_m1_n800","stabilized","PATT","raw",800,1,1,"strong",1000,1000,0,"point_estimate_only",1.5,-0.000514485327254972,0.00468619642317742,0,1.5,-0.000514485327254972,0.00468619642317742,0.148190542601749,0.00327076200291285,0.0219604369166009,0.00096939199186568,0.148117322332117,0.00327066547060643,NA,NA,NA,NA,NA,NA,NA,NA,NA,0,NA,NA,NA,NA,0,0,0,"raw_point_only",1.5,0,NA,NA,NA,"M1_d1","exact_1d_closed_form","exact_formula_evaluated_in_floating_point",0,NA,NA,0.01,NA,FALSE,"not_applicable",17.5683495332807,0.775513593492544,NA,NA,NA,NA,NA,NA,NA,NA,"Independent-stream Monte Carlo diagnostics; finite-n departures from an asymptotic limit are possible; no hypothesis-test or coverage certification"
"strong_d1_m1_n800","stabilized","PATT","polynomial",800,1,1,"strong",1000,1000,0,"within_declared_theorem_scope",1.5,-0.00092774579453224,0.00400732109827642,0,1.5,-0.00092774579453224,0.00400732109827642,0.126722619862009,0.00285861651431971,0.0160586223846913,0.000724502747750796,0.126662640405788,0.00285700356254254,11.0474120133569,0.0275588106027368,11.0474120133569,-3.89022147828655e-16,1.99851565659808e-16,0.0138092650166961,3.44485132534211e-05,0.859928372801174,0.0388002978935699,1000,0.92,0.00857904423581089,0.460287105268148,0.000571838566358669,62.6169999999998,0,0,"bias_corrected",1.5,0,11.1393229166667,0,0,"M1_d1","exact_1d_closed_form","exact_formula_evaluated_in_floating_point",0,NA,0,0.01,TRUE,FALSE,"monte_carlo_diagnostic_available",12.846897907753,0.579602198200637,1.70757499108637,0.579602198200637,2.94611545019585,-0.0919109033097669,0.0275588106027368,-3.33508236747487,1.15329252988362,0.991748968586569,"Independent-stream Monte Carlo diagnostics; finite-n departures from an asymptotic limit are possible; no hypothesis-test or coverage certification"
"weak_d1_m1_n800","self_normalized","PATE","oracle",800,1,1,"weak",1000,1000,0,"assumption_failure_diagnostic",-0.0416666666666667,-0.000580571648157347,0.00138590908140267,0,0,-0.042247238314824,0.00138590908140267,0.0438262932714416,0.000985943997260696,0.00192074398191441,8.64205415463293e-05,0.0608576403022827,0.00115842966510896,1.50345537802447,0.00107593983107214,1.50345537802447,-4.9960036108132e-17,2.99493377635944e-17,0.00187931922253059,1.34492478884017e-06,0.978432961511856,0.0440885893641711,1000,0.834,0.0117662228433767,0.169922411926236,6.07225622039832e-05,143.508,0,0,"original_weak_variance_not_established",-0.0416666666666667,-0.0416666666666667,NA,NA,NA,"M1_d1","exact_1d_closed_form","exact_formula_evaluated_in_floating_point",0,NA,NA,0.01,NA,FALSE,"not_applicable",1.53659518553153,0.0691364332370634,NA,NA,NA,NA,NA,NA,NA,NA,"Independent-stream Monte Carlo diagnostics; finite-n departures from an asymptotic limit are possible; no hypothesis-test or coverage certification"
"weak_d1_m1_n800","self_normalized","PATE","raw",800,1,1,"weak",1000,1000,0,"point_estimate_only",-0.0416666666666667,-0.000580571648157347,0.00138590908140267,0,0,-0.042247238314824,0.00138590908140267,0.0438262932714416,0.000985943997260696,0.00192074398191441,8.64205415463293e-05,0.0608576403022827,0.00115842966510896,NA,NA,NA,NA,NA,NA,NA,NA,NA,0,NA,NA,NA,NA,0,0,0,"raw_point_only",-0.0416666666666667,-0.0416666666666667,NA,NA,NA,"M1_d1","exact_1d_closed_form","exact_formula_evaluated_in_floating_point",0,NA,NA,0.01,NA,FALSE,"not_applicable",1.53659518553153,0.0691364332370634,NA,NA,NA,NA,NA,NA,NA,NA,"Independent-stream Monte Carlo diagnostics; finite-n departures from an asymptotic limit are possible; no hypothesis-test or coverage certification"
"weak_d1_m1_n800","self_normalized","PATE","polynomial",800,1,1,"weak",1000,1000,0,"assumption_failure_diagnostic",-0.0416666666666667,-0.000580571648157347,0.00138590908140267,0,0,-0.042247238314824,0.00138590908140267,0.0438262932714416,0.000985943997260696,0.00192074398191441,8.64205415463293e-05,0.0608576403022827,0.00115842966510896,1.50109033044014,0.00121465818638604,1.50109033044014,-2.02060590481778e-17,2.83479034805787e-17,0.00187636291305017,1.51832273298255e-06,0.976893813396202,0.0441027607752826,1000,0.834,0.0117662228433767,0.169785675047923,6.86492088403003e-05,144.052,0,0,"original_weak_variance_not_established",-0.0416666666666667,-0.0416666666666667,NA,NA,NA,"M1_d1","exact_1d_closed_form","exact_formula_evaluated_in_floating_point",0,NA,NA,0.01,NA,FALSE,"not_applicable",1.53659518553153,0.0691364332370634,NA,NA,NA,NA,NA,NA,NA,NA,"Independent-stream Monte Carlo diagnostics; finite-n departures from an asymptotic limit are possible; no hypothesis-test or coverage certification"
"weak_d1_m1_n800","stabilized","PATE","oracle",800,1,1,"weak",1000,1000,0,"within_declared_theorem_scope",0,-0.000523629273646272,0.00144995221167771,0,0,-0.000523629273646272,0.00144995221167771,0.0458515148730016,0.0010405645465107,0.00210236141614908,9.54229215613071e-05,0.0458315747312827,0.00103959932776555,1.73333367597243,0.00290970987462736,1.76576595099266,0.0324322750202306,0.00169623177946659,0.00216666709496554,3.6371373432842e-06,1.03058735682766,0.046790496696434,1000,0.943,0.00733150734842434,0.182398738464947,0.000152883202222372,144.175,0,0,"bias_corrected",5.55111512312578e-17,0,1.73958333333333,0,0,"M1_d1","exact_1d_closed_form","exact_formula_evaluated_in_floating_point",0,NA,0,0.01,TRUE,FALSE,"monte_carlo_diagnostic_available",1.68188913291926,0.0763383372490457,-0.0576942004140693,0.0763383372490457,-0.755769676065226,-0.00624965736090322,0.00290970987462736,-2.14786271834184,0.96683447161826,0.99640738259493,"Independent-stream Monte Carlo diagnostics; finite-n departures from an asymptotic limit are possible; no hypothesis-test or coverage certification"
"weak_d1_m1_n800","stabilized","PATE","raw",800,1,1,"weak",1000,1000,0,"point_estimate_only",0,-0.00090725058711044,0.00184901495917369,0,0,-0.00090725058711044,0.00184901495917369,0.0584709869871211,0.00133429777994787,0.00341885631924808,0.000156035416256553,0.058448785843306,0.00133275210644084,NA,NA,NA,NA,NA,NA,NA,NA,NA,0,NA,NA,NA,NA,0,0,0,"raw_point_only",5.55111512312578e-17,0,NA,NA,NA,"M1_d1","exact_1d_closed_form","exact_formula_evaluated_in_floating_point",0,NA,NA,0.01,NA,FALSE,"not_applicable",2.73508505539846,0.124828333005242,NA,NA,NA,NA,NA,NA,NA,NA,"Independent-stream Monte Carlo diagnostics; finite-n departures from an asymptotic limit are possible; no hypothesis-test or coverage certification"
"weak_d1_m1_n800","stabilized","PATE","polynomial",800,1,1,"weak",1000,1000,0,"within_declared_theorem_scope",0,-0.000751817835809905,0.00144874688963405,0,0,-0.000751817835809905,0.00144874688963405,0.0458133992432819,0.00104376419995512,0.00209886755022434,9.56367720167771e-05,0.0457966583140337,0.00104319918835622,1.73236327079523,0.00347519690496301,1.76383057955299,0.0314673087577629,0.00130977714024959,0.00216545408849404,4.34399613120376e-06,1.03172498343813,0.0471151321980396,1000,0.946,0.00714730718522718,0.182320876528696,0.000182049333924451,146.127,0,0,"bias_corrected",5.55111512312578e-17,0,1.73958333333333,0,0,"M1_d1","exact_1d_closed_form","exact_formula_evaluated_in_floating_point",0,NA,0,0.01,TRUE,FALSE,"monte_carlo_diagnostic_available",1.67909404017947,0.0765094176134217,-0.0604892931538612,0.0765094176134217,-0.790612385255562,-0.00722006253810337,0.00347519690496301,-2.07759811474056,0.965227711719936,0.995849544888276,"Independent-stream Monte Carlo diagnostics; finite-n departures from an asymptotic limit are possible; no hypothesis-test or coverage certification"
"weak_d1_m1_n800","self_normalized","PATT","oracle",800,1,1,"weak",1000,1000,0,"assumption_failure_diagnostic",0.166666666666667,-0.00126101121535165,0.00153727605042242,0,0,0.165405655451315,0.00153727605042242,0.0486129371176271,0.00104736360272846,0.00236321765520237,0.00010183084191746,0.17239456282849,0.00146907779692627,1.96840600330898,0.00288659562886483,1.96840600330898,1.02140518265514e-17,3.00640656339005e-17,0.00246050750413623,3.60824453608103e-06,1.04116838274278,0.0447906542938452,1000,0.089,0.00900438781928011,0.19439039183495,0.000141946227772256,68.4849999999998,0,0,"original_weak_variance_not_established",0.166666666666667,0.166666666666667,NA,NA,NA,"M1_d1","exact_1d_closed_form","exact_formula_evaluated_in_floating_point",0,NA,NA,0.01,NA,FALSE,"not_applicable",1.8905741241619,0.081464673533968,NA,NA,NA,NA,NA,NA,NA,NA,"Independent-stream Monte Carlo diagnostics; finite-n departures from an asymptotic limit are possible; no hypothesis-test or coverage certification"
"weak_d1_m1_n800","self_normalized","PATT","raw",800,1,1,"weak",1000,1000,0,"point_estimate_only",0.166666666666667,-0.00126101121535165,0.00153727605042242,0,0,0.165405655451315,0.00153727605042242,0.0486129371176271,0.00104736360272846,0.00236321765520237,0.00010183084191746,0.17239456282849,0.00146907779692627,NA,NA,NA,NA,NA,NA,NA,NA,NA,0,NA,NA,NA,NA,0,0,0,"raw_point_only",0.166666666666667,0.166666666666667,NA,NA,NA,"M1_d1","exact_1d_closed_form","exact_formula_evaluated_in_floating_point",0,NA,NA,0.01,NA,FALSE,"not_applicable",1.8905741241619,0.081464673533968,NA,NA,NA,NA,NA,NA,NA,NA,"Independent-stream Monte Carlo diagnostics; finite-n departures from an asymptotic limit are possible; no hypothesis-test or coverage certification"
"weak_d1_m1_n800","self_normalized","PATT","polynomial",800,1,1,"weak",1000,1000,0,"assumption_failure_diagnostic",0.166666666666667,-0.00126101121535165,0.00153727605042242,0,0,0.165405655451315,0.00153727605042242,0.0486129371176271,0.00104736360272846,0.00236321765520237,0.00010183084191746,0.17239456282849,0.00146907779692627,1.96373894995351,0.00325226987164807,1.96373894995351,-3.04201108747293e-17,2.66014474206832e-17,0.00245467368744189,4.0653373395601e-06,1.03869979222531,0.0448667062807384,1000,0.091,0.00909499862561837,0.194145121486095,0.000160652315617845,69.3329999999999,0,0,"original_weak_variance_not_established",0.166666666666667,0.166666666666667,NA,NA,NA,"M1_d1","exact_1d_closed_form","exact_formula_evaluated_in_floating_point",0,NA,NA,0.01,NA,FALSE,"not_applicable",1.8905741241619,0.081464673533968,NA,NA,NA,NA,NA,NA,NA,NA,"Independent-stream Monte Carlo diagnostics; finite-n departures from an asymptotic limit are possible; no hypothesis-test or coverage certification"
"weak_d1_m1_n800","stabilized","PATT","oracle",800,1,1,"weak",1000,1000,0,"within_declared_theorem_scope",0,-0.00147606430408493,0.00166235377846211,0,0,-0.00147606430408493,0.00166235377846211,0.0525682421692724,0.00113263515925504,0.00276342008476726,0.000119081278682303,0.0525626809677008,0.00113817152407278,2.3147201808452,0.00754158936311113,2.3147201808452,9.32587340685132e-18,2.63703937783764e-17,0.00289340022605649,9.42698670388892e-06,1.04703596894505,0.0448377453809714,1000,0.959,0.00627048642451286,0.210579567335148,0.000340401196602853,68.9510000000002,0,0,"bias_corrected",5.55111512312578e-17,0,2.30208333333333,0,0,"M1_d1","exact_1d_closed_form","exact_formula_evaluated_in_floating_point",0,NA,0,0.01,TRUE,FALSE,"monte_carlo_diagnostic_available",2.21073606781381,0.0952650229458424,-0.0913472655195249,0.0952650229458424,-0.958875174695074,0.012636847511867,0.00754158936311113,1.67562126541638,0.960319739864822,1.00548930932642,"Independent-stream Monte Carlo diagnostics; finite-n departures from an asymptotic limit are possible; no hypothesis-test or coverage certification"
"weak_d1_m1_n800","stabilized","PATT","raw",800,1,1,"weak",1000,1000,0,"point_estimate_only",0,-0.00212122357028483,0.00206071948609217,0,0,-0.00212122357028483,0.00206071948609217,0.0651656719474294,0.00140510256265567,0.00424656480035999,0.000183128905301023,0.0651676133136296,0.00141320740509161,NA,NA,NA,NA,NA,NA,NA,NA,NA,0,NA,NA,NA,NA,0,0,0,"raw_point_only",5.55111512312578e-17,0,NA,NA,NA,"M1_d1","exact_1d_closed_form","exact_formula_evaluated_in_floating_point",0,NA,NA,0.01,NA,FALSE,"not_applicable",3.39725184028799,0.146503124240818,NA,NA,NA,NA,NA,NA,NA,NA,"Independent-stream Monte Carlo diagnostics; finite-n departures from an asymptotic limit are possible; no hypothesis-test or coverage certification"
"weak_d1_m1_n800","stabilized","PATT","polynomial",800,1,1,"weak",1000,1000,0,"within_declared_theorem_scope",0,-0.00106458353920687,0.00166173966323142,0,0,-0.00106458353920687,0.00166173966323142,0.0525488221405244,0.00112985601974461,0.00276137870835647,0.00011874520605192,0.0525333291136214,0.00113215956449943,2.31076940191203,0.00746634830555115,2.31076940191203,-3.13082892944294e-17,2.99812436583053e-17,0.00288846175239003,9.33293538193894e-06,1.04602159191312,0.0449983638118415,1000,0.957,0.00641490451994416,0.210407551117874,0.000335264586181399,70.1920000000003,0,0,"bias_corrected",5.55111512312578e-17,0,2.30208333333333,0,0,"M1_d1","exact_1d_closed_form","exact_formula_evaluated_in_floating_point",0,NA,0,0.01,TRUE,FALSE,"monte_carlo_diagnostic_available",2.20910296668518,0.094996164841536,-0.092980366648157,0.094996164841536,-0.978780215004031,0.00868606857869691,0.00746634830555115,1.16336235911187,0.959610338469579,1.00377313386224,"Independent-stream Monte Carlo diagnostics; finite-n departures from an asymptotic limit are possible; no hypothesis-test or coverage certification"
"strong_d1_m3_n800","self_normalized","PATE","oracle",800,1,3,"strong",1000,1000,0,"within_declared_theorem_scope",1.5,0.00111611192547611,0.00276968796783804,0,1.5,0.00111611192547611,0.00276968796783804,0.0875852238633138,0.00202637519803171,0.00767117143918679,0.000354961050701347,0.0875485349596314,0.0020225921654132,6.66597219211495,0.00658542683118836,6.66597219211495,-8.88178419700125e-18,5.01572298442535e-17,0.00833246524014369,8.23178353898545e-06,1.08620506088272,0.0503447422736719,1000,0.965,0.00581162627841812,0.357776688298587,0.000176524362212833,143.485,0,0,"bias_corrected",1.5,0,6.67370414719176,0,0,"M3_d1","exact_1d_closed_form","exact_formula_evaluated_in_floating_point",0,NA,0,0.01,TRUE,FALSE,"monte_carlo_diagnostic_available",6.13693715134943,0.283968840561078,-0.536766995842325,0.283968840561078,-1.89023202257599,-0.00773195507680757,0.00658542683118836,-1.17410082520229,0.91956985446108,0.998841429750814,"Independent-stream Monte Carlo diagnostics; finite-n departures from an asymptotic limit are possible; no hypothesis-test or coverage certification"
"strong_d1_m3_n800","self_normalized","PATE","raw",800,1,3,"strong",1000,1000,0,"point_estimate_only",1.5,0.00111335782548187,0.00276972906532355,0,1.5,0.00111335782548187,0.00276972906532355,0.0875865234799171,0.00202611152280528,0.00767139909529806,0.00035492012893023,0.0875497987539111,0.00202233589422341,NA,NA,NA,NA,NA,NA,NA,NA,NA,0,NA,NA,NA,NA,0,0,0,"raw_point_only",1.5,0,NA,NA,NA,"M3_d1","exact_1d_closed_form","exact_formula_evaluated_in_floating_point",0,NA,NA,0.01,NA,FALSE,"not_applicable",6.13711927623845,0.283936103144184,NA,NA,NA,NA,NA,NA,NA,NA,"Independent-stream Monte Carlo diagnostics; finite-n departures from an asymptotic limit are possible; no hypothesis-test or coverage certification"
"strong_d1_m3_n800","self_normalized","PATE","polynomial",800,1,3,"strong",1000,1000,0,"within_declared_theorem_scope",1.5,0.00111734953663097,0.00276978044783408,0,1.5,0.00111734953663097,0.00276978044783408,0.0875881483375688,0.0020263973956435,0.00767168372920396,0.000354976791360971,0.0875514735196488,0.00202261534794889,6.6220417190102,0.00655470512611972,6.6220417190102,-4.44089209850063e-18,5.81010876376843e-17,0.00827755214876276,8.19338140764965e-06,1.07897463463626,0.050042423090028,1000,0.965,0.00581162627841812,0.356595581844877,0.000176422776849401,144.412,0,0,"bias_corrected",1.5,0,6.67370414719176,0,0,"M3_d1","exact_1d_closed_form","exact_formula_evaluated_in_floating_point",0,NA,0,0.01,TRUE,FALSE,"monte_carlo_diagnostic_available",6.13734698336317,0.283981433088777,-0.53635716382859,0.283981433088777,-1.88870503960347,-0.0516624281815572,0.00655470512611972,-7.88173185330467,0.919631264437414,0.992258807546436,"Independent-stream Monte Carlo diagnostics; finite-n departures from an asymptotic limit are possible; no hypothesis-test or coverage certification"
"strong_d1_m3_n800","stabilized","PATE","oracle",800,1,3,"strong",1000,1000,0,"within_declared_theorem_scope",1.5,0.00133908452518385,0.00290658364166322,0,1.5,0.00133908452518385,0.00290658364166322,0.0919142451744245,0.00211033366962037,0.00844822846598422,0.00038793945261866,0.0918780353777976,0.00210682411400388,7.27412984190588,0.00855273922757258,7.26233279061942,-0.0117970512864586,0.00520227737790522,0.00909266230238235,1.06909240344657e-05,1.07628035143615,0.0495010330598014,1000,0.959,0.00627048642451286,0.373722343910665,0.000219109313193949,146.927,0,0,"bias_corrected",1.5,0,7.27430555555556,0,0,"M3_d1","exact_1d_closed_form","exact_formula_evaluated_in_floating_point",0,NA,0,0.01,TRUE,FALSE,"monte_carlo_diagnostic_available",6.75858277278738,0.310351562094928,-0.51572278276818,0.310351562094928,-1.66173735130237,-0.000175713649675835,0.00855273922757258,-0.0205447219891101,0.929103502893921,0.999975844615224,"Independent-stream Monte Carlo diagnostics; finite-n departures from an asymptotic limit are possible; no hypothesis-test or coverage certification"
"strong_d1_m3_n800","stabilized","PATE","raw",800,1,3,"strong",1000,1000,0,"point_estimate_only",1.5,0.00346182641390828,0.00338984413067832,0,1.5,0.00346182641390828,0.00338984413067832,0.10719628365897,0.00239373795315335,0.0114910432302943,0.000513199625262936,0.107198584081992,0.00239220865664729,NA,NA,NA,NA,NA,NA,NA,NA,NA,0,NA,NA,NA,NA,0,0,0,"raw_point_only",1.5,0,NA,NA,NA,"M3_d1","exact_1d_closed_form","exact_formula_evaluated_in_floating_point",0,NA,NA,0.01,NA,FALSE,"not_applicable",9.19283458423544,0.410559700210349,NA,NA,NA,NA,NA,NA,NA,NA,"Independent-stream Monte Carlo diagnostics; finite-n departures from an asymptotic limit are possible; no hypothesis-test or coverage certification"
"strong_d1_m3_n800","stabilized","PATE","polynomial",800,1,3,"strong",1000,1000,0,"within_declared_theorem_scope",1.5,0.00137742675090303,0.00290553004312252,0,1.5,0.00137742675090303,0.00290553004312252,0.0918809274631442,0.00211550943408995,0.00844210483148756,0.000388749937722433,0.0918453048942088,0.00211198452437873,7.21316826479012,0.00832132144690917,7.20493737035526,-0.00823089443486341,0.00313272210206652,0.00901646033098765,1.04016518086365e-05,1.06803463247197,0.0493075576294045,1000,0.957,0.00641490451994416,0.372155293411606,0.000214307706718858,148.705,0,0,"bias_corrected",1.5,0,7.27430555555556,0,0,"M3_d1","exact_1d_closed_form","exact_formula_evaluated_in_floating_point",0,NA,0,0.01,TRUE,FALSE,"monte_carlo_diagnostic_available",6.75368386519005,0.310999950177946,-0.520621690365508,0.310999950177946,-1.67402499604139,-0.0611372907654362,0.00832132144690917,-7.3470651453015,0.928430049248083,0.991595446424608,"Independent-stream Monte Carlo diagnostics; finite-n departures from an asymptotic limit are possible; no hypothesis-test or coverage certification"
"strong_d1_m3_n800","self_normalized","PATT","oracle",800,1,3,"strong",1000,1000,0,"within_declared_theorem_scope",1.5,0.00058885912032446,0.00298495248000074,0,1.5,0.00058885912032446,0.00298495248000074,0.0943924854417055,0.00211184005468727,0.00890994130786258,0.000398683663234557,0.0943471150678085,0.00210961052806452,7.59105610356559,0.0103721556449087,7.59105610356559,7.105427357601e-18,5.23905983382949e-17,0.00948882012945699,1.29651945561358e-05,1.06496999268486,0.0476516225988087,1000,0.964,0.00589101010014412,0.381753598658903,0.000260585788293205,60.8149999999998,0,0,"bias_corrected",1.5,0,7.59407832577475,0,0,"M3_d1","exact_1d_closed_form","exact_formula_evaluated_in_floating_point",0,NA,0,0.01,TRUE,FALSE,"monte_carlo_diagnostic_available",7.12795304629006,0.318946930587646,-0.46612527948469,0.318946930587646,-1.46145090227354,-0.00302222220916359,0.0103721556449087,-0.291378408946947,0.938619900995407,0.999602029096947,"Independent-stream Monte Carlo diagnostics; finite-n departures from an asymptotic limit are possible; no hypothesis-test or coverage certification"
"strong_d1_m3_n800","self_normalized","PATT","raw",800,1,3,"strong",1000,1000,0,"point_estimate_only",1.5,0.00059745740299319,0.00298496325316166,0,1.5,0.00059745740299319,0.00298496325316166,0.0943928261189665,0.00211117956977519,0.00891000562272545,0.000398560412071408,0.0943475096250617,0.00210893455616382,NA,NA,NA,NA,NA,NA,NA,NA,NA,0,NA,NA,NA,NA,0,0,0,"raw_point_only",1.5,0,NA,NA,NA,"M3_d1","exact_1d_closed_form","exact_formula_evaluated_in_floating_point",0,NA,NA,0.01,NA,FALSE,"not_applicable",7.12800449818036,0.318848329657126,NA,NA,NA,NA,NA,NA,NA,NA,"Independent-stream Monte Carlo diagnostics; finite-n departures from an asymptotic limit are possible; no hypothesis-test or coverage certification"
"strong_d1_m3_n800","self_normalized","PATT","polynomial",800,1,3,"strong",1000,1000,0,"within_declared_theorem_scope",1.5,0.000588411610221063,0.00298498359445175,0,1.5,0.000588411610221063,0.00298498359445175,0.0943934693670388,0.00211194577440606,0.00891012705914609,0.00039870777752249,0.0943480956898971,0.00210971730030092,7.57234525816558,0.0112226076540869,7.57234525816558,5.15143483426073e-17,5.48117955546831e-17,0.00946543157270698,1.40282595676086e-05,1.06232285015407,0.0476123821183154,1000,0.961,0.00612200947402077,0.381267429719938,0.000281937848310535,61.776,0,0,"bias_corrected",1.5,0,7.59407832577475,0,0,"M3_d1","exact_1d_closed_form","exact_formula_evaluated_in_floating_point",0,NA,0,0.01,TRUE,FALSE,"monte_carlo_diagnostic_available",7.12810164731687,0.318966222017992,-0.465976678457882,0.318966222017992,-1.46089662883363,-0.0217330676091736,0.0112226076540869,-1.93654347358915,0.938639469008855,0.99713815598459,"Independent-stream Monte Carlo diagnostics; finite-n departures from an asymptotic limit are possible; no hypothesis-test or coverage certification"
"strong_d1_m3_n800","stabilized","PATT","oracle",800,1,3,"strong",1000,1000,0,"within_declared_theorem_scope",1.5,0.000541830577184722,0.00309679458625225,0,1.5,0.000541830577184722,0.00309679458625225,0.0979292433823586,0.00219386159137598,0.00959013670944122,0.000429686411458134,0.0978817661932301,0.00219207957719903,8.07956092223815,0.0136293851734318,8.07956092223815,1.01252339845814e-16,5.69065908998495e-17,0.0100994511527977,1.70367314667898e-05,1.05310815255168,0.0471220551451786,1000,0.963,0.00596917079668525,0.393797985183074,0.000331299691478713,61.411,0,0,"bias_corrected",1.5,0,8.08810763888889,0,0,"M3_d1","exact_1d_closed_form","exact_formula_evaluated_in_floating_point",0,NA,0,0.01,TRUE,FALSE,"monte_carlo_diagnostic_available",7.67210936755298,0.343749129166507,-0.415998271335911,0.343749129166507,-1.21017985513036,-0.00854671665073781,0.0136293851734318,-0.62708013178747,0.948566674689673,0.998943298354532,"Independent-stream Monte Carlo diagnostics; finite-n departures from an asymptotic limit are possible; no hypothesis-test or coverage certification"
"strong_d1_m3_n800","stabilized","PATT","raw",800,1,3,"strong",1000,1000,0,"point_estimate_only",1.5,0.00228511146534597,0.00354423648131262,0,1.5,0.00228511146534597,0.00354423648131262,0.112078598472087,0.0023986153359922,0.0125616122354672,0.000537666890263317,0.11204584935481,0.0023919770839084,NA,NA,NA,NA,NA,NA,NA,NA,NA,0,NA,NA,NA,NA,0,0,0,"raw_point_only",1.5,0,NA,NA,NA,"M3_d1","exact_1d_closed_form","exact_formula_evaluated_in_floating_point",0,NA,NA,0.01,NA,FALSE,"not_applicable",10.0492897883738,0.430133512210654,NA,NA,NA,NA,NA,NA,NA,NA,"Independent-stream Monte Carlo diagnostics; finite-n departures from an asymptotic limit are possible; no hypothesis-test or coverage certification"
"strong_d1_m3_n800","stabilized","PATT","polynomial",800,1,3,"strong",1000,1000,0,"within_declared_theorem_scope",1.5,0.000500877217139579,0.00309730265950324,0,1.5,0.000500877217139579,0.00309730265950324,0.097945310069272,0.00220532073610266,0.00959328376456583,0.00043200164659954,0.0978976065018339,0.00220355060393364,8.04993058085851,0.0133243326866853,8.04993058085851,-1.06581410364015e-17,5.43140936286527e-17,0.0100624132260731,1.66554158583567e-05,1.04890186436891,0.0472852978231343,1000,0.962,0.00604615580348373,0.393080646403298,0.000324183122530153,62.4149999999998,0,0,"bias_corrected",1.5,0,8.08810763888889,0,0,"M3_d1","exact_1d_closed_form","exact_formula_evaluated_in_floating_point",0,NA,0,0.01,TRUE,FALSE,"monte_carlo_diagnostic_available",7.67462701165266,0.345601317279632,-0.413480627236224,0.345601317279632,-1.1964092917553,-0.038177058030378,0.0133243326866853,-2.86521351035669,0.948877951963925,0.995279852873518,"Independent-stream Monte Carlo diagnostics; finite-n departures from an asymptotic limit are possible; no hypothesis-test or coverage certification"
"weak_d1_m3_n800","self_normalized","PATE","oracle",800,1,3,"weak",1000,1000,0,"assumption_failure_diagnostic",-0.0238756613756613,0.00121855605788778,0.00134073648848051,0,0,-0.0226571053177735,0.00134073648848051,0.0423978104569452,0.000887070474237834,0.00179757433154305,7.52196916573763e-05,0.0480533159999619,0.000971621262404148,1.32152566364539,0.000734362367979201,1.32152566364539,9.99200722162641e-18,2.64477049875794e-17,0.00165190707955674,9.17952959974002e-07,0.918964546038398,0.0385387455101157,1000,0.908,0.00913980306133562,0.159314078470184,4.42543394900457e-05,135.396,0,0,"original_weak_variance_not_established",-0.0238756613756613,-0.0238756613756614,NA,NA,NA,"M3_d1","exact_1d_closed_form","exact_formula_evaluated_in_floating_point",0,NA,NA,0.01,NA,FALSE,"not_applicable",1.43805946523444,0.060175753325901,NA,NA,NA,NA,NA,NA,NA,NA,"Independent-stream Monte Carlo diagnostics; finite-n departures from an asymptotic limit are possible; no hypothesis-test or coverage certification"
"weak_d1_m3_n800","self_normalized","PATE","raw",800,1,3,"weak",1000,1000,0,"point_estimate_only",-0.0238756613756613,0.00121855605788778,0.00134073648848051,0,0,-0.0226571053177735,0.00134073648848051,0.0423978104569452,0.000887070474237834,0.00179757433154305,7.52196916573763e-05,0.0480533159999619,0.000971621262404148,NA,NA,NA,NA,NA,NA,NA,NA,NA,0,NA,NA,NA,NA,0,0,0,"raw_point_only",-0.0238756613756613,-0.0238756613756614,NA,NA,NA,"M3_d1","exact_1d_closed_form","exact_formula_evaluated_in_floating_point",0,NA,NA,0.01,NA,FALSE,"not_applicable",1.43805946523444,0.060175753325901,NA,NA,NA,NA,NA,NA,NA,NA,"Independent-stream Monte Carlo diagnostics; finite-n departures from an asymptotic limit are possible; no hypothesis-test or coverage certification"
"weak_d1_m3_n800","self_normalized","PATE","polynomial",800,1,3,"weak",1000,1000,0,"assumption_failure_diagnostic",-0.0238756613756613,0.00121855605788778,0.00134073648848051,0,0,-0.0226571053177735,0.00134073648848051,0.0423978104569452,0.000887070474237834,0.00179757433154305,7.52196916573763e-05,0.0480533159999619,0.000971621262404148,1.320461138552,0.00098665905426287,1.320461138552,-1.99840144432528e-17,2.44794021618e-17,0.00165057642319,1.2333238178286e-06,0.918224294943695,0.038502274111912,1000,0.907,0.00918428004799505,0.159244955716226,5.94394848698461e-05,135.956,0,0,"original_weak_variance_not_established",-0.0238756613756613,-0.0238756613756614,NA,NA,NA,"M3_d1","exact_1d_closed_form","exact_formula_evaluated_in_floating_point",0,NA,NA,0.01,NA,FALSE,"not_applicable",1.43805946523444,0.060175753325901,NA,NA,NA,NA,NA,NA,NA,NA,"Independent-stream Monte Carlo diagnostics; finite-n departures from an asymptotic limit are possible; no hypothesis-test or coverage certification"
"weak_d1_m3_n800","stabilized","PATE","oracle",800,1,3,"weak",1000,1000,0,"within_declared_theorem_scope",0,0.00116571253796277,0.00128590307361868,0,0,0.00116571253796277,0.00128590307361868,0.040663825628462,0.00083955680179529,0.00165354671474197,6.82791827867859e-05,0.0406602023328511,0.000842205199066962,1.39877725019102,0.0013639003279069,1.41389120618647,0.0151139559954531,0.00101013510593313,0.00174847156273877,1.70487540988362e-06,1.05740681357866,0.0437339802051298,1000,0.951,0.00682634602111555,0.163891313967129,7.98098076444597e-05,138.539,0,0,"bias_corrected",5.55111512312578e-17,0,1.40236175632476,0,0,"M3_d1","exact_1d_closed_form","exact_formula_evaluated_in_floating_point",0,NA,0,0.01,TRUE,FALSE,"monte_carlo_diagnostic_available",1.32283737179358,0.0546233462294287,-0.0795243845311808,0.0546233462294287,-1.45586804948131,-0.00358450613373673,0.0013639003279069,-2.62812909447545,0.943292531921582,0.99744395045175,"Independent-stream Monte Carlo diagnostics; finite-n departures from an asymptotic limit are possible; no hypothesis-test or coverage certification"
"weak_d1_m3_n800","stabilized","PATE","raw",800,1,3,"weak",1000,1000,0,"point_estimate_only",0,0.00143053822296341,0.00158992487809053,0,0,0.00143053822296341,0.00158992487809053,0.0502778392333163,0.0010371783358451,0.0025278611179712,0.000104294171251797,0.0502730513939684,0.00104046080238577,NA,NA,NA,NA,NA,NA,NA,NA,NA,0,NA,NA,NA,NA,0,0,0,"raw_point_only",5.55111512312578e-17,0,NA,NA,NA,"M3_d1","exact_1d_closed_form","exact_formula_evaluated_in_floating_point",0,NA,NA,0.01,NA,FALSE,"not_applicable",2.02228889437696,0.0834353370014376,NA,NA,NA,NA,NA,NA,NA,NA,"Independent-stream Monte Carlo diagnostics; finite-n departures from an asymptotic limit are possible; no hypothesis-test or coverage certification"
"weak_d1_m3_n800","stabilized","PATE","polynomial",800,1,3,"weak",1000,1000,0,"within_declared_theorem_scope",0,0.000987980367714758,0.00128646825088276,0,0,0.000987980367714758,0.00128646825088276,0.0406816981028243,0.000839135646639342,0.00165500056052934,6.82749260878e-05,0.0406733532570872,0.000840903498179788,1.40024961120648,0.00203994902453828,1.41563442255226,0.0153848113457751,0.000609007920655688,0.0017503120140081,2.54993628067286e-06,1.05758998259691,0.0436822705688824,1000,0.953,0.00669260786241059,0.163953731947242,0.000119138891050196,140.322,0,0,"bias_corrected",5.55111512312578e-17,0,1.40236175632476,0,0,"M3_d1","exact_1d_closed_form","exact_formula_evaluated_in_floating_point",0,NA,0,0.01,TRUE,FALSE,"monte_carlo_diagnostic_available",1.32400044842347,0.05461994087024,-0.0783613079012848,0.05461994087024,-1.43466482483837,-0.00211214511827684,0.00203994902453828,-1.03539112638116,0.944121901821788,0.998493865717066,"Independent-stream Monte Carlo diagnostics; finite-n departures from an asymptotic limit are possible; no hypothesis-test or coverage certification"
"weak_d1_m3_n800","self_normalized","PATT","oracle",800,1,3,"weak",1000,1000,0,"assumption_failure_diagnostic",0.062962962962963,0.000478047758547838,0.00139542265972871,0,0,0.0634410107215108,0.00139542265972871,0.0441271390335283,0.000933884664582924,0.00194720439928434,8.24193168706613e-05,0.0772658982750599,0.00126687635573746,1.46990203577695,0.00215918063777378,1.46990203577695,-9.99200722162641e-18,2.23517516579581e-17,0.00183737754472119,2.69897579721723e-06,0.943597675414292,0.0399122847915777,1000,0.669,0.0148808265899445,0.167981174327999,0.000123211025485418,64.7959999999998,0,0,"original_weak_variance_not_established",0.062962962962963,0.0629629629629629,NA,NA,NA,"M3_d1","exact_1d_closed_form","exact_formula_evaluated_in_floating_point",0,NA,NA,0.01,NA,FALSE,"not_applicable",1.55776351942747,0.065935453496529,NA,NA,NA,NA,NA,NA,NA,NA,"Independent-stream Monte Carlo diagnostics; finite-n departures from an asymptotic limit are possible; no hypothesis-test or coverage certification"
"weak_d1_m3_n800","self_normalized","PATT","raw",800,1,3,"weak",1000,1000,0,"point_estimate_only",0.062962962962963,0.000478047758547838,0.00139542265972871,0,0,0.0634410107215108,0.00139542265972871,0.0441271390335283,0.000933884664582924,0.00194720439928434,8.24193168706613e-05,0.0772658982750599,0.00126687635573746,NA,NA,NA,NA,NA,NA,NA,NA,NA,0,NA,NA,NA,NA,0,0,0,"raw_point_only",0.062962962962963,0.0629629629629629,NA,NA,NA,"M3_d1","exact_1d_closed_form","exact_formula_evaluated_in_floating_point",0,NA,NA,0.01,NA,FALSE,"not_applicable",1.55776351942747,0.065935453496529,NA,NA,NA,NA,NA,NA,NA,NA,"Independent-stream Monte Carlo diagnostics; finite-n departures from an asymptotic limit are possible; no hypothesis-test or coverage certification"
"weak_d1_m3_n800","self_normalized","PATT","polynomial",800,1,3,"weak",1000,1000,0,"assumption_failure_diagnostic",0.062962962962963,0.000478047758547837,0.00139542265972871,0,0,0.0634410107215108,0.00139542265972871,0.0441271390335283,0.000933884664582924,0.00194720439928434,8.24193168706613e-05,0.0772658982750599,0.00126687635573746,1.46670640041323,0.00194744505712024,1.46670640041323,9.99200722162641e-18,2.99893547119813e-17,0.00183338300051654,2.43430632140029e-06,0.94154625019868,0.0399270553181254,1000,0.67,0.0148694317309035,0.1678067537031,0.000111206900782118,65.766,0,0,"original_weak_variance_not_established",0.062962962962963,0.0629629629629629,NA,NA,NA,"M3_d1","exact_1d_closed_form","exact_formula_evaluated_in_floating_point",0,NA,NA,0.01,NA,FALSE,"not_applicable",1.55776351942747,0.065935453496529,NA,NA,NA,NA,NA,NA,NA,NA,"Independent-stream Monte Carlo diagnostics; finite-n departures from an asymptotic limit are possible; no hypothesis-test or coverage certification"
"weak_d1_m3_n800","stabilized","PATT","oracle",800,1,3,"weak",1000,1000,0,"within_declared_theorem_scope",0,0.000433113839009527,0.00138055717669382,0,0,0.000433113839009527,0.00138055717669382,0.04365705118444,0.000925564380668473,0.00190593811812081,8.0814823082676e-05,0.0436373666437405,0.00092478081437999,1.59216459326949,0.00369027326990853,1.59216459326949,-2.97539770599542e-17,2.24344755795017e-17,0.00199020574158686,4.61284158738567e-06,1.04421320013744,0.0441935434507589,1000,0.955,0.00655553201502365,0.174758121635115,0.000202023117405286,65.1129999999995,0,0,"bias_corrected",5.55111512312578e-17,0,1.59375,0,0,"M3_d1","exact_1d_closed_form","exact_formula_evaluated_in_floating_point",0,NA,0,0.01,TRUE,FALSE,"monte_carlo_diagnostic_available",1.52475049449665,0.0646518584661408,-0.0689995055033519,0.0646518584661408,-1.0672470543053,-0.00158540673051011,0.00369027326990853,-0.429617704314186,0.956706192625348,0.999005234992621,"Independent-stream Monte Carlo diagnostics; finite-n departures from an asymptotic limit are possible; no hypothesis-test or coverage certification"
"weak_d1_m3_n800","stabilized","PATT","raw",800,1,3,"weak",1000,1000,0,"point_estimate_only",0,0.000712034336083445,0.00166446136137468,0,0,0.000712034336083445,0.00166446136137468,0.0526348897928861,0.00111122782692723,0.00277043162350926,0.000116978708410206,0.0526133840841046,0.00111009499294479,NA,NA,NA,NA,NA,NA,NA,NA,NA,0,NA,NA,NA,NA,0,0,0,"raw_point_only",5.55111512312578e-17,0,NA,NA,NA,"M3_d1","exact_1d_closed_form","exact_formula_evaluated_in_floating_point",0,NA,NA,0.01,NA,FALSE,"not_applicable",2.21634529880741,0.0935829667281648,NA,NA,NA,NA,NA,NA,NA,NA,"Independent-stream Monte Carlo diagnostics; finite-n departures from an asymptotic limit are possible; no hypothesis-test or coverage certification"
"weak_d1_m3_n800","stabilized","PATT","polynomial",800,1,3,"weak",1000,1000,0,"within_declared_theorem_scope",0,0.000902048342113563,0.00138182097243064,0,0,0.000902048342113563,0.00138182097243064,0.0436970159146956,0.000928772753295293,0.00190942919984916,8.11691955637601e-05,0.0436844762113593,0.000928667861991332,1.59076760509597,0.00308172390073381,1.59076760509597,9.99200722162641e-18,1.73124378770881e-17,0.00198845950636996,3.85215487591726e-06,1.04138949301029,0.0442664542116152,1000,0.957,0.00641490451994416,0.174716998163733,0.000168345282500615,66.3989999999999,0,0,"bias_corrected",5.55111512312578e-17,0,1.59375,0,0,"M3_d1","exact_1d_closed_form","exact_formula_evaluated_in_floating_point",0,NA,0,0.01,TRUE,FALSE,"monte_carlo_diagnostic_available",1.52754335987933,0.0649353564510081,-0.066206640120672,0.0649353564510081,-1.01957768062185,-0.00298239490402996,0.00308172390073381,-0.96776836604986,0.958458578747814,0.99812869339355,"Independent-stream Monte Carlo diagnostics; finite-n departures from an asymptotic limit are possible; no hypothesis-test or coverage certification"
"strong_d2_m1_n800","self_normalized","PATE","oracle",800,2,1,"strong",1000,1000,0,"within_declared_theorem_scope",1.5,-0.00048834907165205,0.00285492467850693,0,1.5,-0.00048834907165205,0.00285492467850693,0.0902806453230586,0.00193715492234149,0.0081505949199479,0.000349775192959458,0.0902368151579151,0.00193613175538686,6.12297016574449,0.00762000849096914,6.12297016574449,9.05941988094128e-17,6.04498449403342e-17,0.00765371270718062,9.52501061371143e-06,0.939037307380937,0.0403835791898415,1000,0.941,0.00745110730026082,0.342870748213912,0.000213035592393077,168.078,0,0,"bias_corrected",1.5,0,6.13632528804919,0.0007580532412615,0.0007580532412615,"M1_d2","monte_carlo_precision_estimated","monte_carlo_estimate",2e+05,934102,0.000123535374296054,0.01,TRUE,FALSE,"monte_carlo_diagnostic_available",6.52047593595832,0.279820154367566,0.384150647909134,0.279821181176489,1.37284335050692,-0.0133551223046959,0.00765762196239987,-1.7440299834951,1.06260271903403,0.997823596097373,"Independent-stream Monte Carlo diagnostics; finite-n departures from an asymptotic limit are possible; no hypothesis-test or coverage certification"
"strong_d2_m1_n800","self_normalized","PATE","raw",800,2,1,"strong",1000,1000,0,"point_estimate_only",1.5,-0.00055638497123912,0.00285528501624061,0,1.5,-0.00055638497123912,0.00285528501624061,0.0902920402027119,0.00194158253590892,0.00815265252396815,0.000350618896778343,0.0902485979707186,0.00194053084720048,NA,NA,NA,NA,NA,NA,NA,NA,NA,0,NA,NA,NA,NA,0,0,0,"raw_point_only",1.5,0,NA,NA,NA,"M1_d2","monte_carlo_precision_estimated","monte_carlo_estimate",2e+05,934102,NA,0.01,NA,FALSE,"not_applicable",6.52212201917452,0.280495117422674,NA,NA,NA,NA,NA,NA,NA,NA,"Independent-stream Monte Carlo diagnostics; finite-n departures from an asymptotic limit are possible; no hypothesis-test or coverage certification"
"strong_d2_m1_n800","self_normalized","PATE","polynomial",800,2,1,"strong",1000,1000,0,"within_declared_theorem_scope",1.5,-0.000491789299364732,0.00285470261290122,0,1.5,-0.000491789299364732,0.00285470261290122,0.0902736229920183,0.00193799397310991,0.00814932700810505,0.000349899474578656,0.0902298151267746,0.00193696097219439,6.07420856745563,0.00787794576389816,6.07420856745563,-9.76996261670138e-18,5.4336064269803e-17,0.00759276070931954,9.84743220487269e-06,0.931704017002635,0.0401248424534686,1000,0.939,0.00756828910652864,0.341497090214774,0.000221125919910374,169.289,0,0,"bias_corrected",1.5,0,6.13632528804919,0.0007580532412615,0.0007580532412615,"M1_d2","monte_carlo_precision_estimated","monte_carlo_estimate",2e+05,934102,0.000123535374296054,0.01,TRUE,FALSE,"monte_carlo_diagnostic_available",6.51946160648404,0.279919579662925,0.383136318434854,0.279920606107134,1.36873209787284,-0.062116720593556,0.00791433346375474,-7.84863575410764,1.06243741986446,0.989877211901636,"Independent-stream Monte Carlo diagnostics; finite-n departures from an asymptotic limit are possible; no hypothesis-test or coverage certification"
"strong_d2_m1_n800","stabilized","PATE","oracle",800,2,1,"strong",1000,1000,0,"within_declared_theorem_scope",1.5,-0.00122851228466412,0.00339722007452631,0,1.5,-0.00122851228466412,0.00339722007452631,0.107429531483501,0.00228779082614258,0.0115411042347645,0.000491552593169498,0.107382830904029,0.00228557705441074,8.66144430613515,0.0135313690933604,8.64394191922448,-0.0175023869106657,0.00885751429890601,0.0108268053826689,1.69142113667005e-05,0.938108274774615,0.0400649609936397,1000,0.94,0.00750999334220744,0.407752097930504,0.000318176080275273,168.544,0,0,"bias_corrected",1.5,0,8.6687228504367,0.00135885075694216,0.00135885075694216,"M1_d2","monte_carlo_precision_estimated","monte_carlo_estimate",2e+05,934102,0.000156753281929379,0.01,TRUE,FALSE,"monte_carlo_diagnostic_available",9.2328833878116,0.393242074535598,0.564160537374901,0.393244422287769,1.43463074210385,-0.00727854430154729,0.013599427374724,-0.535209615889803,1.06508000626026,0.999160367169752,"Independent-stream Monte Carlo diagnostics; finite-n departures from an asymptotic limit are possible; no hypothesis-test or coverage certification"
"strong_d2_m1_n800","stabilized","PATE","raw",800,2,1,"strong",1000,1000,0,"point_estimate_only",1.5,-0.00242240504865712,0.00402921809101153,0,1.5,-0.00242240504865712,0.00402921809101153,0.12741506357152,0.00286569170747025,0.0162345984249346,0.000730264582167402,0.127374376829602,0.00286364477500345,NA,NA,NA,NA,NA,NA,NA,NA,NA,0,NA,NA,NA,NA,0,0,0,"raw_point_only",1.5,0,NA,NA,NA,"M1_d2","monte_carlo_precision_estimated","monte_carlo_estimate",2e+05,934102,NA,0.01,NA,FALSE,"not_applicable",12.9876787399477,0.584211665733922,NA,NA,NA,NA,NA,NA,NA,NA,"Independent-stream Monte Carlo diagnostics; finite-n departures from an asymptotic limit are possible; no hypothesis-test or coverage certification"
"strong_d2_m1_n800","stabilized","PATE","polynomial",800,2,1,"strong",1000,1000,0,"within_declared_theorem_scope",1.5,-0.00122456320931454,0.00339690946086867,0,1.5,-0.00122456320931454,0.00339690946086867,0.107419709017196,0.00228111773477893,0.0115389938853391,0.000490074006607837,0.107372968881872,0.0022789324629145,8.50110851448097,0.0142009324365427,8.48942970636478,-0.0116788081161879,0.00671325454953432,0.0106263856431012,1.77511655456783e-05,0.920910934583526,0.0393077563303671,1000,0.939,0.00756828910652864,0.403942934718713,0.00033691311110214,171.404,0,0,"bias_corrected",1.5,0,8.6687228504367,0.00135885075694216,0.00135885075694216,"M1_d2","monte_carlo_precision_estimated","monte_carlo_estimate",2e+05,934102,0.000156753281929379,0.01,TRUE,FALSE,"monte_carlo_diagnostic_available",9.23119510827128,0.39205920528627,0.562472257834582,0.392061560121725,1.43465290925218,-0.167614335955728,0.0142657967687365,-11.7493848169108,1.06488525098092,0.980664471705047,"Independent-stream Monte Carlo diagnostics; finite-n departures from an asymptotic limit are possible; no hypothesis-test or coverage certification"
"strong_d2_m1_n800","self_normalized","PATT","oracle",800,2,1,"strong",1000,1000,0,"within_declared_theorem_scope",1.5,-0.000753308481656766,0.00320489702444165,0,1.5,-0.000753308481656766,0.00320489702444165,0.101347742635319,0.00216414665507971,0.010271364937275,0.000438662756448212,0.101299857087788,0.00216420232678109,7.91705481877452,0.0135137496828246,7.91705481877452,4.17443857259059e-17,5.78956092662156e-17,0.00989631852346815,1.68921871035309e-05,0.963486214724418,0.04117180403442,1000,0.946,0.00714730718522718,0.389814061784166,0.00033212630235002,71.8499999999998,0,0,"bias_corrected",1.5,0,7.92117524240452,0.000987888532495039,0.000987888532495039,"M1_d2","monte_carlo_precision_estimated","monte_carlo_estimate",2e+05,934102,0.00012471489422511,0.01,TRUE,FALSE,"monte_carlo_diagnostic_available",8.21709194982,0.35093020515857,0.295916707415479,0.350931595637082,0.843231875084577,-0.00412042363000076,0.0135498101183255,-0.304094566198242,1.03735767715772,0.999479821680002,"Independent-stream Monte Carlo diagnostics; finite-n departures from an asymptotic limit are possible; no hypothesis-test or coverage certification"
"strong_d2_m1_n800","self_normalized","PATT","raw",800,2,1,"strong",1000,1000,0,"point_estimate_only",1.5,-0.000546046091325291,0.00320559765114348,0,1.5,-0.000546046091325291,0.00320559765114348,0.101369898396993,0.0021710802598722,0.0102758563010166,0.000440164370709923,0.101320672180209,0.00217079140325901,NA,NA,NA,NA,NA,NA,NA,NA,NA,0,NA,NA,NA,NA,0,0,0,"raw_point_only",1.5,0,NA,NA,NA,"M1_d2","monte_carlo_precision_estimated","monte_carlo_estimate",2e+05,934102,NA,0.01,NA,FALSE,"not_applicable",8.22068504081328,0.352131496567938,NA,NA,NA,NA,NA,NA,NA,NA,"Independent-stream Monte Carlo diagnostics; finite-n departures from an asymptotic limit are possible; no hypothesis-test or coverage certification"
"strong_d2_m1_n800","self_normalized","PATT","polynomial",800,2,1,"strong",1000,1000,0,"within_declared_theorem_scope",1.5,-0.000759876619341841,0.00320592437955349,0,1.5,-0.000759876619341841,0.00320592437955349,0.101380230456512,0.00216674427365908,0.0102779511274155,0.00043933006760777,0.101332376804083,0.002166784546807,7.9154881450451,0.0142518364581177,7.9154881450451,1.34114941374719e-16,6.08573598429454e-17,0.00989436018130638,1.78147955726472e-05,0.962678267161061,0.0412263274914931,1000,0.945,0.00720936890441875,0.389759886119457,0.000349946294413251,73.0909999999999,0,0,"bias_corrected",1.5,0,7.92117524240452,0.000987888532495039,0.000987888532495039,"M1_d2","monte_carlo_precision_estimated","monte_carlo_estimate",2e+05,934102,0.00012471489422511,0.01,TRUE,FALSE,"monte_carlo_diagnostic_available",8.2223609019324,0.351464054086216,0.30118565952788,0.351465442452699,0.856942456208662,-0.00568709735942097,0.0142860339556354,-0.398087907188375,1.0380228501846,0.999282038689287,"Independent-stream Monte Carlo diagnostics; finite-n departures from an asymptotic limit are possible; no hypothesis-test or coverage certification"
"strong_d2_m1_n800","stabilized","PATT","oracle",800,2,1,"strong",1000,1000,0,"within_declared_theorem_scope",1.5,-0.0016295877352064,0.00375297799826051,0,1.5,-0.0016295877352064,0.00375297799826051,0.118679584830027,0.00243443417989964,0.0140848438554275,0.000577835275533032,0.118631423188626,0.00243390017343361,10.718356003985,0.0269301091245396,10.718356003985,-9.2370555648813e-17,2.25376168429682e-16,0.0133979450049812,3.36626364056745e-05,0.951231347858954,0.0389364718038419,1000,0.947,0.00708456067798138,0.45337447265031,0.000567913857412917,72.063,0,0,"bias_corrected",1.5,0,10.7140700317817,0.00182759378511582,0.00182759378511582,"M1_d2","monte_carlo_precision_estimated","monte_carlo_estimate",2e+05,934102,0.000170578853759079,0.01,TRUE,FALSE,"monte_carlo_diagnostic_available",11.267875084342,0.462268220426426,0.553805052560302,0.462271833140694,1.19800734731711,0.00428597220330218,0.0269920520987754,0.158786452679403,1.05168951210115,1.0004000321251,"Independent-stream Monte Carlo diagnostics; finite-n departures from an asymptotic limit are possible; no hypothesis-test or coverage certification"
"strong_d2_m1_n800","stabilized","PATT","raw",800,2,1,"strong",1000,1000,0,"point_estimate_only",1.5,0.000986912693204431,0.00443466106062516,0,1.5,0.000986912693204431,0.00443466106062516,0.140236296024336,0.00296935553797356,0.0196662187226251,0.000832822844449521,0.140169634730802,0.00296608151113524,NA,NA,NA,NA,NA,NA,NA,NA,NA,0,NA,NA,NA,NA,0,0,0,"raw_point_only",1.5,0,NA,NA,NA,"M1_d2","monte_carlo_precision_estimated","monte_carlo_estimate",2e+05,934102,NA,0.01,NA,FALSE,"not_applicable",15.7329749781001,0.666258275559617,NA,NA,NA,NA,NA,NA,NA,NA,"Independent-stream Monte Carlo diagnostics; finite-n departures from an asymptotic limit are possible; no hypothesis-test or coverage certification"
"strong_d2_m1_n800","stabilized","PATT","polynomial",800,2,1,"strong",1000,1000,0,"within_declared_theorem_scope",1.5,-0.00165132993378089,0.00374829718911478,0,1.5,-0.00165132993378089,0.00374829718911478,0.118531564648096,0.00243056648387203,0.0140497318179257,0.000576197696629146,0.118483792042026,0.00243022234752085,10.6019206100524,0.0260831189930764,10.6019206100524,-1.93622895494627e-16,2.47178515804319e-16,0.0132524007625655,3.26038987413454e-05,0.943249375454772,0.038792468326292,1000,0.943,0.00733150734842434,0.450921374440172,0.000551747875053786,73.7219999999999,0,0,"bias_corrected",1.5,0,10.7140700317817,0.00182759378511582,0.00182759378511582,"M1_d2","monte_carlo_precision_estimated","monte_carlo_estimate",2e+05,934102,0.000170578853759079,0.01,TRUE,FALSE,"monte_carlo_diagnostic_available",11.2397854543406,0.460958157303317,0.525715422558862,0.460961780284996,1.14047507850614,-0.112149421729299,0.026147068582355,-4.28917763289846,1.04906776052419,0.989532509924182,"Independent-stream Monte Carlo diagnostics; finite-n departures from an asymptotic limit are possible; no hypothesis-test or coverage certification"
"weak_d2_m1_n800","self_normalized","PATE","oracle",800,2,1,"weak",1000,1000,0,"assumption_failure_diagnostic",-0.0416666666666667,-0.000471713028775188,0.00142271065024578,0,0,-0.0421383796954418,0.00142271065024578,0.0449900610615586,0.000971662317291399,0.00202410559432277,8.74302939723112e-05,0.061625680783953,0.00116066506617925,1.45496409434448,0.000823987928580925,1.45496409434448,1.99840144432528e-17,1.99840144432528e-17,0.0018187051179306,1.02998491072616e-06,0.898522845365239,0.0388904605432357,1000,0.812,0.0123554036761249,0.167163654422527,4.73090722635145e-05,174.207,0,0,"original_weak_variance_not_established",-0.0416666666666667,-0.0416666666666667,NA,NA,NA,"M1_d2","monte_carlo_precision_estimated","monte_carlo_estimate",2e+05,934102,NA,0.01,NA,FALSE,"not_applicable",1.61928447545822,0.069944235177849,NA,NA,NA,NA,NA,NA,NA,NA,"Independent-stream Monte Carlo diagnostics; finite-n departures from an asymptotic limit are possible; no hypothesis-test or coverage certification"
"weak_d2_m1_n800","self_normalized","PATE","raw",800,2,1,"weak",1000,1000,0,"point_estimate_only",-0.0416666666666667,-0.000471713028775188,0.00142271065024578,0,0,-0.0421383796954418,0.00142271065024578,0.0449900610615586,0.000971662317291399,0.00202410559432277,8.74302939723112e-05,0.061625680783953,0.00116066506617925,NA,NA,NA,NA,NA,NA,NA,NA,NA,0,NA,NA,NA,NA,0,0,0,"raw_point_only",-0.0416666666666667,-0.0416666666666667,NA,NA,NA,"M1_d2","monte_carlo_precision_estimated","monte_carlo_estimate",2e+05,934102,NA,0.01,NA,FALSE,"not_applicable",1.61928447545822,0.069944235177849,NA,NA,NA,NA,NA,NA,NA,NA,"Independent-stream Monte Carlo diagnostics; finite-n departures from an asymptotic limit are possible; no hypothesis-test or coverage certification"
"weak_d2_m1_n800","self_normalized","PATE","polynomial",800,2,1,"weak",1000,1000,0,"assumption_failure_diagnostic",-0.0416666666666667,-0.000471713028775188,0.00142271065024578,0,0,-0.0421383796954418,0.00142271065024578,0.0449900610615586,0.000971662317291399,0.00202410559432277,8.74302939723112e-05,0.061625680783953,0.00116066506617925,1.45231652360587,0.000936297368591369,1.45231652360587,-2.99760216648792e-17,2.23338595184825e-17,0.00181539565450734,1.17037171073921e-06,0.896887820279325,0.0388749458026245,1000,0.81,0.0124056438768812,0.167009511583576,5.38194888567712e-05,175.231,0,0,"original_weak_variance_not_established",-0.0416666666666667,-0.0416666666666667,NA,NA,NA,"M1_d2","monte_carlo_precision_estimated","monte_carlo_estimate",2e+05,934102,NA,0.01,NA,FALSE,"not_applicable",1.61928447545822,0.069944235177849,NA,NA,NA,NA,NA,NA,NA,NA,"Independent-stream Monte Carlo diagnostics; finite-n departures from an asymptotic limit are possible; no hypothesis-test or coverage certification"
"weak_d2_m1_n800","stabilized","PATE","oracle",800,2,1,"weak",1000,1000,0,"within_declared_theorem_scope",0,0.000118658689524617,0.00147298571117868,0,0,0.000118658689524617,0.00147298571117868,0.0465798980820756,0.00100758780136029,0.00216968690533655,9.38666741922102e-05,0.0465567535199332,0.00100737591568824,1.67651938519594,0.00237789880709101,1.7081521942387,0.0316328090427641,0.00164706734839025,0.00209564923149492,2.97237350886376e-06,0.965876332820406,0.041823959290758,1000,0.95,0.00689202437604511,0.179402556963846,0.00012704170991491,175.296999999999,0,0,"bias_corrected",5.55111512312578e-17,0,1.67119807211535,0.000293896838417274,0.000293896838417274,"M1_d2","monte_carlo_precision_estimated","monte_carlo_estimate",2e+05,934102,0.00017585996736178,0.01,TRUE,FALSE,"monte_carlo_diagnostic_available",1.73574952426924,0.0750933393537682,0.0645514521538948,0.0750939144714924,0.859609631595383,0.00532131308059447,0.00239599208855049,2.22092264245068,1.03862585365012,1.00318413069605,"Independent-stream Monte Carlo diagnostics; finite-n departures from an asymptotic limit are possible; no hypothesis-test or coverage certification"
"weak_d2_m1_n800","stabilized","PATE","raw",800,2,1,"weak",1000,1000,0,"point_estimate_only",0,0.000311498386533877,0.00187451432732593,0,0,0.000311498386533877,0.00187451432732593,0.0592773478096833,0.00127543273460945,0.00351380396335017,0.000151208539634599,0.0592485205775775,0.00127559974225333,NA,NA,NA,NA,NA,NA,NA,NA,NA,0,NA,NA,NA,NA,0,0,0,"raw_point_only",5.55111512312578e-17,0,NA,NA,NA,"M1_d2","monte_carlo_precision_estimated","monte_carlo_estimate",2e+05,934102,NA,0.01,NA,FALSE,"not_applicable",2.81104317068014,0.120966831707679,NA,NA,NA,NA,NA,NA,NA,NA,"Independent-stream Monte Carlo diagnostics; finite-n departures from an asymptotic limit are possible; no hypothesis-test or coverage certification"
"weak_d2_m1_n800","stabilized","PATE","polynomial",800,2,1,"weak",1000,1000,0,"within_declared_theorem_scope",0,-0.000217311406439572,0.00147434589073214,0,0,-0.000217311406439572,0.00147434589073214,0.0466229107362328,0.00101147267344612,0.00217369580551873,9.43156003324346e-05,0.046600100149684,0.00101058899644755,1.67697646494689,0.00307267102402145,1.70839420429906,0.0314177393521754,0.00130087794638585,0.00209622058118361,3.84083878002682e-06,0.964357835103503,0.0419278185714272,1000,0.95,0.00689202437604511,0.179397292230511,0.000163763627584276,177.098,0,0,"bias_corrected",5.55111512312578e-17,0,1.67119807211535,0.000293896838417274,0.000293896838417274,"M1_d2","monte_carlo_precision_estimated","monte_carlo_estimate",2e+05,934102,0.00017585996736178,0.01,TRUE,FALSE,"monte_carlo_diagnostic_available",1.73895664441498,0.0754524802659477,0.0677585722996386,0.0754530526462307,0.898022941726845,0.00577839283154447,0.00308669444122555,1.8720326684653,1.04054490812922,1.00345763493147,"Independent-stream Monte Carlo diagnostics; finite-n departures from an asymptotic limit are possible; no hypothesis-test or coverage certification"
"weak_d2_m1_n800","self_normalized","PATT","oracle",800,2,1,"weak",1000,1000,0,"assumption_failure_diagnostic",0.166666666666667,-0.00106939131844415,0.00150325747641099,0,0,0.165597275348223,0.00150325747641099,0.0475371753513555,0.00102003602107437,0.00225978304038552,9.69792623970227e-05,0.172278788189667,0.00147707489287879,1.87601703138201,0.00258094140135784,1.87601703138201,1.99840144432528e-17,1.99840144432528e-17,0.00234502128922751,3.2261767516973e-06,1.03771966039158,0.0445146042078391,1000,0.063,0.0076831634109916,0.189779318726628,0.000130530021901541,83.4180000000002,0,0,"original_weak_variance_not_established",0.166666666666667,0.166666666666667,NA,NA,NA,"M1_d2","monte_carlo_precision_estimated","monte_carlo_estimate",2e+05,934102,NA,0.01,NA,FALSE,"not_applicable",1.80782643230842,0.0775834099176182,NA,NA,NA,NA,NA,NA,NA,NA,"Independent-stream Monte Carlo diagnostics; finite-n departures from an asymptotic limit are possible; no hypothesis-test or coverage certification"
"weak_d2_m1_n800","self_normalized","PATT","raw",800,2,1,"weak",1000,1000,0,"point_estimate_only",0.166666666666667,-0.00106939131844415,0.00150325747641099,0,0,0.165597275348223,0.00150325747641099,0.0475371753513555,0.00102003602107437,0.00225978304038552,9.69792623970227e-05,0.172278788189667,0.00147707489287879,NA,NA,NA,NA,NA,NA,NA,NA,NA,0,NA,NA,NA,NA,0,0,0,"raw_point_only",0.166666666666667,0.166666666666667,NA,NA,NA,"M1_d2","monte_carlo_precision_estimated","monte_carlo_estimate",2e+05,934102,NA,0.01,NA,FALSE,"not_applicable",1.80782643230842,0.0775834099176182,NA,NA,NA,NA,NA,NA,NA,NA,"Independent-stream Monte Carlo diagnostics; finite-n departures from an asymptotic limit are possible; no hypothesis-test or coverage certification"
"weak_d2_m1_n800","self_normalized","PATT","polynomial",800,2,1,"weak",1000,1000,0,"assumption_failure_diagnostic",0.166666666666667,-0.00106939131844415,0.00150325747641099,0,0,0.165597275348223,0.00150325747641099,0.0475371753513555,0.00102003602107437,0.00225978304038552,9.69792623970227e-05,0.172278788189667,0.00147707489287879,1.87356676141141,0.00297404148374754,1.87356676141141,1.02140518265514e-17,2.24518918707863e-17,0.00234195845176426,3.71755185468443e-06,1.03636429246089,0.0446370659071975,1000,0.064,0.00773976743836661,0.189640241298379,0.000150829170411425,84.398,0,0,"original_weak_variance_not_established",0.166666666666667,0.166666666666667,NA,NA,NA,"M1_d2","monte_carlo_precision_estimated","monte_carlo_estimate",2e+05,934102,NA,0.01,NA,FALSE,"not_applicable",1.80782643230842,0.0775834099176182,NA,NA,NA,NA,NA,NA,NA,NA,"Independent-stream Monte Carlo diagnostics; finite-n departures from an asymptotic limit are possible; no hypothesis-test or coverage certification"
"weak_d2_m1_n800","stabilized","PATT","oracle",800,2,1,"weak",1000,1000,0,"within_declared_theorem_scope",0,-0.00114136040657826,0.00161792998749991,0,0,-0.00114136040657826,0.00161792998749991,0.0511634385518746,0.00110167048853907,0.00261769744445145,0.000112730500689565,0.0511505860238639,0.00110060181125411,2.19967637910171,0.00635908650675911,2.19967637910171,1.02140518265514e-17,3.03646176531558e-17,0.00274959547387713,7.94885813344889e-06,1.05038704136922,0.0453721949578071,1000,0.958,0.00634318531969546,0.205333648521536,0.000296668068117843,83.7810000000004,0,0,"bias_corrected",5.55111512312578e-17,0,2.18485145695964,0.00050382315157247,0.00050382315157247,"M1_d2","monte_carlo_precision_estimated","monte_carlo_estimate",2e+05,934102,0.000230598354852724,0.01,TRUE,FALSE,"monte_carlo_diagnostic_available",2.09415795556116,0.090184400551652,-0.0906935013984795,0.0901858078670301,-1.00562941712734,0.0148249221420707,0.00637901394954629,2.32401469244711,0.958489854717773,1.00678532267942,"Independent-stream Monte Carlo diagnostics; finite-n departures from an asymptotic limit are possible; no hypothesis-test or coverage certification"
"weak_d2_m1_n800","stabilized","PATT","raw",800,2,1,"weak",1000,1000,0,"point_estimate_only",0,-0.00135726767098067,0.00198555137118515,0,0,-0.00135726767098067,0.00198555137118515,0.0627886474421551,0.0013636612177036,0.00394241424761524,0.000171244886857862,0.0627719205449245,0.0013620247215961,NA,NA,NA,NA,NA,NA,NA,NA,NA,0,NA,NA,NA,NA,0,0,0,"raw_point_only",5.55111512312578e-17,0,NA,NA,NA,"M1_d2","monte_carlo_precision_estimated","monte_carlo_estimate",2e+05,934102,NA,0.01,NA,FALSE,"not_applicable",3.15393139809219,0.13699590948629,NA,NA,NA,NA,NA,NA,NA,NA,"Independent-stream Monte Carlo diagnostics; finite-n departures from an asymptotic limit are possible; no hypothesis-test or coverage certification"
"weak_d2_m1_n800","stabilized","PATT","polynomial",800,2,1,"weak",1000,1000,0,"within_declared_theorem_scope",0,-0.000788685917069699,0.00161867616722589,0,0,-0.000788685917069699,0.00161867616722589,0.051187034826654,0.00111449986656997,0.00262011253434509,0.000114095886968837,0.0511675135929676,0.00111250372682324,2.19489854913755,0.00636636317530258,2.19489854913755,1.99840144432528e-17,2.44854497438285e-17,0.00274362318642193,7.95795396912823e-06,1.04713944552298,0.0459212102296715,1000,0.959,0.00627048642451286,0.205112331823969,0.000295093840455041,85.163,0,0,"bias_corrected",5.55111512312578e-17,0,2.18485145695964,0.00050382315157247,0.00050382315157247,"M1_d2","monte_carlo_precision_estimated","monte_carlo_estimate",2e+05,934102,0.000230598354852724,0.01,TRUE,FALSE,"monte_carlo_diagnostic_available",2.09609002747607,0.0912767095750696,-0.0887614294835677,0.0912781000493528,-0.972428539108237,0.0100470921779103,0.00638626791231852,1.57323374400413,0.959374158274776,1.00459852414493,"Independent-stream Monte Carlo diagnostics; finite-n departures from an asymptotic limit are possible; no hypothesis-test or coverage certification"
"strong_d2_m3_n800","self_normalized","PATE","oracle",800,2,3,"strong",1000,1000,0,"within_declared_theorem_scope",1.5,-0.00623776796736167,0.00296690930241954,0,1.5,-0.00623776796736167,0.00296690930241954,0.0938219100678706,0.00226426349270601,0.00880255080878361,0.000424875051565252,0.0939822217612962,0.00228628640395127,6.57591788102038,0.00615151073489894,6.57591788102038,4.08562073062058e-17,5.3773680697811e-17,0.00821989735127548,7.68938841862367e-06,0.933808566384334,0.0451973234815654,1000,0.938,0.00762600813007697,0.355356159924747,0.000166180505859779,177.612,0,0,"bias_corrected",1.5,0,6.58375356350997,0.00740160034084482,0.00740160034084482,"M3_d2","monte_carlo_precision_estimated","monte_carlo_estimate",6e+05,934106,0.00112422196083822,0.01,TRUE,FALSE,"monte_carlo_diagnostic_available",7.04204064702689,0.339900041252202,0.458287083516921,0.339980619640082,1.34798002310274,-0.00783568248958755,0.00962417642851434,-0.814166546902873,1.06960878457799,0.998809845718859,"Independent-stream Monte Carlo diagnostics; finite-n departures from an asymptotic limit are possible; no hypothesis-test or coverage certification"
"strong_d2_m3_n800","self_normalized","PATE","raw",800,2,3,"strong",1000,1000,0,"point_estimate_only",1.5,-0.00630540413731215,0.00296823611675255,0,1.5,-0.00630540413731215,0.00296823611675255,0.0938638676211153,0.00227144223917905,0.00881042564479425,0.000426412707294624,0.0940285772543874,0.002293054771853,NA,NA,NA,NA,NA,NA,NA,NA,NA,0,NA,NA,NA,NA,0,0,0,"raw_point_only",1.5,0,NA,NA,NA,"M3_d2","monte_carlo_precision_estimated","monte_carlo_estimate",6e+05,934106,NA,0.01,NA,FALSE,"not_applicable",7.0483405158354,0.341130165835699,NA,NA,NA,NA,NA,NA,NA,NA,"Independent-stream Monte Carlo diagnostics; finite-n departures from an asymptotic limit are possible; no hypothesis-test or coverage certification"
"strong_d2_m3_n800","self_normalized","PATE","polynomial",800,2,3,"strong",1000,1000,0,"within_declared_theorem_scope",1.5,-0.00621827559484246,0.00296704988855524,0,1.5,-0.00621827559484246,0.00296704988855524,0.0938263557918331,0.00226518978772663,0.00880338504117565,0.000425069005918531,0.0939853637940924,0.0022872546813153,6.49140261217617,0.00623713195050634,6.49140261217617,0,5.52091581650944e-17,0.00811425326522021,7.79641493813292e-06,0.921719682516192,0.0446606744386393,1000,0.936,0.0077397674383666,0.353063029937512,0.000169719805151149,178.968,0,0,"bias_corrected",1.5,0,6.58375356350997,0.00740160034084482,0.00740160034084482,"M3_d2","monte_carlo_precision_estimated","monte_carlo_estimate",6e+05,934106,0.00112422196083822,0.01,TRUE,FALSE,"monte_carlo_diagnostic_available",7.04270803294052,0.340055204734825,0.458954469430553,0.340135746364373,1.34932736219643,-0.0923509513337972,0.00967912715969891,-9.54124786358008,1.06971015318287,0.985972902776063,"Independent-stream Monte Carlo diagnostics; finite-n departures from an asymptotic limit are possible; no hypothesis-test or coverage certification"
"strong_d2_m3_n800","stabilized","PATE","oracle",800,2,3,"strong",1000,1000,0,"within_declared_theorem_scope",1.5,-0.00655150433770939,0.00309998496531246,0,1.5,-0.00655150433770939,0.00309998496531246,0.0980301320266545,0.00234319079535381,0.00960990678516332,0.000459406606064351,0.0981998935206407,0.00236469616159253,7.17657322368636,0.00800909628557866,7.17664716275125,7.39390648933442e-05,0.00512478969657147,0.00897071652960795,1.00113703569733e-05,0.933486320955557,0.044737471377274,1000,0.937,0.00768316341099159,0.371214000037372,0.000206788539793358,180.912,0,0,"bias_corrected",1.5,0,7.1878143088164,0.00875571590823904,0.00875571590823904,"M3_d2","monte_carlo_precision_estimated","monte_carlo_estimate",6e+05,934106,0.0012181332922721,0.01,TRUE,FALSE,"monte_carlo_diagnostic_available",7.68792542813066,0.367525284851481,0.500111119314255,0.367629565685661,1.36036697261142,-0.01124108513004,0.0118662624434765,-0.947314723872452,1.06957763484525,0.998436091328034,"Independent-stream Monte Carlo diagnostics; finite-n departures from an asymptotic limit are possible; no hypothesis-test or coverage certification"
"strong_d2_m3_n800","stabilized","PATE","raw",800,2,3,"strong",1000,1000,0,"point_estimate_only",1.5,-0.00892656365404117,0.00352246539791337,0,1.5,-0.00892656365404117,0.00352246539791337,0.111390136365376,0.00265081827548064,0.012407762479497,0.000590550018371237,0.111691710774288,0.00267171265193141,NA,NA,NA,NA,NA,NA,NA,NA,NA,0,NA,NA,NA,NA,0,0,0,"raw_point_only",1.5,0,NA,NA,NA,"M3_d2","monte_carlo_precision_estimated","monte_carlo_estimate",6e+05,934106,NA,0.01,NA,FALSE,"not_applicable",9.9262099835976,0.47244001469699,NA,NA,NA,NA,NA,NA,NA,NA,"Independent-stream Monte Carlo diagnostics; finite-n departures from an asymptotic limit are possible; no hypothesis-test or coverage certification"
"strong_d2_m3_n800","stabilized","PATE","polynomial",800,2,3,"strong",1000,1000,0,"within_declared_theorem_scope",1.5,-0.0066016141348604,0.00309429553597356,0,1.5,-0.0066016141348604,0.00309429553597356,0.0978502164736794,0.0023428212491535,0.00957466486394592,0.000458491132777611,0.0980238313282416,0.0023661585060048,7.06207577731601,0.00792546986196672,7.05672141737339,-0.00535435994262555,0.00299051836974044,0.00882759472164502,9.9068373274584e-06,0.92197427764662,0.0443049405025908,1000,0.935,0.0077958322198467,0.368240149265561,0.000206401323368343,183.713,0,0,"bias_corrected",1.5,0,7.1878143088164,0.00875571590823904,0.00875571590823904,"M3_d2","monte_carlo_precision_estimated","monte_carlo_estimate",6e+05,934106,0.0012181332922721,0.01,TRUE,FALSE,"monte_carlo_diagnostic_available",7.65973189115674,0.366792906222089,0.471917582340335,0.36689739521549,1.28623857376573,-0.12573853150039,0.0118099802539519,-10.6468028562805,1.06565522731458,0.982506708423705,"Independent-stream Monte Carlo diagnostics; finite-n departures from an asymptotic limit are possible; no hypothesis-test or coverage certification"
"strong_d2_m3_n800","self_normalized","PATT","oracle",800,2,3,"strong",1000,1000,0,"within_declared_theorem_scope",1.5,-0.0064301266951886,0.00313653088979173,0,1.5,-0.0064301266951886,0.00313653088979173,0.0991858156321642,0.00235878257209736,0.00983782602261768,0.000467915546624821,0.0993445253947657,0.00237570912378412,7.47266841106856,0.00977504840713835,7.47266841106856,2.39808173319034e-17,4.88198665773982e-17,0.0093408355138357,1.22188105089229e-05,0.949481673325044,0.0452382009340456,1000,0.941,0.00745110730026082,0.378772190895174,0.00024784822436393,75.8970000000001,0,0,"bias_corrected",1.5,0,7.4740221393334,0.00989900797360608,0.00989900797360608,"M3_d2","monte_carlo_precision_estimated","monte_carlo_estimate",6e+05,934106,0.00132445526505879,0.01,TRUE,FALSE,"monte_carlo_diagnostic_available",7.87026081809414,0.374332437299857,0.396238678760747,0.374463301237535,1.05815089876965,-0.00135372826483593,0.0139119348123622,-0.0973069729763974,1.05301545424591,0.999818875534538,"Independent-stream Monte Carlo diagnostics; finite-n departures from an asymptotic limit are possible; no hypothesis-test or coverage certification"
"strong_d2_m3_n800","self_normalized","PATT","raw",800,2,3,"strong",1000,1000,0,"point_estimate_only",1.5,-0.00617118109044068,0.00313799618839005,0,1.5,-0.00617118109044068,0.00313799618839005,0.0992321524423937,0.00236376911014175,0.00984702007835047,0.000469123793352416,0.0993743253276375,0.00237957367261344,NA,NA,NA,NA,NA,NA,NA,NA,NA,0,NA,NA,NA,NA,0,0,0,"raw_point_only",1.5,0,NA,NA,NA,"M3_d2","monte_carlo_precision_estimated","monte_carlo_estimate",6e+05,934106,NA,0.01,NA,FALSE,"not_applicable",7.87761606268038,0.375299034681933,NA,NA,NA,NA,NA,NA,NA,NA,"Independent-stream Monte Carlo diagnostics; finite-n departures from an asymptotic limit are possible; no hypothesis-test or coverage certification"
"strong_d2_m3_n800","self_normalized","PATT","polynomial",800,2,3,"strong",1000,1000,0,"within_declared_theorem_scope",1.5,-0.00641159518719646,0.00313804549341191,0,1.5,-0.00641159518719646,0.00313804549341191,0.0992337116040856,0.00236064759533238,0.00984732951872283,0.000468511645348184,0.0993910999136672,0.00237742657486969,7.45178504581518,0.0107082923548835,7.45178504581518,6.92779167366098e-17,5.78623541332955e-17,0.00931473130726898,1.33853654436044e-05,0.945914452193235,0.0451180337214465,1000,0.941,0.00745110730026082,0.378226071468691,0.000271550311634357,77.0159999999996,0,0,"bias_corrected",1.5,0,7.4740221393334,0.00989900797360608,0.00989900797360608,"M3_d2","monte_carlo_precision_estimated","monte_carlo_estimate",6e+05,934106,0.00132445526505879,0.01,TRUE,FALSE,"monte_carlo_diagnostic_available",7.87786361497826,0.374809316278547,0.403841475644868,0.374940013772941,1.07708289542398,-0.0222370935182159,0.0145827941087836,-1.52488565307398,1.05403268389046,0.997024748776005,"Independent-stream Monte Carlo diagnostics; finite-n departures from an asymptotic limit are possible; no hypothesis-test or coverage certification"
"strong_d2_m3_n800","stabilized","PATT","oracle",800,2,3,"strong",1000,1000,0,"within_declared_theorem_scope",1.5,-0.00632613972873297,0.00323477199230293,0,1.5,-0.00632613972873297,0.00323477199230293,0.102292472069979,0.00241111014691874,0.0104637498421875,0.000493276834722659,0.102436839741437,0.00242499732324741,7.97695314819607,0.0124924329794381,7.97695314819607,2.30926389122033e-17,5.31491851752559e-17,0.00997119143524508,1.56155412242976e-05,0.952927161450618,0.0449358822513962,1000,0.942,0.00739161687318817,0.391307908168047,0.00030643118677321,76.407999999999,0,0,"bias_corrected",1.5,0,7.97178076178348,0.0117760481762889,0.0117760481762889,"M3_d2","monte_carlo_precision_estimated","monte_carlo_estimate",6e+05,934106,0.00147721676350445,0.01,TRUE,FALSE,"monte_carlo_diagnostic_available",8.37099987375,0.394621467778127,0.39921911196652,0.394797135427822,1.01120062974597,0.00517238641258988,0.0171678825833598,0.301282722984329,1.05007903803381,1.00064883701235,"Independent-stream Monte Carlo diagnostics; finite-n departures from an asymptotic limit are possible; no hypothesis-test or coverage certification"
"strong_d2_m3_n800","stabilized","PATT","raw",800,2,3,"strong",1000,1000,0,"point_estimate_only",1.5,-0.00832603463480331,0.00362905794932398,0,1.5,-0.00832603463480331,0.00362905794932398,0.114760888806037,0.00261990829473109,0.0131700615995516,0.000601326008987298,0.115005279838327,0.00264944800435691,NA,NA,NA,NA,NA,NA,NA,NA,NA,0,NA,NA,NA,NA,0,0,0,"raw_point_only",1.5,0,NA,NA,NA,"M3_d2","monte_carlo_precision_estimated","monte_carlo_estimate",6e+05,934106,NA,0.01,NA,FALSE,"not_applicable",10.5360492796413,0.481060807189838,NA,NA,NA,NA,NA,NA,NA,NA,"Independent-stream Monte Carlo diagnostics; finite-n departures from an asymptotic limit are possible; no hypothesis-test or coverage certification"
"strong_d2_m3_n800","stabilized","PATT","polynomial",800,2,3,"strong",1000,1000,0,"within_declared_theorem_scope",1.5,-0.00635517511877679,0.00323111945889372,0,1.5,-0.00635517511877679,0.00323111945889372,0.10217696882195,0.00240642023209871,0.0104401329576417,0.000491761450055317,0.102323414111699,0.00242170940945144,7.92375919870457,0.0125950324103544,7.92375919870457,2.57571741713036e-17,5.61744530487162e-17,0.00990469899838071,1.57437905129429e-05,0.948713875442647,0.0447678686075694,1000,0.944,0.00727076337120113,0.389997558365254,0.000309796348457135,77.7629999999995,0,0,"bias_corrected",1.5,0,7.97178076178348,0.0117760481762889,0.0117760481762889,"M3_d2","monte_carlo_precision_estimated","monte_carlo_estimate",6e+05,934106,0.00147721676350445,0.01,TRUE,FALSE,"monte_carlo_diagnostic_available",8.35210636611336,0.393409160044254,0.380325604329879,0.393585368779602,0.966310321720451,-0.04802156307891,0.0172426840157834,-2.78503990648744,1.04770898945856,0.993976055725325,"Independent-stream Monte Carlo diagnostics; finite-n departures from an asymptotic limit are possible; no hypothesis-test or coverage certification"
"weak_d2_m3_n800","self_normalized","PATE","oracle",800,2,3,"weak",1000,1000,0,"assumption_failure_diagnostic",-0.0238756613756613,-0.000591556426660688,0.00134450377129339,0,0,-0.024467217802322,0.00134450377129339,0.0425169423997323,0.000933669360134609,0.00180769039102215,7.93935328104761e-05,0.0490359811527963,0.0010618496919384,1.30399546426372,0.000668224014322262,1.30399546426372,-9.76996261670138e-18,2.65325579067912e-17,0.00162999433032966,8.35280017902824e-07,0.901699947305679,0.0396905415141669,1000,0.884,0.0101264011376204,0.158254807434651,4.05210745656707e-05,194.355,0,0,"original_weak_variance_not_established",-0.0238756613756613,-0.0238756613756614,NA,NA,NA,"M3_d2","monte_carlo_precision_estimated","monte_carlo_estimate",6e+05,934106,NA,0.01,NA,FALSE,"not_applicable",1.44615231281772,0.0635148262483809,NA,NA,NA,NA,NA,NA,NA,NA,"Independent-stream Monte Carlo diagnostics; finite-n departures from an asymptotic limit are possible; no hypothesis-test or coverage certification"
"weak_d2_m3_n800","self_normalized","PATE","raw",800,2,3,"weak",1000,1000,0,"point_estimate_only",-0.0238756613756613,-0.000591556426660688,0.00134450377129339,0,0,-0.024467217802322,0.00134450377129339,0.0425169423997323,0.000933669360134609,0.00180769039102215,7.93935328104761e-05,0.0490359811527963,0.0010618496919384,NA,NA,NA,NA,NA,NA,NA,NA,NA,0,NA,NA,NA,NA,0,0,0,"raw_point_only",-0.0238756613756613,-0.0238756613756614,NA,NA,NA,"M3_d2","monte_carlo_precision_estimated","monte_carlo_estimate",6e+05,934106,NA,0.01,NA,FALSE,"not_applicable",1.44615231281772,0.0635148262483809,NA,NA,NA,NA,NA,NA,NA,NA,"Independent-stream Monte Carlo diagnostics; finite-n departures from an asymptotic limit are possible; no hypothesis-test or coverage certification"
"weak_d2_m3_n800","self_normalized","PATE","polynomial",800,2,3,"weak",1000,1000,0,"assumption_failure_diagnostic",-0.0238756613756613,-0.000591556426660689,0.00134450377129339,0,0,-0.024467217802322,0.00134450377129339,0.0425169423997323,0.000933669360134609,0.00180769039102215,7.93935328104761e-05,0.0490359811527963,0.0010618496919384,1.30093609687547,0.00100937881974106,1.30093609687547,-9.99200722162641e-18,2.64477049875794e-17,0.00162617012109433,1.26172352467633e-06,0.899584425060102,0.0395705710428796,1000,0.885,0.0100883596287999,0.158062325559848,6.13777512561591e-05,195.239,0,0,"original_weak_variance_not_established",-0.0238756613756613,-0.0238756613756614,NA,NA,NA,"M3_d2","monte_carlo_precision_estimated","monte_carlo_estimate",6e+05,934106,NA,0.01,NA,FALSE,"not_applicable",1.44615231281772,0.0635148262483809,NA,NA,NA,NA,NA,NA,NA,NA,"Independent-stream Monte Carlo diagnostics; finite-n departures from an asymptotic limit are possible; no hypothesis-test or coverage certification"
"weak_d2_m3_n800","stabilized","PATE","oracle",800,2,3,"weak",1000,1000,0,"within_declared_theorem_scope",0,-0.000318754597686132,0.00129313792374535,0,0,-0.000318754597686132,0.00129313792374535,0.0408926116777645,0.000890083443281967,0.00167220568982844,7.27956732138739e-05,0.0408734031936681,0.000889691755303586,1.38163511443951,0.0012410921551091,1.3976636396333,0.0160285251937832,0.000993467080905648,0.00172704389304939,1.55136519388638e-06,1.03279393411619,0.0450594821307045,1000,0.948,0.00702111102319284,0.162886900166835,7.30416034684392e-05,198.263,0,0,"bias_corrected",5.55111512312578e-17,0,1.38365513689835,0.00189371585537618,0.00189371585537618,"M3_d2","monte_carlo_precision_estimated","monte_carlo_estimate",6e+05,934106,0.00136863283695185,0.01,TRUE,FALSE,"monte_carlo_diagnostic_available",1.33776455186275,0.0582365385710991,-0.0458905850355948,0.058267320038629,-0.787587021424207,-0.0020200224588367,0.00226417081475239,-0.892168755853172,0.966833798529838,0.998540082420129,"Independent-stream Monte Carlo diagnostics; finite-n departures from an asymptotic limit are possible; no hypothesis-test or coverage certification"
"weak_d2_m3_n800","stabilized","PATE","raw",800,2,3,"weak",1000,1000,0,"point_estimate_only",0,-0.000424726396544181,0.00160685199072902,0,0,-0.000424726396544181,0.00160685199072902,0.0508131215347946,0.00111146014262982,0.00258197332010981,0.000112953518617058,0.0507894845347107,0.00111109014281804,NA,NA,NA,NA,NA,NA,NA,NA,NA,0,NA,NA,NA,NA,0,0,0,"raw_point_only",5.55111512312578e-17,0,NA,NA,NA,"M3_d2","monte_carlo_precision_estimated","monte_carlo_estimate",6e+05,934106,NA,0.01,NA,FALSE,"not_applicable",2.06557865608785,0.0903628148936464,NA,NA,NA,NA,NA,NA,NA,NA,"Independent-stream Monte Carlo diagnostics; finite-n departures from an asymptotic limit are possible; no hypothesis-test or coverage certification"
"weak_d2_m3_n800","stabilized","PATE","polynomial",800,2,3,"weak",1000,1000,0,"within_declared_theorem_scope",0,-0.000600765178800391,0.00129598612665686,0,0,-0.000600765178800391,0.00129598612665686,0.0409826797621513,0.000897425540831585,0.00167958004048704,7.35578071005526e-05,0.0409665885722331,0.000897668013568645,1.3796022848591,0.00204843954298109,1.39415734646716,0.0145550616080519,0.000558071660899909,0.00172450285607388,2.56054942872636e-06,1.02674645715235,0.044985951511291,1000,0.949,0.00695693898205238,0.162738684032558,0.000120673578601906,199.877,0,0,"bias_corrected",5.55111512312578e-17,0,1.38365513689835,0.00189371585537618,0.00189371585537618,"M3_d2","monte_carlo_precision_estimated","monte_carlo_estimate",6e+05,934106,0.00136863283695185,0.01,TRUE,FALSE,"monte_carlo_diagnostic_available",1.34366403238963,0.0588462456804421,-0.0399911045087149,0.0588767083864566,-0.679234719546822,-0.00405285203924666,0.00278967100249326,-1.4528064548201,0.971097491389104,0.997070908833301,"Independent-stream Monte Carlo diagnostics; finite-n departures from an asymptotic limit are possible; no hypothesis-test or coverage certification"
"weak_d2_m3_n800","self_normalized","PATT","oracle",800,2,3,"weak",1000,1000,0,"assumption_failure_diagnostic",0.062962962962963,-0.000602594624567884,0.00137890367491905,0,0,0.0623603683383951,0.00137890367491905,0.0436047628672058,0.000940717226086891,0.00190137534470525,8.2039503137229e-05,0.0760808090694418,0.00124338538192437,1.44230031475169,0.00211257167629515,1.44230031475169,-9.76996261670138e-18,2.65325579067912e-17,0.00180287539343962,2.64071459536893e-06,0.948195419941717,0.0408453212314746,1000,0.676,0.014799459449588,0.166396799288642,0.000121681238419167,93.1569999999995,0,0,"original_weak_variance_not_established",0.062962962962963,0.0629629629629629,NA,NA,NA,"M3_d2","monte_carlo_precision_estimated","monte_carlo_estimate",6e+05,934106,NA,0.01,NA,FALSE,"not_applicable",1.5211002757642,0.0656316025097832,NA,NA,NA,NA,NA,NA,NA,NA,"Independent-stream Monte Carlo diagnostics; finite-n departures from an asymptotic limit are possible; no hypothesis-test or coverage certification"
"weak_d2_m3_n800","self_normalized","PATT","raw",800,2,3,"weak",1000,1000,0,"point_estimate_only",0.062962962962963,-0.000602594624567884,0.00137890367491905,0,0,0.0623603683383951,0.00137890367491905,0.0436047628672058,0.000940717226086891,0.00190137534470525,8.2039503137229e-05,0.0760808090694418,0.00124338538192437,NA,NA,NA,NA,NA,NA,NA,NA,NA,0,NA,NA,NA,NA,0,0,0,"raw_point_only",0.062962962962963,0.0629629629629629,NA,NA,NA,"M3_d2","monte_carlo_precision_estimated","monte_carlo_estimate",6e+05,934106,NA,0.01,NA,FALSE,"not_applicable",1.5211002757642,0.0656316025097832,NA,NA,NA,NA,NA,NA,NA,NA,"Independent-stream Monte Carlo diagnostics; finite-n departures from an asymptotic limit are possible; no hypothesis-test or coverage certification"
"weak_d2_m3_n800","self_normalized","PATT","polynomial",800,2,3,"weak",1000,1000,0,"assumption_failure_diagnostic",0.062962962962963,-0.000602594624567886,0.00137890367491905,0,0,0.0623603683383951,0.00137890367491905,0.0436047628672058,0.000940717226086891,0.00190137534470525,8.2039503137229e-05,0.0760808090694418,0.00124338538192437,1.43751012051309,0.00198043611760445,1.43751012051309,-1.99840144432528e-17,3.16069885319867e-17,0.00179688765064136,2.47554514700555e-06,0.945046255935286,0.0407579436024758,1000,0.68,0.0147512711316686,0.166125369225045,0.000114255921808824,93.9520000000001,0,0,"original_weak_variance_not_established",0.062962962962963,0.0629629629629629,NA,NA,NA,"M3_d2","monte_carlo_precision_estimated","monte_carlo_estimate",6e+05,934106,NA,0.01,NA,FALSE,"not_applicable",1.5211002757642,0.0656316025097832,NA,NA,NA,NA,NA,NA,NA,NA,"Independent-stream Monte Carlo diagnostics; finite-n departures from an asymptotic limit are possible; no hypothesis-test or coverage certification"
"weak_d2_m3_n800","stabilized","PATT","oracle",800,2,3,"weak",1000,1000,0,"within_declared_theorem_scope",0,-0.000488453648512887,0.00137064071918013,0,0,-0.000488453648512887,0.00137064071918013,0.0433434652638045,0.000931774658814584,0.00187865598107463,8.07726851160464e-05,0.0433245416832111,0.000931874483737856,1.56913427710451,0.00347596480848915,1.56913427710451,2.99760216648792e-17,2.23338595184825e-17,0.00196141784638063,4.34495601061145e-06,1.04405376297722,0.0448446011787396,1000,0.956,0.00648567652600714,0.173499457985503,0.000191829156660757,93.6199999999992,0,0,"bias_corrected",5.55111512312578e-17,0,1.56168150955473,0.00324637003778774,0.00324637003778774,"M3_d2","monte_carlo_precision_estimated","monte_carlo_estimate",6e+05,934106,0.00207876575212404,0.01,TRUE,FALSE,"monte_carlo_diagnostic_available",1.5029247848597,0.0646181480928371,-0.0587567246950211,0.0646996443681886,-0.908146022575521,0.00745276754978486,0.00475618016606825,1.56696493605409,0.962375987462531,1.00477227110918,"Independent-stream Monte Carlo diagnostics; finite-n departures from an asymptotic limit are possible; no hypothesis-test or coverage certification"
"weak_d2_m3_n800","stabilized","PATT","raw",800,2,3,"weak",1000,1000,0,"point_estimate_only",0,-0.000848805822947768,0.00162771284204943,0,0,-0.000848805822947768,0.00162771284204943,0.0514727995758209,0.001102116375629,0.00264944909617263,0.000113458030623963,0.0514540583278085,0.00110198808876784,NA,NA,NA,NA,NA,NA,NA,NA,NA,0,NA,NA,NA,NA,0,0,0,"raw_point_only",5.55111512312578e-17,0,NA,NA,NA,"M3_d2","monte_carlo_precision_estimated","monte_carlo_estimate",6e+05,934106,NA,0.01,NA,FALSE,"not_applicable",2.1195592769381,0.0907664244991704,NA,NA,NA,NA,NA,NA,NA,NA,"Independent-stream Monte Carlo diagnostics; finite-n departures from an asymptotic limit are possible; no hypothesis-test or coverage certification"
"weak_d2_m3_n800","stabilized","PATT","polynomial",800,2,3,"weak",1000,1000,0,"within_declared_theorem_scope",0,-7.43289404384261e-05,0.00137134606460311,0,0,-7.43289404384261e-05,0.00137134606460311,0.0433657702445424,0.000937113454921693,0.00188059002890244,8.1277293558407e-05,0.0433441456677245,0.000936662899779023,1.56183949903197,0.00308307686827224,1.56183949903197,9.76996261670138e-18,3.00642133775063e-17,0.00195229937378997,3.8538460853403e-06,1.03813130123283,0.0448336669755733,1000,0.955,0.00655553201502365,0.17311785164311,0.000170144032484988,95.0950000000001,0,0,"bias_corrected",5.55111512312578e-17,0,1.56168150955473,0.00324637003778774,0.00324637003778774,"M3_d2","monte_carlo_precision_estimated","monte_carlo_estimate",6e+05,934106,0.00207876575212404,0.01,TRUE,FALSE,"monte_carlo_diagnostic_available",1.50447202312195,0.0650218348467256,-0.0572094864327732,0.0651028257854995,-0.878755810404709,0.000157989477244769,0.00447708402846332,0.0352884771070504,0.963366738939564,1.00010116625975,"Independent-stream Monte Carlo diagnostics; finite-n departures from an asymptotic limit are possible; no hypothesis-test or coverage certification"
"strong_d3_m1_n800","self_normalized","PATE","oracle",800,3,1,"strong",1000,1000,0,"within_declared_theorem_scope",1.5,-0.00089086414935702,0.00274798204889405,0,1.5,-0.00089086414935702,0.00274798204889405,0.0868988224376137,0.0019372285694551,0.00755140534104391,0.000336685762956302,0.0868599307772892,0.00193594880951488,6.0823080749342,0.00716766008201546,6.0823080749342,-7.99360577730113e-18,5.25484921939385e-17,0.00760288509366775,8.95957510251932e-06,1.00681724133441,0.0449565962773753,1000,0.951,0.00682634602111555,0.341737043414745,0.000201280140647255,197.600000000001,0,0,"bias_corrected",1.5,0,6.05627347806492,0.000699184431357183,0.000699184431357183,"M1_d3","monte_carlo_precision_estimated","monte_carlo_estimate",2e+05,934103,0.000115447962165108,0.01,TRUE,FALSE,"monte_carlo_diagnostic_available",6.04112427283513,0.269348610365042,-0.0151492052297915,0.269349517847068,-0.0562436693812569,0.0260345968692803,0.00720168104822549,3.61507218869341,0.997498592940913,1.00429878157972,"Independent-stream Monte Carlo diagnostics; finite-n departures from an asymptotic limit are possible; no hypothesis-test or coverage certification"
"strong_d3_m1_n800","self_normalized","PATE","raw",800,3,1,"strong",1000,1000,0,"point_estimate_only",1.5,-0.000959922729888599,0.00275691972469401,0,1.5,-0.000959922729888599,0.00275691972469401,0.0871814565627742,0.00193770264759985,0.00760060636840688,0.000337863478406598,0.0871431420921109,0.00193646523324207,NA,NA,NA,NA,NA,NA,NA,NA,NA,0,NA,NA,NA,NA,0,0,0,"raw_point_only",1.5,0,NA,NA,NA,"M1_d3","monte_carlo_precision_estimated","monte_carlo_estimate",2e+05,934103,NA,0.01,NA,FALSE,"not_applicable",6.0804850947255,0.270290782725278,NA,NA,NA,NA,NA,NA,NA,NA,"Independent-stream Monte Carlo diagnostics; finite-n departures from an asymptotic limit are possible; no hypothesis-test or coverage certification"
"strong_d3_m1_n800","self_normalized","PATE","polynomial",800,3,1,"strong",1000,1000,0,"within_declared_theorem_scope",1.5,-0.000967446994635222,0.0027500705656742,0,1.5,-0.000967446994635222,0.0027500705656742,0.0869648671371815,0.00193494658953843,0.00756288811618764,0.000336544746153503,0.0869267575707209,0.00193350863591215,6.00408708092146,0.00764063681626477,6.00408708092146,-1.17239551400417e-16,5.94552834185242e-17,0.00750510885115183,9.55079602033097e-06,0.992360158692267,0.0442824178090567,1000,0.949,0.00695693898205238,0.339522679830813,0.000216016040005219,200.903000000001,0,0,"bias_corrected",1.5,0,6.05627347806492,0.000699184431357183,0.000699184431357183,"M1_d3","monte_carlo_precision_estimated","monte_carlo_estimate",2e+05,934103,0.000115447962165108,0.01,TRUE,FALSE,"monte_carlo_diagnostic_available",6.05031049295011,0.269235796922802,-0.00596298511480775,0.269236704785075,-0.022147742149674,-0.0521863971434593,0.007672560838932,-6.80169219104211,0.999015403591597,0.991383084444176,"Independent-stream Monte Carlo diagnostics; finite-n departures from an asymptotic limit are possible; no hypothesis-test or coverage certification"
"strong_d3_m1_n800","stabilized","PATE","oracle",800,3,1,"strong",1000,1000,0,"within_declared_theorem_scope",1.5,-0.0014636992273292,0.00325567652158617,0,1.5,-0.0014636992273292,0.00325567652158617,0.102953531329466,0.00230970336737852,0.0105994296132074,0.000475584235990355,0.102912451136985,0.00230683929245622,8.58276606918618,0.0127722734250714,8.57872720246516,-0.00403886672102119,0.00834180869774355,0.0107284575864827,1.59653417813392e-05,1.0121731053447,0.0454596190412589,1000,0.953,0.00669260786241059,0.405907194871125,0.000301914584639533,198.887,0,0,"bias_corrected",1.5,0,8.5252257229649,0.00125332528386899,0.00125332528386899,"M1_d3","monte_carlo_precision_estimated","monte_carlo_estimate",2e+05,934103,0.000147013736010865,0.01,TRUE,FALSE,"monte_carlo_diagnostic_available",8.47954369056592,0.380467388792284,-0.0456820323989806,0.380469453121648,-0.120067542937211,0.0575403462212787,0.0128336196262773,4.48356332016126,0.994641545704072,1.00674942202014,"Independent-stream Monte Carlo diagnostics; finite-n departures from an asymptotic limit are possible; no hypothesis-test or coverage certification"
"strong_d3_m1_n800","stabilized","PATE","raw",800,3,1,"strong",1000,1000,0,"point_estimate_only",1.5,0.000933786953573222,0.00394538735156258,0,1.5,0.000933786953573222,0.00394538735156258,0.124764102825572,0.00270631112297234,0.01556608135387,0.000675300958449022,0.124705201297263,0.00270630282052302,NA,NA,NA,NA,NA,NA,NA,NA,NA,0,NA,NA,NA,NA,0,0,0,"raw_point_only",1.5,0,NA,NA,NA,"M1_d3","monte_carlo_precision_estimated","monte_carlo_estimate",2e+05,934103,NA,0.01,NA,FALSE,"not_applicable",12.452865083096,0.540240766759218,NA,NA,NA,NA,NA,NA,NA,NA,"Independent-stream Monte Carlo diagnostics; finite-n departures from an asymptotic limit are possible; no hypothesis-test or coverage certification"
"strong_d3_m1_n800","stabilized","PATE","polynomial",800,3,1,"strong",1000,1000,0,"within_declared_theorem_scope",1.5,-0.00169283614082875,0.00325009092394517,0,1.5,-0.00169283614082875,0.00325009092394517,0.102776899223078,0.00230373007190937,0.0105630910139107,0.000473540466875608,0.102739445283185,0.00230022933405902,8.31210340231783,0.0134262590711862,8.30545249124292,-0.00665091107491189,0.00639277477122138,0.0103901292528973,1.67828238389827e-05,0.983625838233744,0.0442286087285313,1000,0.945,0.00720936890441875,0.399435905796936,0.000322607970858219,202.692,0,0,"bias_corrected",1.5,0,8.5252257229649,0.00125332528386899,0.00125332528386899,"M1_d3","monte_carlo_precision_estimated","monte_carlo_estimate",2e+05,934103,0.000147013736010865,0.01,TRUE,FALSE,"monte_carlo_diagnostic_available",8.45047281112856,0.378832373500486,-0.0747529118363399,0.37883444673931,-0.197323428425663,-0.213122320647072,0.0134846303958913,-15.8048321971071,0.991231562158527,0.975000976211929,"Independent-stream Monte Carlo diagnostics; finite-n departures from an asymptotic limit are possible; no hypothesis-test or coverage certification"
"strong_d3_m1_n800","self_normalized","PATT","oracle",800,3,1,"strong",1000,1000,0,"within_declared_theorem_scope",1.5,-0.00225937573214136,0.0030360731050753,0,1.5,-0.00225937573214136,0.0030360731050753,0.0960090615481766,0.00205115909424599,0.00921773989936157,0.00039385971944913,0.0959876395071844,0.00205369235090791,7.8444839840904,0.0129460135967293,7.8444839840904,-8.88178419700125e-18,5.02044381403072e-17,0.00980560498011299,1.61825169959116e-05,1.06377540342532,0.0454376313841146,1000,0.958,0.00634318531969546,0.388031905667424,0.000320396333166213,85.4720000000002,0,0,"bias_corrected",1.5,0,7.81685240492502,0.000911171200438882,0.000911171200438882,"M1_d3","monte_carlo_precision_estimated","monte_carlo_estimate",2e+05,934103,0.00011656497439619,0.01,TRUE,FALSE,"monte_carlo_diagnostic_available",7.37419191948926,0.315087775559304,-0.442660485435768,0.315089093019525,-1.40487403481255,0.0276315791653756,0.0129780391817566,2.12910276956304,0.943371006320029,1.00353487282784,"Independent-stream Monte Carlo diagnostics; finite-n departures from an asymptotic limit are possible; no hypothesis-test or coverage certification"
"strong_d3_m1_n800","self_normalized","PATT","raw",800,3,1,"strong",1000,1000,0,"point_estimate_only",1.5,-0.00158546016964652,0.00304404660195405,0,1.5,-0.00158546016964652,0.00304404660195405,0.0962612056587076,0.00204698778608204,0.00926621971486801,0.000394091024513813,0.0962261252420707,0.00204825326966657,NA,NA,NA,NA,NA,NA,NA,NA,NA,0,NA,NA,NA,NA,0,0,0,"raw_point_only",1.5,0,NA,NA,NA,"M1_d3","monte_carlo_precision_estimated","monte_carlo_estimate",2e+05,934103,NA,0.01,NA,FALSE,"not_applicable",7.41297577189441,0.31527281961105,NA,NA,NA,NA,NA,NA,NA,NA,"Independent-stream Monte Carlo diagnostics; finite-n departures from an asymptotic limit are possible; no hypothesis-test or coverage certification"
"strong_d3_m1_n800","self_normalized","PATT","polynomial",800,3,1,"strong",1000,1000,0,"within_declared_theorem_scope",1.5,-0.00214822824744561,0.00303320902174962,0,1.5,-0.00214822824744561,0.00303320902174962,0.0959184912810001,0.00204316169253207,0.0092003569696233,0.000391953973981622,0.0958945853385727,0.00204548327964852,7.8651126174137,0.0141899949477387,7.8651126174137,-8.88178419700125e-18,4.51005639280201e-17,0.00983139077176713,1.77374936846734e-05,1.06858796938285,0.0456096048441979,1000,0.956,0.00648567652600714,0.388516215698454,0.000350434220757669,87.4709999999998,0,0,"bias_corrected",1.5,0,7.81685240492502,0.000911171200438882,0.000911171200438882,"M1_d3","monte_carlo_precision_estimated","monte_carlo_estimate",2e+05,934103,0.00011656497439619,0.01,TRUE,FALSE,"monte_carlo_diagnostic_available",7.36028557569864,0.313563179185298,-0.456566829226384,0.313564503051202,-1.45605393717614,0.0482602124886755,0.0142192190212177,3.3940128790943,0.941591985421303,1.00617386768852,"Independent-stream Monte Carlo diagnostics; finite-n departures from an asymptotic limit are possible; no hypothesis-test or coverage certification"
"strong_d3_m1_n800","stabilized","PATT","oracle",800,3,1,"strong",1000,1000,0,"within_declared_theorem_scope",1.5,-0.0035887493121317,0.00357424574493159,0,1.5,-0.0035887493121317,0.00357424574493159,0.113027574711491,0.00244486960618926,0.0127752326451616,0.000552675364146819,0.113028034284162,0.00244443211588857,10.5963704070434,0.0255617835359712,10.5963704070434,1.32338584535319e-16,1.04656983232932e-16,0.0132454630088043,3.1952229419964e-05,1.03680796872382,0.0447532289880674,1000,0.959,0.00627048642451286,0.450811319537212,0.000545026667770521,85.8049999999992,0,0,"bias_corrected",1.5,0,10.5210727824446,0.00168566672081193,0.00168566672081193,"M1_d3","monte_carlo_precision_estimated","monte_carlo_estimate",2e+05,934103,0.0001602181408368,0.01,TRUE,FALSE,"monte_carlo_diagnostic_available",10.2201861161293,0.442140291317455,-0.300886666315352,0.442143504621042,-0.680518119503393,0.0752976245987682,0.0256173037190392,2.9393266920127,0.971401522208134,1.00715683905584,"Independent-stream Monte Carlo diagnostics; finite-n departures from an asymptotic limit are possible; no hypothesis-test or coverage certification"
"strong_d3_m1_n800","stabilized","PATT","raw",800,3,1,"strong",1000,1000,0,"point_estimate_only",1.5,-0.00291241776136779,0.00426424425273629,0,1.5,-0.00291241776136779,0.00426424425273629,0.134847243379294,0.00298058000133013,0.0181837790469945,0.000803845993701639,0.134811266017215,0.00298606365619987,NA,NA,NA,NA,NA,NA,NA,NA,NA,0,NA,NA,NA,NA,0,0,0,"raw_point_only",1.5,0,NA,NA,NA,"M1_d3","monte_carlo_precision_estimated","monte_carlo_estimate",2e+05,934103,NA,0.01,NA,FALSE,"not_applicable",14.5470232375956,0.643076794961311,NA,NA,NA,NA,NA,NA,NA,NA,"Independent-stream Monte Carlo diagnostics; finite-n departures from an asymptotic limit are possible; no hypothesis-test or coverage certification"
"strong_d3_m1_n800","stabilized","PATT","polynomial",800,3,1,"strong",1000,1000,0,"within_declared_theorem_scope",1.5,-0.00350357151722813,0.00356022330873419,0,1.5,-0.00350357151722813,0.00356022330873419,0.112584146344209,0.00245172704573276,0.0126751900080543,0.000552051193025665,0.112582369096686,0.00244968655179781,10.4266668345112,0.0255734440982617,10.4266668345112,3.5527136788005e-18,1.45125969382704e-16,0.013033333543139,3.19668051228271e-05,1.02825547663248,0.0448615932803978,1000,0.954,0.00662449998113065,0.447177227172453,0.000548529664201762,88.0120000000002,0,0,"bias_corrected",1.5,0,10.5210727824446,0.00168566672081193,0.00168566672081193,"M1_d3","monte_carlo_precision_estimated","monte_carlo_estimate",2e+05,934103,0.0001602181408368,0.01,TRUE,FALSE,"monte_carlo_diagnostic_available",10.1401520064434,0.441640954420532,-0.380920776001192,0.441644171357182,-0.862506064170651,-0.0944059479334314,0.0256289390209694,-3.68356832314397,0.963794492835674,0.991026965606496,"Independent-stream Monte Carlo diagnostics; finite-n departures from an asymptotic limit are possible; no hypothesis-test or coverage certification"
"weak_d3_m1_n800","self_normalized","PATE","oracle",800,3,1,"weak",1000,1000,0,"assumption_failure_diagnostic",-0.0416666666666667,-0.0024728736984683,0.00133721173894677,0,0,-0.044139540365135,0.00133721173894677,0.0422863480898628,0.00100276670620924,0.00178813523477705,8.48066839833785e-05,0.0611117511055578,0.00122212076139365,1.43729169800052,0.000799395479854442,1.43729169800052,-2.99760216648792e-17,2.99760216648792e-17,0.00179661462250065,9.99244349818052e-07,1.00474202820832,0.0477376125738034,1000,0.827,0.011961229033841,0.166145581978798,4.61744190656945e-05,196.547,0,0,"original_weak_variance_not_established",-0.0416666666666667,-0.0416666666666667,NA,NA,NA,"M1_d3","monte_carlo_precision_estimated","monte_carlo_estimate",2e+05,934103,NA,0.01,NA,FALSE,"not_applicable",1.43050818782164,0.0678453471867028,NA,NA,NA,NA,NA,NA,NA,NA,"Independent-stream Monte Carlo diagnostics; finite-n departures from an asymptotic limit are possible; no hypothesis-test or coverage certification"
"weak_d3_m1_n800","self_normalized","PATE","raw",800,3,1,"weak",1000,1000,0,"point_estimate_only",-0.0416666666666667,-0.0024728736984683,0.00133721173894677,0,0,-0.044139540365135,0.00133721173894677,0.0422863480898628,0.00100276670620924,0.00178813523477705,8.48066839833785e-05,0.0611117511055578,0.00122212076139365,NA,NA,NA,NA,NA,NA,NA,NA,NA,0,NA,NA,NA,NA,0,0,0,"raw_point_only",-0.0416666666666667,-0.0416666666666667,NA,NA,NA,"M1_d3","monte_carlo_precision_estimated","monte_carlo_estimate",2e+05,934103,NA,0.01,NA,FALSE,"not_applicable",1.43050818782164,0.0678453471867028,NA,NA,NA,NA,NA,NA,NA,NA,"Independent-stream Monte Carlo diagnostics; finite-n departures from an asymptotic limit are possible; no hypothesis-test or coverage certification"
"weak_d3_m1_n800","self_normalized","PATE","polynomial",800,3,1,"weak",1000,1000,0,"assumption_failure_diagnostic",-0.0416666666666667,-0.0024728736984683,0.00133721173894677,0,0,-0.044139540365135,0.00133721173894677,0.0422863480898628,0.00100276670620924,0.00178813523477705,8.48066839833785e-05,0.0611117511055578,0.00122212076139365,1.43433841662256,0.000900685517132569,1.43433841662256,0,2.44875660446889e-17,0.00179292302077819,1.12585689641571e-06,1.00267753014874,0.0477067437903276,1000,0.827,0.011961229033841,0.165973017523161,5.21534871183113e-05,193.077,0,0,"original_weak_variance_not_established",-0.0416666666666667,-0.0416666666666667,NA,NA,NA,"M1_d3","monte_carlo_precision_estimated","monte_carlo_estimate",2e+05,934103,NA,0.01,NA,FALSE,"not_applicable",1.43050818782164,0.0678453471867028,NA,NA,NA,NA,NA,NA,NA,NA,"Independent-stream Monte Carlo diagnostics; finite-n departures from an asymptotic limit are possible; no hypothesis-test or coverage certification"
"weak_d3_m1_n800","stabilized","PATE","oracle",800,3,1,"weak",1000,1000,0,"within_declared_theorem_scope",0,-0.00272472459286462,0.0013718787165623,0,0,-0.00272472459286462,0.0013718787165623,0.0433826141784544,0.00103135984885833,0.00188205121295663,8.94861728043397e-05,0.0434464415786913,0.00103461895879714,1.65333751292332,0.00230479570670711,1.6837452936979,0.0304077807745771,0.00158975156401742,0.00206667189115415,2.8809946333839e-06,1.09809545931935,0.0523301482229779,1000,0.964,0.00589101010014412,0.178159351565466,0.000124099611220159,192.776,0,0,"bias_corrected",5.55111512312578e-17,0,1.6401620279652,0.000271073432130568,0.000271073432130568,"M1_d3","monte_carlo_precision_estimated","monte_carlo_estimate",2e+05,934103,0.000165272349626863,0.01,TRUE,FALSE,"monte_carlo_diagnostic_available",1.5056409703653,0.0715889382434718,-0.134521057599891,0.0715894514550379,-1.87906255552716,0.0131754849581249,0.00232068180827587,5.67741984753762,0.91798306794922,1.00803303864708,"Independent-stream Monte Carlo diagnostics; finite-n departures from an asymptotic limit are possible; no hypothesis-test or coverage certification"
"weak_d3_m1_n800","stabilized","PATE","raw",800,3,1,"weak",1000,1000,0,"point_estimate_only",0,-0.00331889051970045,0.00173995602361785,0,0,-0.00331889051970045,0.00173995602361785,0.0550222406316214,0.00131671244922819,0.00302744696412405,0.00014489693844817,0.0550947778962914,0.00131987125152889,NA,NA,NA,NA,NA,NA,NA,NA,NA,0,NA,NA,NA,NA,0,0,0,"raw_point_only",5.55111512312578e-17,0,NA,NA,NA,"M1_d3","monte_carlo_precision_estimated","monte_carlo_estimate",2e+05,934103,NA,0.01,NA,FALSE,"not_applicable",2.42195757129924,0.115917550758536,NA,NA,NA,NA,NA,NA,NA,NA,"Independent-stream Monte Carlo diagnostics; finite-n departures from an asymptotic limit are possible; no hypothesis-test or coverage certification"
"weak_d3_m1_n800","stabilized","PATE","polynomial",800,3,1,"weak",1000,1000,0,"within_declared_theorem_scope",0,-0.00297916008136147,0.00137562751876867,0,0,-0.00297916008136147,0.00137562751876867,0.0435011617131503,0.00104313826021722,0.00189235107039366,9.07554522937672e-05,0.0435813505310889,0.00104944862924963,1.65463485151783,0.00295727113226389,1.68540472111333,0.0307698695955068,0.00121461220120561,0.00206829356439728,3.69658891532987e-06,1.09297560941851,0.0525936159472942,1000,0.961,0.00612200947402077,0.178201707408605,0.000158855086641108,195.341,0,0,"bias_corrected",5.55111512312578e-17,0,1.6401620279652,0.000271073432130568,0.000271073432130568,"M1_d3","monte_carlo_precision_estimated","monte_carlo_estimate",2e+05,934103,0.000165272349626863,0.01,TRUE,FALSE,"monte_carlo_diagnostic_available",1.51388085631493,0.0726043618350138,-0.126281171650267,0.0726048678690018,-1.73929345726668,0.0144728235526348,0.00296966889658231,4.87354787912251,0.923006892308723,1.00882402061862,"Independent-stream Monte Carlo diagnostics; finite-n departures from an asymptotic limit are possible; no hypothesis-test or coverage certification"
"weak_d3_m1_n800","self_normalized","PATT","oracle",800,3,1,"weak",1000,1000,0,"assumption_failure_diagnostic",0.166666666666667,-0.00325958159402776,0.00143776036870834,0,0,0.163407085072639,0.00143776036870834,0.0454659749464183,0.00100364306428756,0.00206715487782834,9.1263220832089e-05,0.169608263875576,0.00140389446807961,1.84252941572253,0.00254195517669206,1.84252941572253,9.99200722162641e-18,2.23517516579581e-17,0.00230316176965316,3.17744397086507e-06,1.11416991264475,0.0491465361073133,1000,0.068,0.00796090447122687,0.188077774210144,0.000129506765224811,92.5990000000001,0,0,"original_weak_variance_not_established",0.166666666666667,0.166666666666667,NA,NA,NA,"M1_d3","monte_carlo_precision_estimated","monte_carlo_estimate",2e+05,934103,NA,0.01,NA,FALSE,"not_applicable",1.65372390226267,0.0730105766656712,NA,NA,NA,NA,NA,NA,NA,NA,"Independent-stream Monte Carlo diagnostics; finite-n departures from an asymptotic limit are possible; no hypothesis-test or coverage certification"
"weak_d3_m1_n800","self_normalized","PATT","raw",800,3,1,"weak",1000,1000,0,"point_estimate_only",0.166666666666667,-0.00325958159402776,0.00143776036870834,0,0,0.163407085072639,0.00143776036870834,0.0454659749464183,0.00100364306428756,0.00206715487782834,9.1263220832089e-05,0.169608263875576,0.00140389446807961,NA,NA,NA,NA,NA,NA,NA,NA,NA,0,NA,NA,NA,NA,0,0,0,"raw_point_only",0.166666666666667,0.166666666666667,NA,NA,NA,"M1_d3","monte_carlo_precision_estimated","monte_carlo_estimate",2e+05,934103,NA,0.01,NA,FALSE,"not_applicable",1.65372390226267,0.0730105766656712,NA,NA,NA,NA,NA,NA,NA,NA,"Independent-stream Monte Carlo diagnostics; finite-n departures from an asymptotic limit are possible; no hypothesis-test or coverage certification"
"weak_d3_m1_n800","self_normalized","PATT","polynomial",800,3,1,"weak",1000,1000,0,"assumption_failure_diagnostic",0.166666666666667,-0.00325958159402776,0.00143776036870834,0,0,0.163407085072639,0.00143776036870834,0.0454659749464183,0.00100364306428756,0.00206715487782834,9.1263220832089e-05,0.169608263875576,0.00140389446807961,1.84096506820397,0.00288416394417166,1.84096506820397,-1.99840144432528e-17,2.44794021618e-17,0.00230120633525496,3.60520493021457e-06,1.1132239581741,0.0492422223012929,1000,0.068,0.00796090447122687,0.187985016573206,0.000147012434293288,93.3149999999995,0,0,"original_weak_variance_not_established",0.166666666666667,0.166666666666667,NA,NA,NA,"M1_d3","monte_carlo_precision_estimated","monte_carlo_estimate",2e+05,934103,NA,0.01,NA,FALSE,"not_applicable",1.65372390226267,0.0730105766656712,NA,NA,NA,NA,NA,NA,NA,NA,"Independent-stream Monte Carlo diagnostics; finite-n departures from an asymptotic limit are possible; no hypothesis-test or coverage certification"
"weak_d3_m1_n800","stabilized","PATT","oracle",800,3,1,"weak",1000,1000,0,"within_declared_theorem_scope",0,-0.00344516890121573,0.00154894663759137,0,0,-0.00344516890121573,0.00154894663759137,0.048981993488481,0.00107569429562485,0.0023992356861056,0.000105379301967785,0.0490785659853402,0.00108080992739451,2.16704681329248,0.00604624088701889,2.16704681329248,-9.54791801177635e-18,2.25541674580681e-17,0.00270880851661559,7.55780110877361e-06,1.1290297707319,0.0495533765596099,1000,0.966,0.00573096850453743,0.203820299364622,0.000283675020632243,93.0279999999998,0,0,"bias_corrected",5.55111512312578e-17,0,2.1316468098451,0.00046469731222383,0.00046469731222383,"M1_d3","monte_carlo_precision_estimated","monte_carlo_estimate",2e+05,934103,0.000217999206096248,0.01,TRUE,FALSE,"monte_carlo_diagnostic_available",1.91938854888448,0.084303441574228,-0.212258260960617,0.0843047223164353,-2.51775054977243,0.0354000034473834,0.00606407226670717,5.83766186985199,0.900425220547657,1.01660688031614,"Independent-stream Monte Carlo diagnostics; finite-n departures from an asymptotic limit are possible; no hypothesis-test or coverage certification"
"weak_d3_m1_n800","stabilized","PATT","raw",800,3,1,"weak",1000,1000,0,"point_estimate_only",0,-0.00400193082277968,0.00190692055757172,0,0,-0.00400193082277968,0.00190692055757172,0.0603021227892488,0.00131054193011833,0.00363634601288964,0.00015805692078091,0.0604046779412577,0.00131618780177062,NA,NA,NA,NA,NA,NA,NA,NA,NA,0,NA,NA,NA,NA,0,0,0,"raw_point_only",5.55111512312578e-17,0,NA,NA,NA,"M1_d3","monte_carlo_precision_estimated","monte_carlo_estimate",2e+05,934103,NA,0.01,NA,FALSE,"not_applicable",2.90907681031171,0.126445536624728,NA,NA,NA,NA,NA,NA,NA,NA,"Independent-stream Monte Carlo diagnostics; finite-n departures from an asymptotic limit are possible; no hypothesis-test or coverage certification"
"weak_d3_m1_n800","stabilized","PATT","polynomial",800,3,1,"weak",1000,1000,0,"within_declared_theorem_scope",0,-0.00308807510024362,0.00154651239286699,0,0,-0.00308807510024362,0.00154651239286699,0.0489050159113682,0.0010672191341661,0.00239170058129118,0.000104384737474619,0.0489780061714912,0.00106809798428739,2.15684227044184,0.00584924908343417,2.15684227044184,2.97539770599542e-17,2.63533647822193e-17,0.0026960528380523,7.31156135429271e-06,1.12725349449755,0.0494022161856776,1000,0.965,0.00581162627841812,0.203351515951446,0.000274481554108846,94.3330000000003,0,0,"bias_corrected",5.55111512312578e-17,0,2.1316468098451,0.00046469731222383,0.00046469731222383,"M1_d3","monte_carlo_precision_estimated","monte_carlo_estimate",2e+05,934103,0.000217999206096248,0.01,TRUE,FALSE,"monte_carlo_diagnostic_available",1.91336046503294,0.0835077899796952,-0.218286344812153,0.0835090829244632,-2.6139233861495,0.0251954605967435,0.00586767913506214,4.29393973610261,0.897597320623666,1.01181971632466,"Independent-stream Monte Carlo diagnostics; finite-n departures from an asymptotic limit are possible; no hypothesis-test or coverage certification"
"strong_d3_m3_n800","self_normalized","PATE","oracle",800,3,3,"strong",1000,1000,0,"within_declared_theorem_scope",1.5,-0.00273815291277852,0.00282943594568442,0,1.5,-0.00273815291277852,0.00282943594568442,0.0894746208191524,0.00197147415004134,0.0080057077707311,0.000352793804059419,0.0894717807151178,0.00197329005945168,6.55550971250019,0.00610681450526117,6.55550971250019,6.12843109593086e-17,6.12714245684372e-17,0.00819438714062523,7.63351813157645e-06,1.02356810606852,0.0452017967672424,1000,0.954,0.00662449998113065,0.354804695726814,0.000165100558892874,182.827,0,0,"bias_corrected",1.5,0,6.53760830983225,0.0123192168708596,0.0123192168708596,"M3_d3","monte_carlo_precision_estimated","monte_carlo_estimate",6e+05,934107,0.00188436141888954,0.01,TRUE,FALSE,"monte_carlo_diagnostic_available",6.40456621658488,0.282235043247535,-0.133042093247375,0.282503774738054,-0.470939170178293,0.0179014026679356,0.0137497740967966,1.30194158405164,0.97964973015479,1.00273821890507,"Independent-stream Monte Carlo diagnostics; finite-n departures from an asymptotic limit are possible; no hypothesis-test or coverage certification"
"strong_d3_m3_n800","self_normalized","PATE","raw",800,3,3,"strong",1000,1000,0,"point_estimate_only",1.5,-0.00253308131286094,0.00283972453228378,0,1.5,-0.00253308131286094,0.00283972453228378,0.0897999744947309,0.00197713740743124,0.00806403541925432,0.000355093777519807,0.0897908006689585,0.00197840527223887,NA,NA,NA,NA,NA,NA,NA,NA,NA,0,NA,NA,NA,NA,0,0,0,"raw_point_only",1.5,0,NA,NA,NA,"M3_d3","monte_carlo_precision_estimated","monte_carlo_estimate",6e+05,934107,NA,0.01,NA,FALSE,"not_applicable",6.45122833540346,0.284075022015846,NA,NA,NA,NA,NA,NA,NA,NA,"Independent-stream Monte Carlo diagnostics; finite-n departures from an asymptotic limit are possible; no hypothesis-test or coverage certification"
"strong_d3_m3_n800","self_normalized","PATE","polynomial",800,3,3,"strong",1000,1000,0,"within_declared_theorem_scope",1.5,-0.00296235916693433,0.00283695297699538,0,1.5,-0.00296235916693433,0.00283695297699538,0.0897123302210068,0.0019749959512352,0.00804830219368297,0.000354362977924727,0.0897163834721574,0.00197708056210731,6.41785993489198,0.00657590792383404,6.41785993489198,-2.66453525910038e-18,4.8825689150642e-17,0.00802232491861497,8.21988490479255e-06,0.996772328567833,0.0439984582172837,1000,0.948,0.00702111102319284,0.35105186619121,0.000179841238013758,185.453,0,0,"bias_corrected",1.5,0,6.53760830983225,0.0123192168708596,0.0123192168708596,"M3_d3","monte_carlo_precision_estimated","monte_carlo_estimate",6e+05,934107,0.00188436141888954,0.01,TRUE,FALSE,"monte_carlo_diagnostic_available",6.43864175494638,0.283490382339782,-0.0989665548858794,0.283757924970329,-0.348771069200015,-0.119748374940275,0.0139644430370142,-8.57523458850949,0.984861963244718,0.981683152421325,"Independent-stream Monte Carlo diagnostics; finite-n departures from an asymptotic limit are possible; no hypothesis-test or coverage certification"
"strong_d3_m3_n800","stabilized","PATE","oracle",800,3,3,"strong",1000,1000,0,"within_declared_theorem_scope",1.5,-0.00313614224805748,0.00296685795728606,0,1.5,-0.00313614224805748,0.00296685795728606,0.0938202863921849,0.00208774728759126,0.00880224613871159,0.000391746096872639,0.093825792193687,0.00209091312161665,7.16948196982223,0.00790901363757716,7.15162875321895,-0.0178532166032794,0.004840858237994,0.00896185246227778,9.88626704697145e-06,1.01813245404082,0.0453807775960798,1000,0.955,0.00655553201502365,0.371031878133807,0.000204293681530156,186.296000000001,0,0,"bias_corrected",1.5,0,7.14292839078095,0.014659592415062,0.014659592415062,"M3_d3","monte_carlo_precision_estimated","monte_carlo_estimate",6e+05,934107,0.00205232246678862,0.01,TRUE,FALSE,"monte_carlo_diagnostic_available",7.04179691096927,0.313396877498111,-0.101131479811676,0.313739551977977,-0.322342143902772,0.0265535790412814,0.0166570149335085,1.59413791410274,0.985841734050953,1.00371746398516,"Independent-stream Monte Carlo diagnostics; finite-n departures from an asymptotic limit are possible; no hypothesis-test or coverage certification"
"strong_d3_m3_n800","stabilized","PATE","raw",800,3,3,"strong",1000,1000,0,"point_estimate_only",1.5,-0.00338247713471591,0.00344958222598611,0,1.5,-0.00338247713471591,0.00344958222598611,0.109085368101498,0.00245477193001673,0.0118996175338393,0.000535559399182199,0.109083266672173,0.0024529996359901,NA,NA,NA,NA,NA,NA,NA,NA,NA,0,NA,NA,NA,NA,0,0,0,"raw_point_only",1.5,0,NA,NA,NA,"M3_d3","monte_carlo_precision_estimated","monte_carlo_estimate",6e+05,934107,NA,0.01,NA,FALSE,"not_applicable",9.51969402707144,0.428447519345759,NA,NA,NA,NA,NA,NA,NA,NA,"Independent-stream Monte Carlo diagnostics; finite-n departures from an asymptotic limit are possible; no hypothesis-test or coverage certification"
"strong_d3_m3_n800","stabilized","PATE","polynomial",800,3,3,"strong",1000,1000,0,"within_declared_theorem_scope",1.5,-0.00332461874499038,0.00296986526281909,0,1.5,-0.00332461874499038,0.00296986526281909,0.0939153857432291,0.00207796046765811,0.00882009967929953,0.000390304917758585,0.0939272732991849,0.00208089875540453,6.97716770052473,0.00807141289489343,6.96279850648105,-0.0143691940436739,0.00282765727963638,0.00872145962565591,1.00892661186168e-05,0.988816446839583,0.0438538331099516,1000,0.946,0.00714730718522718,0.366016093810487,0.000211603120978294,190.354,0,0,"bias_corrected",1.5,0,7.14292839078095,0.014659592415062,0.014659592415062,"M3_d3","monte_carlo_precision_estimated","monte_carlo_estimate",6e+05,934107,0.00205232246678862,0.01,TRUE,FALSE,"monte_carlo_diagnostic_available",7.05607974343962,0.312243934206868,-0.0868486473413252,0.312587872603463,-0.277837545705102,-0.165760690256218,0.0167347350112153,-9.90518763190024,0.987841310651607,0.976793734839879,"Independent-stream Monte Carlo diagnostics; finite-n departures from an asymptotic limit are possible; no hypothesis-test or coverage certification"
"strong_d3_m3_n800","self_normalized","PATT","oracle",800,3,3,"strong",1000,1000,0,"within_declared_theorem_scope",1.5,-0.00232492328832705,0.00307984865810525,0,1.5,-0.00232492328832705,0.00307984865810525,0.097393366082258,0.00209337304372092,0.00948546775683273,0.000407761294387684,0.097372416820024,0.00209627815512892,7.44476281383683,0.00965832432541404,7.44476281383683,1.15463194561016e-17,4.80253664481602e-17,0.00930595351729604,1.20729054067676e-05,0.981074814217003,0.0422325578025584,1000,0.949,0.00695693898205238,0.378065725124031,0.000245186661312011,78.9149999999997,0,0,"bias_corrected",1.5,0,7.41242362252178,0.0164769280876907,0.0164769280876907,"M3_d3","monte_carlo_precision_estimated","monte_carlo_estimate",6e+05,934107,0.0022228799818763,0.01,TRUE,FALSE,"monte_carlo_diagnostic_available",7.58837420546618,0.326209035510147,0.175950582944407,0.326624898021672,0.538693112527914,0.032339191315053,0.0190990153668144,1.69323866670342,1.02373725408918,1.00436283636256,"Independent-stream Monte Carlo diagnostics; finite-n departures from an asymptotic limit are possible; no hypothesis-test or coverage certification"
"strong_d3_m3_n800","self_normalized","PATT","raw",800,3,3,"strong",1000,1000,0,"point_estimate_only",1.5,-0.00117818432006618,0.00308925292372224,0,1.5,-0.00117818432006618,0.00308925292372224,0.0976907550729669,0.002098207492405,0.00954348362672642,0.000409950948465602,0.0976490054296087,0.00209890438709825,NA,NA,NA,NA,NA,NA,NA,NA,NA,0,NA,NA,NA,NA,0,0,0,"raw_point_only",1.5,0,NA,NA,NA,"M3_d3","monte_carlo_precision_estimated","monte_carlo_estimate",6e+05,934107,NA,0.01,NA,FALSE,"not_applicable",7.63478690138114,0.327960758772482,NA,NA,NA,NA,NA,NA,NA,NA,"Independent-stream Monte Carlo diagnostics; finite-n departures from an asymptotic limit are possible; no hypothesis-test or coverage certification"
"strong_d3_m3_n800","self_normalized","PATT","polynomial",800,3,3,"strong",1000,1000,0,"within_declared_theorem_scope",1.5,-0.00253058498296717,0.00308863487614022,0,1.5,-0.00253058498296717,0.00308863487614022,0.0976712106923514,0.00210258635658981,0.0095396653981097,0.000410724310066693,0.0976551565103841,0.00210554610148628,7.40994610785188,0.0107722213300792,7.40994610785188,1.07469588783715e-16,4.94952473331442e-17,0.00926243263481485,1.3465276662599e-05,0.97093894264365,0.0419098536523285,1000,0.945,0.00720936890441875,0.377160510532403,0.000273931593347343,80.4469999999996,0,0,"bias_corrected",1.5,0,7.41242362252178,0.0164769280876907,0.0164769280876907,"M3_d3","monte_carlo_precision_estimated","monte_carlo_estimate",6e+05,934107,0.0022228799818763,0.01,TRUE,FALSE,"monte_carlo_diagnostic_available",7.63173231848776,0.328579448053354,0.219308695965983,0.328992314260157,0.666607353606932,-0.00247751466989676,0.0196857794255433,-0.125853013809657,1.02958663820827,0.999665761861968,"Independent-stream Monte Carlo diagnostics; finite-n departures from an asymptotic limit are possible; no hypothesis-test or coverage certification"
"strong_d3_m3_n800","stabilized","PATT","oracle",800,3,3,"strong",1000,1000,0,"within_declared_theorem_scope",1.5,-0.00285553999828302,0.00320002444753179,0,1.5,-0.00285553999828302,0.00320002444753179,0.101193658224224,0.00219302181393321,0.0102401564648011,0.000443839799834852,0.101183350493142,0.00219615267876581,7.93860467191841,0.0120967816249296,7.93860467191841,-3.28626015289046e-17,5.31068771834647e-17,0.00992325583989801,1.5120977031162e-05,0.969053146209982,0.0419952711925214,1000,0.948,0.00702111102319284,0.390372390185418,0.00029765800162714,79.1079999999997,0,0,"bias_corrected",1.5,0,7.91141119991532,0.019716499294145,0.019716499294145,"M3_d3","monte_carlo_precision_estimated","monte_carlo_estimate",6e+05,934107,0.00249215959023291,0.01,TRUE,FALSE,"monte_carlo_diagnostic_available",8.19212517184088,0.355071839867882,0.280713971925556,0.35561882938278,0.789367572051146,0.0271934720030851,0.0231316335371555,1.17559669789015,1.03548216175751,1.00343724669543,"Independent-stream Monte Carlo diagnostics; finite-n departures from an asymptotic limit are possible; no hypothesis-test or coverage certification"
"strong_d3_m3_n800","stabilized","PATT","raw",800,3,3,"strong",1000,1000,0,"point_estimate_only",1.5,0.000702372524214719,0.00361696699739237,0,1.5,0.000702372524214719,0.00361696699739237,0.114378539334202,0.00255025472293053,0.0130824502602256,0.000583388820277888,0.114323493373533,0.00254687233957089,NA,NA,NA,NA,NA,NA,NA,NA,NA,0,NA,NA,NA,NA,0,0,0,"raw_point_only",1.5,0,NA,NA,NA,"M3_d3","monte_carlo_precision_estimated","monte_carlo_estimate",6e+05,934107,NA,0.01,NA,FALSE,"not_applicable",10.4659602081805,0.46671105622231,NA,NA,NA,NA,NA,NA,NA,NA,"Independent-stream Monte Carlo diagnostics; finite-n departures from an asymptotic limit are possible; no hypothesis-test or coverage certification"
"strong_d3_m3_n800","stabilized","PATT","polynomial",800,3,3,"strong",1000,1000,0,"within_declared_theorem_scope",1.5,-0.00304217701075143,0.00320157805934796,0,1.5,-0.00304217701075143,0.00320157805934796,0.101242787743613,0.00218691355893023,0.0102501020700982,0.000442818450520805,0.101237872404515,0.00218997778281251,7.86938156540418,0.0123035556658475,7.86938156540418,2.04281036531029e-17,4.81537740698735e-17,0.00983672695675522,1.53794445823093e-05,0.959671122246782,0.0415550573746297,1000,0.946,0.00714730718522718,0.388661190784967,0.000303474898094702,81.0510000000004,0,0,"bias_corrected",1.5,0,7.91141119991532,0.019716499294145,0.019716499294145,"M3_d3","monte_carlo_precision_estimated","monte_carlo_estimate",6e+05,934107,0.00249215959023291,0.01,TRUE,FALSE,"monte_carlo_diagnostic_available",8.20008165607856,0.354254760416644,0.288670456163235,0.354803009601483,0.813607687509392,-0.0420296345111444,0.0232404351602682,-1.80847020381951,1.03648785897595,0.994687466818613,"Independent-stream Monte Carlo diagnostics; finite-n departures from an asymptotic limit are possible; no hypothesis-test or coverage certification"
"weak_d3_m3_n800","self_normalized","PATE","oracle",800,3,3,"weak",1000,1000,0,"assumption_failure_diagnostic",-0.0238756613756613,0.0016271731216262,0.00139889018886149,0,0,-0.0222484882540351,0.00139889018886149,0.044236791932654,0.000939608050937706,0.00195689376049293,8.31304916951558e-05,0.0494967887475781,0.00104055270636516,1.29913510236695,0.000659489921723583,1.29913510236695,-2.02060590481778e-17,2.83479034805787e-17,0.00162391887795869,8.2436240215448e-07,0.829845191774558,0.0353326230825382,1000,0.899,0.00952885092757778,0.157959694516262,4.00812442371157e-05,205.397,0,0,"original_weak_variance_not_established",-0.0238756613756613,-0.0238756613756614,NA,NA,NA,"M3_d3","monte_carlo_precision_estimated","monte_carlo_estimate",6e+05,934107,NA,0.01,NA,FALSE,"not_applicable",1.56551500839434,0.0665043933561246,NA,NA,NA,NA,NA,NA,NA,NA,"Independent-stream Monte Carlo diagnostics; finite-n departures from an asymptotic limit are possible; no hypothesis-test or coverage certification"
"weak_d3_m3_n800","self_normalized","PATE","raw",800,3,3,"weak",1000,1000,0,"point_estimate_only",-0.0238756613756613,0.0016271731216262,0.00139889018886149,0,0,-0.0222484882540351,0.00139889018886149,0.044236791932654,0.000939608050937706,0.00195689376049293,8.31304916951558e-05,0.0494967887475781,0.00104055270636516,NA,NA,NA,NA,NA,NA,NA,NA,NA,0,NA,NA,NA,NA,0,0,0,"raw_point_only",-0.0238756613756613,-0.0238756613756614,NA,NA,NA,"M3_d3","monte_carlo_precision_estimated","monte_carlo_estimate",6e+05,934107,NA,0.01,NA,FALSE,"not_applicable",1.56551500839434,0.0665043933561246,NA,NA,NA,NA,NA,NA,NA,NA,"Independent-stream Monte Carlo diagnostics; finite-n departures from an asymptotic limit are possible; no hypothesis-test or coverage certification"
"weak_d3_m3_n800","self_normalized","PATE","polynomial",800,3,3,"weak",1000,1000,0,"assumption_failure_diagnostic",-0.0238756613756613,0.0016271731216262,0.00139889018886149,0,0,-0.0222484882540351,0.00139889018886149,0.044236791932654,0.000939608050937706,0.00195689376049293,8.31304916951558e-05,0.0494967887475781,0.00104055270636516,1.2974030395446,0.000956884174784036,1.2974030395446,0,1.99940139507303e-17,0.00162175379943075,1.19610521848004e-06,0.828738806455309,0.0352798920296687,1000,0.898,0.00957057991973318,0.157848721000973,5.81929209000859e-05,206.379,0,0,"original_weak_variance_not_established",-0.0238756613756613,-0.0238756613756614,NA,NA,NA,"M3_d3","monte_carlo_precision_estimated","monte_carlo_estimate",6e+05,934107,NA,0.01,NA,FALSE,"not_applicable",1.56551500839434,0.0665043933561246,NA,NA,NA,NA,NA,NA,NA,NA,"Independent-stream Monte Carlo diagnostics; finite-n departures from an asymptotic limit are possible; no hypothesis-test or coverage certification"
"weak_d3_m3_n800","stabilized","PATE","oracle",800,3,3,"weak",1000,1000,0,"within_declared_theorem_scope",0,0.00160444990634822,0.0013396841437256,0,0,0.00160444990634822,0.0013396841437256,0.0423645323938526,0.000912589150540706,0.00179475360494979,7.73228252607204e-05,0.0423737313774327,0.000913850333633878,1.37944935505476,0.00121877755562486,1.39331815278204,0.0138687977272784,0.000945606018998845,0.00172431169381845,1.52347194453108e-06,0.96075120788889,0.041467310573127,1000,0.949,0.00695693898205238,0.162758509739417,7.18479847773744e-05,209.142999999999,0,0,"bias_corrected",5.55111512312578e-17,0,1.37394705870603,0.00317062623784224,0.00317062623784224,"M3_d3","monte_carlo_precision_estimated","monte_carlo_estimate",6e+05,934107,0.00230767715375314,0.01,TRUE,FALSE,"monte_carlo_diagnostic_available",1.43580288395983,0.0618582602085763,0.0618558252537971,0.0619394642112121,0.998649666113839,0.00550229634872501,0.00339680577457536,1.61984426366352,1.04502053034857,1.00400473680107,"Independent-stream Monte Carlo diagnostics; finite-n departures from an asymptotic limit are possible; no hypothesis-test or coverage certification"
"weak_d3_m3_n800","stabilized","PATE","raw",800,3,3,"weak",1000,1000,0,"point_estimate_only",0,0.00194368501634898,0.00165459350057571,0,0,0.00194368501634898,0.00165459350057571,0.0523228406353037,0.00113766935560466,0.00273767965214739,0.000119052184777943,0.0523327802045527,0.0011392354693805,NA,NA,NA,NA,NA,NA,NA,NA,NA,0,NA,NA,NA,NA,0,0,0,"raw_point_only",5.55111512312578e-17,0,NA,NA,NA,"M3_d3","monte_carlo_precision_estimated","monte_carlo_estimate",6e+05,934107,NA,0.01,NA,FALSE,"not_applicable",2.19014372171791,0.0952417478223544,NA,NA,NA,NA,NA,NA,NA,NA,"Independent-stream Monte Carlo diagnostics; finite-n departures from an asymptotic limit are possible; no hypothesis-test or coverage certification"
"weak_d3_m3_n800","stabilized","PATE","polynomial",800,3,3,"weak",1000,1000,0,"within_declared_theorem_scope",0,0.00138972383177334,0.00133995843443934,0,0,0.00138972383177334,0.00133995843443934,0.0423732062278172,0.000910180838755723,0.00179548860602513,7.71345607704078e-05,0.042374809141136,0.000910275862185723,1.37924386352504,0.00195802627995091,1.39263144633771,0.0133875828126733,0.000554473117167411,0.00172405482940629,2.44753284993863e-06,0.960214853840272,0.0412922291955643,1000,0.949,0.00695693898205238,0.162721402684072,0.00011532968653936,211.298999999999,0,0,"bias_corrected",5.55111512312578e-17,0,1.37394705870603,0.00317062623784224,0.00317062623784224,"M3_d3","monte_carlo_precision_estimated","monte_carlo_estimate",6e+05,934107,0.00230767715375314,0.01,TRUE,FALSE,"monte_carlo_diagnostic_available",1.4363908848201,0.0617076486163262,0.0624438261140692,0.0617890505550626,1.01059695129031,0.00529680481900496,0.0037264913327515,1.42139195989864,1.04544849506274,1.00385517388421,"Independent-stream Monte Carlo diagnostics; finite-n departures from an asymptotic limit are possible; no hypothesis-test or coverage certification"
"weak_d3_m3_n800","self_normalized","PATT","oracle",800,3,3,"weak",1000,1000,0,"assumption_failure_diagnostic",0.062962962962963,0.000967492786894029,0.00144659169383301,0,0,0.063930455749857,0.00144659169383301,0.0457452459679326,0.000968557526371006,0.00209262752866666,8.86138045558681e-05,0.078597952094965,0.00129086927267721,1.43226330284094,0.00212043320157567,1.43226330284094,1.99840144432528e-17,2.8268735860136e-17,0.00179032912855117,2.65054150196958e-06,0.85554122939972,0.0361833295400965,1000,0.651,0.0150731217735411,0.165815773346576,0.000122665592561456,99.1200000000004,0,0,"original_weak_variance_not_established",0.062962962962963,0.0629629629629629,NA,NA,NA,"M3_d3","monte_carlo_precision_estimated","monte_carlo_estimate",6e+05,934107,NA,0.01,NA,FALSE,"not_applicable",1.67410202293333,0.0708910436446945,NA,NA,NA,NA,NA,NA,NA,NA,"Independent-stream Monte Carlo diagnostics; finite-n departures from an asymptotic limit are possible; no hypothesis-test or coverage certification"
"weak_d3_m3_n800","self_normalized","PATT","raw",800,3,3,"weak",1000,1000,0,"point_estimate_only",0.062962962962963,0.000967492786894029,0.00144659169383301,0,0,0.063930455749857,0.00144659169383301,0.0457452459679326,0.000968557526371006,0.00209262752866666,8.86138045558681e-05,0.078597952094965,0.00129086927267721,NA,NA,NA,NA,NA,NA,NA,NA,NA,0,NA,NA,NA,NA,0,0,0,"raw_point_only",0.062962962962963,0.0629629629629629,NA,NA,NA,"M3_d3","monte_carlo_precision_estimated","monte_carlo_estimate",6e+05,934107,NA,0.01,NA,FALSE,"not_applicable",1.67410202293333,0.0708910436446945,NA,NA,NA,NA,NA,NA,NA,NA,"Independent-stream Monte Carlo diagnostics; finite-n departures from an asymptotic limit are possible; no hypothesis-test or coverage certification"
"weak_d3_m3_n800","self_normalized","PATT","polynomial",800,3,3,"weak",1000,1000,0,"assumption_failure_diagnostic",0.062962962962963,0.000967492786894026,0.00144659169383301,0,0,0.063930455749857,0.00144659169383301,0.0457452459679326,0.000968557526371006,0.00209262752866666,8.86138045558681e-05,0.078597952094965,0.00129086927267721,1.42900781948953,0.00190846869634066,1.42900781948953,1.99840144432528e-17,2.8268735860136e-17,0.00178625977436191,2.38558587042582e-06,0.853596614730596,0.0361995556501837,1000,0.651,0.0150731217735411,0.16563565576582,0.000110522483417771,99.5330000000005,0,0,"original_weak_variance_not_established",0.062962962962963,0.0629629629629629,NA,NA,NA,"M3_d3","monte_carlo_precision_estimated","monte_carlo_estimate",6e+05,934107,NA,0.01,NA,FALSE,"not_applicable",1.67410202293333,0.0708910436446945,NA,NA,NA,NA,NA,NA,NA,NA,"Independent-stream Monte Carlo diagnostics; finite-n departures from an asymptotic limit are possible; no hypothesis-test or coverage certification"
"weak_d3_m3_n800","stabilized","PATT","oracle",800,3,3,"weak",1000,1000,0,"within_declared_theorem_scope",0,0.00110566211870684,0.00143258689137583,0,0,0.00110566211870684,0.00143258689137583,0.0453023752284786,0.000946081282479808,0.00205230520134187,8.5719458511081e-05,0.0452932156604195,0.000943903774534077,1.55699267286997,0.00354709954722505,1.55699267286997,-9.99200722162641e-18,2.23517516579581e-17,0.00194624084108747,4.43387443403132e-06,0.948319401916901,0.0395324355490587,1000,0.949,0.00695693898205238,0.172820667076433,0.000196651691848685,99.5499999999996,0,0,"bias_corrected",5.55111512312578e-17,0,1.54503908979648,0.00543535926487241,0.00543535926487241,"M3_d3","monte_carlo_precision_estimated","monte_carlo_estimate",6e+05,934107,0.00351794287974189,0.01,TRUE,FALSE,"monte_carlo_diagnostic_available",1.6418441610735,0.0685755668088648,0.0968050712770192,0.0687906352165417,1.40724200281466,0.0119535830734929,0.00649038100084722,1.84173826959197,1.06265541882812,1.00773675122684,"Independent-stream Monte Carlo diagnostics; finite-n departures from an asymptotic limit are possible; no hypothesis-test or coverage certification"
"weak_d3_m3_n800","stabilized","PATT","raw",800,3,3,"weak",1000,1000,0,"point_estimate_only",0,0.00128223673065017,0.00170863079528492,0,0,0.00128223673065017,0.00170863079528492,0.0540316499340525,0.00113452728802459,0.00291941919459599,0.000122600762534349,0.0540198473381296,0.00113241340031393,NA,NA,NA,NA,NA,NA,NA,NA,NA,0,NA,NA,NA,NA,0,0,0,"raw_point_only",5.55111512312578e-17,0,NA,NA,NA,"M3_d3","monte_carlo_precision_estimated","monte_carlo_estimate",6e+05,934107,NA,0.01,NA,FALSE,"not_applicable",2.33553535567679,0.0980806100274792,NA,NA,NA,NA,NA,NA,NA,NA,"Independent-stream Monte Carlo diagnostics; finite-n departures from an asymptotic limit are possible; no hypothesis-test or coverage certification"
"weak_d3_m3_n800","stabilized","PATT","polynomial",800,3,3,"weak",1000,1000,0,"within_declared_theorem_scope",0,0.0015605204208514,0.00143353685003034,0,0,0.0015605204208514,0.00143353685003034,0.045332415558791,0.000948653231764029,0.00205502790039492,8.60094850470341e-05,0.0453366087889072,0.000947579345444955,1.55468898804372,0.00293560340819709,1.55468898804372,-3.01980662698043e-17,2.24338816039713e-17,0.00194336123505465,3.66950426024636e-06,0.945661727843786,0.0396151285462112,1000,0.946,0.00714730718522718,0.1727277628513,0.000162834542576818,100.92,0,0,"bias_corrected",5.55111512312578e-17,0,1.54503908979648,0.00543535926487241,0.00543535926487241,"M3_d3","monte_carlo_precision_estimated","monte_carlo_estimate",6e+05,934107,0.00351794287974189,0.01,TRUE,FALSE,"monte_carlo_diagnostic_available",1.64402232031594,0.0688075880376273,0.0989832305194591,0.0690219334841763,1.43408371111701,0.00964989824724305,0.00617745074512559,1.56211658261419,1.06406519496701,1.00624573081094,"Independent-stream Monte Carlo diagnostics; finite-n departures from an asymptotic limit are possible; no hypothesis-test or coverage certification"
"strong_d5_m1_n800","self_normalized","PATE","oracle",800,5,1,"strong",1000,1000,0,"within_declared_theorem_scope",1.5,0.00463973639281288,0.00268359868912491,0,1.5,0.00463973639281288,0.00268359868912491,0.0848628418347684,0.00185348639859636,0.00720170192427292,0.000314584246173954,0.0849472034627594,0.0018540850220173,6.03494518625862,0.00705327181579824,6.03494518625862,-9.76996261670138e-18,5.80596475608823e-17,0.00754368148282327,8.8165897697478e-06,1.0474859362615,0.0458943886223668,1000,0.954,0.00662449998113065,0.340404869931314,0.000198824417484415,250.087,0,0,"bias_corrected",1.5,0,5.98077792025315,0.000830670795035252,0.000830670795035252,"M1_d5","monte_carlo_precision_estimated","monte_carlo_estimate",2e+05,934104,0.000138890091909664,0.01,TRUE,FALSE,"monte_carlo_diagnostic_available",5.76136153941834,0.251667396939163,-0.219416380834813,0.251668767820133,-0.871845889878674,0.0541672660054706,0.00710201783138132,7.62702478246738,0.963313070011881,1.00905689305434,"Independent-stream Monte Carlo diagnostics; finite-n departures from an asymptotic limit are possible; no hypothesis-test or coverage certification"
"strong_d5_m1_n800","self_normalized","PATE","raw",800,5,1,"strong",1000,1000,0,"point_estimate_only",1.5,0.00519679001944885,0.00269704753572875,0,1.5,0.00519679001944885,0.00269704753572875,0.085288131706472,0.00186275125652325,0.00727406540998051,0.000317741149005502,0.0854037351119772,0.00186450186745319,NA,NA,NA,NA,NA,NA,NA,NA,NA,0,NA,NA,NA,NA,0,0,0,"raw_point_only",1.5,0,NA,NA,NA,"M1_d5","monte_carlo_precision_estimated","monte_carlo_estimate",2e+05,934104,NA,0.01,NA,FALSE,"not_applicable",5.81925232798441,0.254192919204402,NA,NA,NA,NA,NA,NA,NA,NA,"Independent-stream Monte Carlo diagnostics; finite-n departures from an asymptotic limit are possible; no hypothesis-test or coverage certification"
"strong_d5_m1_n800","self_normalized","PATE","polynomial",800,5,1,"strong",1000,1000,0,"within_declared_theorem_scope",1.5,0.00494633649762215,0.00268637708805764,0,1.5,0.00494633649762215,0.00268637708805764,0.0849507025235286,0.00187137016245549,0.00721662185924105,0.000317948419964327,0.0850521691794484,0.00187289971587741,5.8921499735967,0.00751620715155003,5.8921499735967,-7.01660951563099e-17,5.4291575948123e-17,0.00736518746699588,9.39525893943754e-06,1.02058658616907,0.0451414077262806,1000,0.951,0.00682634602111555,0.336342580231953,0.000214411146353563,255.618,0,0,"bias_corrected",1.5,0,5.98077792025315,0.000830670795035252,0.000830670795035252,"M1_d5","monte_carlo_precision_estimated","monte_carlo_estimate",2e+05,934104,0.000138890091909664,0.01,TRUE,FALSE,"monte_carlo_diagnostic_available",5.77329748739284,0.254358735971462,-0.207480432860309,0.254360092347383,-0.815695697173083,-0.088627946656449,0.0075619695790671,-11.720219941348,0.965308788317034,0.985181200867479,"Independent-stream Monte Carlo diagnostics; finite-n departures from an asymptotic limit are possible; no hypothesis-test or coverage certification"
"strong_d5_m1_n800","stabilized","PATE","oracle",800,5,1,"strong",1000,1000,0,"within_declared_theorem_scope",1.5,0.00458601771372544,0.00316100935567911,0,1.5,0.00458601771372544,0.00316100935567911,0.0999598926904728,0.00213408827949399,0.00999198014669083,0.000426646470820429,0.100015097485403,0.00213116715385719,8.49196562813148,0.0121191011142139,8.49055037225294,-0.0014152558785404,0.00844938944215635,0.0106149570351644,1.51488763927675e-05,1.06234769078077,0.0454682550252931,1000,0.959,0.00627048642451286,0.403763508318847,0.000287738561234348,250.987,0,0,"bias_corrected",1.5,0,8.38989591986614,0.00148902158471745,0.00148902158471745,"M1_d5","monte_carlo_precision_estimated","monte_carlo_estimate",2e+05,934104,0.000177477956692126,0.01,TRUE,FALSE,"monte_carlo_diagnostic_available",7.99358411735266,0.341317176656343,-0.396311802513479,0.341320424624629,-1.16111364548233,0.102069708265336,0.0122102332940978,8.35935774582413,0.952763203942129,1.01216578956881,"Independent-stream Monte Carlo diagnostics; finite-n departures from an asymptotic limit are possible; no hypothesis-test or coverage certification"
"strong_d5_m1_n800","stabilized","PATE","raw",800,5,1,"strong",1000,1000,0,"point_estimate_only",1.5,0.00506448421491941,0.00376083471247423,0,1.5,0.00506448421491941,0.00376083471247423,0.11892803594843,0.00246490887616653,0.0141438777345511,0.000586293542868676,0.118976396218661,0.0024553202169346,NA,NA,NA,NA,NA,NA,NA,NA,NA,0,NA,NA,NA,NA,0,0,0,"raw_point_only",1.5,0,NA,NA,NA,"M1_d5","monte_carlo_precision_estimated","monte_carlo_estimate",2e+05,934104,NA,0.01,NA,FALSE,"not_applicable",11.3151021876409,0.469034834294941,NA,NA,NA,NA,NA,NA,NA,NA,"Independent-stream Monte Carlo diagnostics; finite-n departures from an asymptotic limit are possible; no hypothesis-test or coverage certification"
"strong_d5_m1_n800","stabilized","PATE","polynomial",800,5,1,"strong",1000,1000,0,"within_declared_theorem_scope",1.5,0.00559426099403329,0.00313099554696337,0,1.5,0.00559426099403329,0.00313099554696337,0.0990107727224894,0.00214319029028459,0.00980313311510446,0.000424397853464828,0.0991192500882584,0.00214302945862361,7.99560679912197,0.0130489277216483,7.97841704175931,-0.0171897573626538,0.0064076455484374,0.00999450849890246,1.63111596520603e-05,1.01952185913941,0.044323402955798,1000,0.955,0.00655553201502365,0.391755321342689,0.000319125943004972,258.149,0,0,"bias_corrected",1.5,0,8.38989591986614,0.00148902158471745,0.00148902158471745,"M1_d5","monte_carlo_precision_estimated","monte_carlo_estimate",2e+05,934104,0.000177477956692126,0.01,TRUE,FALSE,"monte_carlo_diagnostic_available",7.84250649208357,0.339518282771862,-0.547389427782576,0.339521547948925,-1.61223766529517,-0.394289120744173,0.0131336095558135,-30.0213828550769,0.934756112231806,0.953004289384502,"Independent-stream Monte Carlo diagnostics; finite-n departures from an asymptotic limit are possible; no hypothesis-test or coverage certification"
"strong_d5_m1_n800","self_normalized","PATT","oracle",800,5,1,"strong",1000,1000,0,"within_declared_theorem_scope",1.5,0.00673064125719849,0.00304719142984361,0,1.5,0.00673064125719849,0.00304719142984361,0.0963606538485099,0.00210113586126669,0.00928537561011234,0.00040493365083242,0.0965473550452592,0.00211129645139965,7.79417102621684,0.0126775123237012,7.79417102621684,-3.37507799486048e-17,5.56405358021831e-17,0.00974271378277105,1.58468904046266e-05,1.04925359962398,0.0458703047790645,1000,0.953,0.00669260786241059,0.386790374926162,0.000313431487046864,108.735,0,0,"bias_corrected",1.5,0,7.71846723650011,0.00108252311055126,0.00108252311055126,"M1_d5","monte_carlo_precision_estimated","monte_carlo_estimate",2e+05,934104,0.000140251046921865,0.01,TRUE,FALSE,"monte_carlo_diagnostic_available",7.42830048808987,0.323946920665936,-0.290166748410241,0.323948729377393,-0.895718124803025,0.0757037897167274,0.0127236462935148,5.9498502214191,0.962406169577548,1.00980813772956,"Independent-stream Monte Carlo diagnostics; finite-n departures from an asymptotic limit are possible; no hypothesis-test or coverage certification"
"strong_d5_m1_n800","self_normalized","PATT","raw",800,5,1,"strong",1000,1000,0,"point_estimate_only",1.5,0.00911434663036368,0.00305909930637695,0,1.5,0.00911434663036368,0.00305909930637695,0.0967372139679243,0.00210474656328646,0.00935808856627596,0.000407214637281792,0.097117463888881,0.00212456958391919,NA,NA,NA,NA,NA,NA,NA,NA,NA,0,NA,NA,NA,NA,0,0,0,"raw_point_only",1.5,0,NA,NA,NA,"M1_d5","monte_carlo_precision_estimated","monte_carlo_estimate",2e+05,934104,NA,0.01,NA,FALSE,"not_applicable",7.48647085302077,0.325771709825434,NA,NA,NA,NA,NA,NA,NA,NA,"Independent-stream Monte Carlo diagnostics; finite-n departures from an asymptotic limit are possible; no hypothesis-test or coverage certification"
"strong_d5_m1_n800","self_normalized","PATT","polynomial",800,5,1,"strong",1000,1000,0,"within_declared_theorem_scope",1.5,0.00705682405444163,0.00304881001019119,0,1.5,0.00705682405444163,0.00304881001019119,0.0964118378532532,0.00209544922074155,0.00929524247824199,0.000404052220999719,0.0966216642451324,0.002104162053738,7.85625814361017,0.0141894062843284,7.85625814361017,-7.8159700933611e-17,5.45635844297346e-17,0.00982032267951272,1.77367578554105e-05,1.05648913436092,0.0460897046529302,1000,0.955,0.00655553201502365,0.38829808526411,0.000349542382565823,112.821,0,0,"bias_corrected",1.5,0,7.71846723650011,0.00108252311055126,0.00108252311055126,"M1_d5","monte_carlo_precision_estimated","monte_carlo_estimate",2e+05,934104,0.000140251046921865,0.01,TRUE,FALSE,"monte_carlo_diagnostic_available",7.43619398259359,0.323241776799775,-0.282273253906521,0.323243589456869,-0.873252442162307,0.137790907110058,0.0142306397251359,9.68269239974327,0.963428846005633,1.01785210753483,"Independent-stream Monte Carlo diagnostics; finite-n departures from an asymptotic limit are possible; no hypothesis-test or coverage certification"
"strong_d5_m1_n800","stabilized","PATT","oracle",800,5,1,"strong",1000,1000,0,"within_declared_theorem_scope",1.5,0.00613260485365738,0.00351153096019778,0,1.5,0.00613260485365738,0.00351153096019778,0.111044359084231,0.00231824222928783,0.0123308496844276,0.000514855445106531,0.111158120157883,0.0023243357421113,10.4908809253926,0.0245644274918643,10.4908809253926,3.67705865755852e-16,2.01026450476967e-16,0.0131136011567408,3.07055343648303e-05,1.06347911882356,0.0443550353482455,1000,0.957,0.00641490451994416,0.448583716061017,0.000523793263394304,108.937999999999,0,0,"bias_corrected",1.5,0,10.3390602208585,0.00200266775451983,0.00200266775451983,"M1_d5","monte_carlo_precision_estimated","monte_carlo_estimate",2e+05,934104,0.000193699205898767,0.01,TRUE,FALSE,"monte_carlo_diagnostic_available",9.86467974754208,0.411884356085225,-0.474380473316465,0.411889224750873,-1.1517185806533,0.151820704534057,0.0246459281857684,6.16007250324313,0.954117640947731,1.0146841880491,"Independent-stream Monte Carlo diagnostics; finite-n departures from an asymptotic limit are possible; no hypothesis-test or coverage certification"
"strong_d5_m1_n800","stabilized","PATT","raw",800,5,1,"strong",1000,1000,0,"point_estimate_only",1.5,0.00904353809529606,0.00419461176552368,0,1.5,0.00904353809529606,0.00419461176552368,0.13264527079195,0.00279517233968442,0.0175947678634697,0.000741532783815217,0.132887014703798,0.00277229322643607,NA,NA,NA,NA,NA,NA,NA,NA,NA,0,NA,NA,NA,NA,0,0,0,"raw_point_only",1.5,0,NA,NA,NA,"M1_d5","monte_carlo_precision_estimated","monte_carlo_estimate",2e+05,934104,NA,0.01,NA,FALSE,"not_applicable",14.0758142907758,0.593226227052174,NA,NA,NA,NA,NA,NA,NA,NA,"Independent-stream Monte Carlo diagnostics; finite-n departures from an asymptotic limit are possible; no hypothesis-test or coverage certification"
"strong_d5_m1_n800","stabilized","PATT","polynomial",800,5,1,"strong",1000,1000,0,"within_declared_theorem_scope",1.5,0.00765907950279195,0.0034841496773715,0,1.5,0.00765907950279195,0.0034841496773715,0.110178486894348,0.00231046921687324,0.0121392989743279,0.000509128004662124,0.110389406983567,0.00231695870304523,10.1878485991535,0.0248142249679053,10.1878485991535,-1.20792265079217e-16,1.77612353277037e-16,0.0127348107489419,3.10177812098817e-05,1.04905652096331,0.04408122301148,1000,0.953,0.00669260786241059,0.442033362789225,0.000536468363585062,113.509999999999,0,0,"bias_corrected",1.5,0,10.3390602208585,0.00200266775451983,0.00200266775451983,"M1_d5","monte_carlo_precision_estimated","monte_carlo_estimate",2e+05,934104,0.000193699205898767,0.01,TRUE,FALSE,"monte_carlo_diagnostic_available",9.71143917946232,0.407302403729699,-0.627621041396225,0.407307327164791,-1.54090289945189,-0.151211621705043,0.024894907890828,-6.0739980388019,0.939296122859404,0.98537472280121,"Independent-stream Monte Carlo diagnostics; finite-n departures from an asymptotic limit are possible; no hypothesis-test or coverage certification"
"weak_d5_m1_n800","self_normalized","PATE","oracle",800,5,1,"weak",1000,1000,0,"assumption_failure_diagnostic",-0.0416666666666667,-0.000642311634231173,0.00142441020072883,0,0,-0.0423089783008978,0.00142441020072883,0.0450438055668074,0.00103830357150937,0.00202894441994035,9.35382883887796e-05,0.0617815920836154,0.00117132247709647,1.42417980375827,0.000726478376946431,1.42417980375827,-9.99200722162641e-18,3.31548140240906e-17,0.00178022475469783,9.0809797118303e-07,0.877414254033718,0.0405201374695411,1000,0.819,0.0121753439376471,0.165387011709007,4.21720696250936e-05,227.995,0,0,"original_weak_variance_not_established",-0.0416666666666667,-0.0416666666666667,NA,NA,NA,"M1_d5","monte_carlo_precision_estimated","monte_carlo_estimate",2e+05,934104,NA,0.01,NA,FALSE,"not_applicable",1.62315553595228,0.0748306307110237,NA,NA,NA,NA,NA,NA,NA,NA,"Independent-stream Monte Carlo diagnostics; finite-n departures from an asymptotic limit are possible; no hypothesis-test or coverage certification"
"weak_d5_m1_n800","self_normalized","PATE","raw",800,5,1,"weak",1000,1000,0,"point_estimate_only",-0.0416666666666667,-0.000642311634231173,0.00142441020072883,0,0,-0.0423089783008978,0.00142441020072883,0.0450438055668074,0.00103830357150937,0.00202894441994035,9.35382883887796e-05,0.0617815920836154,0.00117132247709647,NA,NA,NA,NA,NA,NA,NA,NA,NA,0,NA,NA,NA,NA,0,0,0,"raw_point_only",-0.0416666666666667,-0.0416666666666667,NA,NA,NA,"M1_d5","monte_carlo_precision_estimated","monte_carlo_estimate",2e+05,934104,NA,0.01,NA,FALSE,"not_applicable",1.62315553595228,0.0748306307110237,NA,NA,NA,NA,NA,NA,NA,NA,"Independent-stream Monte Carlo diagnostics; finite-n departures from an asymptotic limit are possible; no hypothesis-test or coverage certification"
"weak_d5_m1_n800","self_normalized","PATE","polynomial",800,5,1,"weak",1000,1000,0,"assumption_failure_diagnostic",-0.0416666666666667,-0.000642311634231173,0.00142441020072883,0,0,-0.0423089783008978,0.00142441020072883,0.0450438055668074,0.00103830357150937,0.00202894441994035,9.35382883887796e-05,0.0617815920836154,0.00117132247709647,1.420887143712,0.000848268392754022,1.420887143712,1.99840144432528e-17,3.16069885319867e-17,0.00177610892964,1.06033549094253e-06,0.875385699176627,0.0404740225490289,1000,0.818,0.0122014753206323,0.165193721531677,4.93361701914257e-05,228.091000000001,0,0,"original_weak_variance_not_established",-0.0416666666666667,-0.0416666666666667,NA,NA,NA,"M1_d5","monte_carlo_precision_estimated","monte_carlo_estimate",2e+05,934104,NA,0.01,NA,FALSE,"not_applicable",1.62315553595228,0.0748306307110237,NA,NA,NA,NA,NA,NA,NA,NA,"Independent-stream Monte Carlo diagnostics; finite-n departures from an asymptotic limit are possible; no hypothesis-test or coverage certification"
"weak_d5_m1_n800","stabilized","PATE","oracle",800,5,1,"weak",1000,1000,0,"within_declared_theorem_scope",0,-0.000598501574385673,0.0014587535690328,0,0,-0.000598501574385673,0.0014587535690328,0.0461298382304332,0.00104578186610147,0.00212796197516593,9.64834966151624e-05,0.0461106518857119,0.00104326890051749,1.64026050436404,0.00227306551226258,1.67076512338585,0.0305046190218104,0.00158835165106513,0.00205032563045504,2.84133189032823e-06,0.963516103381107,0.043763842437974,1000,0.944,0.00727076337120113,0.177454019762861,0.00012268592203077,229.076,0,0,"bias_corrected",5.55111512312578e-17,0,1.61089244035878,0.000322050625388999,0.000322050625388999,"M1_d5","monte_carlo_precision_estimated","monte_carlo_estimate",2e+05,934104,0.000199920626182386,0.01,TRUE,FALSE,"monte_carlo_diagnostic_available",1.70236958013274,0.0771867972921299,0.0914771397739602,0.0771874691437779,1.18512941010625,0.029368064005256,0.00229576641415258,12.792270077745,1.05678662180175,1.01823092794371,"Independent-stream Monte Carlo diagnostics; finite-n departures from an asymptotic limit are possible; no hypothesis-test or coverage certification"
"weak_d5_m1_n800","stabilized","PATE","raw",800,5,1,"weak",1000,1000,0,"point_estimate_only",0,-0.000589495184585901,0.00184790554538696,0,0,-0.000589495184585901,0.00184790554538696,0.0584359042427846,0.00130832125212713,0.00341475490467189,0.000152905870816203,0.0584096537769217,0.00130568873153982,NA,NA,NA,NA,NA,NA,NA,NA,NA,0,NA,NA,NA,NA,0,0,0,"raw_point_only",5.55111512312578e-17,0,NA,NA,NA,"M1_d5","monte_carlo_precision_estimated","monte_carlo_estimate",2e+05,934104,NA,0.01,NA,FALSE,"not_applicable",2.73180392373751,0.122324696652962,NA,NA,NA,NA,NA,NA,NA,NA,"Independent-stream Monte Carlo diagnostics; finite-n departures from an asymptotic limit are possible; no hypothesis-test or coverage certification"
"weak_d5_m1_n800","stabilized","PATE","polynomial",800,5,1,"weak",1000,1000,0,"within_declared_theorem_scope",0,-0.000837740622922361,0.00145975449546797,0,0,-0.000837740622922361,0.00145975449546797,0.0461614903034872,0.00104770352367803,0.00213088318703894,9.67271120983851e-05,0.0461460086378356,0.00104494410982271,1.64374719502331,0.00294742442568368,1.67574823681432,0.0320010417910091,0.00126343474647376,0.00205468399377914,3.6842805321046e-06,0.964240558223331,0.0438908393330004,1000,0.945,0.00720936890441875,0.177614280677064,0.000158518877018668,230.405,0,0,"bias_corrected",5.55111512312578e-17,0,1.61089244035878,0.000322050625388999,0.000322050625388999,"M1_d5","monte_carlo_precision_estimated","monte_carlo_estimate",2e+05,934104,0.000199920626182386,0.01,TRUE,FALSE,"monte_carlo_diagnostic_available",1.70470654963115,0.0773816896787081,0.0938141092723681,0.0773823598382551,1.21234489964455,0.0328547546645261,0.00296496666936244,11.0809861722968,1.05823735149659,1.02039537453985,"Independent-stream Monte Carlo diagnostics; finite-n departures from an asymptotic limit are possible; no hypothesis-test or coverage certification"
"weak_d5_m1_n800","self_normalized","PATT","oracle",800,5,1,"weak",1000,1000,0,"assumption_failure_diagnostic",0.166666666666667,-0.00286596370814107,0.00154367236942185,0,0,0.163800702958526,0.00154367236942185,0.0488152064844191,0.0010859443683016,0.00238292438411647,0.00010602119713847,0.170912877658296,0.00152791192502009,1.81725969679147,0.00238981270560064,1.81725969679147,2.22044604925031e-19,2.45790963824104e-17,0.00227157462098934,2.9872658820008e-06,0.953271801711653,0.0423356354092367,1000,0.081,0.00862780389206894,0.186787593826344,0.000122683750044279,109.646,0,0,"original_weak_variance_not_established",0.166666666666667,0.166666666666667,NA,NA,NA,"M1_d5","monte_carlo_precision_estimated","monte_carlo_estimate",2e+05,934104,NA,0.01,NA,FALSE,"not_applicable",1.90633950729318,0.084816957710776,NA,NA,NA,NA,NA,NA,NA,NA,"Independent-stream Monte Carlo diagnostics; finite-n departures from an asymptotic limit are possible; no hypothesis-test or coverage certification"
"weak_d5_m1_n800","self_normalized","PATT","raw",800,5,1,"weak",1000,1000,0,"point_estimate_only",0.166666666666667,-0.00286596370814107,0.00154367236942185,0,0,0.163800702958526,0.00154367236942185,0.0488152064844191,0.0010859443683016,0.00238292438411647,0.00010602119713847,0.170912877658296,0.00152791192502009,NA,NA,NA,NA,NA,NA,NA,NA,NA,0,NA,NA,NA,NA,0,0,0,"raw_point_only",0.166666666666667,0.166666666666667,NA,NA,NA,"M1_d5","monte_carlo_precision_estimated","monte_carlo_estimate",2e+05,934104,NA,0.01,NA,FALSE,"not_applicable",1.90633950729318,0.084816957710776,NA,NA,NA,NA,NA,NA,NA,NA,"Independent-stream Monte Carlo diagnostics; finite-n departures from an asymptotic limit are possible; no hypothesis-test or coverage certification"
"weak_d5_m1_n800","self_normalized","PATT","polynomial",800,5,1,"weak",1000,1000,0,"assumption_failure_diagnostic",0.166666666666667,-0.00286596370814107,0.00154367236942185,0,0,0.163800702958526,0.00154367236942185,0.0488152064844191,0.0010859443683016,0.00238292438411647,0.00010602119713847,0.170912877658296,0.00152791192502009,1.81278370420307,0.00279639878871116,1.81278370420307,2.99760216648792e-17,2.64325855322991e-17,0.00226597963025384,3.49549848588894e-06,0.950923850273162,0.0424085984309256,1000,0.083,0.00872416185085994,0.186542004979056,0.000144121136211982,110.63,0,0,"original_weak_variance_not_established",0.166666666666667,0.166666666666667,NA,NA,NA,"M1_d5","monte_carlo_precision_estimated","monte_carlo_estimate",2e+05,934104,NA,0.01,NA,FALSE,"not_applicable",1.90633950729318,0.084816957710776,NA,NA,NA,NA,NA,NA,NA,NA,"Independent-stream Monte Carlo diagnostics; finite-n departures from an asymptotic limit are possible; no hypothesis-test or coverage certification"
"weak_d5_m1_n800","stabilized","PATT","oracle",800,5,1,"weak",1000,1000,0,"within_declared_theorem_scope",0,-0.00300465698936723,0.00166589401894313,0,0,-0.00300465698936723,0.00166589401894313,0.0526801944031198,0.00115917405862147,0.0027752028823505,0.000122131029510465,0.0527395074217792,0.0011548152076593,2.13875551123304,0.00623585919356446,2.13875551123304,-2.95319324550292e-17,2.2139141315132e-17,0.0026734443890413,7.79482399195557e-06,0.963332953436901,0.042531459448401,1000,0.945,0.00720936890441875,0.20246632157632,0.000295265861478784,110.015,0,0,"bias_corrected",5.55111512312578e-17,0,2.08147037394839,0.000552086786381142,0.000552086786381142,"M1_d5","monte_carlo_precision_estimated","monte_carlo_estimate",2e+05,934104,0.000265238839471866,0.01,TRUE,FALSE,"monte_carlo_diagnostic_available",2.2201623058804,0.097704823608372,0.138691931932009,0.097706383395164,1.41947667197017,0.0572851372846488,0.00626025076987009,9.1506138316944,1.0666317107694,1.02752147616494,"Independent-stream Monte Carlo diagnostics; finite-n departures from an asymptotic limit are possible; no hypothesis-test or coverage certification"
"weak_d5_m1_n800","stabilized","PATT","raw",800,5,1,"weak",1000,1000,0,"point_estimate_only",0,-0.00342073683304574,0.00205657092408393,0,0,-0.00342073683304574,0.00205657092408393,0.0650344828978244,0.00139771266598358,0.00422948396578742,0.000181799040943964,0.0650919036616889,0.00139130563024487,NA,NA,NA,NA,NA,NA,NA,NA,NA,0,NA,NA,NA,NA,0,0,0,"raw_point_only",5.55111512312578e-17,0,NA,NA,NA,"M1_d5","monte_carlo_precision_estimated","monte_carlo_estimate",2e+05,934104,NA,0.01,NA,FALSE,"not_applicable",3.38358717262994,0.145439232755171,NA,NA,NA,NA,NA,NA,NA,NA,"Independent-stream Monte Carlo diagnostics; finite-n departures from an asymptotic limit are possible; no hypothesis-test or coverage certification"
"weak_d5_m1_n800","stabilized","PATT","polynomial",800,5,1,"weak",1000,1000,0,"within_declared_theorem_scope",0,-0.00254036702042006,0.00166945991152844,0,0,-0.00254036702042006,0.00166945991152844,0.0527929578277308,0.00116671793902411,0.00278709639620056,0.000123188981903514,0.0528276704427027,0.00115938411899074,2.13601901303709,0.0060084591146316,2.13601901303709,1.93178806284777e-17,2.83520049349756e-17,0.00267002376629636,7.5105738932895e-06,0.957994768295851,0.0425816452355037,1000,0.942,0.00739161687318817,0.202353539242844,0.000283321055913245,111.155,0,0,"bias_corrected",5.55111512312578e-17,0,2.08147037394839,0.000552086786381142,0.000552086786381142,"M1_d5","monte_carlo_precision_estimated","monte_carlo_estimate",2e+05,934104,0.000265238839471866,0.01,TRUE,FALSE,"monte_carlo_diagnostic_available",2.22967711696045,0.0985511855228112,0.148206743012057,0.0985527319142968,1.50383190940805,0.0545486390886989,0.00603377002809158,9.04055654006292,1.07120290774589,1.02620678140387,"Independent-stream Monte Carlo diagnostics; finite-n departures from an asymptotic limit are possible; no hypothesis-test or coverage certification"
"strong_d5_m3_n800","self_normalized","PATE","oracle",800,5,3,"strong",1000,1000,0,"within_declared_theorem_scope",1.5,0.00181347108214857,0.0029740435572571,0,1.5,0.00181347108214857,0.0029740435572571,0.0940475150148183,0.00217031097194802,0.00884493508046246,0.000408224707442213,0.0940179707436179,0.00217390678928971,6.56803105012236,0.00619108954655524,6.56803105012235,-1.4210854715202e-17,5.01560018358977e-17,0.00821003881265294,7.73886193319405e-06,0.928219228062856,0.0429487788965184,1000,0.946,0.00714730718522718,0.355142460504009,0.000167226709463078,229.403,0,0,"bias_corrected",1.5,0,6.48586327958643,0.0318528583083668,0.0318528583083668,"M3_d5","monte_carlo_precision_estimated","monte_carlo_estimate",6e+05,934108,0.00491112083855056,0.01,TRUE,FALSE,"monte_carlo_diagnostic_available",7.07594806436997,0.32657976595377,0.590084784783539,0.32812946852246,1.79832913953337,0.0821677705359312,0.0324489471660693,2.53221684251904,1.09098014548669,1.01266874847556,"Independent-stream Monte Carlo diagnostics; finite-n departures from an asymptotic limit are possible; no hypothesis-test or coverage certification"
"strong_d5_m3_n800","self_normalized","PATE","raw",800,5,3,"strong",1000,1000,0,"point_estimate_only",1.5,0.00230968894700792,0.00299621652232623,0,1.5,0.00230968894700792,0.00299621652232623,0.0947486857357964,0.00217273157814242,0.00897731344866071,0.000411726922971315,0.0947294610891669,0.00217899709875568,NA,NA,NA,NA,NA,NA,NA,NA,NA,0,NA,NA,NA,NA,0,0,0,"raw_point_only",1.5,0,NA,NA,NA,"M3_d5","monte_carlo_precision_estimated","monte_carlo_estimate",6e+05,934108,NA,0.01,NA,FALSE,"not_applicable",7.18185075892857,0.329381538377052,NA,NA,NA,NA,NA,NA,NA,NA,"Independent-stream Monte Carlo diagnostics; finite-n departures from an asymptotic limit are possible; no hypothesis-test or coverage certification"
"strong_d5_m3_n800","self_normalized","PATE","polynomial",800,5,3,"strong",1000,1000,0,"within_declared_theorem_scope",1.5,0.00121816021890189,0.00297368311606937,0,1.5,0.00121816021890189,0.00297368311606937,0.0940361168636606,0.00214655297149421,0.00884279127479604,0.000403707012162935,0.093996980791088,0.0021483712033255,6.31548731185662,0.00663472447823277,6.31548731185662,3.5527136788005e-18,5.88774430953927e-17,0.00789435913982078,8.29340559779096e-06,0.892745163206723,0.0408967584045632,1000,0.941,0.00745110730026082,0.348238401744893,0.000182951433326891,234.817,0,0,"bias_corrected",1.5,0,6.48586327958643,0.0318528583083668,0.0318528583083668,"M3_d5","monte_carlo_precision_estimated","monte_carlo_estimate",6e+05,934108,0.00491112083855056,0.01,TRUE,FALSE,"monte_carlo_diagnostic_available",7.07423301983683,0.322965609730348,0.588369740250402,0.324532571017006,1.81297593152698,-0.170375967729809,0.0325365049031846,-5.23645573600419,1.09071571738218,0.973731181126489,"Independent-stream Monte Carlo diagnostics; finite-n departures from an asymptotic limit are possible; no hypothesis-test or coverage certification"
"strong_d5_m3_n800","stabilized","PATE","oracle",800,5,3,"strong",1000,1000,0,"within_declared_theorem_scope",1.5,0.00138575614372326,0.00310554330184566,0,1.5,0.00138575614372326,0.00310554330184566,0.0982059020611207,0.0022466277107365,0.00964439919963843,0.000441264201856776,0.098166568242598,0.00224974445213306,7.18629978833776,0.00775808510105141,7.18919910557004,0.00289931723228039,0.00478910369500874,0.00898287473542221,9.69760637631427e-06,0.931408431927929,0.0427233946890294,1000,0.949,0.00695693898205238,0.371469129875965,0.000200247843195032,232.964999999999,0,0,"bias_corrected",1.5,0,7.09073046392214,0.038130221249801,0.038130221249801,"M3_d5","monte_carlo_precision_estimated","monte_carlo_estimate",6e+05,934108,0.00537747435808041,0.01,TRUE,FALSE,"monte_carlo_diagnostic_available",7.71551935971074,0.353011361485421,0.6247888957886,0.355064691444178,1.75964806088534,0.0955693244156164,0.0389114591989806,2.45607146025817,1.08811347419953,1.01347806476383,"Independent-stream Monte Carlo diagnostics; finite-n departures from an asymptotic limit are possible; no hypothesis-test or coverage certification"
"strong_d5_m3_n800","stabilized","PATE","raw",800,5,3,"strong",1000,1000,0,"point_estimate_only",1.5,0.00303272864873363,0.00358722534649548,0,1.5,0.00303272864873363,0.00358722534649548,0.113438025752124,0.00260237772795203,0.0128681856865396,0.000590417183440354,0.113421845091278,0.00260921301874825,NA,NA,NA,NA,NA,NA,NA,NA,NA,0,NA,NA,NA,NA,0,0,0,"raw_point_only",1.5,0,NA,NA,NA,"M3_d5","monte_carlo_precision_estimated","monte_carlo_estimate",6e+05,934108,NA,0.01,NA,FALSE,"not_applicable",10.2945485492317,0.472333746752283,NA,NA,NA,NA,NA,NA,NA,NA,"Independent-stream Monte Carlo diagnostics; finite-n departures from an asymptotic limit are possible; no hypothesis-test or coverage certification"
"strong_d5_m3_n800","stabilized","PATE","polynomial",800,5,3,"strong",1000,1000,0,"within_declared_theorem_scope",1.5,0.000906832393580603,0.00308072762330385,0,1.5,0.000906832393580603,0.00308072762330385,0.097421161402374,0.00220929280199335,0.0094908826889874,0.000430463741296194,0.0973766612247948,0.00221078920650031,6.82805648621936,0.00770447675787886,6.81631141975647,-0.0117450664628855,0.00262220187869,0.00853507060777419,9.63059594734856e-06,0.899291550371572,0.0409291634684386,1000,0.94,0.00750999334220744,0.362086741996816,0.000204259829959201,239.222,0,2,"bias_corrected",1.5,0,7.09073046392214,0.038130221249801,0.038130221249801,"M3_d5","monte_carlo_precision_estimated","monte_carlo_estimate",6e+05,934108,0.00537747435808041,0.01,TRUE,FALSE,"monte_carlo_diagnostic_available",7.59270615118992,0.344370993036955,0.501975687267775,0.346475532495178,1.44880558708647,-0.262673977702784,0.0389008063498878,-6.75240444478709,1.07079322642735,0.962955300721234,"Independent-stream Monte Carlo diagnostics; finite-n departures from an asymptotic limit are possible; no hypothesis-test or coverage certification"
"strong_d5_m3_n800","self_normalized","PATT","oracle",800,5,3,"strong",1000,1000,0,"within_declared_theorem_scope",1.5,0.0023752400148834,0.00318592026530508,0,1.5,0.0023752400148834,0.00318592026530508,0.10074764482052,0.00227042317165062,0.0101500879368816,0.000457479574579469,0.100725268001992,0.00227466754761904,7.44955519554991,0.00967354572110327,7.44955519554991,-4.70734562441066e-17,5.40103691553354e-17,0.00931194399443739,1.20919321513791e-05,0.917424957531777,0.0413891289693996,1000,0.942,0.00739161687318817,0.378187509890236,0.000245081637411422,99.7809999999999,0,0,"bias_corrected",1.5,0,7.34332565058723,0.0426057839548764,0.0426057839548764,"M3_d5","monte_carlo_precision_estimated","monte_carlo_estimate",6e+05,934108,0.00580197392600577,0.01,TRUE,FALSE,"monte_carlo_diagnostic_available",8.12007034950528,0.365983659663575,0.776744698918052,0.368455278110049,2.108111201181,0.106229544962682,0.0436901626596638,2.4314293766811,1.10577560302748,1.01446613564716,"Independent-stream Monte Carlo diagnostics; finite-n departures from an asymptotic limit are possible; no hypothesis-test or coverage certification"
"strong_d5_m3_n800","self_normalized","PATT","raw",800,5,3,"strong",1000,1000,0,"point_estimate_only",1.5,0.0058033903932082,0.00320811519854992,0,1.5,0.0058033903932082,0.00320811519854992,0.10144951023621,0.00227535673476195,0.010292003127167,0.000461667652708526,0.101564710722257,0.00229156554017538,NA,NA,NA,NA,NA,NA,NA,NA,NA,0,NA,NA,NA,NA,0,0,0,"raw_point_only",1.5,0,NA,NA,NA,"M3_d5","monte_carlo_precision_estimated","monte_carlo_estimate",6e+05,934108,NA,0.01,NA,FALSE,"not_applicable",8.2336025017336,0.369334122166821,NA,NA,NA,NA,NA,NA,NA,NA,"Independent-stream Monte Carlo diagnostics; finite-n departures from an asymptotic limit are possible; no hypothesis-test or coverage certification"
"strong_d5_m3_n800","self_normalized","PATT","polynomial",800,5,3,"strong",1000,1000,0,"within_declared_theorem_scope",1.5,0.00170633471865438,0.00317841991650093,0,1.5,0.00170633471865438,0.00317841991650093,0.100510462965851,0.00226768519704018,0.0101023531656098,0.000455852178030633,0.100474685322305,0.00227020309337734,7.43093849457004,0.0110245721413057,7.43093849457005,4.9737991503207e-17,5.58834551152809e-17,0.00928867311821256,1.37807151766321e-05,0.919456384660246,0.0415914442324934,1000,0.938,0.00762600813007697,0.37769040688233,0.000279742622786387,102.713,0,0,"bias_corrected",1.5,0,7.34332565058723,0.0426057839548764,0.0426057839548764,"M3_d5","monte_carlo_precision_estimated","monte_carlo_estimate",6e+05,934108,0.00580197392600577,0.01,TRUE,FALSE,"monte_carlo_diagnostic_available",8.08188253248784,0.364681742424506,0.738556881900613,0.367162125067638,2.01152796401469,0.0876128439828125,0.0440090219989999,1.99079279664073,1.10057525936379,1.01193094902114,"Independent-stream Monte Carlo diagnostics; finite-n departures from an asymptotic limit are possible; no hypothesis-test or coverage certification"
"strong_d5_m3_n800","stabilized","PATT","oracle",800,5,3,"strong",1000,1000,0,"within_declared_theorem_scope",1.5,0.001954814803381,0.00329820289118235,0,1.5,0.001954814803381,0.00329820289118235,0.104298333214887,0.00233316556835161,0.0108781423114036,0.000486690559786874,0.104264497649045,0.00233698875846398,7.96974077472609,0.0118178956102659,7.96974077472609,-3.64153152077051e-17,4.02862729803663e-17,0.00996217596840761,1.47723695128323e-05,0.915797539986606,0.0409756300632962,1000,0.947,0.00708456067798138,0.39114368398895,0.000289581286445904,100.421,0,0,"bias_corrected",1.5,0,7.84120731164009,0.0512834503901255,0.0512834503901255,"M3_d5","monte_carlo_precision_estimated","monte_carlo_estimate",6e+05,934108,0.00654024926926704,0.01,TRUE,FALSE,"monte_carlo_diagnostic_available",8.70251384912288,0.389352447829499,0.861306537482788,0.392715317901835,2.19320840878961,0.128533463085998,0.0526275112519261,2.44232455665085,1.10984361250138,1.01639205009861,"Independent-stream Monte Carlo diagnostics; finite-n departures from an asymptotic limit are possible; no hypothesis-test or coverage certification"
"strong_d5_m3_n800","stabilized","PATT","raw",800,5,3,"strong",1000,1000,0,"point_estimate_only",1.5,0.00385520962940108,0.00370426973752067,0,1.5,0.00385520962940108,0.00370426973752067,0.117139294381994,0.00267804733299465,0.0137216142883114,0.000627409149817148,0.117144164666063,0.00267680855557974,NA,NA,NA,NA,NA,NA,NA,NA,NA,0,NA,NA,NA,NA,0,0,0,"raw_point_only",1.5,0,NA,NA,NA,"M3_d5","monte_carlo_precision_estimated","monte_carlo_estimate",6e+05,934108,NA,0.01,NA,FALSE,"not_applicable",10.9772914306491,0.501927319853718,NA,NA,NA,NA,NA,NA,NA,NA,"Independent-stream Monte Carlo diagnostics; finite-n departures from an asymptotic limit are possible; no hypothesis-test or coverage certification"
"strong_d5_m3_n800","stabilized","PATT","polynomial",800,5,3,"strong",1000,1000,0,"within_declared_theorem_scope",1.5,0.00143344981148773,0.00327670674817275,0,1.5,0.00143344981148773,0.00327670674817275,0.103618565486697,0.00230163382454861,0.0107368071135208,0.000476983990350772,0.103576662838544,0.00230412227241489,7.86722139404849,0.0123241543144436,7.86722139404849,-7.37188088351104e-17,4.60038165883385e-17,0.00983402674256061,1.54051928930545e-05,0.915917240440749,0.0407914587566864,1000,0.938,0.00762600813007697,0.388607483040795,0.000303894009273432,103.728000000001,0,1,"bias_corrected",1.5,0,7.84120731164009,0.0512834503901255,0.0512834503901255,"M3_d5","monte_carlo_precision_estimated","monte_carlo_estimate",6e+05,934108,0.00654024926926704,0.01,TRUE,FALSE,"monte_carlo_diagnostic_available",8.58944569081664,0.381587192280618,0.748238379176547,0.385017892566724,1.94338599224158,0.0260140824083974,0.0527435025712426,0.493218712072813,1.09542387408452,1.00331761186441,"Independent-stream Monte Carlo diagnostics; finite-n departures from an asymptotic limit are possible; no hypothesis-test or coverage certification"
"weak_d5_m3_n800","self_normalized","PATE","oracle",800,5,3,"weak",1000,1000,0,"assumption_failure_diagnostic",-0.0238756613756613,0.00225586582190566,0.00137131790857964,0,0,-0.0216197955537557,0.00137131790857964,0.0433648798729021,0.000969827709708772,0.00188051280639123,8.41129242578654e-05,0.0484360181411626,0.00107779727625263,1.30092987560883,0.000630442803504057,1.30092987560883,0,1.99940139507303e-17,0.00162616234451104,7.88053504380073e-07,0.864744094793857,0.038766205443927,1000,0.907,0.00918428004799505,0.15806921435598,3.8310173098092e-05,253.053,0,0,"original_weak_variance_not_established",-0.0238756613756613,-0.0238756613756614,NA,NA,NA,"M3_d5","monte_carlo_precision_estimated","monte_carlo_estimate",6e+05,934108,NA,0.01,NA,FALSE,"not_applicable",1.50441024511298,0.0672903394062923,NA,NA,NA,NA,NA,NA,NA,NA,"Independent-stream Monte Carlo diagnostics; finite-n departures from an asymptotic limit are possible; no hypothesis-test or coverage certification"
"weak_d5_m3_n800","self_normalized","PATE","raw",800,5,3,"weak",1000,1000,0,"point_estimate_only",-0.0238756613756613,0.00225586582190566,0.00137131790857964,0,0,-0.0216197955537557,0.00137131790857964,0.0433648798729021,0.000969827709708772,0.00188051280639123,8.41129242578654e-05,0.0484360181411626,0.00107779727625263,NA,NA,NA,NA,NA,NA,NA,NA,NA,0,NA,NA,NA,NA,0,0,0,"raw_point_only",-0.0238756613756613,-0.0238756613756614,NA,NA,NA,"M3_d5","monte_carlo_precision_estimated","monte_carlo_estimate",6e+05,934108,NA,0.01,NA,FALSE,"not_applicable",1.50441024511298,0.0672903394062923,NA,NA,NA,NA,NA,NA,NA,NA,"Independent-stream Monte Carlo diagnostics; finite-n departures from an asymptotic limit are possible; no hypothesis-test or coverage certification"
"weak_d5_m3_n800","self_normalized","PATE","polynomial",800,5,3,"weak",1000,1000,0,"assumption_failure_diagnostic",-0.0238756613756613,0.00225586582190566,0.00137131790857964,0,0,-0.0216197955537557,0.00137131790857964,0.0433648798729021,0.000969827709708772,0.00188051280639123,8.41129242578654e-05,0.0484360181411626,0.00107779727625263,1.3003886187124,0.000931033165652611,1.3003886187124,-9.99200722162641e-18,2.64477049875794e-17,0.0016254857733905,1.16379145706576e-06,0.864384314675242,0.0387484998971731,1000,0.907,0.00918428004799505,0.158030851818992,5.65660808284578e-05,254.448,0,0,"original_weak_variance_not_established",-0.0238756613756613,-0.0238756613756614,NA,NA,NA,"M3_d5","monte_carlo_precision_estimated","monte_carlo_estimate",6e+05,934108,NA,0.01,NA,FALSE,"not_applicable",1.50441024511298,0.0672903394062923,NA,NA,NA,NA,NA,NA,NA,NA,"Independent-stream Monte Carlo diagnostics; finite-n departures from an asymptotic limit are possible; no hypothesis-test or coverage certification"
"weak_d5_m3_n800","stabilized","PATE","oracle",800,5,3,"weak",1000,1000,0,"within_declared_theorem_scope",0,0.00222662416053871,0.00131606894454996,0,0,0.00222662416053871,0.00131606894454996,0.0416177542259172,0.000922680721098251,0.00173203746680885,7.67997989593181e-05,0.0416564915048583,0.000921719072561277,1.38348698278697,0.00122216910578999,1.39599657667793,0.0125095938909602,0.000909679081772157,0.00172935872848371,1.52771138223749e-06,0.99845341779467,0.044400685116906,1000,0.947,0.00708456067798138,0.162996551921053,7.19068783865188e-05,256.937,0,0,"bias_corrected",5.55111512312578e-17,0,1.36265751451042,0.00824693323841207,0.00824693323841207,"M3_d5","monte_carlo_precision_estimated","monte_carlo_estimate",6e+05,934108,0.00605209537289715,0.01,TRUE,FALSE,"monte_carlo_diagnostic_available",1.38562997344708,0.0614398391674545,0.0229724589366564,0.0619908521054639,0.370578208823034,0.0208294682765466,0.00833700216876386,2.49843623102176,1.01685857135196,1.01528591598016,"Independent-stream Monte Carlo diagnostics; finite-n departures from an asymptotic limit are possible; no hypothesis-test or coverage certification"
"weak_d5_m3_n800","stabilized","PATE","raw",800,5,3,"weak",1000,1000,0,"point_estimate_only",0,0.00254999181566665,0.00162539261133279,0,0,0.00254999181566665,0.00162539261133279,0.0513994274382042,0.00113995196872474,0.00264190114097522,0.000117185756999011,0.0514369682047281,0.00113800832097213,NA,NA,NA,NA,NA,NA,NA,NA,NA,0,NA,NA,NA,NA,0,0,0,"raw_point_only",5.55111512312578e-17,0,NA,NA,NA,"M3_d5","monte_carlo_precision_estimated","monte_carlo_estimate",6e+05,934108,NA,0.01,NA,FALSE,"not_applicable",2.11352091278018,0.0937486055992088,NA,NA,NA,NA,NA,NA,NA,NA,"Independent-stream Monte Carlo diagnostics; finite-n departures from an asymptotic limit are possible; no hypothesis-test or coverage certification"
"weak_d5_m3_n800","stabilized","PATE","polynomial",800,5,3,"weak",1000,1000,0,"within_declared_theorem_scope",0,0.00202372538107159,0.00131935419564248,0,0,0.00202372538107159,0.00131935419564248,0.0417216429872962,0.000929712296340645,0.00174069549355941,7.75782490176475e-05,0.041749853442663,0.000927330430487308,1.38478231636523,0.00190931326152894,1.39771466407746,0.0129323477122335,0.000560390787360924,0.00173097789545653,2.38664157691117e-06,0.994417404917272,0.0444002774825511,1000,0.944,0.00727076337120113,0.163050155374972,0.000112163418913037,259.047,0,0,"bias_corrected",5.55111512312578e-17,0,1.36265751451042,0.00824693323841207,0.00824693323841207,"M3_d5","monte_carlo_precision_estimated","monte_carlo_estimate",6e+05,934108,0.00605209537289715,0.01,TRUE,FALSE,"monte_carlo_diagnostic_available",1.39255639484753,0.062062599214118,0.0298988803371045,0.0626081314930502,0.47755586413601,0.0221248018548066,0.00846506851534446,2.61365892251213,1.02194159575588,1.01623650962858,"Independent-stream Monte Carlo diagnostics; finite-n departures from an asymptotic limit are possible; no hypothesis-test or coverage certification"
"weak_d5_m3_n800","self_normalized","PATT","oracle",800,5,3,"weak",1000,1000,0,"assumption_failure_diagnostic",0.062962962962963,0.0019647470573127,0.00139342586561357,0,0,0.0649277100202757,0.00139342586561357,0.0440639948593057,0.000947444506596577,0.00194163564296092,8.34963797362981e-05,0.0784557297830756,0.00125612283381237,1.43520978035947,0.00203391525869433,1.43520978035947,-3.99680288865056e-17,3.15880110529224e-17,0.00179401222544934,2.54239407336791e-06,0.923969557292191,0.0396713018818237,1000,0.654,0.0150427391122761,0.165990091484184,0.000117472040479874,122.14,0,0,"original_weak_variance_not_established",0.062962962962963,0.0629629629629629,NA,NA,NA,"M3_d5","monte_carlo_precision_estimated","monte_carlo_estimate",6e+05,934108,NA,0.01,NA,FALSE,"not_applicable",1.55330851436874,0.0667971037890385,NA,NA,NA,NA,NA,NA,NA,NA,"Independent-stream Monte Carlo diagnostics; finite-n departures from an asymptotic limit are possible; no hypothesis-test or coverage certification"
"weak_d5_m3_n800","self_normalized","PATT","raw",800,5,3,"weak",1000,1000,0,"point_estimate_only",0.062962962962963,0.0019647470573127,0.00139342586561357,0,0,0.0649277100202757,0.00139342586561357,0.0440639948593057,0.000947444506596577,0.00194163564296092,8.34963797362981e-05,0.0784557297830756,0.00125612283381237,NA,NA,NA,NA,NA,NA,NA,NA,NA,0,NA,NA,NA,NA,0,0,0,"raw_point_only",0.062962962962963,0.0629629629629629,NA,NA,NA,"M3_d5","monte_carlo_precision_estimated","monte_carlo_estimate",6e+05,934108,NA,0.01,NA,FALSE,"not_applicable",1.55330851436874,0.0667971037890385,NA,NA,NA,NA,NA,NA,NA,NA,"Independent-stream Monte Carlo diagnostics; finite-n departures from an asymptotic limit are possible; no hypothesis-test or coverage certification"
"weak_d5_m3_n800","self_normalized","PATT","polynomial",800,5,3,"weak",1000,1000,0,"assumption_failure_diagnostic",0.062962962962963,0.0019647470573127,0.00139342586561357,0,0,0.0649277100202757,0.00139342586561357,0.0440639948593057,0.000947444506596577,0.00194163564296092,8.34963797362981e-05,0.0784557297830756,0.00125612283381237,1.43403664205428,0.00183477627318055,1.43403664205428,-5.99520433297585e-17,2.8212113397958e-17,0.00179254580256784,2.2934703414757e-06,0.923214305972607,0.0397499738736929,1000,0.653,0.0150529399121899,0.165929877700555,0.000106068260307308,122.836,0,0,"original_weak_variance_not_established",0.062962962962963,0.0629629629629629,NA,NA,NA,"M3_d5","monte_carlo_precision_estimated","monte_carlo_estimate",6e+05,934108,NA,0.01,NA,FALSE,"not_applicable",1.55330851436874,0.0667971037890385,NA,NA,NA,NA,NA,NA,NA,NA,"Independent-stream Monte Carlo diagnostics; finite-n departures from an asymptotic limit are possible; no hypothesis-test or coverage certification"
"weak_d5_m3_n800","stabilized","PATT","oracle",800,5,3,"weak",1000,1000,0,"within_declared_theorem_scope",0,0.00192977635366837,0.00138218512933001,0,0,0.00192977635366837,0.00138218512933001,0.0437085315669725,0.000939196295277378,0.00191043573174103,8.21017818394298e-05,0.0437292731792385,0.000937294830314994,1.5613629543439,0.00339284269329062,1.5613629543439,2.22044604925031e-19,2.83551102256158e-17,0.00195170369292988,4.24105336661327e-06,1.02160133445119,0.0438406545342289,1000,0.951,0.00682634602111555,0.173073064026551,0.000187902320609851,122.484,0,0,"bias_corrected",5.55111512312578e-17,0,1.52568558546114,0.0141375998372778,0.0141375998372778,"M3_d5","monte_carlo_precision_estimated","monte_carlo_estimate",6e+05,934108,0.0092663914321539,0.01,TRUE,FALSE,"monte_carlo_diagnostic_available",1.52834858539282,0.0656814254715438,0.0026629999316814,0.0671857230453983,0.0396363961117449,0.0356773688827574,0.0145390202799368,2.4539046095142,1.00174544477385,1.02338448316137,"Independent-stream Monte Carlo diagnostics; finite-n departures from an asymptotic limit are possible; no hypothesis-test or coverage certification"
"weak_d5_m3_n800","stabilized","PATT","raw",800,5,3,"weak",1000,1000,0,"point_estimate_only",0,0.00243497210453739,0.00165269198385814,0,0,0.00243497210453739,0.00165269198385814,0.0522627093969395,0.00111846363634665,0.00273139079350895,0.000116907879994859,0.0522932929912175,0.001117117893962,NA,NA,NA,NA,NA,NA,NA,NA,NA,0,NA,NA,NA,NA,0,0,0,"raw_point_only",5.55111512312578e-17,0,NA,NA,NA,"M3_d5","monte_carlo_precision_estimated","monte_carlo_estimate",6e+05,934108,NA,0.01,NA,FALSE,"not_applicable",2.18511263480716,0.0935263039958872,NA,NA,NA,NA,NA,NA,NA,NA,"Independent-stream Monte Carlo diagnostics; finite-n departures from an asymptotic limit are possible; no hypothesis-test or coverage certification"
"weak_d5_m3_n800","stabilized","PATT","polynomial",800,5,3,"weak",1000,1000,0,"within_declared_theorem_scope",0,0.00236159932057864,0.0013850947025579,0,0,0.00236159932057864,0.0013850947025579,0.043800540351164,0.000941208063816435,0.00191848733505395,8.24508435560655e-05,0.0438422855137578,0.000941733263272427,1.56406753565139,0.00287650828722376,1.56406753565139,-9.99200722162641e-18,2.23517516579581e-17,0.00195508441956424,3.5956353590297e-06,1.01907601048055,0.0438587635758808,1000,0.95,0.00689202437604511,0.173252249229112,0.000158708791442001,123.657,0,0,"bias_corrected",5.55111512312578e-17,0,1.52568558546114,0.0141375998372778,0.0141375998372778,"M3_d5","monte_carlo_precision_estimated","monte_carlo_estimate",6e+05,934108,0.0092663914321539,0.01,TRUE,FALSE,"monte_carlo_diagnostic_available",1.53478986804316,0.0659606748448524,0.00910428258201734,0.0674587455794083,0.134960745323975,0.0383819501902474,0.0144272668612411,2.66037570105261,1.00596733866321,1.02515718215863,"Independent-stream Monte Carlo diagnostics; finite-n departures from an asymptotic limit are possible; no hypothesis-test or coverage certification"
"strong_d1_m1_n2000","self_normalized","PATE","oracle",2000,1,1,"strong",1000,1000,0,"within_declared_theorem_scope",1.5,-0.00082506177429787,0.00179859402795643,0,1.5,-0.00082506177429787,0.00179859402795643,0.0568765371431889,0.00124299756866147,0.00323494047740054,0.000141394794765735,0.0568540786914585,0.00124185324188195,6.31184183033233,0.00526560426565352,6.31184183033233,-6.03961325396085e-17,4.86018695210107e-17,0.00315592091516616,2.63280213282676e-06,0.975573101642391,0.0426750349692217,1000,0.943,0.00733150734842434,0.22019292399322,9.19000372427046e-05,490.37,0,0,"bias_corrected",1.5,0,6.31271258503401,0,0,"M1_d1","exact_1d_closed_form","exact_formula_evaluated_in_floating_point",0,NA,0,0.01,TRUE,FALSE,"monte_carlo_diagnostic_available",6.46988095480108,0.28278958953147,0.157168369767065,0.28278958953147,0.555778485436696,-0.000870754701684184,0.00526560426565352,-0.165366529225134,1.02489712111077,0.999862063306391,"Independent-stream Monte Carlo diagnostics; finite-n departures from an asymptotic limit are possible; no hypothesis-test or coverage certification"
"strong_d1_m1_n2000","self_normalized","PATE","raw",2000,1,1,"strong",1000,1000,0,"point_estimate_only",1.5,-0.00082510155661395,0.00179859854698817,0,1.5,-0.00082510155661395,0.00179859854698817,0.0568766800475201,0.0012430399353789,0.00323495673322797,0.000141399969381671,0.0568542220866091,0.0012418954154344,NA,NA,NA,NA,NA,NA,NA,NA,NA,0,NA,NA,NA,NA,0,0,0,"raw_point_only",1.5,0,NA,NA,NA,"M1_d1","exact_1d_closed_form","exact_formula_evaluated_in_floating_point",0,NA,NA,0.01,NA,FALSE,"not_applicable",6.46991346645594,0.282799938763342,NA,NA,NA,NA,NA,NA,NA,NA,"Independent-stream Monte Carlo diagnostics; finite-n departures from an asymptotic limit are possible; no hypothesis-test or coverage certification"
"strong_d1_m1_n2000","self_normalized","PATE","polynomial",2000,1,1,"strong",1000,1000,0,"within_declared_theorem_scope",1.5,-0.000825136117749541,0.00179858780501505,0,1.5,-0.000825136117749541,0.00179858780501505,0.0568763403565038,0.00124297110461995,0.00323491809234886,0.000141391295199328,0.0568538831028218,0.00124182641147842,6.30087617688747,0.00529002606344255,6.30087617688747,-2.66453525910038e-17,5.01509320472177e-17,0.00315043808844373,2.64501303172128e-06,0.973884963546701,0.0426263820983716,1000,0.944,0.00727076337120113,0.22000132087465,9.24126025497975e-05,491.012,0,0,"bias_corrected",1.5,0,6.31271258503401,0,0,"M1_d1","exact_1d_closed_form","exact_formula_evaluated_in_floating_point",0,NA,0,0.01,TRUE,FALSE,"monte_carlo_diagnostic_available",6.46983618469772,0.282782590398656,0.157123599663706,0.282782590398656,0.55563392160104,-0.0118364081465447,0.00529002606344255,-2.2374952419123,1.02489002905601,0.998124988586585,"Independent-stream Monte Carlo diagnostics; finite-n departures from an asymptotic limit are possible; no hypothesis-test or coverage certification"
"strong_d1_m1_n2000","stabilized","PATE","oracle",2000,1,1,"strong",1000,1000,0,"within_declared_theorem_scope",1.5,-0.00163536189553615,0.00213157551624212,0,1.5,-0.00163536189553615,0.00213157551624212,0.0674063363597435,0.00145293382382383,0.00454361418144288,0.000195873892074235,0.0673924697261557,0.00145361495305688,8.98898455006848,0.00970535661679829,8.98439907952626,-0.00458547054221217,0.00583724686095648,0.00449449227503424,4.85267830839915e-06,0.989188803351907,0.0426666552471523,1000,0.946,0.00714730718522718,0.26275745999456,0.000142004790254799,492.148,0,0,"bias_corrected",1.5,0,8.98490646258504,0,0,"M1_d1","exact_1d_closed_form","exact_formula_evaluated_in_floating_point",0,NA,0,0.01,TRUE,FALSE,"monte_carlo_diagnostic_available",9.08722836288576,0.39174778414847,0.102321900300725,0.39174778414847,0.261193309677905,0.00407808748344429,0.00970535661679829,0.420189349496528,1.01138819872269,1.00045388201874,"Independent-stream Monte Carlo diagnostics; finite-n departures from an asymptotic limit are possible; no hypothesis-test or coverage certification"
"strong_d1_m1_n2000","stabilized","PATE","raw",2000,1,1,"strong",1000,1000,0,"point_estimate_only",1.5,-0.00313132910522661,0.00252081302456526,0,1.5,-0.00313132910522661,0.00252081302456526,0.0797151071304421,0.00176290694853493,0.00635449830481786,0.000281060632526926,0.0797367482938593,0.00176839711150662,NA,NA,NA,NA,NA,NA,NA,NA,NA,0,NA,NA,NA,NA,0,0,0,"raw_point_only",1.5,0,NA,NA,NA,"M1_d1","exact_1d_closed_form","exact_formula_evaluated_in_floating_point",0,NA,NA,0.01,NA,FALSE,"not_applicable",12.7089966096357,0.562121265053852,NA,NA,NA,NA,NA,NA,NA,NA,"Independent-stream Monte Carlo diagnostics; finite-n departures from an asymptotic limit are possible; no hypothesis-test or coverage certification"
"strong_d1_m1_n2000","stabilized","PATE","polynomial",2000,1,1,"strong",1000,1000,0,"within_declared_theorem_scope",1.5,-0.001566611817544,0.00213291137676491,0,1.5,-0.001566611817544,0.00213291137676491,0.0674485799786266,0.00145524182313088,0.00454931094113319,0.000196307988991372,0.0674330475566612,0.00145581771602912,8.95274632068596,0.00971721380808905,8.94933662019702,-0.00340970048893882,0.00451756447053064,0.00447637316034298,4.85860690404453e-06,0.983967290489921,0.0425240847552834,1000,0.943,0.00733150734842434,0.26222690288619,0.000142423077910907,495.928,0,0,"bias_corrected",1.5,0,8.98490646258504,0,0,"M1_d1","exact_1d_closed_form","exact_formula_evaluated_in_floating_point",0,NA,0,0.01,TRUE,FALSE,"monte_carlo_diagnostic_available",9.09862188226638,0.392615977982744,0.113715419681343,0.392615977982744,0.289635231519643,-0.0321601418990749,0.00971721380808905,-3.30960525663265,1.01265627195507,0.996420648113256,"Independent-stream Monte Carlo diagnostics; finite-n departures from an asymptotic limit are possible; no hypothesis-test or coverage certification"
"strong_d1_m1_n2000","self_normalized","PATT","oracle",2000,1,1,"strong",1000,1000,0,"within_declared_theorem_scope",1.5,-0.000898824047927269,0.00200840386798881,0,1.5,-0.000898824047927269,0.00200840386798881,0.0635113068433677,0.0013754678934735,0.0040336860969524,0.000174715526871192,0.0634859062747361,0.00137558667379579,8.16209145264497,0.00901834492161101,8.16209145264497,9.68114477473137e-17,5.22485974906169e-17,0.00408104572632248,4.50917246080551e-06,1.01174102997401,0.043802275284598,1000,0.947,0.00708456067798138,0.250378788095721,0.000138412578583091,216.265,0,0,"bias_corrected",1.5,0,8.15104166666666,0,0,"M1_d1","exact_1d_closed_form","exact_formula_evaluated_in_floating_point",0,NA,0,0.01,TRUE,FALSE,"monte_carlo_diagnostic_available",8.0673721939048,0.349431053742384,-0.0836694727618639,0.349431053742384,-0.239444868639376,0.0110497859783063,0.00901834492161101,1.22525652704049,0.989735118996628,1.0013556286951,"Independent-stream Monte Carlo diagnostics; finite-n departures from an asymptotic limit are possible; no hypothesis-test or coverage certification"
"strong_d1_m1_n2000","self_normalized","PATT","raw",2000,1,1,"strong",1000,1000,0,"point_estimate_only",1.5,-0.000898299097797482,0.00200839313847764,0,1.5,-0.000898299097797482,0.00200839313847764,0.0635109675464331,0.00137537342936101,0.00403364299868407,0.000174702594472746,0.0634855597514466,0.00137549186173538,NA,NA,NA,NA,NA,NA,NA,NA,NA,0,NA,NA,NA,NA,0,0,0,"raw_point_only",1.5,0,NA,NA,NA,"M1_d1","exact_1d_closed_form","exact_formula_evaluated_in_floating_point",0,NA,NA,0.01,NA,FALSE,"not_applicable",8.06728599736814,0.349405188945492,NA,NA,NA,NA,NA,NA,NA,NA,"Independent-stream Monte Carlo diagnostics; finite-n departures from an asymptotic limit are possible; no hypothesis-test or coverage certification"
"strong_d1_m1_n2000","self_normalized","PATT","polynomial",2000,1,1,"strong",1000,1000,0,"within_declared_theorem_scope",1.5,-0.000898719077878116,0.00200840045718786,0,1.5,-0.000898719077878116,0.00200840045718786,0.0635111989843712,0.00137546603585802,0.0040336723964324,0.000174714994199246,0.0634857969944216,0.00137558397833603,8.16195185457437,0.00924780196937815,8.16195185457437,3.19744231092045e-17,5.36473907962157e-17,0.00408097592728719,4.62390098468907e-06,1.01172716229921,0.0438313013849363,1000,0.946,0.00714730718522718,0.250374657686585,0.000141967724611222,218.015,0,0,"bias_corrected",1.5,0,8.15104166666666,0,0,"M1_d1","exact_1d_closed_form","exact_formula_evaluated_in_floating_point",0,NA,0,0.01,TRUE,FALSE,"monte_carlo_diagnostic_available",8.0673447928648,0.349429988398492,-0.0836968738018644,0.349429988398492,-0.239524015055102,0.0109101879077063,0.00924780196937815,1.17976011422311,0.98973175733549,1.00133850228644,"Independent-stream Monte Carlo diagnostics; finite-n departures from an asymptotic limit are possible; no hypothesis-test or coverage certification"
"strong_d1_m1_n2000","stabilized","PATT","oracle",2000,1,1,"strong",1000,1000,0,"within_declared_theorem_scope",1.5,-0.000848056471663513,0.00232312754219593,0,1.5,-0.000848056471663513,0.00232312754219593,0.0734637432840805,0.00154196236040393,0.00539692157730928,0.000226556653996858,0.0734318994409862,0.00154204206536244,11.1682134429148,0.019180847730561,11.1682134429148,8.70414851306123e-17,1.73721552037441e-16,0.0055841067214574,9.59042386528049e-06,1.03468368800005,0.0433651319878776,1000,0.95,0.00689202437604511,0.292815967033288,0.000251668175561674,216.832,0,0,"bias_corrected",1.5,0,11.1393229166667,0,0,"M1_d1","exact_1d_closed_form","exact_formula_evaluated_in_floating_point",0,NA,0,0.01,TRUE,FALSE,"monte_carlo_diagnostic_available",10.7938431546186,0.453113307993716,-0.345479762048106,0.453113307993716,-0.762457769289126,0.0288905262481336,0.019180847730561,1.50621738173241,0.968985568994396,1.00259356214595,"Independent-stream Monte Carlo diagnostics; finite-n departures from an asymptotic limit are possible; no hypothesis-test or coverage certification"
"strong_d1_m1_n2000","stabilized","PATT","raw",2000,1,1,"strong",1000,1000,0,"point_estimate_only",1.5,-0.00150642049895328,0.00279468744567182,0,1.5,-0.00150642049895328,0.00279468744567182,0.0883757767660102,0.00190986008063308,0.00781027791899567,0.000337570736280686,0.0883444222562825,0.0019137929571045,NA,NA,NA,NA,NA,NA,NA,NA,NA,0,NA,NA,NA,NA,0,0,0,"raw_point_only",1.5,0,NA,NA,NA,"M1_d1","exact_1d_closed_form","exact_formula_evaluated_in_floating_point",0,NA,NA,0.01,NA,FALSE,"not_applicable",15.6205558379913,0.675141472561372,NA,NA,NA,NA,NA,NA,NA,NA,"Independent-stream Monte Carlo diagnostics; finite-n departures from an asymptotic limit are possible; no hypothesis-test or coverage certification"
"strong_d1_m1_n2000","stabilized","PATT","polynomial",2000,1,1,"strong",1000,1000,0,"within_declared_theorem_scope",1.5,-0.000864627965151101,0.00232271375119895,0,1.5,-0.000864627965151101,0.00232271375119895,0.0734506580638235,0.00154222979142472,0.00539499917000871,0.000226555586131558,0.0734190149236342,0.00154223863314247,11.139566157886,0.0184103329097803,11.139566157886,1.01252339845814e-16,1.73386243593834e-16,0.00556978307894298,9.20516645489018e-06,1.03239739310914,0.043328718009586,1000,0.95,0.00689202437604511,0.292448292382073,0.000241710692154938,219.635,0,0,"bias_corrected",1.5,0,11.1393229166667,0,0,"M1_d1","exact_1d_closed_form","exact_formula_evaluated_in_floating_point",0,NA,0,0.01,TRUE,FALSE,"monte_carlo_diagnostic_available",10.7899983400174,0.453111172263116,-0.349324576649245,0.453111172263116,-0.770946730146827,0.000243241219333612,0.0184103329097803,0.013212211888053,0.968640412055334,1.0000218362661,"Independent-stream Monte Carlo diagnostics; finite-n departures from an asymptotic limit are possible; no hypothesis-test or coverage certification"
"weak_d1_m1_n2000","self_normalized","PATE","oracle",2000,1,1,"weak",1000,1000,0,"assumption_failure_diagnostic",-0.0416666666666667,-0.000208813724717127,0.000930910349861208,0,0,-0.0418754803913838,0.000930910349861208,0.0294379700298563,0.000625377953454673,0.000866594079478717,3.6819714902263e-05,0.0511789345669525,0.000832969774079755,1.50606996282828,0.000655060099555107,1.50606996282828,-3.01980662698043e-17,2.24338816039713e-17,0.000753034981414139,3.27530049777555e-07,0.868959296222187,0.0369523550839482,1000,0.644,0.0151414662433993,0.107566097410058,2.33820715406954e-05,469.041,0,0,"original_weak_variance_not_established",-0.0416666666666667,-0.0416666666666667,NA,NA,NA,"M1_d1","exact_1d_closed_form","exact_formula_evaluated_in_floating_point",0,NA,NA,0.01,NA,FALSE,"not_applicable",1.73318815895743,0.073639429804526,NA,NA,NA,NA,NA,NA,NA,NA,"Independent-stream Monte Carlo diagnostics; finite-n departures from an asymptotic limit are possible; no hypothesis-test or coverage certification"
"weak_d1_m1_n2000","self_normalized","PATE","raw",2000,1,1,"weak",1000,1000,0,"point_estimate_only",-0.0416666666666667,-0.000208813724717127,0.000930910349861208,0,0,-0.0418754803913838,0.000930910349861208,0.0294379700298563,0.000625377953454673,0.000866594079478717,3.6819714902263e-05,0.0511789345669525,0.000832969774079755,NA,NA,NA,NA,NA,NA,NA,NA,NA,0,NA,NA,NA,NA,0,0,0,"raw_point_only",-0.0416666666666667,-0.0416666666666667,NA,NA,NA,"M1_d1","exact_1d_closed_form","exact_formula_evaluated_in_floating_point",0,NA,NA,0.01,NA,FALSE,"not_applicable",1.73318815895743,0.073639429804526,NA,NA,NA,NA,NA,NA,NA,NA,"Independent-stream Monte Carlo diagnostics; finite-n departures from an asymptotic limit are possible; no hypothesis-test or coverage certification"
"weak_d1_m1_n2000","self_normalized","PATE","polynomial",2000,1,1,"weak",1000,1000,0,"assumption_failure_diagnostic",-0.0416666666666667,-0.000208813724717127,0.000930910349861208,0,0,-0.0418754803913838,0.000930910349861208,0.0294379700298563,0.000625377953454673,0.000866594079478717,3.6819714902263e-05,0.0511789345669525,0.000832969774079755,1.50437805769605,0.000691098003107051,1.50437805769605,0,0,0.000752189028848027,3.45549001553525e-07,0.867983115347952,0.036939436366361,1000,0.642,0.0151603430040352,0.107505368028488,2.46814307294624e-05,470.227,0,0,"original_weak_variance_not_established",-0.0416666666666667,-0.0416666666666667,NA,NA,NA,"M1_d1","exact_1d_closed_form","exact_formula_evaluated_in_floating_point",0,NA,NA,0.01,NA,FALSE,"not_applicable",1.73318815895743,0.073639429804526,NA,NA,NA,NA,NA,NA,NA,NA,"Independent-stream Monte Carlo diagnostics; finite-n departures from an asymptotic limit are possible; no hypothesis-test or coverage certification"
"weak_d1_m1_n2000","stabilized","PATE","oracle",2000,1,1,"weak",1000,1000,0,"within_declared_theorem_scope",0,-2.40529572011275e-05,0.000967696738038719,0,0,-2.40529572011275e-05,0.000967696738038719,0.0306012577651765,0.000658806049907232,0.000936436976810777,4.03205875009379e-05,0.0305859627669086,0.000658464481664249,1.73781129000955,0.00180634728946593,1.76661862214632,0.0288073321367675,0.00109457264633224,0.000868905645004777,9.03173644732963e-07,0.927884808611476,0.0400252536833177,1000,0.946,0.00714730718522718,0.115532976481474,5.99663131087574e-05,471.834,0,0,"bias_corrected",5.55111512312578e-17,0,1.73958333333333,0,0,"M1_d1","exact_1d_closed_form","exact_formula_evaluated_in_floating_point",0,NA,0,0.01,TRUE,FALSE,"monte_carlo_diagnostic_available",1.87287395362155,0.0806411750018758,0.133290620288221,0.0806411750018758,1.6528853936605,-0.00177204332378333,0.00180634728946593,-0.981009207984176,1.07662215298006,0.998981340364771,"Independent-stream Monte Carlo diagnostics; finite-n departures from an asymptotic limit are possible; no hypothesis-test or coverage certification"
"weak_d1_m1_n2000","stabilized","PATE","raw",2000,1,1,"weak",1000,1000,0,"point_estimate_only",0,-8.96048325304941e-05,0.00123271287327685,0,0,-8.96048325304941e-05,0.00123271287327685,0.0389818038056536,0.000840813036506921,0.00151958102794247,6.55528176526973e-05,0.0389624110642622,0.000840365875874176,NA,NA,NA,NA,NA,NA,NA,NA,NA,0,NA,NA,NA,NA,0,0,0,"raw_point_only",5.55111512312578e-17,0,NA,NA,NA,"M1_d1","exact_1d_closed_form","exact_formula_evaluated_in_floating_point",0,NA,NA,0.01,NA,FALSE,"not_applicable",3.03916205588494,0.131105635305395,NA,NA,NA,NA,NA,NA,NA,NA,"Independent-stream Monte Carlo diagnostics; finite-n departures from an asymptotic limit are possible; no hypothesis-test or coverage certification"
"weak_d1_m1_n2000","stabilized","PATE","polynomial",2000,1,1,"weak",1000,1000,0,"within_declared_theorem_scope",0,-0.000124830242909257,0.000970330517556674,0,0,-0.000124830242909257,0.000970330517556674,0.0306845451864909,0.000664212637321461,0.000941541313301802,4.07621253666573e-05,0.0306694531183398,0.000663885931802082,1.74146581704705,0.00229557206162962,1.7722689717802,0.0308031547331453,0.000853346647255745,0.000870732908523527,1.14778603081481e-06,0.924795222707792,0.0401229778418369,1000,0.945,0.00720936890441875,0.115645045175068,7.59456507227412e-05,474.697,0,0,"bias_corrected",5.55111512312578e-17,0,1.73958333333333,0,0,"M1_d1","exact_1d_closed_form","exact_formula_evaluated_in_floating_point",0,NA,0,0.01,TRUE,FALSE,"monte_carlo_diagnostic_available",1.8830826266036,0.0815242507333146,0.143499293270271,0.0815242507333146,1.76020376733901,0.0018824837137168,0.00229557206162962,0.820049932294623,1.08249061170028,1.00108214632645,"Independent-stream Monte Carlo diagnostics; finite-n departures from an asymptotic limit are possible; no hypothesis-test or coverage certification"
"weak_d1_m1_n2000","self_normalized","PATT","oracle",2000,1,1,"weak",1000,1000,0,"assumption_failure_diagnostic",0.166666666666667,-0.000247759061470184,0.00102664989479448,0,0,0.166418907605197,0.00102664989479448,0.032465520271228,0.000675276227636466,0.00105401000648151,4.38463881140201e-05,0.169552967549913,0.00101828841779501,1.9700899811403,0.00187148051239926,1.9700899811403,-1.99840144432528e-17,2.44814181884671e-17,0.000985044990570151,9.35740256199631e-07,0.934568917289902,0.0388714351845401,1000,0.001,0.000999499874937461,0.12301478353647,5.8356732333818e-05,225.872,0,0,"original_weak_variance_not_established",0.166666666666667,0.166666666666667,NA,NA,NA,"M1_d1","exact_1d_closed_form","exact_formula_evaluated_in_floating_point",0,NA,NA,0.01,NA,FALSE,"not_applicable",2.10802001296302,0.0876927762280402,NA,NA,NA,NA,NA,NA,NA,NA,"Independent-stream Monte Carlo diagnostics; finite-n departures from an asymptotic limit are possible; no hypothesis-test or coverage certification"
"weak_d1_m1_n2000","self_normalized","PATT","raw",2000,1,1,"weak",1000,1000,0,"point_estimate_only",0.166666666666667,-0.000247759061470184,0.00102664989479448,0,0,0.166418907605197,0.00102664989479448,0.032465520271228,0.000675276227636466,0.00105401000648151,4.38463881140201e-05,0.169552967549913,0.00101828841779501,NA,NA,NA,NA,NA,NA,NA,NA,NA,0,NA,NA,NA,NA,0,0,0,"raw_point_only",0.166666666666667,0.166666666666667,NA,NA,NA,"M1_d1","exact_1d_closed_form","exact_formula_evaluated_in_floating_point",0,NA,NA,0.01,NA,FALSE,"not_applicable",2.10802001296302,0.0876927762280402,NA,NA,NA,NA,NA,NA,NA,NA,"Independent-stream Monte Carlo diagnostics; finite-n departures from an asymptotic limit are possible; no hypothesis-test or coverage certification"
"weak_d1_m1_n2000","self_normalized","PATT","polynomial",2000,1,1,"weak",1000,1000,0,"assumption_failure_diagnostic",0.166666666666667,-0.000247759061470184,0.00102664989479448,0,0,0.166418907605197,0.00102664989479448,0.032465520271228,0.000675276227636466,0.00105401000648151,4.38463881140201e-05,0.169552967549913,0.00101828841779501,1.96739054855921,0.00212369528327401,1.96739054855921,-6.97220059464598e-17,2.62739906353157e-17,0.000983695274279604,1.061847641637e-06,0.933288363706684,0.0388871141329654,1000,0.001,0.000999499874937461,0.122926433916346,6.63007800085685e-05,227.171000000001,0,0,"original_weak_variance_not_established",0.166666666666667,0.166666666666667,NA,NA,NA,"M1_d1","exact_1d_closed_form","exact_formula_evaluated_in_floating_point",0,NA,NA,0.01,NA,FALSE,"not_applicable",2.10802001296302,0.0876927762280402,NA,NA,NA,NA,NA,NA,NA,NA,"Independent-stream Monte Carlo diagnostics; finite-n departures from an asymptotic limit are possible; no hypothesis-test or coverage certification"
"weak_d1_m1_n2000","stabilized","PATT","oracle",2000,1,1,"weak",1000,1000,0,"within_declared_theorem_scope",0,-0.000118134405838093,0.00110699813666667,0,0,-0.000118134405838093,0.00110699813666667,0.0350063547742903,0.000726094973407784,0.00122544487458348,5.08358764778836e-05,0.0349890466495836,0.000725638068850733,2.30166547118829,0.00459363348141621,2.30166547118829,1.02140518265514e-17,3.30958955493782e-17,0.00115083273559414,2.29681674070811e-06,0.939114242886937,0.0390498756420352,1000,0.941,0.00745110730026082,0.132913177053699,0.000132707309099767,226.792,0,0,"bias_corrected",5.55111512312578e-17,0,2.30208333333333,0,0,"M1_d1","exact_1d_closed_form","exact_formula_evaluated_in_floating_point",0,NA,0,0.01,TRUE,FALSE,"monte_carlo_diagnostic_available",2.45088974916696,0.101671752955767,0.148806415833627,0.101671752955767,1.46359644156392,-0.000417862145043024,0.00459363348141621,-0.09096549533904,1.06463989104085,0.999818485222063,"Independent-stream Monte Carlo diagnostics; finite-n departures from an asymptotic limit are possible; no hypothesis-test or coverage certification"
"weak_d1_m1_n2000","stabilized","PATT","raw",2000,1,1,"weak",1000,1000,0,"point_estimate_only",0,0.00027073956105807,0.00136164819238119,0,0,0.00027073956105807,0.00136164819238119,0.043059096597757,0.000889130505493592,0.00185408579981497,7.65703126481222e-05,0.0430384132366085,0.000889074002763353,NA,NA,NA,NA,NA,NA,NA,NA,NA,0,NA,NA,NA,NA,0,0,0,"raw_point_only",5.55111512312578e-17,0,NA,NA,NA,"M1_d1","exact_1d_closed_form","exact_formula_evaluated_in_floating_point",0,NA,NA,0.01,NA,FALSE,"not_applicable",3.70817159962994,0.153140625296244,NA,NA,NA,NA,NA,NA,NA,NA,"Independent-stream Monte Carlo diagnostics; finite-n departures from an asymptotic limit are possible; no hypothesis-test or coverage certification"
"weak_d1_m1_n2000","stabilized","PATT","polynomial",2000,1,1,"weak",1000,1000,0,"within_declared_theorem_scope",0,3.88646634124181e-05,0.00110922745379813,0,0,3.88646634124181e-05,0.00110922745379813,0.0350768519719129,0.000729844094999721,0.00123038554425949,5.120126656576e-05,0.0350593307006465,0.000729537324909741,2.30510121981048,0.00455447345988351,2.30510121981048,1.95399252334028e-17,3.72905787449299e-17,0.00115255060990524,2.27723672994175e-06,0.936739394641461,0.0390955253728403,1000,0.94,0.00750999334220744,0.133014195522892,0.000130934182036165,228.874,0,0,"bias_corrected",5.55111512312578e-17,0,2.30208333333333,0,0,"M1_d1","exact_1d_closed_form","exact_formula_evaluated_in_floating_point",0,NA,0,0.01,TRUE,FALSE,"monte_carlo_diagnostic_available",2.46077108851898,0.10240253313152,0.158687755185647,0.10240253313152,1.54964677467341,0.00301788647714707,0.00455447345988351,0.66262027954034,1.06893223754671,1.00131093711224,"Independent-stream Monte Carlo diagnostics; finite-n departures from an asymptotic limit are possible; no hypothesis-test or coverage certification"
"strong_d2_m1_n2000","self_normalized","PATE","oracle",2000,2,1,"strong",1000,1000,0,"within_declared_theorem_scope",1.5,0.00149459900833092,0.00171919606453611,0,1.5,0.00149459900833092,0.00171919606453611,0.0543657530833194,0.00120921559945884,0.00295563510831646,0.000131479833409355,0.0543591142257105,0.0012032684367941,6.14280696252651,0.00450327340687377,6.14280696252651,3.10862446895044e-17,5.2973959676955e-17,0.00307140348126325,2.25163670343688e-06,1.03916869596692,0.0462537300611623,1000,0.954,0.00662449998113065,0.217228777140592,7.96536675073467e-05,566.044,0,0,"bias_corrected",1.5,0,6.13632528804919,0.0007580532412615,0.0007580532412615,"M1_d2","monte_carlo_precision_estimated","monte_carlo_estimate",2e+05,934102,0.000123535374296054,0.01,TRUE,FALSE,"monte_carlo_diagnostic_available",5.91127021663292,0.26295966681871,-0.225055071416266,0.262960759464456,-0.855850400929064,0.00648167447732462,0.00456663071570754,1.4193559498976,0.963324129531631,1.00105627947885,"Independent-stream Monte Carlo diagnostics; finite-n departures from an asymptotic limit are possible; no hypothesis-test or coverage certification"
"strong_d2_m1_n2000","self_normalized","PATE","raw",2000,2,1,"strong",1000,1000,0,"point_estimate_only",1.5,0.00144669973199883,0.00171911468360312,0,1.5,0.00144669973199883,0.00171911468360312,0.0543631795922556,0.00121053230734098,0.00295535529537984,0.000131616770452411,0.054355247034661,0.00120468520556608,NA,NA,NA,NA,NA,NA,NA,NA,NA,0,NA,NA,NA,NA,0,0,0,"raw_point_only",1.5,0,NA,NA,NA,"M1_d2","monte_carlo_precision_estimated","monte_carlo_estimate",2e+05,934102,NA,0.01,NA,FALSE,"not_applicable",5.91071059075968,0.263233540904822,NA,NA,NA,NA,NA,NA,NA,NA,"Independent-stream Monte Carlo diagnostics; finite-n departures from an asymptotic limit are possible; no hypothesis-test or coverage certification"
"strong_d2_m1_n2000","self_normalized","PATE","polynomial",2000,2,1,"strong",1000,1000,0,"within_declared_theorem_scope",1.5,0.00148490981689099,0.00171932170373482,0,1.5,0.00148490981689099,0.00171932170373482,0.0543697261436327,0.00120896881914917,0.00295606712093361,0.000131462607226662,0.0543628182766216,0.00120304768265197,6.12231304204572,0.00462335610881084,6.12231304204572,-2.75335310107039e-17,4.59860303216305e-17,0.00306115652102286,2.31167805440542e-06,1.03555041066052,0.0460937906703642,1000,0.954,0.00662449998113065,0.216865206420759,8.19502089863546e-05,568.905,0,0,"bias_corrected",1.5,0,6.13632528804919,0.0007580532412615,0.0007580532412615,"M1_d2","monte_carlo_precision_estimated","monte_carlo_estimate",2e+05,934102,0.000123535374296054,0.01,TRUE,FALSE,"monte_carlo_diagnostic_available",5.91213424186722,0.262925214453324,-0.224191046181965,0.262926307242244,-0.852676358381321,-0.0140122460034657,0.00468508979908236,-2.99081695428981,0.963464934523828,0.997716508603161,"Independent-stream Monte Carlo diagnostics; finite-n departures from an asymptotic limit are possible; no hypothesis-test or coverage certification"
"strong_d2_m1_n2000","stabilized","PATE","oracle",2000,2,1,"strong",1000,1000,0,"within_declared_theorem_scope",1.5,0.00226314284233611,0.00204479760933121,0,1.5,0.00226314284233611,0.00204479760933121,0.064662177995538,0.00141581828063943,0.00418119726312664,0.000183099787344087,0.0646694509129955,0.00140970419151802,8.68606630090872,0.00831483926065839,8.68525699290775,-0.000809308000969567,0.00552407368845997,0.00434303315045436,4.1574196303292e-06,1.03870563313406,0.0455263616094338,1000,0.957,0.00641490451994416,0.25830036631647,0.000123563936255864,568.091,0,0,"bias_corrected",1.5,0,8.6687228504367,0.00135885075694216,0.00135885075694216,"M1_d2","monte_carlo_precision_estimated","monte_carlo_estimate",2e+05,934102,0.000156753281929379,0.01,TRUE,FALSE,"monte_carlo_diagnostic_available",8.36239452625328,0.366199574688174,-0.306328324183418,0.366202095812106,-0.836500740128455,0.0173434504720227,0.00842514256913368,2.05853495412197,0.964662807951233,1.00200069269387,"Independent-stream Monte Carlo diagnostics; finite-n departures from an asymptotic limit are possible; no hypothesis-test or coverage certification"
"strong_d2_m1_n2000","stabilized","PATE","raw",2000,2,1,"strong",1000,1000,0,"point_estimate_only",1.5,0.000670027694751378,0.00242088409648909,0,1.5,0.000670027694751378,0.00242088409648909,0.0765550769618437,0.00179827283229568,0.00586067980863382,0.000275333830149577,0.0765197233785964,0.00179586203813639,NA,NA,NA,NA,NA,NA,NA,NA,NA,0,NA,NA,NA,NA,0,0,0,"raw_point_only",1.5,0,NA,NA,NA,"M1_d2","monte_carlo_precision_estimated","monte_carlo_estimate",2e+05,934102,NA,0.01,NA,FALSE,"not_applicable",11.7213596172676,0.550667660299154,NA,NA,NA,NA,NA,NA,NA,NA,"Independent-stream Monte Carlo diagnostics; finite-n departures from an asymptotic limit are possible; no hypothesis-test or coverage certification"
"strong_d2_m1_n2000","stabilized","PATE","polynomial",2000,2,1,"strong",1000,1000,0,"within_declared_theorem_scope",1.5,0.00239107602781621,0.00204102245634148,0,1.5,0.00239107602781621,0.00204102245634148,0.0645427971759065,0.00140805015749152,0.0041657726672902,0.000181758991456956,0.0645548149962008,0.00140185072017887,8.61977955891494,0.00848479609467221,8.61190819689722,-0.00787136201771792,0.00431361978102587,0.00430988977945747,4.24239804733611e-06,1.03459552973183,0.0452211168303337,1000,0.957,0.00641490451994416,0.257311172535125,0.000126621323733978,573.002,0,0,"bias_corrected",1.5,0,8.6687228504367,0.00135885075694216,0.00135885075694216,"M1_d2","monte_carlo_precision_estimated","monte_carlo_estimate",2e+05,934102,0.000156753281929379,0.01,TRUE,FALSE,"monte_carlo_diagnostic_available",8.3315453345804,0.363517982913912,-0.337177515856297,0.363520522635489,-0.927533646276123,-0.0489432915217574,0.0085929180228725,-5.69577079537834,0.961104130138465,0.994354036648052,"Independent-stream Monte Carlo diagnostics; finite-n departures from an asymptotic limit are possible; no hypothesis-test or coverage certification"
"strong_d2_m1_n2000","self_normalized","PATT","oracle",2000,2,1,"strong",1000,1000,0,"within_declared_theorem_scope",1.5,0.00133803415469756,0.00192498085014003,0,1.5,0.00133803415469756,0.00192498085014003,0.0608732393864975,0.00138975551856419,0.00370555127340583,0.000169197840740528,0.0608575061724645,0.00138420013143909,7.93841135211062,0.00809541358931481,7.93841135211062,-6.03961325396085e-17,3.91334810138348e-17,0.00396920567605531,4.04770679465741e-06,1.07115119538129,0.0489417048720533,1000,0.947,0.00708456067798138,0.246929819784616,0.000125859300124736,252.498999999999,0,0,"bias_corrected",1.5,0,7.92117524240452,0.000987888532495039,0.000987888532495039,"M1_d2","monte_carlo_precision_estimated","monte_carlo_estimate",2e+05,934102,0.00012471489422511,0.01,TRUE,FALSE,"monte_carlo_diagnostic_available",7.41110254681166,0.338395681481056,-0.510072695592861,0.338397123464105,-1.50731983289735,0.0172361097060989,0.00815546718065238,2.1134423478509,0.935606437178377,1.00217595359005,"Independent-stream Monte Carlo diagnostics; finite-n departures from an asymptotic limit are possible; no hypothesis-test or coverage certification"
"strong_d2_m1_n2000","self_normalized","PATT","raw",2000,2,1,"strong",1000,1000,0,"point_estimate_only",1.5,0.00134924010496285,0.00192513172892109,0,1.5,0.00134924010496285,0.00192513172892109,0.0608780105924849,0.00138884319349101,0.00370613217369871,0.000169100021289292,0.0608625212292906,0.00138319852153241,NA,NA,NA,NA,NA,NA,NA,NA,NA,0,NA,NA,NA,NA,0,0,0,"raw_point_only",1.5,0,NA,NA,NA,"M1_d2","monte_carlo_precision_estimated","monte_carlo_estimate",2e+05,934102,NA,0.01,NA,FALSE,"not_applicable",7.41226434739742,0.338200042578584,NA,NA,NA,NA,NA,NA,NA,NA,"Independent-stream Monte Carlo diagnostics; finite-n departures from an asymptotic limit are possible; no hypothesis-test or coverage certification"
"strong_d2_m1_n2000","self_normalized","PATT","polynomial",2000,2,1,"strong",1000,1000,0,"within_declared_theorem_scope",1.5,0.00133281970737654,0.00192494950758862,0,1.5,0.00133281970737654,0.00192494950758862,0.0608722482479961,0.00138933813915452,0.00370543060676566,0.000169144272214046,0.0608564013439118,0.00138380976745281,7.93976895840007,0.00841908736090473,7.93976895840007,2.8421709430404e-17,5.01971709548496e-17,0.00396988447920004,4.20954368045237e-06,1.07136926864897,0.0489562840438685,1000,0.946,0.00714730718522718,0.246948341668617,0.000130861265581587,255.004,0,0,"bias_corrected",1.5,0,7.92117524240452,0.000987888532495039,0.000987888532495039,"M1_d2","monte_carlo_precision_estimated","monte_carlo_estimate",2e+05,934102,0.00012471489422511,0.01,TRUE,FALSE,"monte_carlo_diagnostic_available",7.41086121353132,0.338288544428092,-0.510314028873202,0.33828998686782,-1.508510593524,0.0185937159955492,0.00847684821989759,2.19347044009876,0.935575970325548,1.00234734309323,"Independent-stream Monte Carlo diagnostics; finite-n departures from an asymptotic limit are possible; no hypothesis-test or coverage certification"
"strong_d2_m1_n2000","stabilized","PATT","oracle",2000,2,1,"strong",1000,1000,0,"within_declared_theorem_scope",1.5,0.00246190370889708,0.00224789186937383,0,1.5,0.00246190370889708,0.00224789186937383,0.0710845824099499,0.00162011925053237,0.00505301785639696,0.000230331000756828,0.0710916718639564,0.001611896413083,10.7606509539278,0.0159946416429501,10.7606509539278,1.06581410364015e-17,2.00710485634978e-16,0.00538032547696388,7.99732082147505e-06,1.06477468116456,0.0484990037834417,1000,0.95,0.00689202437604511,0.287450280011267,0.000213488044963544,253.712,0,0,"bias_corrected",1.5,0,10.7140700317817,0.00182759378511582,0.00182759378511582,"M1_d2","monte_carlo_precision_estimated","monte_carlo_estimate",2e+05,934102,0.000170578853759079,0.01,TRUE,FALSE,"monte_carlo_diagnostic_available",10.1060357127939,0.460662001513656,-0.608034318987778,0.460665626824502,-1.31990381652552,0.0465809221461022,0.0160987161081183,2.8934557161743,0.943248987809102,1.00434764025323,"Independent-stream Monte Carlo diagnostics; finite-n departures from an asymptotic limit are possible; no hypothesis-test or coverage certification"
"strong_d2_m1_n2000","stabilized","PATT","raw",2000,2,1,"strong",1000,1000,0,"point_estimate_only",1.5,-0.00063074956991955,0.00262780140046803,0,1.5,-0.00063074956991955,0.00262780140046803,0.0830983766405922,0.00194552031775021,0.00690534020030172,0.000323339160252663,0.0830592120425024,0.00194742938682524,NA,NA,NA,NA,NA,NA,NA,NA,NA,0,NA,NA,NA,NA,0,0,0,"raw_point_only",1.5,0,NA,NA,NA,"M1_d2","monte_carlo_precision_estimated","monte_carlo_estimate",2e+05,934102,NA,0.01,NA,FALSE,"not_applicable",13.8106804006034,0.646678320505326,NA,NA,NA,NA,NA,NA,NA,NA,"Independent-stream Monte Carlo diagnostics; finite-n departures from an asymptotic limit are possible; no hypothesis-test or coverage certification"
"strong_d2_m1_n2000","stabilized","PATT","polynomial",2000,2,1,"strong",1000,1000,0,"within_declared_theorem_scope",1.5,0.00250027023653823,0.00224301945527663,0,1.5,0.00250027023653823,0.00224301945527663,0.0709305031474435,0.00160767479897533,0.00503113627674949,0.000228066364777571,0.0709391041085835,0.0015991240053046,10.7068053852115,0.015553265053228,10.7068053852115,9.59232693276135e-17,1.73944002534523e-16,0.00535340269260573,7.77663252661398e-06,1.06405440006575,0.0482571894804574,1000,0.95,0.00689202437604511,0.286733791990164,0.00020803794769423,256.343,0,0,"bias_corrected",1.5,0,10.7140700317817,0.00182759378511582,0.00182759378511582,"M1_d2","monte_carlo_precision_estimated","monte_carlo_estimate",2e+05,934102,0.000170578853759079,0.01,TRUE,FALSE,"monte_carlo_diagnostic_available",10.062272553499,0.456132729555142,-0.651797478282719,0.456136390864035,-1.42895303101788,-0.00726464657019932,0.0156602730774197,-0.46389015914889,0.939164344049529,0.999321952670773,"Independent-stream Monte Carlo diagnostics; finite-n departures from an asymptotic limit are possible; no hypothesis-test or coverage certification"
"weak_d2_m1_n2000","self_normalized","PATE","oracle",2000,2,1,"weak",1000,1000,0,"assumption_failure_diagnostic",-0.0416666666666667,-0.000414162192420312,0.000886963629304158,0,0,-0.042080828859087,0.000886963629304158,0.0280482527033041,0.000617910371468218,0.000786704479708403,3.46626124938661e-05,0.0505639588313303,0.000810504051677446,1.45399184786416,0.000537917214613052,1.45399184786416,-9.99200722162641e-18,2.23517516579581e-17,0.000726995923932078,2.68958607306524e-07,0.924102941680901,0.0407469512121423,1000,0.645,0.0151319199046255,0.105690673320238,1.95338956201269e-05,585.026999999999,0,0,"original_weak_variance_not_established",-0.0416666666666667,-0.0416666666666667,NA,NA,NA,"M1_d2","monte_carlo_precision_estimated","monte_carlo_estimate",2e+05,934102,NA,0.01,NA,FALSE,"not_applicable",1.57340895941681,0.0693252249877322,NA,NA,NA,NA,NA,NA,NA,NA,"Independent-stream Monte Carlo diagnostics; finite-n departures from an asymptotic limit are possible; no hypothesis-test or coverage certification"
"weak_d2_m1_n2000","self_normalized","PATE","raw",2000,2,1,"weak",1000,1000,0,"point_estimate_only",-0.0416666666666667,-0.000414162192420312,0.000886963629304158,0,0,-0.042080828859087,0.000886963629304158,0.0280482527033041,0.000617910371468218,0.000786704479708403,3.46626124938661e-05,0.0505639588313303,0.000810504051677446,NA,NA,NA,NA,NA,NA,NA,NA,NA,0,NA,NA,NA,NA,0,0,0,"raw_point_only",-0.0416666666666667,-0.0416666666666667,NA,NA,NA,"M1_d2","monte_carlo_precision_estimated","monte_carlo_estimate",2e+05,934102,NA,0.01,NA,FALSE,"not_applicable",1.57340895941681,0.0693252249877322,NA,NA,NA,NA,NA,NA,NA,NA,"Independent-stream Monte Carlo diagnostics; finite-n departures from an asymptotic limit are possible; no hypothesis-test or coverage certification"
"weak_d2_m1_n2000","self_normalized","PATE","polynomial",2000,2,1,"weak",1000,1000,0,"assumption_failure_diagnostic",-0.0416666666666667,-0.000414162192420312,0.000886963629304158,0,0,-0.042080828859087,0.000886963629304158,0.0280482527033041,0.000617910371468218,0.000786704479708403,3.46626124938661e-05,0.0505639588313303,0.000810504051677446,1.45290828307154,0.000591156741583389,1.45290828307154,0,1.99940139507303e-17,0.000726454141535768,2.95578370791693e-07,0.923414268347668,0.0407418418567332,1000,0.643,0.0151509405648626,0.105650899955224,2.15053588909789e-05,585.39,0,0,"original_weak_variance_not_established",-0.0416666666666667,-0.0416666666666667,NA,NA,NA,"M1_d2","monte_carlo_precision_estimated","monte_carlo_estimate",2e+05,934102,NA,0.01,NA,FALSE,"not_applicable",1.57340895941681,0.0693252249877322,NA,NA,NA,NA,NA,NA,NA,NA,"Independent-stream Monte Carlo diagnostics; finite-n departures from an asymptotic limit are possible; no hypothesis-test or coverage certification"
"weak_d2_m1_n2000","stabilized","PATE","oracle",2000,2,1,"weak",1000,1000,0,"within_declared_theorem_scope",0,-0.000418097746074055,0.000920614956697261,0,0,-0.000418097746074055,0.000920614956697261,0.0291124011118063,0.000641542521205406,0.0008475318984947,3.73536864152225e-05,0.029100844872984,0.000641189974920596,1.67348744215888,0.00158901386863572,1.70557953653314,0.0320920943742604,0.00107976691737584,0.00083674372107944,7.94506934317861e-07,0.987271066216597,0.0435593904145338,1000,0.942,0.00739161687318817,0.113377158318892,5.37499078113377e-05,586.742,0,0,"bias_corrected",5.55111512312578e-17,0,1.67119807211535,0.000293896838417274,0.000293896838417274,"M1_d2","monte_carlo_precision_estimated","monte_carlo_estimate",2e+05,934102,0.00017585996736178,0.01,TRUE,FALSE,"monte_carlo_diagnostic_available",1.6950637969894,0.074707372830445,0.0238657248740546,0.0747079509194218,0.319453613441969,0.00228937004353447,0.00161596424042994,1.41672073320469,1.01428060818898,1.00136989748955,"Independent-stream Monte Carlo diagnostics; finite-n departures from an asymptotic limit are possible; no hypothesis-test or coverage certification"
"weak_d2_m1_n2000","stabilized","PATE","raw",2000,2,1,"weak",1000,1000,0,"point_estimate_only",0,-0.000591376258628087,0.00116951405159502,0,0,-0.000591376258628087,0.00116951405159502,0.0369832815861194,0.000817169248041489,0.00136776311687819,6.04432008076716e-05,0.0369695155451162,0.000816702541498129,NA,NA,NA,NA,NA,NA,NA,NA,NA,0,NA,NA,NA,NA,0,0,0,"raw_point_only",5.55111512312578e-17,0,NA,NA,NA,"M1_d2","monte_carlo_precision_estimated","monte_carlo_estimate",2e+05,934102,NA,0.01,NA,FALSE,"not_applicable",2.73552623375638,0.120886401615343,NA,NA,NA,NA,NA,NA,NA,NA,"Independent-stream Monte Carlo diagnostics; finite-n departures from an asymptotic limit are possible; no hypothesis-test or coverage certification"
"weak_d2_m1_n2000","stabilized","PATE","polynomial",2000,2,1,"weak",1000,1000,0,"within_declared_theorem_scope",0,-0.000506032194782734,0.000921697077042742,0,0,-0.000506032194782734,0.000921697077042742,0.0291466207617476,0.000644998102022661,0.000849525501829135,3.7599030143403e-05,0.029136438438997,0.000644917180715986,1.67369437337941,0.00204395570092978,1.70565380863373,0.0319594352543115,0.000814611696520697,0.000836847186689707,1.02197785046489e-06,0.985076004060938,0.0436550884662653,1000,0.941,0.00745110730026082,0.113375944214339,6.89641725334379e-05,589.929,0,0,"bias_corrected",5.55111512312578e-17,0,1.67119807211535,0.000293896838417274,0.000293896838417274,"M1_d2","monte_carlo_precision_estimated","monte_carlo_estimate",2e+05,934102,0.00017585996736178,0.01,TRUE,FALSE,"monte_carlo_diagnostic_available",1.69905100365827,0.075198060286806,0.0278529315429246,0.0751986346036266,0.370391453112652,0.00249630126406464,0.00206497706016193,1.20887602686922,1.01666644547266,1.00149371956904,"Independent-stream Monte Carlo diagnostics; finite-n departures from an asymptotic limit are possible; no hypothesis-test or coverage certification"
"weak_d2_m1_n2000","self_normalized","PATT","oracle",2000,2,1,"weak",1000,1000,0,"assumption_failure_diagnostic",0.166666666666667,-0.000982368573283556,0.000959298420801639,0,0,0.165684298093383,0.000959298420801639,0.0303356796553583,0.000688959479534572,0.000920253460152518,4.18001081333663e-05,0.168435803323965,0.000949428721682592,1.8705947103667,0.00165706034594877,1.8705947103667,1.99840144432528e-17,1.99840144432528e-17,0.00093529735518335,8.28530172974386e-07,1.01634755606172,0.0461297241980403,1000,0,0,0.11987000979445,5.29967989893456e-05,283.687,0,0,"original_weak_variance_not_established",0.166666666666667,0.166666666666667,NA,NA,NA,"M1_d2","monte_carlo_precision_estimated","monte_carlo_estimate",2e+05,934102,NA,0.01,NA,FALSE,"not_applicable",1.84050692030504,0.0836002162667326,NA,NA,NA,NA,NA,NA,NA,NA,"Independent-stream Monte Carlo diagnostics; finite-n departures from an asymptotic limit are possible; no hypothesis-test or coverage certification"
"weak_d2_m1_n2000","self_normalized","PATT","raw",2000,2,1,"weak",1000,1000,0,"point_estimate_only",0.166666666666667,-0.000982368573283556,0.000959298420801639,0,0,0.165684298093383,0.000959298420801639,0.0303356796553583,0.000688959479534572,0.000920253460152518,4.18001081333663e-05,0.168435803323965,0.000949428721682592,NA,NA,NA,NA,NA,NA,NA,NA,NA,0,NA,NA,NA,NA,0,0,0,"raw_point_only",0.166666666666667,0.166666666666667,NA,NA,NA,"M1_d2","monte_carlo_precision_estimated","monte_carlo_estimate",2e+05,934102,NA,0.01,NA,FALSE,"not_applicable",1.84050692030504,0.0836002162667326,NA,NA,NA,NA,NA,NA,NA,NA,"Independent-stream Monte Carlo diagnostics; finite-n departures from an asymptotic limit are possible; no hypothesis-test or coverage certification"
"weak_d2_m1_n2000","self_normalized","PATT","polynomial",2000,2,1,"weak",1000,1000,0,"assumption_failure_diagnostic",0.166666666666667,-0.000982368573283556,0.000959298420801639,0,0,0.165684298093383,0.000959298420801639,0.0303356796553583,0.000688959479534572,0.000920253460152518,4.18001081333663e-05,0.168435803323965,0.000949428721682592,1.86868729504147,0.00186620520401809,1.86868729504147,-1.99840144432528e-17,1.99840144432528e-17,0.000934343647520737,9.33102602009047e-07,1.0153112028135,0.0461489105979031,1000,0,0,0.119805696040938,5.97440441337828e-05,283.608,0,0,"original_weak_variance_not_established",0.166666666666667,0.166666666666667,NA,NA,NA,"M1_d2","monte_carlo_precision_estimated","monte_carlo_estimate",2e+05,934102,NA,0.01,NA,FALSE,"not_applicable",1.84050692030504,0.0836002162667326,NA,NA,NA,NA,NA,NA,NA,NA,"Independent-stream Monte Carlo diagnostics; finite-n departures from an asymptotic limit are possible; no hypothesis-test or coverage certification"
"weak_d2_m1_n2000","stabilized","PATT","oracle",2000,2,1,"weak",1000,1000,0,"within_declared_theorem_scope",0,-0.00109465161906339,0.00103520955556874,0,0,-0.00109465161906339,0.00103520955556874,0.0327362005116788,0.000742297180249034,0.00107165882394084,4.85999786637722e-05,0.0327381341448167,0.000742857825404044,2.19720873446466,0.00401396495004216,2.19720873446466,4.08562073062058e-17,2.82532318934642e-17,0.00109860436723233,2.00698247502108e-06,1.02514377028353,0.0464904376396995,1000,0.95,0.00689202437604511,0.129872733662642,0.000118578495871004,285.014,0,0,"bias_corrected",5.55111512312578e-17,0,2.18485145695964,0.00050382315157247,0.00050382315157247,"M1_d2","monte_carlo_precision_estimated","monte_carlo_estimate",2e+05,934102,0.000230598354852724,0.01,TRUE,FALSE,"monte_carlo_diagnostic_available",2.14331764788168,0.0971999573275444,-0.0415338090779596,0.097201263069183,-0.427297010002822,0.0123572775050205,0.00404546071396416,3.05460326492988,0.980990099374647,1.00565588908374,"Independent-stream Monte Carlo diagnostics; finite-n departures from an asymptotic limit are possible; no hypothesis-test or coverage certification"
"weak_d2_m1_n2000","stabilized","PATT","raw",2000,2,1,"weak",1000,1000,0,"point_estimate_only",0,-0.00143150075640299,0.00127824761159594,0,0,-0.00143150075640299,0.00127824761159594,0.0404217386631342,0.000911493779032916,0.00163391695655072,7.36883266582824e-05,0.0404268751452515,0.000912136115124039,NA,NA,NA,NA,NA,NA,NA,NA,NA,0,NA,NA,NA,NA,0,0,0,"raw_point_only",5.55111512312578e-17,0,NA,NA,NA,"M1_d2","monte_carlo_precision_estimated","monte_carlo_estimate",2e+05,934102,NA,0.01,NA,FALSE,"not_applicable",3.26783391310144,0.147376653316565,NA,NA,NA,NA,NA,NA,NA,NA,"Independent-stream Monte Carlo diagnostics; finite-n departures from an asymptotic limit are possible; no hypothesis-test or coverage certification"
"weak_d2_m1_n2000","stabilized","PATT","polynomial",2000,2,1,"weak",1000,1000,0,"within_declared_theorem_scope",0,-0.000908397145130903,0.00103505894694763,0,0,-0.000908397145130903,0.00103505894694763,0.0327314378488989,0.00074338662643065,0.00107134702365633,4.86642263214349e-05,0.0327276773084488,0.000743033191191595,2.19513103657456,0.00381449788500003,2.19513103657456,-9.01501095995627e-17,3.87947509344888e-17,0.00109756551828728,1.90724894250002e-06,1.02447245761833,0.0466016908369402,1000,0.947,0.00708456067798138,0.129816646878584,0.00011252475763029,284.726999999999,0,0,"bias_corrected",5.55111512312578e-17,0,2.18485145695964,0.00050382315157247,0.00050382315157247,"M1_d2","monte_carlo_precision_estimated","monte_carlo_estimate",2e+05,934102,0.000230598354852724,0.01,TRUE,FALSE,"monte_carlo_diagnostic_available",2.14269404731266,0.0973284526428698,-0.0421574096469794,0.0973297566606606,-0.433139988153478,0.0102795796149207,0.00384762678579019,2.67166754657301,0.98070467925282,1.00470493295193,"Independent-stream Monte Carlo diagnostics; finite-n departures from an asymptotic limit are possible; no hypothesis-test or coverage certification"
"strong_d2_m3_n2000","self_normalized","PATE","oracle",2000,2,3,"strong",1000,1000,0,"within_declared_theorem_scope",1.5,-0.000407682302350227,0.00180136555875894,0,1.5,-0.000407682302350227,0.00180136555875894,0.0569641806426012,0.00124772336980359,0.0032449178762829,0.000142151078858974,0.0569371509935847,0.00124794843975901,6.5782091408382,0.00386952413543506,6.5782091408382,-3.01980662698043e-17,3.64968122184492e-17,0.0032891045704191,1.93476206771753e-06,1.01361719951656,0.0444228921951045,1000,0.96,0.00619677335393187,0.224800970146381,6.60851373514564e-05,571.790000000001,0,0,"bias_corrected",1.5,0,6.58375356350997,0.00740160034084482,0.00740160034084482,"M3_d2","monte_carlo_precision_estimated","monte_carlo_estimate",6e+05,934106,0.00112422196083822,0.01,TRUE,FALSE,"monte_carlo_diagnostic_available",6.4898357525658,0.284302157717948,-0.0939178109441672,0.28439848904431,-0.33023315721461,-0.00554442267176736,0.00835205990401821,-0.66383894937103,0.985734913976018,0.99915786297007,"Independent-stream Monte Carlo diagnostics; finite-n departures from an asymptotic limit are possible; no hypothesis-test or coverage certification"
"strong_d2_m3_n2000","self_normalized","PATE","raw",2000,2,3,"strong",1000,1000,0,"point_estimate_only",1.5,-0.000436421860759307,0.00180172004223104,0,1.5,-0.000436421860759307,0.00180172004223104,0.0569753903942483,0.00124679261536872,0.003246195110577,0.000142072992002597,0.0569485678442134,0.00124706428500568,NA,NA,NA,NA,NA,NA,NA,NA,NA,0,NA,NA,NA,NA,0,0,0,"raw_point_only",1.5,0,NA,NA,NA,"M3_d2","monte_carlo_precision_estimated","monte_carlo_estimate",6e+05,934106,NA,0.01,NA,FALSE,"not_applicable",6.492390221154,0.284145984005194,NA,NA,NA,NA,NA,NA,NA,NA,"Independent-stream Monte Carlo diagnostics; finite-n departures from an asymptotic limit are possible; no hypothesis-test or coverage certification"
"strong_d2_m3_n2000","self_normalized","PATE","polynomial",2000,2,3,"strong",1000,1000,0,"within_declared_theorem_scope",1.5,-0.000410221061289001,0.00180170228954582,0,1.5,-0.000410221061289001,0.00180170228954582,0.0569748290050497,0.00124774301516753,0.00324613114015465,0.00014217988986283,0.0569478119889923,0.0012479726564885,6.54413527260269,0.00389017519212154,6.54413527260269,5.95079541199084e-17,5.29048682174612e-17,0.00327206763630135,1.94508759606077e-06,1.00798997176234,0.0441846441290341,1000,0.96,0.00619677335393187,0.224217797392247,6.66040703090444e-05,574.558000000001,0,0,"bias_corrected",1.5,0,6.58375356350997,0.00740160034084482,0.00740160034084482,"M3_d2","monte_carlo_precision_estimated","monte_carlo_estimate",6e+05,934106,0.00112422196083822,0.01,TRUE,FALSE,"monte_carlo_diagnostic_available",6.4922622803093,0.28435977972566,-0.0914912832006678,0.284456091538275,-0.321635872538019,-0.0396182909072778,0.00836164760265535,-4.73809622097641,0.986103476942431,0.993982415877948,"Independent-stream Monte Carlo diagnostics; finite-n departures from an asymptotic limit are possible; no hypothesis-test or coverage certification"
"strong_d2_m3_n2000","stabilized","PATE","oracle",2000,2,3,"strong",1000,1000,0,"within_declared_theorem_scope",1.5,-0.00055026732041584,0.00188443061618891,0,1.5,-0.00055026732041584,0.00188443061618891,0.0595909283971152,0.00130682161850854,0.00355107874723011,0.000155749426992689,0.0595636673032042,0.0013072589664781,7.18151914713109,0.0050459733537155,7.17920299855071,-0.00231614858037694,0.00318620202286961,0.00359075957356555,2.52298667685775e-06,1.01117430199665,0.0443589529133498,1000,0.961,0.00612200947402077,0.234879175272339,8.24619355671179e-05,581.015999999999,0,0,"bias_corrected",1.5,0,7.1878143088164,0.00875571590823904,0.00875571590823904,"M3_d2","monte_carlo_precision_estimated","monte_carlo_estimate",6e+05,934106,0.0012181332922721,0.01,TRUE,FALSE,"monte_carlo_diagnostic_available",7.10215749446022,0.311498853985378,-0.0856568143561809,0.31162188401213,-0.274874194499275,-0.00629516168531019,0.0101056621827665,-0.622934110744917,0.988083051303772,0.999124189716812,"Independent-stream Monte Carlo diagnostics; finite-n departures from an asymptotic limit are possible; no hypothesis-test or coverage certification"
"strong_d2_m3_n2000","stabilized","PATE","raw",2000,2,3,"strong",1000,1000,0,"point_estimate_only",1.5,-0.000920268669468502,0.00214776298479454,0,1.5,-0.000920268669468502,0.00214776298479454,0.0679182290615232,0.00153161241636451,0.00461288583885353,0.000208048805856235,0.0678904989482231,0.0015313220783017,NA,NA,NA,NA,NA,NA,NA,NA,NA,0,NA,NA,NA,NA,0,0,0,"raw_point_only",1.5,0,NA,NA,NA,"M3_d2","monte_carlo_precision_estimated","monte_carlo_estimate",6e+05,934106,NA,0.01,NA,FALSE,"not_applicable",9.22577167770706,0.41609761171247,NA,NA,NA,NA,NA,NA,NA,NA,"Independent-stream Monte Carlo diagnostics; finite-n departures from an asymptotic limit are possible; no hypothesis-test or coverage certification"
"strong_d2_m3_n2000","stabilized","PATE","polynomial",2000,2,3,"strong",1000,1000,0,"within_declared_theorem_scope",1.5,-0.000589030179342392,0.00188219920672666,0,1.5,-0.000589030179342392,0.00188219920672666,0.0595203650341835,0.00130395943801194,0.00354267385380245,0.000155224283480479,0.059493513398528,0.001304497765261,7.13552303176888,0.00498414872719667,7.13227846571499,-0.00324456605388925,0.00185437054645512,0.00356776151588444,2.49207436359834e-06,1.00708156130575,0.0441571236230447,1000,0.961,0.00612200947402077,0.234125968367149,8.1690824729921e-05,586.587999999999,0,0,"bias_corrected",1.5,0,7.1878143088164,0.00875571590823904,0.00875571590823904,"M3_d2","monte_carlo_precision_estimated","monte_carlo_estimate",6e+05,934106,0.0012181332922721,0.01,TRUE,FALSE,"monte_carlo_diagnostic_available",7.0853477076049,0.310448566960958,-0.102466601211501,0.310572013048791,-0.329928637824179,-0.0522912770475203,0.0100749342231404,-5.1902350813781,0.985744400619001,0.992725010023787,"Independent-stream Monte Carlo diagnostics; finite-n departures from an asymptotic limit are possible; no hypothesis-test or coverage certification"
"strong_d2_m3_n2000","self_normalized","PATT","oracle",2000,2,3,"strong",1000,1000,0,"within_declared_theorem_scope",1.5,-0.00100205957325098,0.00190811540560325,0,1.5,-0.00100205957325098,0.00190811540560325,0.0603399072016228,0.00132788036309436,0.00364090440110045,0.000160248355767942,0.0603180538486421,0.00132869367087524,7.46926109976008,0.00598314527954929,7.46926109976008,2.8421709430404e-17,4.09632576757799e-17,0.00373463054988004,2.99157263977465e-06,1.02574254593207,0.0451516454539621,1000,0.95,0.00689202437604511,0.239534012643862,9.58323643337158e-05,256.034,0,0,"bias_corrected",1.5,0,7.4740221393334,0.00989900797360608,0.00989900797360608,"M3_d2","monte_carlo_precision_estimated","monte_carlo_estimate",6e+05,934106,0.00132445526505879,0.01,TRUE,FALSE,"monte_carlo_diagnostic_available",7.2818088022009,0.320496711535884,-0.192213337132496,0.320649547737366,-0.599449893158533,-0.00476103957331642,0.0115666929715329,-0.411616318081056,0.97428247688471,0.999362988296722,"Independent-stream Monte Carlo diagnostics; finite-n departures from an asymptotic limit are possible; no hypothesis-test or coverage certification"
"strong_d2_m3_n2000","self_normalized","PATT","raw",2000,2,3,"strong",1000,1000,0,"point_estimate_only",1.5,-0.000872345588725504,0.00190799264254076,0,1.5,-0.000872345588725504,0.00190799264254076,0.0603360250927228,0.00132747015328053,0.00364043592398967,0.000160188544956349,0.0603121585991735,0.00132802663211732,NA,NA,NA,NA,NA,NA,NA,NA,NA,0,NA,NA,NA,NA,0,0,0,"raw_point_only",1.5,0,NA,NA,NA,"M3_d2","monte_carlo_precision_estimated","monte_carlo_estimate",6e+05,934106,NA,0.01,NA,FALSE,"not_applicable",7.28087184797934,0.320377089912698,NA,NA,NA,NA,NA,NA,NA,NA,"Independent-stream Monte Carlo diagnostics; finite-n departures from an asymptotic limit are possible; no hypothesis-test or coverage certification"
"strong_d2_m3_n2000","self_normalized","PATT","polynomial",2000,2,3,"strong",1000,1000,0,"within_declared_theorem_scope",1.5,-0.000996725868617207,0.00190810617189048,0,1.5,-0.000996725868617207,0.00190810617189048,0.0603396152059868,0.00132805255547757,0.00364086916320656,0.000160268360341688,0.0603176736661861,0.00132887332790009,7.46073317382917,0.00643935059181657,7.46073317382917,-8.97060203897127e-17,4.98959866382308e-17,0.00373036658691459,3.21967529590828e-06,1.02458133475722,0.0451233515699716,1000,0.95,0.00689202437604511,0.239394161758152,0.000103172086797218,257.174,0,0,"bias_corrected",1.5,0,7.4740221393334,0.00989900797360608,0.00989900797360608,"M3_d2","monte_carlo_precision_estimated","monte_carlo_estimate",6e+05,934106,0.00132445526505879,0.01,TRUE,FALSE,"monte_carlo_diagnostic_available",7.28173832641312,0.320536720683376,-0.192283812920277,0.320689537817052,-0.599594904870179,-0.0132889655042261,0.0118091318438675,-1.12531265464083,0.974273047452141,0.998221979376501,"Independent-stream Monte Carlo diagnostics; finite-n departures from an asymptotic limit are possible; no hypothesis-test or coverage certification"
"strong_d2_m3_n2000","stabilized","PATT","oracle",2000,2,3,"strong",1000,1000,0,"within_declared_theorem_scope",1.5,-0.00117152564823101,0.00197754004465565,0,1.5,-0.00117152564823101,0.00197754004465565,0.0625353070530296,0.00138433187101268,0.00391066462821669,0.000173139237234146,0.0625150096851383,0.00138481011133669,7.96362693891681,0.00756168309593943,7.96362693891681,9.76996261670138e-18,3.62801864488409e-17,0.00398181346945841,3.78084154796972e-06,1.01819354202054,0.0450709513154705,1000,0.951,0.00682634602111555,0.247326008801122,0.000117256206504331,257.063,0,0,"bias_corrected",1.5,0,7.97178076178348,0.0117760481762889,0.0117760481762889,"M3_d2","monte_carlo_precision_estimated","monte_carlo_estimate",6e+05,934106,0.00147721676350445,0.01,TRUE,FALSE,"monte_carlo_diagnostic_available",7.82132925643338,0.346278474468292,-0.1504515053501,0.346478653297339,-0.434230230111712,-0.00815382286666999,0.0139947976724815,-0.582632422239529,0.981126989082369,0.998977164185729,"Independent-stream Monte Carlo diagnostics; finite-n departures from an asymptotic limit are possible; no hypothesis-test or coverage certification"
"strong_d2_m3_n2000","stabilized","PATT","raw",2000,2,3,"strong",1000,1000,0,"point_estimate_only",1.5,-0.00110741514921809,0.00217822545871752,0,1.5,-0.00110741514921809,0.00217822545871752,0.0688815370691245,0.00157511467223727,0.00474466614900517,0.000216992639367666,0.0688559935747708,0.00157580326771964,NA,NA,NA,NA,NA,NA,NA,NA,NA,0,NA,NA,NA,NA,0,0,0,"raw_point_only",1.5,0,NA,NA,NA,"M3_d2","monte_carlo_precision_estimated","monte_carlo_estimate",6e+05,934106,NA,0.01,NA,FALSE,"not_applicable",9.48933229801034,0.433985278735332,NA,NA,NA,NA,NA,NA,NA,NA,"Independent-stream Monte Carlo diagnostics; finite-n departures from an asymptotic limit are possible; no hypothesis-test or coverage certification"
"strong_d2_m3_n2000","stabilized","PATT","polynomial",2000,2,3,"strong",1000,1000,0,"within_declared_theorem_scope",1.5,-0.0012059441793696,0.00197508951612174,0,1.5,-0.0012059441793696,0.00197508951612174,0.0624578145366457,0.00137999524621972,0.00390097859669403,0.000172382974299688,0.062438224826312,0.00138051644170649,7.94466414163622,0.00753971405233285,7.94466414163622,6.30606677987089e-17,5.07835242917839e-17,0.00397233207081811,3.76985702616642e-06,1.01829117293403,0.045021772824369,1000,0.954,0.00662449998113065,0.247031400885102,0.00011705112725695,258.065999999999,0,0,"bias_corrected",1.5,0,7.97178076178348,0.0117760481762889,0.0117760481762889,"M3_d2","monte_carlo_precision_estimated","monte_carlo_estimate",6e+05,934106,0.00147721676350445,0.01,TRUE,FALSE,"monte_carlo_diagnostic_available",7.80195719338806,0.344765948599376,-0.16982356839542,0.344967005124081,-0.492289308463967,-0.0271166201472601,0.0139829395565175,-1.93926463299493,0.978696909326766,0.996598423745262,"Independent-stream Monte Carlo diagnostics; finite-n departures from an asymptotic limit are possible; no hypothesis-test or coverage certification"
"weak_d2_m3_n2000","self_normalized","PATE","oracle",2000,2,3,"weak",1000,1000,0,"assumption_failure_diagnostic",-0.0238756613756613,-0.000421736396790642,0.000890070344356141,0,0,-0.024297397772452,0.000890070344356141,0.028146495659358,0.000590743583233489,0.000792225217902259,3.325472340255e-05,0.0371725238744575,0.000733750966709263,1.3039461713666,0.000401129281097363,1.3039461713666,-1.99840144432528e-17,2.8268735860136e-17,0.000651973085683299,2.0056464054868e-07,0.82296431740669,0.0345708490931749,1000,0.82,0.01214907403879,0.100089331948658,1.53918938056572e-05,615.038000000001,0,0,"original_weak_variance_not_established",-0.0238756613756613,-0.0238756613756614,NA,NA,NA,"M3_d2","monte_carlo_precision_estimated","monte_carlo_estimate",6e+05,934106,NA,0.01,NA,FALSE,"not_applicable",1.58445043580452,0.0665094468051,NA,NA,NA,NA,NA,NA,NA,NA,"Independent-stream Monte Carlo diagnostics; finite-n departures from an asymptotic limit are possible; no hypothesis-test or coverage certification"
"weak_d2_m3_n2000","self_normalized","PATE","raw",2000,2,3,"weak",1000,1000,0,"point_estimate_only",-0.0238756613756613,-0.000421736396790642,0.000890070344356141,0,0,-0.024297397772452,0.000890070344356141,0.028146495659358,0.000590743583233489,0.000792225217902259,3.325472340255e-05,0.0371725238744575,0.000733750966709263,NA,NA,NA,NA,NA,NA,NA,NA,NA,0,NA,NA,NA,NA,0,0,0,"raw_point_only",-0.0238756613756613,-0.0238756613756614,NA,NA,NA,"M3_d2","monte_carlo_precision_estimated","monte_carlo_estimate",6e+05,934106,NA,0.01,NA,FALSE,"not_applicable",1.58445043580452,0.0665094468051,NA,NA,NA,NA,NA,NA,NA,NA,"Independent-stream Monte Carlo diagnostics; finite-n departures from an asymptotic limit are possible; no hypothesis-test or coverage certification"
"weak_d2_m3_n2000","self_normalized","PATE","polynomial",2000,2,3,"weak",1000,1000,0,"assumption_failure_diagnostic",-0.0238756613756613,-0.000421736396790644,0.000890070344356141,0,0,-0.024297397772452,0.000890070344356141,0.028146495659358,0.000590743583233489,0.000792225217902259,3.325472340255e-05,0.0371725238744575,0.000733750966709263,1.30300330104517,0.000604934660064316,1.30300330104517,-1.99840144432528e-17,2.8268735860136e-17,0.000651501650522584,3.02467330032159e-07,0.82236924021139,0.0345352017702479,1000,0.819,0.0121753439376471,0.100051627878697,2.32238359526145e-05,616.072,0,0,"original_weak_variance_not_established",-0.0238756613756613,-0.0238756613756614,NA,NA,NA,"M3_d2","monte_carlo_precision_estimated","monte_carlo_estimate",6e+05,934106,NA,0.01,NA,FALSE,"not_applicable",1.58445043580452,0.0665094468051,NA,NA,NA,NA,NA,NA,NA,NA,"Independent-stream Monte Carlo diagnostics; finite-n departures from an asymptotic limit are possible; no hypothesis-test or coverage certification"
"weak_d2_m3_n2000","stabilized","PATE","oracle",2000,2,3,"weak",1000,1000,0,"within_declared_theorem_scope",0,-0.000315063656931343,0.000857785330130105,0,0,-0.000315063656931343,0.000857785330130105,0.0271255538669059,0.00057021005611901,0.000735795672586412,3.09345271854153e-05,0.0271138182855485,0.000569936116145137,1.38347499336112,0.000760823112945449,1.3976716623895,0.0141966690283791,0.000605143658384516,0.000691737496680561,3.80411556472724e-07,0.940121724620938,0.039566858495699,1000,0.945,0.00720936890441875,0.103093757173271,2.832785342162e-05,622.478,0,0,"bias_corrected",5.55111512312578e-17,0,1.38365513689835,0.00189371585537618,0.00189371585537618,"M3_d2","monte_carlo_precision_estimated","monte_carlo_estimate",6e+05,934106,0.00136863283695185,0.01,TRUE,FALSE,"monte_carlo_diagnostic_available",1.47159134517282,0.0618690543708306,0.0879362082744775,0.061898029439407,1.4206624842647,-0.00018014353722684,0.00204083599294386,-0.0882694826285316,1.0635535589248,0.999869806043122,"Independent-stream Monte Carlo diagnostics; finite-n departures from an asymptotic limit are possible; no hypothesis-test or coverage certification"
"weak_d2_m3_n2000","stabilized","PATE","raw",2000,2,3,"weak",1000,1000,0,"point_estimate_only",0,-0.00037262935074951,0.00106233220261663,0,0,-0.00037262935074951,0.00106233220261663,0.0335938939201203,0.00070057961368361,0.0011285497087163,4.70703944493721e-05,0.0335791603772432,0.000700301298225525,NA,NA,NA,NA,NA,NA,NA,NA,NA,0,NA,NA,NA,NA,0,0,0,"raw_point_only",5.55111512312578e-17,0,NA,NA,NA,"M3_d2","monte_carlo_precision_estimated","monte_carlo_estimate",6e+05,934106,NA,0.01,NA,FALSE,"not_applicable",2.2570994174326,0.0941407888987442,NA,NA,NA,NA,NA,NA,NA,NA,"Independent-stream Monte Carlo diagnostics; finite-n departures from an asymptotic limit are possible; no hypothesis-test or coverage certification"
"weak_d2_m3_n2000","stabilized","PATE","polynomial",2000,2,3,"weak",1000,1000,0,"within_declared_theorem_scope",0,-0.00039988444479617,0.000858974535566752,0,0,-0.00039988444479617,0.000858974535566752,0.0271631598447625,0.000574818273564419,0.000737837252752116,3.12277612930414e-05,0.0271525196449345,0.000574675207534902,1.3831876512927,0.00125004133449053,1.39701790585587,0.0138302545631676,0.000356990716469997,0.000691593825646351,6.25020667245267e-07,0.937325708436002,0.0396772125601509,1000,0.944,0.00727076337120113,0.103076447370743,4.65292366521633e-05,627.54,0,0,"bias_corrected",5.55111512312578e-17,0,1.38365513689835,0.00189371585537618,0.00189371585537618,"M3_d2","monte_carlo_precision_estimated","monte_carlo_estimate",6e+05,934106,0.00136863283695185,0.01,TRUE,FALSE,"monte_carlo_diagnostic_available",1.47567450550423,0.0624555225860828,0.0920193686058852,0.0624842256993043,1.47268158604884,-0.0004674856056468,0.00226908860092285,-0.206023513342173,1.06650455460467,0.999662137195042,"Independent-stream Monte Carlo diagnostics; finite-n departures from an asymptotic limit are possible; no hypothesis-test or coverage certification"
"weak_d2_m3_n2000","self_normalized","PATT","oracle",2000,2,3,"weak",1000,1000,0,"assumption_failure_diagnostic",0.062962962962963,-0.000384948810167405,0.000917915120480374,0,0,0.0625780141527956,0.000917915120480374,0.0290270247942585,0.000631249058802416,0.000842568168406499,3.66465641624202e-05,0.0689763253264885,0.000877337104764423,1.43855868775793,0.00138337913887752,1.43855868775793,9.99200722162641e-18,1.73124378770881e-17,0.000719279343878964,6.91689569438762e-07,0.853674955747848,0.0371145241211501,1000,0.373,0.0152928414625929,0.105117932871789,5.05040569606726e-05,296.919,0,0,"original_weak_variance_not_established",0.062962962962963,0.0629629629629629,NA,NA,NA,"M3_d2","monte_carlo_precision_estimated","monte_carlo_estimate",6e+05,934106,NA,0.01,NA,FALSE,"not_applicable",1.685136336813,0.0732931283248404,NA,NA,NA,NA,NA,NA,NA,NA,"Independent-stream Monte Carlo diagnostics; finite-n departures from an asymptotic limit are possible; no hypothesis-test or coverage certification"
"weak_d2_m3_n2000","self_normalized","PATT","raw",2000,2,3,"weak",1000,1000,0,"point_estimate_only",0.062962962962963,-0.000384948810167405,0.000917915120480374,0,0,0.0625780141527956,0.000917915120480374,0.0290270247942585,0.000631249058802416,0.000842568168406499,3.66465641624202e-05,0.0689763253264885,0.000877337104764423,NA,NA,NA,NA,NA,NA,NA,NA,NA,0,NA,NA,NA,NA,0,0,0,"raw_point_only",0.062962962962963,0.0629629629629629,NA,NA,NA,"M3_d2","monte_carlo_precision_estimated","monte_carlo_estimate",6e+05,934106,NA,0.01,NA,FALSE,"not_applicable",1.685136336813,0.0732931283248404,NA,NA,NA,NA,NA,NA,NA,NA,"Independent-stream Monte Carlo diagnostics; finite-n departures from an asymptotic limit are possible; no hypothesis-test or coverage certification"
"weak_d2_m3_n2000","self_normalized","PATT","polynomial",2000,2,3,"weak",1000,1000,0,"assumption_failure_diagnostic",0.062962962962963,-0.000384948810167407,0.000917915120480374,0,0,0.0625780141527956,0.000917915120480374,0.0290270247942585,0.000631249058802416,0.0008425681684065,3.66465641624202e-05,0.0689763253264885,0.000877337104764423,1.43640637225306,0.00123850660260934,1.43640637225306,9.99200722162641e-18,1.73124378770881e-17,0.000718203186126531,6.19253301304668e-07,0.852397720513021,0.0370915471505036,1000,0.367,0.0152417518678136,0.105041631410852,4.52722620366148e-05,299.586999999999,0,0,"original_weak_variance_not_established",0.062962962962963,0.0629629629629629,NA,NA,NA,"M3_d2","monte_carlo_precision_estimated","monte_carlo_estimate",6e+05,934106,NA,0.01,NA,FALSE,"not_applicable",1.685136336813,0.0732931283248404,NA,NA,NA,NA,NA,NA,NA,NA,"Independent-stream Monte Carlo diagnostics; finite-n departures from an asymptotic limit are possible; no hypothesis-test or coverage certification"
"weak_d2_m3_n2000","stabilized","PATT","oracle",2000,2,3,"weak",1000,1000,0,"within_declared_theorem_scope",0,-0.000494474907765418,0.000915038465819447,0,0,-0.000494474907765418,0.000915038465819447,0.0289360569865558,0.000636221453596988,0.000837295393929206,3.68194804747037e-05,0.0289258120710497,0.000635876800797813,1.56472912485244,0.00232583570095754,1.56472912485244,-3.01980662698043e-17,3.00506179251442e-17,0.00078236456242622,1.16291785047877e-06,0.934394919760384,0.0410970005154467,1000,0.941,0.00745110730026082,0.109613255346384,8.1399481367101e-05,297.526000000001,0,0,"bias_corrected",5.55111512312578e-17,0,1.56168150955473,0.00324637003778774,0.00324637003778774,"M3_d2","monte_carlo_precision_estimated","monte_carlo_estimate",6e+05,934106,0.00207876575212404,0.01,TRUE,FALSE,"monte_carlo_diagnostic_available",1.67459078785841,0.0736389609494074,0.112909278303687,0.0737104842483794,1.53179401078442,0.0030476152977148,0.00399354856363293,0.763134653092183,1.07229981120535,1.0019514960503,"Independent-stream Monte Carlo diagnostics; finite-n departures from an asymptotic limit are possible; no hypothesis-test or coverage certification"
"weak_d2_m3_n2000","stabilized","PATT","raw",2000,2,3,"weak",1000,1000,0,"point_estimate_only",0,-0.000631274607694183,0.00109582675700208,0,0,-0.000631274607694183,0.00109582675700208,0.0346530847308245,0.000766229116355317,0.0012008362813617,5.31044049845711e-05,0.0346415062130771,0.000765696042395868,NA,NA,NA,NA,NA,NA,NA,NA,NA,0,NA,NA,NA,NA,0,0,0,"raw_point_only",5.55111512312578e-17,0,NA,NA,NA,"M3_d2","monte_carlo_precision_estimated","monte_carlo_estimate",6e+05,934106,NA,0.01,NA,FALSE,"not_applicable",2.4016725627234,0.106208809969142,NA,NA,NA,NA,NA,NA,NA,NA,"Independent-stream Monte Carlo diagnostics; finite-n departures from an asymptotic limit are possible; no hypothesis-test or coverage certification"
"weak_d2_m3_n2000","stabilized","PATT","polynomial",2000,2,3,"weak",1000,1000,0,"within_declared_theorem_scope",0,-0.000309888091355574,0.00091519832364362,0,0,-0.000309888091355574,0.00091519832364362,0.0289411121348177,0.000637854365616769,0.000837587971600093,3.69204294419958e-05,0.0289282978112722,0.000637271290216806,1.56137992798533,0.00191909366360909,1.56137992798533,1.99840144432528e-17,2.8268735860136e-17,0.000780689963992665,9.59546831804542e-07,0.932069215966972,0.0411135546832075,1000,0.941,0.00745110730026082,0.10950539998189,6.72703034627563e-05,299.895999999999,0,0,"bias_corrected",5.55111512312578e-17,0,1.56168150955473,0.00324637003778774,0.00324637003778774,"M3_d2","monte_carlo_precision_estimated","monte_carlo_estimate",6e+05,934106,0.00207876575212404,0.01,TRUE,FALSE,"monte_carlo_diagnostic_available",1.67517594320019,0.0738408588839916,0.113494433645461,0.0739121868107541,1.53553072291115,-0.000301581569395193,0.0037711853457435,-0.0799699674627727,1.07267450690238,0.999806886636263,"Independent-stream Monte Carlo diagnostics; finite-n departures from an asymptotic limit are possible; no hypothesis-test or coverage certification"
"strong_d3_m1_n2000","self_normalized","PATE","oracle",2000,3,1,"strong",1000,1000,0,"within_declared_theorem_scope",1.5,0.00199497069811102,0.00176007060750201,0,1.5,0.00199497069811102,0.00176007060750201,0.055658319624226,0.00123464854022643,0.00309784854339251,0.000137436926151014,0.0556662429389252,0.00123826660499454,6.07936967693721,0.00429352174429459,6.07936967693721,-9.9475983006414e-17,4.73015867087889e-17,0.0030396848384686,2.1467608721473e-06,0.981224483989715,0.0435574464273076,1000,0.95,0.00689202437604511,0.216105239766279,7.63394572521817e-05,657.39,0,0,"bias_corrected",1.5,0,6.05627347806492,0.000699184431357183,0.000699184431357183,"M1_d3","monte_carlo_precision_estimated","monte_carlo_estimate",2e+05,934103,0.000115447962165108,0.01,TRUE,FALSE,"monte_carlo_diagnostic_available",6.19569708678502,0.274873852302028,0.139423608720101,0.274874741542809,0.507225974775085,0.0230961988722909,0.00435007906109564,5.30937450743107,1.02302135285421,1.00381359906483,"Independent-stream Monte Carlo diagnostics; finite-n departures from an asymptotic limit are possible; no hypothesis-test or coverage certification"
"strong_d3_m1_n2000","self_normalized","PATE","raw",2000,3,1,"strong",1000,1000,0,"point_estimate_only",1.5,0.00198162026987068,0.00176398077805707,0,1.5,0.00198162026987068,0.00176398077805707,0.0557819700741629,0.00123558739835097,0.00311162818535481,0.000137846998557654,0.0557892765328913,0.001239140116099,NA,NA,NA,NA,NA,NA,NA,NA,NA,0,NA,NA,NA,NA,0,0,0,"raw_point_only",1.5,0,NA,NA,NA,"M1_d3","monte_carlo_precision_estimated","monte_carlo_estimate",2e+05,934103,NA,0.01,NA,FALSE,"not_applicable",6.22325637070962,0.275693997115308,NA,NA,NA,NA,NA,NA,NA,NA,"Independent-stream Monte Carlo diagnostics; finite-n departures from an asymptotic limit are possible; no hypothesis-test or coverage certification"
"strong_d3_m1_n2000","self_normalized","PATE","polynomial",2000,3,1,"strong",1000,1000,0,"within_declared_theorem_scope",1.5,0.00200120590865729,0.00176016802298558,0,1.5,0.00200120590865729,0.00176016802298558,0.0556614001723003,0.00123590691455625,0.00309819146914095,0.000137584618693657,0.0556695437628211,0.00123941551017163,6.04860109534803,0.00436094439510551,6.04860109534803,-9.76996261670138e-18,4.30306286914254e-17,0.00302430054767401,2.18047219755275e-06,0.97615030503992,0.0433932357254701,1000,0.95,0.00689202437604511,0.21555710357859,7.7750904700503e-05,662.081,0,0,"bias_corrected",1.5,0,6.05627347806492,0.000699184431357183,0.000699184431357183,"M1_d3","monte_carlo_precision_estimated","monte_carlo_estimate",2e+05,934103,0.000115447962165108,0.01,TRUE,FALSE,"monte_carlo_diagnostic_available",6.1963829382819,0.275169237387314,0.140109460216981,0.275170125673528,0.509173951474703,-0.00767238271688964,0.00441663841470574,-1.73715436865818,1.02313459930838,0.998733151211768,"Independent-stream Monte Carlo diagnostics; finite-n departures from an asymptotic limit are possible; no hypothesis-test or coverage certification"
"strong_d3_m1_n2000","stabilized","PATE","oracle",2000,3,1,"strong",1000,1000,0,"within_declared_theorem_scope",1.5,0.00255815998271043,0.00207147639525704,0,1.5,0.00255815998271043,0.00207147639525704,0.0655058352828747,0.0014528178115716,0.00429101445610711,0.000190336088521671,0.0655230312496922,0.00145762166773219,8.57351269178882,0.00774393882408154,8.56827276631243,-0.00523992547639353,0.00530770427419702,0.00428675634589441,3.87196941204077e-06,0.999007668173517,0.0443249654353579,1000,0.956,0.00648567652600714,0.256624539573602,0.00011597865361837,658.935,0,0,"bias_corrected",1.5,0,8.5252257229649,0.00125332528386899,0.00125332528386899,"M1_d3","monte_carlo_precision_estimated","monte_carlo_estimate",2e+05,934103,0.000147013736010865,0.01,TRUE,FALSE,"monte_carlo_diagnostic_available",8.58202891221422,0.380672177043342,0.0568031892493188,0.380674240262176,0.149217318225151,0.048286968823918,0.00784470603517447,6.15535733364726,1.00666295428358,1.0056640105955,"Independent-stream Monte Carlo diagnostics; finite-n departures from an asymptotic limit are possible; no hypothesis-test or coverage certification"
"strong_d3_m1_n2000","stabilized","PATE","raw",2000,3,1,"strong",1000,1000,0,"point_estimate_only",1.5,0.00332827260922497,0.00249792774694073,0,1.5,0.00332827260922497,0.00249792774694073,0.078991411108654,0.00182883186810585,0.00623964302893639,0.000288924019884314,0.0790220272105745,0.0018368704828492,NA,NA,NA,NA,NA,NA,NA,NA,NA,0,NA,NA,NA,NA,0,0,0,"raw_point_only",1.5,0,NA,NA,NA,"M1_d3","monte_carlo_precision_estimated","monte_carlo_estimate",2e+05,934103,NA,0.01,NA,FALSE,"not_applicable",12.4792860578728,0.577848039768628,NA,NA,NA,NA,NA,NA,NA,NA,"Independent-stream Monte Carlo diagnostics; finite-n departures from an asymptotic limit are possible; no hypothesis-test or coverage certification"
"strong_d3_m1_n2000","stabilized","PATE","polynomial",2000,3,1,"strong",1000,1000,0,"within_declared_theorem_scope",1.5,0.002418222880545,0.00206613053812744,0,1.5,0.002418222880545,0.00206613053812744,0.0653367844371206,0.00144630080205923,0.00426889540058277,0.000188993287470757,0.0653488661499354,0.00145032977671077,8.472260850681,0.0078183028371161,8.46473510822442,-0.00752574245657928,0.00411114986969443,0.0042361304253405,3.90915141855805e-06,0.992324718184054,0.0439747882326858,1000,0.957,0.00641490451994416,0.25510352883418,0.000117838085113618,667.092,0,0,"bias_corrected",1.5,0,8.5252257229649,0.00125332528386899,0.00125332528386899,"M1_d3","monte_carlo_precision_estimated","monte_carlo_estimate",2e+05,934103,0.000147013736010865,0.01,TRUE,FALSE,"monte_carlo_diagnostic_available",8.53779080116554,0.377986574941514,0.0125650782006392,0.377988652819478,0.033241945510571,-0.0529648722839013,0.00791812373735363,-6.68906852693402,1.00147387044155,0.993787276254607,"Independent-stream Monte Carlo diagnostics; finite-n departures from an asymptotic limit are possible; no hypothesis-test or coverage certification"
"strong_d3_m1_n2000","self_normalized","PATT","oracle",2000,3,1,"strong",1000,1000,0,"within_declared_theorem_scope",1.5,0.00214365929311906,0.00200727865371256,0,1.5,0.00214365929311906,0.00200727865371256,0.0634757244436808,0.0014132633804994,0.0040291675936501,0.00017941583381385,0.0634801835317245,0.00141593290021048,7.85042774806313,0.00759214239034979,7.85042774806313,7.90478793533111e-17,5.22634064602167e-17,0.00392521387403156,3.79607119517489e-06,0.974199703238365,0.0433825020134272,1000,0.951,0.00682634602111555,0.245560799734742,0.000118733185087124,296.623,0,0,"bias_corrected",1.5,0,7.81685240492502,0.000911171200438882,0.000911171200438882,"M1_d3","monte_carlo_precision_estimated","monte_carlo_estimate",2e+05,934103,0.00011656497439619,0.01,TRUE,FALSE,"monte_carlo_diagnostic_available",8.0583351873002,0.3588316676277,0.241482782375176,0.358832824481586,0.672967370596744,0.0335753431381063,0.00764662402840989,4.39087145037629,1.03089258564266,1.00429525100371,"Independent-stream Monte Carlo diagnostics; finite-n departures from an asymptotic limit are possible; no hypothesis-test or coverage certification"
"strong_d3_m1_n2000","self_normalized","PATT","raw",2000,3,1,"strong",1000,1000,0,"point_estimate_only",1.5,0.00257463391383935,0.00200951747786039,0,1.5,0.00257463391383935,0.00200951747786039,0.0635465222795583,0.00141412433606359,0.00403816049382639,0.000179725367255461,0.0635669023401554,0.00141777443512181,NA,NA,NA,NA,NA,NA,NA,NA,NA,0,NA,NA,NA,NA,0,0,0,"raw_point_only",1.5,0,NA,NA,NA,"M1_d3","monte_carlo_precision_estimated","monte_carlo_estimate",2e+05,934103,NA,0.01,NA,FALSE,"not_applicable",8.07632098765278,0.359450734510922,NA,NA,NA,NA,NA,NA,NA,NA,"Independent-stream Monte Carlo diagnostics; finite-n departures from an asymptotic limit are possible; no hypothesis-test or coverage certification"
"strong_d3_m1_n2000","self_normalized","PATT","polynomial",2000,3,1,"strong",1000,1000,0,"within_declared_theorem_scope",1.5,0.0021626764657404,0.00200697494014776,0,1.5,0.0021626764657404,0.00200697494014776,0.0634661201774703,0.00141275819140482,0.00402794841038111,0.000179324562314808,0.0634712346773418,0.00141534132340288,7.85614319288363,0.00787913262542928,7.85614319288363,1.50990331349021e-17,5.45234457228172e-17,0.00392807159644181,3.93956631271464e-06,0.975204048373141,0.0434481797736249,1000,0.951,0.00682634602111555,0.245648063251298,0.000123066226317436,300.024999999999,0,0,"bias_corrected",1.5,0,7.81685240492502,0.000911171200438882,0.000911171200438882,"M1_d3","monte_carlo_precision_estimated","monte_carlo_estimate",2e+05,934103,0.00011656497439619,0.01,TRUE,FALSE,"monte_carlo_diagnostic_available",8.05589682076222,0.358649124629616,0.239044415837196,0.358650282072308,0.666511160833275,0.0392907879586062,0.00793164320211224,4.95367567065332,1.03058064850842,1.00502642060043,"Independent-stream Monte Carlo diagnostics; finite-n departures from an asymptotic limit are possible; no hypothesis-test or coverage certification"
"strong_d3_m1_n2000","stabilized","PATT","oracle",2000,3,1,"strong",1000,1000,0,"within_declared_theorem_scope",1.5,0.00272041716452063,0.00232775451613411,0,1.5,0.00272041716452063,0.00232775451613411,0.0736100610472696,0.00166355620036027,0.00541844108738275,0.000244908946928166,0.0736235242014697,0.00166809991545386,10.587317195518,0.0150712840362156,10.587317195518,-7.8159700933611e-17,2.23764082442283e-16,0.00529365859775901,7.5356420181078e-06,0.976970776721314,0.0441233498876937,1000,0.953,0.00669260786241059,0.285132162953616,0.000202920877914664,297.329,0,0,"bias_corrected",1.5,0,10.5210727824446,0.00168566672081193,0.00168566672081193,"M1_d3","monte_carlo_precision_estimated","monte_carlo_estimate",2e+05,934103,0.0001602181408368,0.01,TRUE,FALSE,"monte_carlo_diagnostic_available",10.8368821747655,0.489817893856332,0.315809392320867,0.48982079438724,0.644744763676155,0.0662444130733686,0.0151652588106481,4.36816897756179,1.03001684322989,1.00629635536634,"Independent-stream Monte Carlo diagnostics; finite-n departures from an asymptotic limit are possible; no hypothesis-test or coverage certification"
"strong_d3_m1_n2000","stabilized","PATT","raw",2000,3,1,"strong",1000,1000,0,"point_estimate_only",1.5,0.00330396675788369,0.00269768915585576,0,1.5,0.00330396675788369,0.00269768915585576,0.0853084215164117,0.00186918591827329,0.00727752678162177,0.000318914600417197,0.08532974540673,0.0018698323601289,NA,NA,NA,NA,NA,NA,NA,NA,NA,0,NA,NA,NA,NA,0,0,0,"raw_point_only",1.5,0,NA,NA,NA,"M1_d3","monte_carlo_precision_estimated","monte_carlo_estimate",2e+05,934103,NA,0.01,NA,FALSE,"not_applicable",14.5550535632435,0.637829200834394,NA,NA,NA,NA,NA,NA,NA,NA,"Independent-stream Monte Carlo diagnostics; finite-n departures from an asymptotic limit are possible; no hypothesis-test or coverage certification"
"strong_d3_m1_n2000","stabilized","PATT","polynomial",2000,3,1,"strong",1000,1000,0,"within_declared_theorem_scope",1.5,0.00273558540153249,0.0023231645007883,0,1.5,0.00273558540153249,0.0023231645007883,0.0734649120173907,0.00165794398718835,0.00539709329772295,0.000243601418297108,0.0734791101736698,0.00166211275589563,10.5206550861015,0.0145060583993041,10.5206550861015,-7.105427357601e-18,2.47056226033037e-16,0.00526032754305074,7.25302919965205e-06,0.974659368084315,0.0440112082050982,1000,0.951,0.00682634602111555,0.284237649234876,0.000195764248632693,301.177999999999,0,0,"bias_corrected",1.5,0,10.5210727824446,0.00168566672081193,0.00168566672081193,"M1_d3","monte_carlo_precision_estimated","monte_carlo_estimate",2e+05,934103,0.0001602181408368,0.01,TRUE,FALSE,"monte_carlo_diagnostic_available",10.7941865954459,0.487202836594216,0.273113813001268,0.487205752693607,0.56057181486735,-0.000417696343131269,0.0146036708596734,-0.028602147168675,1.02595874191242,0.99996029907294,"Independent-stream Monte Carlo diagnostics; finite-n departures from an asymptotic limit are possible; no hypothesis-test or coverage certification"
"weak_d3_m1_n2000","self_normalized","PATE","oracle",2000,3,1,"weak",1000,1000,0,"assumption_failure_diagnostic",-0.0416666666666667,-0.000273952180006703,0.000868165133731893,0,0,-0.0419406188466734,0.000868165133731893,0.0274537920773746,0.000616466834491428,0.000753710699427715,3.38487045934499e-05,0.0501195819811999,0.000811209603880203,1.43408765687372,0.000506581747353803,1.43408765687372,3.99680288865056e-17,1.99539858546244e-17,0.000717043828436858,2.532908736769e-07,0.951351531802987,0.042756335678554,1000,0.647,0.0151126106282138,0.104964918837406,1.85341647814347e-05,680.727,0,0,"original_weak_variance_not_established",-0.0416666666666667,-0.0416666666666667,NA,NA,NA,"M1_d3","monte_carlo_precision_estimated","monte_carlo_estimate",2e+05,934103,NA,0.01,NA,FALSE,"not_applicable",1.50742139885543,0.0676974091868998,NA,NA,NA,NA,NA,NA,NA,NA,"Independent-stream Monte Carlo diagnostics; finite-n departures from an asymptotic limit are possible; no hypothesis-test or coverage certification"
"weak_d3_m1_n2000","self_normalized","PATE","raw",2000,3,1,"weak",1000,1000,0,"point_estimate_only",-0.0416666666666667,-0.000273952180006703,0.000868165133731893,0,0,-0.0419406188466734,0.000868165133731893,0.0274537920773746,0.000616466834491428,0.000753710699427715,3.38487045934499e-05,0.0501195819811999,0.000811209603880203,NA,NA,NA,NA,NA,NA,NA,NA,NA,0,NA,NA,NA,NA,0,0,0,"raw_point_only",-0.0416666666666667,-0.0416666666666667,NA,NA,NA,"M1_d3","monte_carlo_precision_estimated","monte_carlo_estimate",2e+05,934103,NA,0.01,NA,FALSE,"not_applicable",1.50742139885543,0.0676974091868998,NA,NA,NA,NA,NA,NA,NA,NA,"Independent-stream Monte Carlo diagnostics; finite-n departures from an asymptotic limit are possible; no hypothesis-test or coverage certification"
"weak_d3_m1_n2000","self_normalized","PATE","polynomial",2000,3,1,"weak",1000,1000,0,"assumption_failure_diagnostic",-0.0416666666666667,-0.000273952180006703,0.000868165133731893,0,0,-0.0419406188466734,0.000868165133731893,0.0274537920773746,0.000616466834491428,0.000753710699427715,3.38487045934499e-05,0.0501195819811999,0.000811209603880203,1.43311532940507,0.000571059707647952,1.43311532940507,2.99760216648792e-17,2.23338595184825e-17,0.000716557664702536,2.85529853823977e-07,0.950706504825539,0.0427641398777269,1000,0.647,0.0151126106282138,0.104928882319993,2.09078608610814e-05,680.113,0,0,"original_weak_variance_not_established",-0.0416666666666667,-0.0416666666666667,NA,NA,NA,"M1_d3","monte_carlo_precision_estimated","monte_carlo_estimate",2e+05,934103,NA,0.01,NA,FALSE,"not_applicable",1.50742139885543,0.0676974091868998,NA,NA,NA,NA,NA,NA,NA,NA,"Independent-stream Monte Carlo diagnostics; finite-n departures from an asymptotic limit are possible; no hypothesis-test or coverage certification"
"weak_d3_m1_n2000","stabilized","PATE","oracle",2000,3,1,"weak",1000,1000,0,"within_declared_theorem_scope",0,-0.000373166907073282,0.000903927928491032,0,0,-0.000373166907073282,0.000903927928491032,0.0285847109466947,0.000638923841696157,0.000817085699906088,3.65269066636727e-05,0.0285728519358274,0.000639107948606514,1.65028512600998,0.00150816597788926,1.68089191961436,0.0306067936043738,0.0010070762875878,0.000825142563004991,7.54082988944631e-07,1.00986048721674,0.0452196621157385,1000,0.956,0.00648567652600714,0.112589374584835,5.1381695349047e-05,681.220000000001,0,0,"bias_corrected",5.55111512312578e-17,0,1.6401620279652,0.000271073432130568,0.000271073432130568,"M1_d3","monte_carlo_precision_estimated","monte_carlo_estimate",2e+05,934103,0.000165272349626863,0.01,TRUE,FALSE,"monte_carlo_diagnostic_available",1.63417139981218,0.0730538133273454,-0.0059906281530191,0.0730543162480646,-0.0820023848101898,0.0101230980447848,0.00153233332616298,6.6063289702988,0.996347538809656,1.00617201097952,"Independent-stream Monte Carlo diagnostics; finite-n departures from an asymptotic limit are possible; no hypothesis-test or coverage certification"
"weak_d3_m1_n2000","stabilized","PATE","raw",2000,3,1,"weak",1000,1000,0,"point_estimate_only",0,-0.000433413857672691,0.0011483050021681,0,0,-0.000433413857672691,0.0011483050021681,0.0363125925541578,0.000806855735395897,0.00131860437800427,5.85980471388331e-05,0.0362970194533696,0.000807121634850626,NA,NA,NA,NA,NA,NA,NA,NA,NA,0,NA,NA,NA,NA,0,0,0,"raw_point_only",5.55111512312578e-17,0,NA,NA,NA,"M1_d3","monte_carlo_precision_estimated","monte_carlo_estimate",2e+05,934103,NA,0.01,NA,FALSE,"not_applicable",2.63720875600854,0.117196094277666,NA,NA,NA,NA,NA,NA,NA,NA,"Independent-stream Monte Carlo diagnostics; finite-n departures from an asymptotic limit are possible; no hypothesis-test or coverage certification"
"weak_d3_m1_n2000","stabilized","PATE","polynomial",2000,3,1,"weak",1000,1000,0,"within_declared_theorem_scope",0,-0.000468744718951341,0.00090614421434802,0,0,-0.000468744718951341,0.00090614421434802,0.0286547960592357,0.000644301062293747,0.00082109733719639,3.69246310815525e-05,0.0286443006804275,0.000644866323097148,1.6506198734144,0.00191575808824062,1.68135816144248,0.0307382880280837,0.000762879511327941,0.0008253099367072,9.5787904412031e-07,1.00513045082474,0.0452588658879907,1000,0.956,0.00648567652600714,0.112593620626981,6.52487255450046e-05,684.539,0,0,"bias_corrected",5.55111512312578e-17,0,1.6401620279652,0.000271073432130568,0.000271073432130568,"M1_d3","monte_carlo_precision_estimated","monte_carlo_estimate",2e+05,934103,0.000165272349626863,0.01,TRUE,FALSE,"monte_carlo_diagnostic_available",1.64219467439278,0.073849262163105,0.00203264642758483,0.0738497596667763,0.0275240764053465,0.0104578454492048,0.00193484104211855,5.40501530697013,1.001239296114,1.00637610508651,"Independent-stream Monte Carlo diagnostics; finite-n departures from an asymptotic limit are possible; no hypothesis-test or coverage certification"
"weak_d3_m1_n2000","self_normalized","PATT","oracle",2000,3,1,"weak",1000,1000,0,"assumption_failure_diagnostic",0.166666666666667,-0.000595973490111002,0.000953205806274493,0,0,0.166070693176556,0.000953205806274493,0.0301430142672462,0.000645792246105742,0.000908601309115406,3.89322497760847e-05,0.168781420304333,0.000939891444096099,1.8317429006439,0.00152567470060384,1.8317429006439,2.99760216648792e-17,2.64325855322991e-17,0.000915871450321948,7.62837350301922e-07,1.00800146459575,0.0431576875783437,1000,0,0,0.118619972929746,4.93386490817823e-05,330.317,0,0,"original_weak_variance_not_established",0.166666666666667,0.166666666666667,NA,NA,NA,"M1_d3","monte_carlo_precision_estimated","monte_carlo_estimate",2e+05,934103,NA,0.01,NA,FALSE,"not_applicable",1.81720261823081,0.0778644995521694,NA,NA,NA,NA,NA,NA,NA,NA,"Independent-stream Monte Carlo diagnostics; finite-n departures from an asymptotic limit are possible; no hypothesis-test or coverage certification"
"weak_d3_m1_n2000","self_normalized","PATT","raw",2000,3,1,"weak",1000,1000,0,"point_estimate_only",0.166666666666667,-0.000595973490111002,0.000953205806274493,0,0,0.166070693176556,0.000953205806274493,0.0301430142672462,0.000645792246105742,0.000908601309115406,3.89322497760847e-05,0.168781420304333,0.000939891444096099,NA,NA,NA,NA,NA,NA,NA,NA,NA,0,NA,NA,NA,NA,0,0,0,"raw_point_only",0.166666666666667,0.166666666666667,NA,NA,NA,"M1_d3","monte_carlo_precision_estimated","monte_carlo_estimate",2e+05,934103,NA,0.01,NA,FALSE,"not_applicable",1.81720261823081,0.0778644995521694,NA,NA,NA,NA,NA,NA,NA,NA,"Independent-stream Monte Carlo diagnostics; finite-n departures from an asymptotic limit are possible; no hypothesis-test or coverage certification"
"weak_d3_m1_n2000","self_normalized","PATT","polynomial",2000,3,1,"weak",1000,1000,0,"assumption_failure_diagnostic",0.166666666666667,-0.000595973490111002,0.000953205806274493,0,0,0.166070693176556,0.000953205806274493,0.0301430142672462,0.000645792246105742,0.000908601309115406,3.89322497760847e-05,0.168781420304333,0.000939891444096099,1.83077041445429,0.00174584880708066,1.83077041445429,4.9960036108132e-17,2.64023206469973e-17,0.000915385207227147,8.72924403540332e-07,1.00746630897808,0.0432151343330312,1000,0,0,0.118585275301997,5.65153968604502e-05,331.481,0,0,"original_weak_variance_not_established",0.166666666666667,0.166666666666667,NA,NA,NA,"M1_d3","monte_carlo_precision_estimated","monte_carlo_estimate",2e+05,934103,NA,0.01,NA,FALSE,"not_applicable",1.81720261823081,0.0778644995521694,NA,NA,NA,NA,NA,NA,NA,NA,"Independent-stream Monte Carlo diagnostics; finite-n departures from an asymptotic limit are possible; no hypothesis-test or coverage certification"
"weak_d3_m1_n2000","stabilized","PATT","oracle",2000,3,1,"weak",1000,1000,0,"within_declared_theorem_scope",0,-0.000619241547631266,0.00102587611502156,0,0,-0.000619241547631266,0.00102587611502156,0.0324410512063302,0.000697132093461733,0.00105242180337174,4.52313958831365e-05,0.0324307391476463,0.000697705927280925,2.1492740807302,0.00387235073731044,2.1492740807302,1.97619698383278e-17,3.14026970750224e-17,0.0010746370403651,1.93617536865522e-06,1.02110868182528,0.0438573212320359,1000,0.956,0.00648567652600714,0.128449766802968,0.000115613692136488,331.106,0,0,"bias_corrected",5.55111512312578e-17,0,2.1316468098451,0.00046469731222383,0.00046469731222383,"M1_d3","monte_carlo_precision_estimated","monte_carlo_estimate",2e+05,934103,0.000217999206096248,0.01,TRUE,FALSE,"monte_carlo_diagnostic_available",2.10484360674348,0.090462791766273,-0.0268032031016165,0.0904639853076353,-0.296285897757749,0.0176272708851033,0.00390013382138828,4.51965796364104,0.987426058117215,1.008269320604,"Independent-stream Monte Carlo diagnostics; finite-n departures from an asymptotic limit are possible; no hypothesis-test or coverage certification"
"weak_d3_m1_n2000","stabilized","PATT","raw",2000,3,1,"weak",1000,1000,0,"point_estimate_only",0,-0.00068904572019212,0.00125845874260884,0,0,-0.00068904572019212,0.00125845874260884,0.0397959596799552,0.00086283308370508,0.00158371840684862,6.86745412193175e-05,0.0397820244890363,0.000863275395839245,NA,NA,NA,NA,NA,NA,NA,NA,NA,0,NA,NA,NA,NA,0,0,0,"raw_point_only",5.55111512312578e-17,0,NA,NA,NA,"M1_d3","monte_carlo_precision_estimated","monte_carlo_estimate",2e+05,934103,NA,0.01,NA,FALSE,"not_applicable",3.16743681369724,0.137349082438635,NA,NA,NA,NA,NA,NA,NA,NA,"Independent-stream Monte Carlo diagnostics; finite-n departures from an asymptotic limit are possible; no hypothesis-test or coverage certification"
"weak_d3_m1_n2000","stabilized","PATT","polynomial",2000,3,1,"weak",1000,1000,0,"within_declared_theorem_scope",0,-0.000471400730716816,0.00102648386765656,0,0,-0.000471400730716816,0.00102648386765656,0.0324602700321357,0.000702269489002781,0.00105366913055917,4.55917144967205e-05,0.0324474603024263,0.000702216811889146,2.14654623599315,0.00375163869061715,2.14654623599315,-1.02140518265514e-17,2.99209056120533e-17,0.00107327311799657,1.87581934530858e-06,1.01860544915746,0.0440841610227843,1000,0.956,0.00648567652600714,0.128371455119274,0.000111892694590039,333.073,0,0,"bias_corrected",5.55111512312578e-17,0,2.1316468098451,0.00046469731222383,0.00046469731222383,"M1_d3","monte_carlo_precision_estimated","monte_carlo_estimate",2e+05,934103,0.000217999206096248,0.01,TRUE,FALSE,"monte_carlo_diagnostic_available",2.10733826111834,0.091183428993441,-0.0243085487267569,0.091184613102178,-0.266586081793402,0.0148994261480535,0.00378030904251539,3.94132489711464,0.988596352540915,1.00698963171537,"Independent-stream Monte Carlo diagnostics; finite-n departures from an asymptotic limit are possible; no hypothesis-test or coverage certification"
"strong_d3_m3_n2000","self_normalized","PATE","oracle",2000,3,3,"strong",1000,1000,0,"within_declared_theorem_scope",1.5,8.89590527844326e-05,0.00178529261456808,0,1.5,8.89590527844326e-05,0.00178529261456808,0.0564559095191225,0.00121998936691968,0.00318726971963135,0.000137751218626218,0.0564277446264228,0.00121927738790197,6.55311544822456,0.00384946265260798,6.55311544822456,7.105427357601e-17,5.37862786976738e-17,0.00327655772411228,1.92473132630399e-06,1.028013946837,0.0444540728501313,1000,0.955,0.00655553201502365,0.22437182032634,6.58548671425015e-05,682.629,0,0,"bias_corrected",1.5,0,6.53760830983225,0.0123192168708596,0.0123192168708596,"M3_d3","monte_carlo_precision_estimated","monte_carlo_estimate",6e+05,934107,0.00188436141888954,0.01,TRUE,FALSE,"monte_carlo_diagnostic_available",6.3745394392627,0.275502437252436,-0.163068870569554,0.275777729406027,-0.59130543615967,0.0155071383923051,0.0129066442976126,1.2014849123233,0.975056800156671,1.00237198951931,"Independent-stream Monte Carlo diagnostics; finite-n departures from an asymptotic limit are possible; no hypothesis-test or coverage certification"
"strong_d3_m3_n2000","self_normalized","PATE","raw",2000,3,3,"strong",1000,1000,0,"point_estimate_only",1.5,6.66719097924688e-05,0.00179116321901654,0,1.5,6.66719097924688e-05,0.00179116321901654,0.0566415543321129,0.00122266370018682,0.00320826567715769,0.000138507144808068,0.0566132657300751,0.00122196478426048,NA,NA,NA,NA,NA,NA,NA,NA,NA,0,NA,NA,NA,NA,0,0,0,"raw_point_only",1.5,0,NA,NA,NA,"M3_d3","monte_carlo_precision_estimated","monte_carlo_estimate",6e+05,934107,NA,0.01,NA,FALSE,"not_applicable",6.41653135431538,0.277014289616136,NA,NA,NA,NA,NA,NA,NA,NA,"Independent-stream Monte Carlo diagnostics; finite-n departures from an asymptotic limit are possible; no hypothesis-test or coverage certification"
"strong_d3_m3_n2000","self_normalized","PATE","polynomial",2000,3,3,"strong",1000,1000,0,"within_declared_theorem_scope",1.5,7.04702480148189e-05,0.0017864998745519,0,1.5,7.04702480148189e-05,0.0017864998745519,0.0564940864318908,0.00121850370109004,0.00319158180177394,0.000137676506813919,0.0564658762973535,0.00121781669935583,6.49623473871185,0.00383628719940237,6.49623473871185,7.01660951563099e-17,4.33950028199527e-17,0.00324811736935593,1.91814359970118e-06,1.01771396476523,0.0439355995587493,1000,0.951,0.00682634602111555,0.223395820755857,6.5940075515023e-05,685.813000000001,0,0,"bias_corrected",1.5,0,6.53760830983225,0.0123192168708596,0.0123192168708596,"M3_d3","monte_carlo_precision_estimated","monte_carlo_estimate",6e+05,934107,0.00188436141888954,0.01,TRUE,FALSE,"monte_carlo_diagnostic_available",6.38316360354788,0.275353013627838,-0.154444706284375,0.275628455022778,-0.560336581618946,-0.0413735711204044,0.0129027207901113,-3.20657726330972,0.976375962130968,0.993671451521777,"Independent-stream Monte Carlo diagnostics; finite-n departures from an asymptotic limit are possible; no hypothesis-test or coverage certification"
"strong_d3_m3_n2000","stabilized","PATE","oracle",2000,3,3,"strong",1000,1000,0,"within_declared_theorem_scope",1.5,0.000140450178254999,0.00186274306008413,0,1.5,0.000140450178254999,0.00186274306008413,0.0589051076553774,0.00128098224801377,0.0034698117078916,0.000150912794447757,0.0588758152592071,0.00128013581186147,7.15892707127105,0.00481799266105253,7.16160131854605,0.00267424727499463,0.00309792023600071,0.00357946353563553,2.40899633052627e-06,1.03160166515507,0.0449012671523324,1000,0.957,0.00641490451994416,0.234510625650271,7.88654941343939e-05,690.843,0,0,"bias_corrected",1.5,0,7.14292839078095,0.014659592415062,0.014659592415062,"M3_d3","monte_carlo_precision_estimated","monte_carlo_estimate",6e+05,934107,0.00205232246678862,0.01,TRUE,FALSE,"monte_carlo_diagnostic_available",6.9396234157832,0.301825588895514,-0.203304974997748,0.302181385531769,-0.672791193408485,0.0159986804901013,0.0154310305248127,1.03678626416919,0.971537587404608,1.00223979292733,"Independent-stream Monte Carlo diagnostics; finite-n departures from an asymptotic limit are possible; no hypothesis-test or coverage certification"
"strong_d3_m3_n2000","stabilized","PATE","raw",2000,3,3,"strong",1000,1000,0,"point_estimate_only",1.5,-0.000246457109473453,0.00220968733970574,0,1.5,-0.000246457109473453,0.00220968733970574,0.0698764491030836,0.00149647619749616,0.00488271813925583,0.000209136885696633,0.0698419369879114,0.00149604977101625,NA,NA,NA,NA,NA,NA,NA,NA,NA,0,NA,NA,NA,NA,0,0,0,"raw_point_only",1.5,0,NA,NA,NA,"M3_d3","monte_carlo_precision_estimated","monte_carlo_estimate",6e+05,934107,NA,0.01,NA,FALSE,"not_applicable",9.76543627851166,0.418273771393266,NA,NA,NA,NA,NA,NA,NA,NA,"Independent-stream Monte Carlo diagnostics; finite-n departures from an asymptotic limit are possible; no hypothesis-test or coverage certification"
"strong_d3_m3_n2000","stabilized","PATE","polynomial",2000,3,3,"strong",1000,1000,0,"within_declared_theorem_scope",1.5,0.000139927666947411,0.00186192268203402,0,1.5,0.000139927666947411,0.00186192268203402,0.0588791650235699,0.00127725878008014,0.00346675607387277,0.000150407860980285,0.0588498844310749,0.00127642804092854,7.0818134272294,0.00477058770986643,7.08020199383314,-0.00161143339626394,0.00177340091464234,0.0035409067136147,2.38529385493321e-06,1.02138905598256,0.0443655794704945,1000,0.955,0.00655553201502365,0.233244150985577,7.84952584793386e-05,699.223000000001,0,0,"bias_corrected",1.5,0,7.14292839078095,0.014659592415062,0.014659592415062,"M3_d3","monte_carlo_precision_estimated","monte_carlo_estimate",6e+05,934107,0.00205232246678862,0.01,TRUE,FALSE,"monte_carlo_diagnostic_available",6.93351214774554,0.30081572196057,-0.209416243035409,0.30117271162646,-0.695336047892495,-0.0611149635515487,0.015416295173396,-3.96430937940363,0.970682018413387,0.991443990446492,"Independent-stream Monte Carlo diagnostics; finite-n departures from an asymptotic limit are possible; no hypothesis-test or coverage certification"
"strong_d3_m3_n2000","self_normalized","PATT","oracle",2000,3,3,"strong",1000,1000,0,"within_declared_theorem_scope",1.5,0.000126328270280966,0.00193821958949693,0,1.5,0.000126328270280966,0.00193821958949693,0.0612918850836688,0.00132355465491108,0.00375669517710966,0.000162246319621529,0.0612613617279637,0.00132272769932488,7.43089518639967,0.00610058960269549,7.43089518639967,3.90798504668055e-17,4.45204832929216e-17,0.00371544759319984,3.05029480134774e-06,0.989020247327718,0.0427027805121668,1000,0.944,0.00727076337120113,0.238917064888731,9.79868627740241e-05,307.715,0,0,"bias_corrected",1.5,0,7.41242362252178,0.0164769280876907,0.0164769280876907,"M3_d3","monte_carlo_precision_estimated","monte_carlo_estimate",6e+05,934107,0.0022228799818763,0.01,TRUE,FALSE,"monte_carlo_diagnostic_available",7.51339035421932,0.324492639243058,0.100966731697543,0.324910698626765,0.310752253232285,0.0184715638778936,0.0175700413405161,1.0513102115075,1.01362128459452,1.00249197358631,"Independent-stream Monte Carlo diagnostics; finite-n departures from an asymptotic limit are possible; no hypothesis-test or coverage certification"
"strong_d3_m3_n2000","self_normalized","PATT","raw",2000,3,3,"strong",1000,1000,0,"point_estimate_only",1.5,0.000726523676904381,0.00194346588168015,0,1.5,0.000726523676904381,0.00194346588168015,0.0614577874093658,0.00132866943001515,0.00377705963325481,0.000163314166734389,0.0614313471305542,0.00132711770733744,NA,NA,NA,NA,NA,NA,NA,NA,NA,0,NA,NA,NA,NA,0,0,0,"raw_point_only",1.5,0,NA,NA,NA,"M3_d3","monte_carlo_precision_estimated","monte_carlo_estimate",6e+05,934107,NA,0.01,NA,FALSE,"not_applicable",7.55411926650962,0.326628333468778,NA,NA,NA,NA,NA,NA,NA,NA,"Independent-stream Monte Carlo diagnostics; finite-n departures from an asymptotic limit are possible; no hypothesis-test or coverage certification"
"strong_d3_m3_n2000","self_normalized","PATT","polynomial",2000,3,3,"strong",1000,1000,0,"within_declared_theorem_scope",1.5,9.4893584522878e-05,0.00193895945955326,0,1.5,9.4893584522878e-05,0.00193895945955326,0.0613152818291744,0.0013222826723291,0.00375956378579108,0.000162152269423385,0.061284689986959,0.00132149926679944,7.41800942092481,0.00644259952954228,7.41800942092481,-6.83897383169096e-17,5.42938448620487e-17,0.00370900471046241,3.22129976477114e-06,0.98655187723646,0.0425483657527135,1000,0.947,0.00708456067798138,0.238707438306121,0.000103561896482648,310.301000000001,0,0,"bias_corrected",1.5,0,7.41242362252178,0.0164769280876907,0.0164769280876907,"M3_d3","monte_carlo_precision_estimated","monte_carlo_estimate",6e+05,934107,0.0022228799818763,0.01,TRUE,FALSE,"monte_carlo_diagnostic_available",7.51912757158216,0.32430453884677,0.106703949060383,0.324722840397504,0.328600073003065,0.00558579840303342,0.0176916999721618,0.315729885303435,1.01439528479406,1.00075357247339,"Independent-stream Monte Carlo diagnostics; finite-n departures from an asymptotic limit are possible; no hypothesis-test or coverage certification"
"strong_d3_m3_n2000","stabilized","PATT","oracle",2000,3,3,"strong",1000,1000,0,"within_declared_theorem_scope",1.5,6.31086240572702e-05,0.00199919631190936,0,1.5,6.31086240572702e-05,0.00199919631190936,0.0632201383544198,0.00137360543504258,0.00399678589355198,0.000173679051295549,0.0631885518931781,0.00137282941637573,7.93557365871303,0.00802558525569692,7.93557365871303,-1.22568621918617e-16,4.30680207450403e-17,0.00396778682935652,4.01279262784845e-06,0.992744403886571,0.0431211561247208,1000,0.947,0.00708456067798138,0.246886214756916,0.00012478538157898,308.136,0,0,"bias_corrected",1.5,0,7.91141119991532,0.019716499294145,0.019716499294145,"M3_d3","monte_carlo_precision_estimated","monte_carlo_estimate",6e+05,934107,0.00249215959023291,0.01,TRUE,FALSE,"monte_carlo_diagnostic_available",7.99357178710396,0.347358102591098,0.0821605871886355,0.347917219723462,0.236149815332337,0.0241624587977052,0.0212873286983708,1.1350629823062,1.01038507354914,1.00305412753643,"Independent-stream Monte Carlo diagnostics; finite-n departures from an asymptotic limit are possible; no hypothesis-test or coverage certification"
"strong_d3_m3_n2000","stabilized","PATT","raw",2000,3,3,"strong",1000,1000,0,"point_estimate_only",1.5,-0.000871237667467452,0.00231156780667409,0,1.5,-0.000871237667467452,0.00231156780667409,0.0730981923500988,0.00156636336049238,0.00534334572485204,0.000228996660430838,0.0730668285489415,0.00156748193028062,NA,NA,NA,NA,NA,NA,NA,NA,NA,0,NA,NA,NA,NA,0,0,0,"raw_point_only",1.5,0,NA,NA,NA,"M3_d3","monte_carlo_precision_estimated","monte_carlo_estimate",6e+05,934107,NA,0.01,NA,FALSE,"not_applicable",10.6866914497041,0.457993320861676,NA,NA,NA,NA,NA,NA,NA,NA,"Independent-stream Monte Carlo diagnostics; finite-n departures from an asymptotic limit are possible; no hypothesis-test or coverage certification"
"strong_d3_m3_n2000","stabilized","PATT","polynomial",2000,3,3,"strong",1000,1000,0,"within_declared_theorem_scope",1.5,6.59982370658909e-05,0.00199882277565335,0,1.5,6.59982370658909e-05,0.00199882277565335,0.0632083261008433,0.00137153412929555,0.00399529248847055,0.000173384753005898,0.0631767485056755,0.00137075459187492,7.90375258046929,0.00760067605984325,7.90375258046929,0,6.01119035069976e-17,0.00395187629023464,3.80033802992162e-06,0.989133161499142,0.042923134516357,1000,0.945,0.00720936890441875,0.2463937627719,0.000118354588287324,312.374,0,0,"bias_corrected",1.5,0,7.91141119991532,0.019716499294145,0.019716499294145,"M3_d3","monte_carlo_precision_estimated","monte_carlo_estimate",6e+05,934107,0.00249215959023291,0.01,TRUE,FALSE,"monte_carlo_diagnostic_available",7.9905849769411,0.346769506011796,0.0791737770257752,0.347329570644483,0.227950004023168,-0.00765861944603419,0.0211307979258403,-0.362438724411286,1.01000754164145,0.999031952801781,"Independent-stream Monte Carlo diagnostics; finite-n departures from an asymptotic limit are possible; no hypothesis-test or coverage certification"
"weak_d3_m3_n2000","self_normalized","PATE","oracle",2000,3,3,"weak",1000,1000,0,"assumption_failure_diagnostic",-0.0238756613756613,-0.000374454220442041,0.000860488803993905,0,0,-0.0242501155961034,0.000860488803993905,0.0272110452169493,0.000601715565896101,0.000740440981798861,3.27466189426821e-05,0.0364385598952736,0.000736012804004645,1.29867607286624,0.000383430517477441,1.29867607286624,0,2.82758056953997e-17,0.000649338036433122,1.91715258738722e-07,0.876961233095973,0.0388103017885499,1000,0.828,0.0119338174948337,0.0998869570880391,1.47421740865496e-05,700.551999999999,0,0,"original_weak_variance_not_established",-0.0238756613756613,-0.0238756613756614,NA,NA,NA,"M3_d3","monte_carlo_precision_estimated","monte_carlo_estimate",6e+05,934107,NA,0.01,NA,FALSE,"not_applicable",1.48088196359772,0.0654932378853642,NA,NA,NA,NA,NA,NA,NA,NA,"Independent-stream Monte Carlo diagnostics; finite-n departures from an asymptotic limit are possible; no hypothesis-test or coverage certification"
"weak_d3_m3_n2000","self_normalized","PATE","raw",2000,3,3,"weak",1000,1000,0,"point_estimate_only",-0.0238756613756613,-0.000374454220442041,0.000860488803993905,0,0,-0.0242501155961034,0.000860488803993905,0.0272110452169493,0.000601715565896101,0.000740440981798861,3.27466189426821e-05,0.0364385598952736,0.000736012804004645,NA,NA,NA,NA,NA,NA,NA,NA,NA,0,NA,NA,NA,NA,0,0,0,"raw_point_only",-0.0238756613756613,-0.0238756613756614,NA,NA,NA,"M3_d3","monte_carlo_precision_estimated","monte_carlo_estimate",6e+05,934107,NA,0.01,NA,FALSE,"not_applicable",1.48088196359772,0.0654932378853642,NA,NA,NA,NA,NA,NA,NA,NA,"Independent-stream Monte Carlo diagnostics; finite-n departures from an asymptotic limit are possible; no hypothesis-test or coverage certification"
"weak_d3_m3_n2000","self_normalized","PATE","polynomial",2000,3,3,"weak",1000,1000,0,"assumption_failure_diagnostic",-0.0238756613756613,-0.000374454220442041,0.000860488803993905,0,0,-0.0242501155961034,0.000860488803993905,0.0272110452169493,0.000601715565896101,0.000740440981798861,3.27466189426821e-05,0.0364385598952736,0.000736012804004645,1.29811962021758,0.000591089793471905,1.29811962021758,9.99200722162641e-18,1.73124378770881e-17,0.000649059810108788,2.95544896735953e-07,0.876585475498577,0.0387896798372367,1000,0.828,0.0119338174948337,0.0998640554956527,2.27391255515202e-05,699.576,0,0,"original_weak_variance_not_established",-0.0238756613756613,-0.0238756613756614,NA,NA,NA,"M3_d3","monte_carlo_precision_estimated","monte_carlo_estimate",6e+05,934107,NA,0.01,NA,FALSE,"not_applicable",1.48088196359772,0.0654932378853642,NA,NA,NA,NA,NA,NA,NA,NA,"Independent-stream Monte Carlo diagnostics; finite-n departures from an asymptotic limit are possible; no hypothesis-test or coverage certification"
"weak_d3_m3_n2000","stabilized","PATE","oracle",2000,3,3,"weak",1000,1000,0,"within_declared_theorem_scope",0,-0.000381098629246378,0.000825992816422694,0,0,-0.000381098629246378,0.000825992816422694,0.0261201863083305,0.000573575564107302,0.000682264132781894,2.9963801192777e-05,0.0261099043432627,0.000573608169614638,1.37891749611374,0.000729967889656765,1.39273272878138,0.0138152326676425,0.000605093489048002,0.000689458748056869,3.64983944828381e-07,1.01054520519148,0.0444099789780341,1000,0.948,0.00702111102319284,0.102924096615347,2.72145817405707e-05,707.391,0,0,"bias_corrected",5.55111512312578e-17,0,1.37394705870603,0.00317062623784224,0.00317062623784224,"M3_d3","monte_carlo_precision_estimated","monte_carlo_estimate",6e+05,934107,0.00230767715375314,0.01,TRUE,FALSE,"monte_carlo_diagnostic_available",1.36452826556379,0.059927602385554,-0.00941879314224692,0.0600114189002489,-0.156950015761215,0.00497043740770509,0.00325357093975582,1.52768680927489,0.993144719017691,1.00361763386457,"Independent-stream Monte Carlo diagnostics; finite-n departures from an asymptotic limit are possible; no hypothesis-test or coverage certification"
"weak_d3_m3_n2000","stabilized","PATE","raw",2000,3,3,"weak",1000,1000,0,"point_estimate_only",0,-0.000447683408529593,0.00102240742122643,0,0,-0.000447683408529593,0.00102240742122643,0.032331361477347,0.000713261471041344,0.00104531693497888,4.6121428896204e-05,0.032318292629379,0.000713229350866591,NA,NA,NA,NA,NA,NA,NA,NA,NA,0,NA,NA,NA,NA,0,0,0,"raw_point_only",5.55111512312578e-17,0,NA,NA,NA,"M3_d3","monte_carlo_precision_estimated","monte_carlo_estimate",6e+05,934107,NA,0.01,NA,FALSE,"not_applicable",2.09063386995776,0.092242857792408,NA,NA,NA,NA,NA,NA,NA,NA,"Independent-stream Monte Carlo diagnostics; finite-n departures from an asymptotic limit are possible; no hypothesis-test or coverage certification"
"weak_d3_m3_n2000","stabilized","PATE","polynomial",2000,3,3,"weak",1000,1000,0,"within_declared_theorem_scope",0,-0.000466308749496588,0.000826716997326408,0,0,-0.000466308749496588,0.000826716997326408,0.0261430869192678,0.000576232121775108,0.000683460993668392,3.01289728904816e-05,0.0261341725815948,0.000576516639056164,1.37945859321691,0.00121341438945018,1.39331498823041,0.0138563950134979,0.000343134269772189,0.000689729296608456,6.0670719472509e-07,1.00917141285038,0.0444820871335873,1000,0.949,0.00695693898205238,0.102937951345986,4.52435748295627e-05,712.036000000001,0,0,"bias_corrected",5.55111512312578e-17,0,1.37394705870603,0.00317062623784224,0.00317062623784224,"M3_d3","monte_carlo_precision_estimated","monte_carlo_estimate",6e+05,934107,0.00230767715375314,0.01,TRUE,FALSE,"monte_carlo_diagnostic_available",1.36692198733678,0.0602579457809632,-0.00702507136925079,0.0603413034370455,-0.116422267486815,0.00551153451087494,0.00339488515573331,1.62348187288958,0.994886941731316,1.00401146061338,"Independent-stream Monte Carlo diagnostics; finite-n departures from an asymptotic limit are possible; no hypothesis-test or coverage certification"
"weak_d3_m3_n2000","self_normalized","PATT","oracle",2000,3,3,"weak",1000,1000,0,"assumption_failure_diagnostic",0.062962962962963,-0.000576545485575973,0.000869423286781643,0,0,0.062386417477387,0.000869423286781643,0.0274935783701976,0.000604972445350586,0.000755896851598195,3.32657146761128e-05,0.0681704191010252,0.000825151460765803,1.42960958843069,0.00130401017704492,1.42960958843069,1.99840144432528e-17,2.44794021618e-17,0.000714804794215344,6.52005088522459e-07,0.945638009609419,0.0415830677417549,1000,0.351,0.0150930116279025,0.104791673540986,4.77510617191812e-05,339.579,0,0,"original_weak_variance_not_established",0.062962962962963,0.0629629629629629,NA,NA,NA,"M3_d3","monte_carlo_precision_estimated","monte_carlo_estimate",6e+05,934107,NA,0.01,NA,FALSE,"not_applicable",1.51179370319639,0.0665314293522256,NA,NA,NA,NA,NA,NA,NA,NA,"Independent-stream Monte Carlo diagnostics; finite-n departures from an asymptotic limit are possible; no hypothesis-test or coverage certification"
"weak_d3_m3_n2000","self_normalized","PATT","raw",2000,3,3,"weak",1000,1000,0,"point_estimate_only",0.062962962962963,-0.000576545485575973,0.000869423286781643,0,0,0.062386417477387,0.000869423286781643,0.0274935783701976,0.000604972445350586,0.000755896851598195,3.32657146761128e-05,0.0681704191010252,0.000825151460765803,NA,NA,NA,NA,NA,NA,NA,NA,NA,0,NA,NA,NA,NA,0,0,0,"raw_point_only",0.062962962962963,0.0629629629629629,NA,NA,NA,"M3_d3","monte_carlo_precision_estimated","monte_carlo_estimate",6e+05,934107,NA,0.01,NA,FALSE,"not_applicable",1.51179370319639,0.0665314293522256,NA,NA,NA,NA,NA,NA,NA,NA,"Independent-stream Monte Carlo diagnostics; finite-n departures from an asymptotic limit are possible; no hypothesis-test or coverage certification"
"weak_d3_m3_n2000","self_normalized","PATT","polynomial",2000,3,3,"weak",1000,1000,0,"assumption_failure_diagnostic",0.062962962962963,-0.000576545485575976,0.000869423286781643,0,0,0.062386417477387,0.000869423286781643,0.0274935783701976,0.000604972445350586,0.000755896851598195,3.32657146761128e-05,0.0681704191010252,0.000825151460765803,1.42779416587084,0.00117482901282303,1.42779416587084,1.02140518265514e-17,2.65323904974369e-17,0.000713897082935421,5.87414506411516e-07,0.944437169470975,0.0415841420820571,1000,0.35,0.0150831031289984,0.104727141186413,4.30434303743828e-05,339.873,0,0,"original_weak_variance_not_established",0.062962962962963,0.0629629629629629,NA,NA,NA,"M3_d3","monte_carlo_precision_estimated","monte_carlo_estimate",6e+05,934107,NA,0.01,NA,FALSE,"not_applicable",1.51179370319639,0.0665314293522256,NA,NA,NA,NA,NA,NA,NA,NA,"Independent-stream Monte Carlo diagnostics; finite-n departures from an asymptotic limit are possible; no hypothesis-test or coverage certification"
"weak_d3_m3_n2000","stabilized","PATT","oracle",2000,3,3,"weak",1000,1000,0,"within_declared_theorem_scope",0,-0.000589509509334279,0.000864772042121098,0,0,-0.000589509509334279,0.000864772042121098,0.0273464930993774,0.000602651730408387,0.000747830684834294,3.29608227738816e-05,0.0273391729138073,0.000603394477899085,1.5560498922747,0.0021995377326527,1.5560498922747,-4.9960036108132e-17,2.64023206469973e-17,0.00077802494613735,1.09976886632635e-06,1.04037579884777,0.0458157832433409,1000,0.949,0.00695693898205238,0.109311686655711,7.72288353802561e-05,340.442,0,0,"bias_corrected",5.55111512312578e-17,0,1.54503908979648,0.00543535926487241,0.00543535926487241,"M3_d3","monte_carlo_precision_estimated","monte_carlo_estimate",6e+05,934107,0.00351794287974189,0.01,TRUE,FALSE,"monte_carlo_diagnostic_available",1.49566136966859,0.0659216455477632,-0.0493777201278891,0.0661453436158825,-0.746503342920616,0.0110108024782229,0.00586353959444271,1.87784226590005,0.968041119183338,1.00712655268785,"Independent-stream Monte Carlo diagnostics; finite-n departures from an asymptotic limit are possible; no hypothesis-test or coverage certification"
"weak_d3_m3_n2000","stabilized","PATT","raw",2000,3,3,"weak",1000,1000,0,"point_estimate_only",0,-0.000615473614055807,0.00103661816425752,0,0,-0.000615473614055807,0.00103661816425752,0.0327807446295632,0.000720739973543091,0.00107457721846863,4.72527860340683e-05,0.0327701304394682,0.000721109427238338,NA,NA,NA,NA,NA,NA,NA,NA,NA,0,NA,NA,NA,NA,0,0,0,"raw_point_only",5.55111512312578e-17,0,NA,NA,NA,"M3_d3","monte_carlo_precision_estimated","monte_carlo_estimate",6e+05,934107,NA,0.01,NA,FALSE,"not_applicable",2.14915443693726,0.0945055720681366,NA,NA,NA,NA,NA,NA,NA,NA,"Independent-stream Monte Carlo diagnostics; finite-n departures from an asymptotic limit are possible; no hypothesis-test or coverage certification"
"weak_d3_m3_n2000","stabilized","PATT","polynomial",2000,3,3,"weak",1000,1000,0,"within_declared_theorem_scope",0,-0.000408949741636902,0.000864776856515222,0,0,-0.000408949741636902,0.000864776856515222,0.0273466453438872,0.000603421627401826,0.000747839011564349,3.3003114474778e-05,0.0273360277371086,0.000603548471441316,1.55366316861673,0.00181921074720286,1.55366316861673,0,2.02173902602181e-17,0.000776831584308364,9.09605373601427e-07,1.03876846793987,0.0458821978910182,1000,0.944,0.00727076337120113,0.10923640763114,6.38552447045295e-05,342.440000000001,0,0,"bias_corrected",5.55111512312578e-17,0,1.54503908979648,0.00543535926487241,0.00543535926487241,"M3_d3","monte_carlo_precision_estimated","monte_carlo_estimate",6e+05,934107,0.00351794287974189,0.01,TRUE,FALSE,"monte_carlo_diagnostic_available",1.4956780231287,0.066006228949556,-0.0493610666677788,0.0662296413283315,-0.74530173616784,0.00862407882025296,0.00573172383153382,1.50462218238891,0.968051897849212,1.00558178681511,"Independent-stream Monte Carlo diagnostics; finite-n departures from an asymptotic limit are possible; no hypothesis-test or coverage certification"
"strong_d5_m1_n2000","self_normalized","PATE","oracle",2000,5,1,"strong",1000,1000,0,"within_declared_theorem_scope",1.5,0.000133493242181729,0.00171901994756296,0,1.5,0.000133493242181729,0.00171901994756296,0.0543601837756216,0.00121037821083944,0.00295502958011936,0.00013159276395848,0.0543331608779109,0.00120985510140113,6.03471428604721,0.00444747448618085,6.03471428604721,-4.70734562441066e-17,5.50673129673041e-17,0.00301735714302361,2.22373724309042e-06,1.02109202673421,0.0455244732001034,1000,0.952,0.00675988165576884,0.215308913858046,7.93142675150322e-05,830.154,0,0,"bias_corrected",1.5,0,5.98077792025315,0.000830670795035252,0.000830670795035252,"M1_d5","monte_carlo_precision_estimated","monte_carlo_estimate",2e+05,934104,0.000138890091909664,0.01,TRUE,FALSE,"monte_carlo_diagnostic_available",5.91005916023872,0.26318552791696,-0.0707187600144286,0.263186838802587,-0.268701734236315,0.053936365794061,0.00452438319276276,11.9212638488133,0.988175658592012,1.00901828600113,"Independent-stream Monte Carlo diagnostics; finite-n departures from an asymptotic limit are possible; no hypothesis-test or coverage certification"
"strong_d5_m1_n2000","self_normalized","PATE","raw",2000,5,1,"strong",1000,1000,0,"point_estimate_only",1.5,0.000373124309676472,0.00172699203545114,0,1.5,0.000373124309676472,0.00172699203545114,0.0546122833299585,0.00122512267119369,0.00298250149051166,0.000133813492866371,0.0545862456189434,0.00122464498044182,NA,NA,NA,NA,NA,NA,NA,NA,NA,0,NA,NA,NA,NA,0,0,0,"raw_point_only",1.5,0,NA,NA,NA,"M1_d5","monte_carlo_precision_estimated","monte_carlo_estimate",2e+05,934104,NA,0.01,NA,FALSE,"not_applicable",5.96500298102332,0.267626985732742,NA,NA,NA,NA,NA,NA,NA,NA,"Independent-stream Monte Carlo diagnostics; finite-n departures from an asymptotic limit are possible; no hypothesis-test or coverage certification"
"strong_d5_m1_n2000","self_normalized","PATE","polynomial",2000,5,1,"strong",1000,1000,0,"within_declared_theorem_scope",1.5,0.000218737951600392,0.00171765260602268,0,1.5,0.000218737951600392,0.00171765260602268,0.0543169446395552,0.00121528126726851,0.00295033047497651,0.000132020730631425,0.054290220028961,0.00121476331505099,5.97487330848866,0.00453558721693996,5.97487330848866,-1.95399252334028e-17,4.41236453579774e-17,0.00298743665424433,2.26779360846998e-06,1.01257695691467,0.0453759762031339,1000,0.956,0.00648567652600714,0.214237854851989,8.12877787154988e-05,839.578000000001,0,0,"bias_corrected",1.5,0,5.98077792025315,0.000830670795035252,0.000830670795035252,"M1_d5","monte_carlo_precision_estimated","monte_carlo_estimate",2e+05,934104,0.000138890091909664,0.01,TRUE,FALSE,"monte_carlo_diagnostic_available",5.90066094995302,0.26404146126285,-0.0801169703001285,0.264042767899049,-0.303424217741725,-0.00590461176448898,0.00461102649875206,-1.28054171150112,0.98660425593988,0.999012735158667,"Independent-stream Monte Carlo diagnostics; finite-n departures from an asymptotic limit are possible; no hypothesis-test or coverage certification"
"strong_d5_m1_n2000","stabilized","PATE","oracle",2000,5,1,"strong",1000,1000,0,"within_declared_theorem_scope",1.5,-0.000564096856273209,0.00205991530386217,0,1.5,-0.000564096856273209,0.00205991530386217,0.065140241472423,0.00146914009843336,0.00424325105908557,0.000191400281537537,0.0651101068444043,0.00146800813511561,8.48864267897661,0.00781035878094833,8.48825397598951,-0.000388702987101071,0.00522403485609698,0.00424432133948831,3.90517939047417e-06,1.00025223122267,0.0451575616990849,1000,0.948,0.00702111102319284,0.255350300403653,0.000117390178332142,828.386,0,0,"bias_corrected",1.5,0,8.38989591986614,0.00148902158471745,0.00148902158471745,"M1_d5","monte_carlo_precision_estimated","monte_carlo_estimate",2e+05,934104,0.000177477956692126,0.01,TRUE,FALSE,"monte_carlo_diagnostic_available",8.48650211817114,0.382800563075074,0.0966061983049968,0.382803459069891,0.252365008769053,0.0987467591104672,0.00795103072355346,12.4193658085043,1.01151458840821,1.0117697239696,"Independent-stream Monte Carlo diagnostics; finite-n departures from an asymptotic limit are possible; no hypothesis-test or coverage certification"
"strong_d5_m1_n2000","stabilized","PATE","raw",2000,5,1,"strong",1000,1000,0,"point_estimate_only",1.5,0.000288225214418692,0.0024813563026756,0,1.5,0.000288225214418692,0.0024813563026756,0.0784673760286905,0.00182422688005027,0.00615712910082791,0.000286284593117099,0.0784286621427479,0.00182350108187436,NA,NA,NA,NA,NA,NA,NA,NA,NA,0,NA,NA,NA,NA,0,0,0,"raw_point_only",1.5,0,NA,NA,NA,"M1_d5","monte_carlo_precision_estimated","monte_carlo_estimate",2e+05,934104,NA,0.01,NA,FALSE,"not_applicable",12.3142582016558,0.572569186234198,NA,NA,NA,NA,NA,NA,NA,NA,"Independent-stream Monte Carlo diagnostics; finite-n departures from an asymptotic limit are possible; no hypothesis-test or coverage certification"
"strong_d5_m1_n2000","stabilized","PATE","polynomial",2000,5,1,"strong",1000,1000,0,"within_declared_theorem_scope",1.5,-0.000564581224171199,0.00204928256309582,0,1.5,-0.000564581224171199,0.00204928256309582,0.0648040046865051,0.0014623790479618,0.00419955902340858,0.000189536037355126,0.0647740551173373,0.00146146165932536,8.28626657258646,0.00795398478602529,8.28397719405355,-0.00228937853291602,0.00407838637935184,0.00414313328629323,3.97699239301264e-06,0.986563889970155,0.0446069814844623,1000,0.95,0.00689202437604511,0.252285699046641,0.000121013770499765,842.208,0,0,"bias_corrected",1.5,0,8.38989591986614,0.00148902158471745,0.00148902158471745,"M1_d5","monte_carlo_precision_estimated","monte_carlo_estimate",2e+05,934104,0.000177477956692126,0.01,TRUE,FALSE,"monte_carlo_diagnostic_available",8.39911804681716,0.379072074710252,0.00922212695101621,0.379074999189362,0.0243279745980014,-0.103629347279684,0.0080921603577831,-12.8061410918547,1.00109919444044,0.987648315513152,"Independent-stream Monte Carlo diagnostics; finite-n departures from an asymptotic limit are possible; no hypothesis-test or coverage certification"
"strong_d5_m1_n2000","self_normalized","PATT","oracle",2000,5,1,"strong",1000,1000,0,"within_declared_theorem_scope",1.5,0.000274643097786122,0.0019560029729403,0,1.5,0.000274643097786122,0.0019560029729403,0.0618542450455204,0.00146087512490243,0.00382594763015128,0.00018072265591324,0.0618239202198655,0.0014604639990438,7.78688327660196,0.00817064754510995,7.78688327660196,3.99680288865056e-17,4.06730644664067e-17,0.00389344163830098,4.08532377255497e-06,1.01764112180151,0.0481156321378885,1000,0.951,0.00682634602111555,0.244559939870249,0.000128199621838209,377.661,0,0,"bias_corrected",1.5,0,7.71846723650011,0.00108252311055126,0.00108252311055126,"M1_d5","monte_carlo_precision_estimated","monte_carlo_estimate",2e+05,934104,0.000140251046921865,0.01,TRUE,FALSE,"monte_carlo_diagnostic_available",7.65189526030256,0.36144531182648,-0.0665719761975527,0.361446932892819,-0.184181881596692,0.0684160401018472,0.00824204692969464,8.30085544106238,0.991374974569726,1.00886394124708,"Independent-stream Monte Carlo diagnostics; finite-n departures from an asymptotic limit are possible; no hypothesis-test or coverage certification"
"strong_d5_m1_n2000","self_normalized","PATT","raw",2000,5,1,"strong",1000,1000,0,"point_estimate_only",1.5,0.00193813159729854,0.00196944845425417,0,1.5,0.00193813159729854,0.00196944845425417,0.0622794284974111,0.0014756054966508,0.00387872721396415,0.0001837997340381,0.0622784460374424,0.00147704536106645,NA,NA,NA,NA,NA,NA,NA,NA,NA,0,NA,NA,NA,NA,0,0,0,"raw_point_only",1.5,0,NA,NA,NA,"M1_d5","monte_carlo_precision_estimated","monte_carlo_estimate",2e+05,934104,NA,0.01,NA,FALSE,"not_applicable",7.7574544279283,0.3675994680762,NA,NA,NA,NA,NA,NA,NA,NA,"Independent-stream Monte Carlo diagnostics; finite-n departures from an asymptotic limit are possible; no hypothesis-test or coverage certification"
"strong_d5_m1_n2000","self_normalized","PATT","polynomial",2000,5,1,"strong",1000,1000,0,"within_declared_theorem_scope",1.5,0.000226386940030158,0.00195009757786062,0,1.5,0.000226386940030158,0.00195009757786062,0.0616675000561712,0.00145962604059698,0.00380288056317787,0.000180022977881007,0.0616370743437853,0.00145914317133609,7.80555800020457,0.00875451928000066,7.80555800020457,7.99360577730113e-18,4.12125512893931e-17,0.00390277900010228,4.37725964000033e-06,1.02626914920539,0.0486530053035037,1000,0.953,0.00669260786241059,0.244848248033085,0.000137162346469537,385.15,0,0,"bias_corrected",1.5,0,7.71846723650011,0.00108252311055126,0.00108252311055126,"M1_d5","monte_carlo_precision_estimated","monte_carlo_estimate",2e+05,934104,0.000140251046921865,0.01,TRUE,FALSE,"monte_carlo_diagnostic_available",7.60576112635574,0.360045955762014,-0.112706110144372,0.360047583128768,-0.313031153174173,0.0870907637044578,0.00882119402965272,9.87289967907966,0.985397863760904,1.01128342727072,"Independent-stream Monte Carlo diagnostics; finite-n departures from an asymptotic limit are possible; no hypothesis-test or coverage certification"
"strong_d5_m1_n2000","stabilized","PATT","oracle",2000,5,1,"strong",1000,1000,0,"within_declared_theorem_scope",1.5,-0.000525103843325645,0.00231332698480087,0,1.5,-0.000525103843325645,0.00231332698480087,0.0731538224470048,0.00173423770849988,0.0053514817386079,0.000253732234817002,0.0731191219238549,0.00173271926646776,10.476699017375,0.0159153885393452,10.476699017375,8.88178419700125e-18,1.44219681992802e-16,0.00523834950868747,7.95769426967258e-06,0.978859643843267,0.046386039830883,1000,0.946,0.00714730718522718,0.283628669843422,0.000215498925154852,378.221,0,0,"bias_corrected",1.5,0,10.3390602208585,0.00200266775451983,0.00200266775451983,"M1_d5","monte_carlo_precision_estimated","monte_carlo_estimate",2e+05,934104,0.000193699205898767,0.01,TRUE,FALSE,"monte_carlo_diagnostic_available",10.7029634772158,0.507464469634004,0.363903256357256,0.507468421302307,0.717095372010297,0.137638796516455,0.0160408936937227,8.58049427572214,1.03519693749564,1.01331250554463,"Independent-stream Monte Carlo diagnostics; finite-n departures from an asymptotic limit are possible; no hypothesis-test or coverage certification"
"strong_d5_m1_n2000","stabilized","PATT","raw",2000,5,1,"strong",1000,1000,0,"point_estimate_only",1.5,0.00159699164845092,0.00269438088210262,0,1.5,0.00159699164845092,0.00269438088210262,0.0852038047145789,0.00201698987427748,0.00725968833784009,0.000343710422718443,0.0851761646931081,0.00201514583565165,NA,NA,NA,NA,NA,NA,NA,NA,NA,0,NA,NA,NA,NA,0,0,0,"raw_point_only",1.5,0,NA,NA,NA,"M1_d5","monte_carlo_precision_estimated","monte_carlo_estimate",2e+05,934104,NA,0.01,NA,FALSE,"not_applicable",14.5193766756802,0.687420845436886,NA,NA,NA,NA,NA,NA,NA,NA,"Independent-stream Monte Carlo diagnostics; finite-n departures from an asymptotic limit are possible; no hypothesis-test or coverage certification"
"strong_d5_m1_n2000","stabilized","PATT","polynomial",2000,5,1,"strong",1000,1000,0,"within_declared_theorem_scope",1.5,-0.000662435197290207,0.00229194493336128,0,1.5,-0.000662435197290207,0.00229194493336128,0.0724776626110447,0.00172551183876749,0.00525301157756042,0.000250122129763106,0.0724444434471925,0.00172380751971867,10.3488974768965,0.0157040609116585,10.3488974768965,1.35003119794419e-16,1.76173587609349e-16,0.00517444873844824,7.85203045582923e-06,0.98504422882908,0.0469451988574147,1000,0.945,0.00720936890441875,0.281893811937314,0.000213661969132671,385.731999999999,0,0,"bias_corrected",1.5,0,10.3390602208585,0.00200266775451983,0.00200266775451983,"M1_d5","monte_carlo_precision_estimated","monte_carlo_estimate",2e+05,934104,0.000193699205898767,0.01,TRUE,FALSE,"monte_carlo_diagnostic_available",10.5060231551208,0.500244259526212,0.166962934262296,0.500248268229949,0.333760144444014,0.00983725603795627,0.0158312414943388,0.621382476003164,1.01614875343558,1.00095146520359,"Independent-stream Monte Carlo diagnostics; finite-n departures from an asymptotic limit are possible; no hypothesis-test or coverage certification"
"weak_d5_m1_n2000","self_normalized","PATE","oracle",2000,5,1,"weak",1000,1000,0,"assumption_failure_diagnostic",-0.0416666666666667,-0.00162566009364796,0.000860359446397385,0,0,-0.0432923267603146,0.000860359446397385,0.0272069545705728,0.000550011573010294,0.000740218377005215,2.99282797603608e-05,0.0511243945191536,0.000776058956168986,1.42020544082229,0.000442888465898899,1.42020544082229,0,2.44875660446889e-17,0.000710102720411145,2.21444232949448e-07,0.959315173022438,0.0388005782668883,1000,0.629,0.0152760924322943,0.104456003417575,1.62803798324743e-05,828.464,0,0,"original_weak_variance_not_established",-0.0416666666666667,-0.0416666666666667,NA,NA,NA,"M1_d5","monte_carlo_precision_estimated","monte_carlo_estimate",2e+05,934104,NA,0.01,NA,FALSE,"not_applicable",1.48043675401043,0.0598565595207216,NA,NA,NA,NA,NA,NA,NA,NA,"Independent-stream Monte Carlo diagnostics; finite-n departures from an asymptotic limit are possible; no hypothesis-test or coverage certification"
"weak_d5_m1_n2000","self_normalized","PATE","raw",2000,5,1,"weak",1000,1000,0,"point_estimate_only",-0.0416666666666667,-0.00162566009364796,0.000860359446397385,0,0,-0.0432923267603146,0.000860359446397385,0.0272069545705728,0.000550011573010294,0.000740218377005215,2.99282797603608e-05,0.0511243945191536,0.000776058956168986,NA,NA,NA,NA,NA,NA,NA,NA,NA,0,NA,NA,NA,NA,0,0,0,"raw_point_only",-0.0416666666666667,-0.0416666666666667,NA,NA,NA,"M1_d5","monte_carlo_precision_estimated","monte_carlo_estimate",2e+05,934104,NA,0.01,NA,FALSE,"not_applicable",1.48043675401043,0.0598565595207216,NA,NA,NA,NA,NA,NA,NA,NA,"Independent-stream Monte Carlo diagnostics; finite-n departures from an asymptotic limit are possible; no hypothesis-test or coverage certification"
"weak_d5_m1_n2000","self_normalized","PATE","polynomial",2000,5,1,"weak",1000,1000,0,"assumption_failure_diagnostic",-0.0416666666666667,-0.00162566009364796,0.000860359446397385,0,0,-0.0432923267603146,0.000860359446397385,0.0272069545705728,0.000550011573010294,0.000740218377005215,2.99282797603608e-05,0.0511243945191536,0.000776058956168986,1.41849746177348,0.000493035242711442,1.41849746177348,-2.22044604925031e-19,3.16842638045737e-17,0.00070924873088674,2.4651762135572e-07,0.958161473585982,0.0387692582698698,1000,0.627,0.0152928414625929,0.104392864883368,1.81456339327569e-05,826.954,0,0,"original_weak_variance_not_established",-0.0416666666666667,-0.0416666666666667,NA,NA,NA,"M1_d5","monte_carlo_precision_estimated","monte_carlo_estimate",2e+05,934104,NA,0.01,NA,FALSE,"not_applicable",1.48043675401043,0.0598565595207216,NA,NA,NA,NA,NA,NA,NA,NA,"Independent-stream Monte Carlo diagnostics; finite-n departures from an asymptotic limit are possible; no hypothesis-test or coverage certification"
"weak_d5_m1_n2000","stabilized","PATE","oracle",2000,5,1,"weak",1000,1000,0,"within_declared_theorem_scope",0,-0.00146719561427427,0.000885940006582123,0,0,-0.00146719561427427,0.000885940006582123,0.0280158829106407,0.000576927698031719,0.000784889695262732,3.23262776719243e-05,0.0280402829610904,0.000575366188246798,1.63233653216063,0.0013318059005619,1.66072366920421,0.0283871370435783,0.00102082368191616,0.000816168266080314,6.65902950280949e-07,1.0398509128179,0.0428179412877187,1000,0.964,0.00589101010014412,0.111977788959906,4.56508846956723e-05,827.36,0,0,"bias_corrected",5.55111512312578e-17,0,1.61089244035878,0.000322050625388999,0.000322050625388999,"M1_d5","monte_carlo_precision_estimated","monte_carlo_estimate",2e+05,934104,0.000199920626182386,0.01,TRUE,FALSE,"monte_carlo_diagnostic_available",1.56977939052546,0.0646525553438486,-0.0411130498333199,0.0646533574464213,-0.635899688077151,0.0214440918018461,0.00137019106772922,15.6504390569301,0.974478091272088,1.01331193273033,"Independent-stream Monte Carlo diagnostics; finite-n departures from an asymptotic limit are possible; no hypothesis-test or coverage certification"
"weak_d5_m1_n2000","stabilized","PATE","raw",2000,5,1,"weak",1000,1000,0,"point_estimate_only",0,-0.00190730820437855,0.0011222212862653,0,0,-0.00190730820437855,0.0011222212862653,0.0354877530332217,0.000731635058596022,0.00125938061534694,5.19281685398046e-05,0.0355212479977559,0.000729676139491488,NA,NA,NA,NA,NA,NA,NA,NA,NA,0,NA,NA,NA,NA,0,0,0,"raw_point_only",5.55111512312578e-17,0,NA,NA,NA,"M1_d5","monte_carlo_precision_estimated","monte_carlo_estimate",2e+05,934104,NA,0.01,NA,FALSE,"not_applicable",2.51876123069388,0.103856337079609,NA,NA,NA,NA,NA,NA,NA,NA,"Independent-stream Monte Carlo diagnostics; finite-n departures from an asymptotic limit are possible; no hypothesis-test or coverage certification"
"weak_d5_m1_n2000","stabilized","PATE","polynomial",2000,5,1,"weak",1000,1000,0,"within_declared_theorem_scope",0,-0.00156775554968891,0.000887397992407086,0,0,-0.00156775554968891,0.000887397992407086,0.028061988470672,0.000578758372185833,0.000787475196928126,3.24822215351675e-05,0.0280917350691405,0.000577716880396518,1.6355971146351,0.00178222652673781,1.66560275100504,0.030005636369943,0.000784298594831859,0.00081779855731755,8.91113263368906e-07,1.03850706727998,0.0428437129696739,1000,0.964,0.00589101010014412,0.112082350413142,6.08963090816302e-05,830.511,0,0,"bias_corrected",5.55111512312578e-17,0,1.61089244035878,0.000322050625388999,0.000322050625388999,"M1_d5","monte_carlo_precision_estimated","monte_carlo_estimate",2e+05,934104,0.000199920626182386,0.01,TRUE,FALSE,"monte_carlo_diagnostic_available",1.57495039385625,0.064964443070335,-0.035942046502532,0.0649652413221417,-0.553250411620992,0.0247046742763162,0.00181109027878827,13.6407746017195,0.977688115232246,1.01533601726433,"Independent-stream Monte Carlo diagnostics; finite-n departures from an asymptotic limit are possible; no hypothesis-test or coverage certification"
"weak_d5_m1_n2000","self_normalized","PATT","oracle",2000,5,1,"weak",1000,1000,0,"assumption_failure_diagnostic",0.166666666666667,-0.00114957250797942,0.000931552184544095,0,0,0.165517094158687,0.000931552184544095,0.0294582666246484,0.000628596469891076,0.000867789472528876,3.70347248187282e-05,0.168115526177067,0.000919320092196183,1.80886620566275,0.0015161616644457,1.80886620566275,9.99200722162641e-18,2.23517516579581e-17,0.000904433102831374,7.5808083222285e-07,1.04222640566924,0.044404219415813,1000,0,0,0.117876776898448,4.93759903117183e-05,401.814,0,0,"original_weak_variance_not_established",0.166666666666667,0.166666666666667,NA,NA,NA,"M1_d5","monte_carlo_precision_estimated","monte_carlo_estimate",2e+05,934104,NA,0.01,NA,FALSE,"not_applicable",1.73557894505775,0.0740694496374564,NA,NA,NA,NA,NA,NA,NA,NA,"Independent-stream Monte Carlo diagnostics; finite-n departures from an asymptotic limit are possible; no hypothesis-test or coverage certification"
"weak_d5_m1_n2000","self_normalized","PATT","raw",2000,5,1,"weak",1000,1000,0,"point_estimate_only",0.166666666666667,-0.00114957250797942,0.000931552184544095,0,0,0.165517094158687,0.000931552184544095,0.0294582666246484,0.000628596469891076,0.000867789472528876,3.70347248187282e-05,0.168115526177067,0.000919320092196183,NA,NA,NA,NA,NA,NA,NA,NA,NA,0,NA,NA,NA,NA,0,0,0,"raw_point_only",0.166666666666667,0.166666666666667,NA,NA,NA,"M1_d5","monte_carlo_precision_estimated","monte_carlo_estimate",2e+05,934104,NA,0.01,NA,FALSE,"not_applicable",1.73557894505775,0.0740694496374564,NA,NA,NA,NA,NA,NA,NA,NA,"Independent-stream Monte Carlo diagnostics; finite-n departures from an asymptotic limit are possible; no hypothesis-test or coverage certification"
"weak_d5_m1_n2000","self_normalized","PATT","polynomial",2000,5,1,"weak",1000,1000,0,"assumption_failure_diagnostic",0.166666666666667,-0.00114957250797942,0.000931552184544095,0,0,0.165517094158687,0.000931552184544095,0.0294582666246484,0.000628596469891076,0.000867789472528876,3.70347248187282e-05,0.168115526177067,0.000919320092196183,1.80701620171744,0.00174656340664032,1.80701620171744,0,1.99940139507303e-17,0.000903508100858721,8.73281703320162e-07,1.04116047666003,0.04442933178383,1000,0,0,0.117813075902664,5.69125631327297e-05,403.501999999999,0,0,"original_weak_variance_not_established",0.166666666666667,0.166666666666667,NA,NA,NA,"M1_d5","monte_carlo_precision_estimated","monte_carlo_estimate",2e+05,934104,NA,0.01,NA,FALSE,"not_applicable",1.73557894505775,0.0740694496374564,NA,NA,NA,NA,NA,NA,NA,NA,"Independent-stream Monte Carlo diagnostics; finite-n departures from an asymptotic limit are possible; no hypothesis-test or coverage certification"
"weak_d5_m1_n2000","stabilized","PATT","oracle",2000,5,1,"weak",1000,1000,0,"within_declared_theorem_scope",0,-0.00106304864760023,0.00100522766255836,0,0,-0.00106304864760023,0.00100522766255836,0.0317880898069157,0.000675086638316887,0.00101048265357254,4.29194293725321e-05,0.0317899707981327,0.000676524404174722,2.12254299424345,0.00384076348098208,2.12254299424345,-3.99680288865056e-17,2.8567185863004e-17,0.00106127149712172,1.92038174049104e-06,1.05026196478447,0.0445026376826703,1000,0.96,0.00619677335393187,0.127648222417321,0.000115185052730439,403.229,0,0,"bias_corrected",5.55111512312578e-17,0,2.08147037394839,0.000552086786381142,0.000552086786381142,"M1_d5","monte_carlo_precision_estimated","monte_carlo_estimate",2e+05,934104,0.000265238839471866,0.01,TRUE,FALSE,"monte_carlo_diagnostic_available",2.02096530714508,0.0858388587450642,-0.0605050668033109,0.0858406341453439,-0.704853446222971,0.0410726202950586,0.00388024019057355,10.5850716135662,0.970931574352155,1.01973250295038,"Independent-stream Monte Carlo diagnostics; finite-n departures from an asymptotic limit are possible; no hypothesis-test or coverage certification"
"weak_d5_m1_n2000","stabilized","PATT","raw",2000,5,1,"weak",1000,1000,0,"point_estimate_only",0,-0.000803477066462743,0.00124102478729023,0,0,-0.000803477066462743,0.00124102478729023,0.0392446496056312,0.000823780385270097,0.00154014252266877,6.46579451438336e-05,0.0392332506369588,0.000824464204399609,NA,NA,NA,NA,NA,NA,NA,NA,NA,0,NA,NA,NA,NA,0,0,0,"raw_point_only",5.55111512312578e-17,0,NA,NA,NA,"M1_d5","monte_carlo_precision_estimated","monte_carlo_estimate",2e+05,934104,NA,0.01,NA,FALSE,"not_applicable",3.08028504533754,0.129315890287667,NA,NA,NA,NA,NA,NA,NA,NA,"Independent-stream Monte Carlo diagnostics; finite-n departures from an asymptotic limit are possible; no hypothesis-test or coverage certification"
"weak_d5_m1_n2000","stabilized","PATT","polynomial",2000,5,1,"weak",1000,1000,0,"within_declared_theorem_scope",0,-0.000905642250544255,0.0010061458632579,0,0,-0.000905642250544255,0.0010061458632579,0.0318171258625128,0.000677896457175003,0.00101232949815098,4.31374337993772e-05,0.0318141062508253,0.000678395068287247,2.1215181590674,0.00356828660020165,2.1215181590674,3.01980662698043e-17,3.34840350572678e-17,0.0010607590795337,1.78414330010083e-06,1.04783974137984,0.044551958190678,1000,0.961,0.00612200947402077,0.127624494021618,0.000107001242124612,404.925,0,0,"bias_corrected",5.55111512312578e-17,0,2.08147037394839,0.000552086786381142,0.000552086786381142,"M1_d5","monte_carlo_precision_estimated","monte_carlo_estimate",2e+05,934104,0.000265238839471866,0.01,TRUE,FALSE,"monte_carlo_diagnostic_available",2.02465899630196,0.0862748675987544,-0.0568113776464312,0.0862766340268459,-0.65847930076588,0.0400477851190089,0.00361074356343334,11.0912847770692,0.972706131993287,1.01924014178642,"Independent-stream Monte Carlo diagnostics; finite-n departures from an asymptotic limit are possible; no hypothesis-test or coverage certification"
