"population_scenario","multiplier","response","estimand","family","requested","coverage_rule","interval_availability","availability_mcse","operational_coverage","operational_coverage_mcse","coverage_exact95_lower","coverage_exact95_upper","operational_denominator","conditional_coverage","conditional_coverage_mcse","conditional_coverage_denominator","mean_valid_ci_length","mean_reported_variance_valid_intervals","warning_rate","inference","source_method","warning_known_replicates","warning_unknown_replicates","truth","point_metric_scope","relative_bias_status","mean_estimate","signed_bias","absolute_bias","signed_relative_bias_percent","empirical_variance","empirical_sd","bias_mcse","signed_relative_bias_mcse","mse","rmse","rmse_mcse","variance_mcse","reference_scenario","reference_method","reference_empirical_variance","relative_efficiency","relative_efficiency_mcse","relative_efficiency_status","received","missing","evaluated","not_run","point_available","point_unavailable","interval_available","interval_unavailable","invalid_points","invalid_intervals","invalid_status","mean_reported_variance_all_requested","mean_reported_variance_mcse","variance_calibration_ratio","variance_calibration_mcse","primary_variance_status","point_summary_provenance","empirical_variance_divisor","saved_refit_B","saved_refit_divisor","scope"
1,1,"No","PATT","PS",1000,"inclusive",1,0,0.947,0.00708456067798138,0.931244816710037,0.960050747639981,1000,0.947,0.00708456067798138,1000,0.386377400294263,0.00975377121486658,0,"analytic","WM_PS_M3",1000,0,0.9970067570835,"all_requested","defined",0.993692207558235,-0.00331454952526538,0.00331454952526538,-0.332450056302656,0.00988719769542504,0.099434388897529,0.00314439146663151,0.315383165088034,0.00988829673628506,0.099439915206546,0.00217942184161256,0.000432883079249633,"source_specification","Lenis_U_PS_U_OM_OW_U",0.0665402553817404,6.72994082160707,0.410356492158111,"defined",1000,0,1000,0,1000,0,1000,0,0,0,0,0.00975377121486658,3.91736535125465e-05,0.986505126662917,0.0430989336859039,"all_requested","Copied authenticated original point report after54000row binding","R_minus_1",200,"B","Complete empirical comparison on 3000 existing saved Lenis No-response samples: 3 fixed finite populations,1000 selected samples/population,6 outcome effects,3 retained WM families,M3,PATT. Compare complete-contribution analytic and unchanged original fixed-reuse refit intervals/variances on identical points. External finite-population dependent-design empirical coverage and variance-calibration evidence; not iid theorem or nominal-coverage certification, raw S12 PS, critical/nested-law validation, cluster/stratum adjustment, estimated-weight inference or automatic analytic/refit variance agreement. Known No-response weights remain supplied; full-X reference centering and actual-graph/root inference premises remain unverified substantive assumptions."
1,1,"No","PATT","PS",1000,"inclusive",1,0,0.945,0.00720936890441875,0.929008484457942,0.958301204920464,1000,0.945,0.00720936890441875,1000,0.385786531434764,0.00974991692503606,0,"original_refit","WM_PS_M3",1000,0,0.9970067570835,"all_requested","defined",0.993692207558235,-0.00331454952526538,0.00331454952526538,-0.332450056302656,0.00988719769542504,0.099434388897529,0.00314439146663151,0.315383165088034,0.00988829673628506,0.099439915206546,0.00217942184161256,0.000432883079249633,"source_specification","Lenis_U_PS_U_OM_OW_U",0.0665402553817404,6.72994082160707,0.410356492158111,"defined",1000,0,1000,0,1000,0,1000,0,0,0,0,0.00974991692503606,5.06831515472232e-05,0.986115300349208,0.0431878533144254,"all_requested","Copied authenticated original point report after54000row binding","R_minus_1",200,"B","Complete empirical comparison on 3000 existing saved Lenis No-response samples: 3 fixed finite populations,1000 selected samples/population,6 outcome effects,3 retained WM families,M3,PATT. Compare complete-contribution analytic and unchanged original fixed-reuse refit intervals/variances on identical points. External finite-population dependent-design empirical coverage and variance-calibration evidence; not iid theorem or nominal-coverage certification, raw S12 PS, critical/nested-law validation, cluster/stratum adjustment, estimated-weight inference or automatic analytic/refit variance agreement. Known No-response weights remain supplied; full-X reference centering and actual-graph/root inference premises remain unverified substantive assumptions."
2,1,"No","PATT","PS",1000,"inclusive",1,0,0.951,0.00682634602111555,0.93573394685983,0.963532940827952,1000,0.951,0.00682634602111555,1000,0.328772127452506,0.00705325167182863,0,"analytic","WM_PS_M3",1000,0,0.997206524637631,"all_requested","defined",1.00038111810149,0.0031745934638547,0.0031745934638547,0.318348645483271,0.00720153922266911,0.0848618832142506,0.00268356837488243,0.269108585692176,0.00720441572710718,0.0848788296756452,0.00186785097215807,0.0003167983130264,"source_specification","Lenis_U_PS_U_OM_OW_U",0.0457356942598584,6.35082207368821,0.386208854291135,"defined",1000,0,1000,0,1000,0,1000,0,0,0,0,0.00705325167182863,2.33877921644798e-05,0.979408908810258,0.0429800432798852,"all_requested","Copied authenticated original point report after54000row binding","R_minus_1",200,"B","Complete empirical comparison on 3000 existing saved Lenis No-response samples: 3 fixed finite populations,1000 selected samples/population,6 outcome effects,3 retained WM families,M3,PATT. Compare complete-contribution analytic and unchanged original fixed-reuse refit intervals/variances on identical points. External finite-population dependent-design empirical coverage and variance-calibration evidence; not iid theorem or nominal-coverage certification, raw S12 PS, critical/nested-law validation, cluster/stratum adjustment, estimated-weight inference or automatic analytic/refit variance agreement. Known No-response weights remain supplied; full-X reference centering and actual-graph/root inference premises remain unverified substantive assumptions."
2,1,"No","PATT","PS",1000,"inclusive",1,0,0.949,0.00695693898205238,0.933486538405065,0.961794763225314,1000,0.949,0.00695693898205238,1000,0.327710396888727,0.00702428068889024,0,"original_refit","WM_PS_M3",1000,0,0.997206524637631,"all_requested","defined",1.00038111810149,0.0031745934638547,0.0031745934638547,0.318348645483271,0.00720153922266911,0.0848618832142506,0.00268356837488243,0.269108585692176,0.00720441572710718,0.0848788296756452,0.00186785097215807,0.0003167983130264,"source_specification","Lenis_U_PS_U_OM_OW_U",0.0457356942598584,6.35082207368821,0.386208854291135,"defined",1000,0,1000,0,1000,0,1000,0,0,0,0,0.00702428068889024,3.19982129307118e-05,0.975386021196567,0.0428298290716065,"all_requested","Copied authenticated original point report after54000row binding","R_minus_1",200,"B","Complete empirical comparison on 3000 existing saved Lenis No-response samples: 3 fixed finite populations,1000 selected samples/population,6 outcome effects,3 retained WM families,M3,PATT. Compare complete-contribution analytic and unchanged original fixed-reuse refit intervals/variances on identical points. External finite-population dependent-design empirical coverage and variance-calibration evidence; not iid theorem or nominal-coverage certification, raw S12 PS, critical/nested-law validation, cluster/stratum adjustment, estimated-weight inference or automatic analytic/refit variance agreement. Known No-response weights remain supplied; full-X reference centering and actual-graph/root inference premises remain unverified substantive assumptions."
3,1,"No","PATT","PS",1000,"inclusive",1,0,0.937,0.00768316341099159,0.920111958126645,0.951253072443419,1000,0.937,0.00768316341099159,1000,0.332218237069812,0.00720378191628211,0,"analytic","WM_PS_M3",1000,0,0.950299318654713,"all_requested","defined",0.958053185507998,0.00775386685328544,0.00775386685328544,0.815939430984984,0.00766905424056321,0.087573136523498,0.00276930573259133,0.291414050102834,0.00772150763750114,0.0878721095541762,0.00195406366136422,0.0003421012498802,"source_specification","Lenis_U_PS_U_OM_OW_U",0.050052331602762,6.52653248141406,0.386995689746395,"defined",1000,0,1000,0,1000,0,1000,0,0,0,0,0.00720378191628211,2.53175910499313e-05,0.93933119916923,0.0419125899721287,"all_requested","Copied authenticated original point report after54000row binding","R_minus_1",200,"B","Complete empirical comparison on 3000 existing saved Lenis No-response samples: 3 fixed finite populations,1000 selected samples/population,6 outcome effects,3 retained WM families,M3,PATT. Compare complete-contribution analytic and unchanged original fixed-reuse refit intervals/variances on identical points. External finite-population dependent-design empirical coverage and variance-calibration evidence; not iid theorem or nominal-coverage certification, raw S12 PS, critical/nested-law validation, cluster/stratum adjustment, estimated-weight inference or automatic analytic/refit variance agreement. Known No-response weights remain supplied; full-X reference centering and actual-graph/root inference premises remain unverified substantive assumptions."
3,1,"No","PATT","PS",1000,"inclusive",1,0,0.934,0.00785136930732467,0.916793949538597,0.948591433981081,1000,0.934,0.00785136930732467,1000,0.33162824143871,0.00719880558695681,0,"original_refit","WM_PS_M3",1000,0,0.950299318654713,"all_requested","defined",0.958053185507998,0.00775386685328544,0.00775386685328544,0.815939430984984,0.00766905424056321,0.087573136523498,0.00276930573259133,0.291414050102834,0.00772150763750114,0.0878721095541762,0.00195406366136422,0.0003421012498802,"source_specification","Lenis_U_PS_U_OM_OW_U",0.050052331602762,6.52653248141406,0.386995689746395,"defined",1000,0,1000,0,1000,0,1000,0,0,0,0,0.00719880558695681,3.53165506144961e-05,0.938682314812802,0.042053790905637,"all_requested","Copied authenticated original point report after54000row binding","R_minus_1",200,"B","Complete empirical comparison on 3000 existing saved Lenis No-response samples: 3 fixed finite populations,1000 selected samples/population,6 outcome effects,3 retained WM families,M3,PATT. Compare complete-contribution analytic and unchanged original fixed-reuse refit intervals/variances on identical points. External finite-population dependent-design empirical coverage and variance-calibration evidence; not iid theorem or nominal-coverage certification, raw S12 PS, critical/nested-law validation, cluster/stratum adjustment, estimated-weight inference or automatic analytic/refit variance agreement. Known No-response weights remain supplied; full-X reference centering and actual-graph/root inference premises remain unverified substantive assumptions."
1,2,"No","PATT","PS",1000,"inclusive",1,0,0.939,0.00756828910652864,0.922329225950876,0.95302212445892,1000,0.939,0.00756828910652864,1000,0.42997638195392,0.0120777421912035,0,"analytic","WM_PS_M3",1000,0,1.72128921416505,"all_requested","defined",1.71541476614472,-0.00587444802033068,0.00587444802033068,-0.341281870123157,0.013750246449738,0.117261444856091,0.00370813247467482,0.215427625070755,0.0137710053428319,0.117349926897429,0.00259421553331935,0.000606060851088541,"source_specification","Lenis_U_PS_U_OM_OW_U",0.0688563970987795,5.00764821565008,0.298222992009416,"defined",1000,0,1000,0,1000,0,1000,0,0,0,0,0.0120777421912035,4.76669363608234e-05,0.878365506782145,0.0386390781118266,"all_requested","Copied authenticated original point report after54000row binding","R_minus_1",200,"B","Complete empirical comparison on 3000 existing saved Lenis No-response samples: 3 fixed finite populations,1000 selected samples/population,6 outcome effects,3 retained WM families,M3,PATT. Compare complete-contribution analytic and unchanged original fixed-reuse refit intervals/variances on identical points. External finite-population dependent-design empirical coverage and variance-calibration evidence; not iid theorem or nominal-coverage certification, raw S12 PS, critical/nested-law validation, cluster/stratum adjustment, estimated-weight inference or automatic analytic/refit variance agreement. Known No-response weights remain supplied; full-X reference centering and actual-graph/root inference premises remain unverified substantive assumptions."
1,2,"No","PATT","PS",1000,"inclusive",1,0,0.931,0.00801492358042171,0.913484890654288,0.945920664206744,1000,0.931,0.00801492358042171,1000,0.429227718257853,0.0120650504233318,0,"original_refit","WM_PS_M3",1000,0,1.72128921416505,"all_requested","defined",1.71541476614472,-0.00587444802033068,0.00587444802033068,-0.341281870123157,0.013750246449738,0.117261444856091,0.00370813247467482,0.215427625070755,0.0137710053428319,0.117349926897429,0.00259421553331935,0.000606060851088541,"source_specification","Lenis_U_PS_U_OM_OW_U",0.0688563970987795,5.00764821565008,0.298222992009416,"defined",1000,0,1000,0,1000,0,1000,0,0,0,0,0.0120650504233318,6.09038198736587e-05,0.877442485662629,0.0387450942159911,"all_requested","Copied authenticated original point report after54000row binding","R_minus_1",200,"B","Complete empirical comparison on 3000 existing saved Lenis No-response samples: 3 fixed finite populations,1000 selected samples/population,6 outcome effects,3 retained WM families,M3,PATT. Compare complete-contribution analytic and unchanged original fixed-reuse refit intervals/variances on identical points. External finite-population dependent-design empirical coverage and variance-calibration evidence; not iid theorem or nominal-coverage certification, raw S12 PS, critical/nested-law validation, cluster/stratum adjustment, estimated-weight inference or automatic analytic/refit variance agreement. Known No-response weights remain supplied; full-X reference centering and actual-graph/root inference premises remain unverified substantive assumptions."
2,2,"No","PATT","PS",1000,"inclusive",1,0,0.943,0.00733150734842434,0.926777270539338,0.956546418063041,1000,0.943,0.00733150734842434,1000,0.35937321046564,0.00842546435773361,0,"analytic","WM_PS_M3",1000,0,1.80426724220893,"all_requested","defined",1.80532441434802,0.00105717213908689,0.00105717213908689,0.0585928799434731,0.00862948904851248,0.0928950431859121,0.00293759919807187,0.162813973969589,0.00862197717239564,0.0928546023221016,0.0020681654766195,0.000384688759608877,"source_specification","Lenis_U_PS_U_OM_OW_U",0.0462057134602967,5.35439736936238,0.319287143220448,"defined",1000,0,1000,0,1000,0,1000,0,0,0,0,0.00842546435773361,2.65678483582639e-05,0.976357268705957,0.0434751070133764,"all_requested","Copied authenticated original point report after54000row binding","R_minus_1",200,"B","Complete empirical comparison on 3000 existing saved Lenis No-response samples: 3 fixed finite populations,1000 selected samples/population,6 outcome effects,3 retained WM families,M3,PATT. Compare complete-contribution analytic and unchanged original fixed-reuse refit intervals/variances on identical points. External finite-population dependent-design empirical coverage and variance-calibration evidence; not iid theorem or nominal-coverage certification, raw S12 PS, critical/nested-law validation, cluster/stratum adjustment, estimated-weight inference or automatic analytic/refit variance agreement. Known No-response weights remain supplied; full-X reference centering and actual-graph/root inference premises remain unverified substantive assumptions."
2,2,"No","PATT","PS",1000,"inclusive",1,0,0.944,0.00727076337120113,0.927892253716747,0.957424450313383,1000,0.944,0.00727076337120113,1000,0.358071383578378,0.00838462457646181,0,"original_refit","WM_PS_M3",1000,0,1.80426724220893,"all_requested","defined",1.80532441434802,0.00105717213908689,0.00105717213908689,0.0585928799434731,0.00862948904851248,0.0928950431859121,0.00293759919807187,0.162813973969589,0.00862197717239564,0.0928546023221016,0.0020681654766195,0.000384688759608877,"source_specification","Lenis_U_PS_U_OM_OW_U",0.0462057134602967,5.35439736936238,0.319287143220448,"defined",1000,0,1000,0,1000,0,1000,0,0,0,0,0.00838462457646181,3.73249447679475e-05,0.971624684767069,0.043305952634282,"all_requested","Copied authenticated original point report after54000row binding","R_minus_1",200,"B","Complete empirical comparison on 3000 existing saved Lenis No-response samples: 3 fixed finite populations,1000 selected samples/population,6 outcome effects,3 retained WM families,M3,PATT. Compare complete-contribution analytic and unchanged original fixed-reuse refit intervals/variances on identical points. External finite-population dependent-design empirical coverage and variance-calibration evidence; not iid theorem or nominal-coverage certification, raw S12 PS, critical/nested-law validation, cluster/stratum adjustment, estimated-weight inference or automatic analytic/refit variance agreement. Known No-response weights remain supplied; full-X reference centering and actual-graph/root inference premises remain unverified substantive assumptions."
3,2,"No","PATT","PS",1000,"inclusive",1,0,0.937,0.00768316341099159,0.920111958126645,0.951253072443419,1000,0.937,0.00768316341099159,1000,0.365879645745726,0.00873449145402027,0,"analytic","WM_PS_M3",1000,0,1.92840265398961,"all_requested","defined",1.9343978104054,0.00599515641579373,0.00599515641579373,0.310887168890301,0.00922400304625611,0.0960416734873779,0.00303710438514321,0.157493269305549,0.00925072094365969,0.0961806682429463,0.00215122729421723,0.000413319592714632,"source_specification","Lenis_U_PS_U_OM_OW_U",0.0520522201509048,5.64312694714818,0.33063307540463,"defined",1000,0,1000,0,1000,0,1000,0,0,0,0,0.00873449145402027,2.85452087986853e-05,0.946930677518095,0.0424681516557236,"all_requested","Copied authenticated original point report after54000row binding","R_minus_1",200,"B","Complete empirical comparison on 3000 existing saved Lenis No-response samples: 3 fixed finite populations,1000 selected samples/population,6 outcome effects,3 retained WM families,M3,PATT. Compare complete-contribution analytic and unchanged original fixed-reuse refit intervals/variances on identical points. External finite-population dependent-design empirical coverage and variance-calibration evidence; not iid theorem or nominal-coverage certification, raw S12 PS, critical/nested-law validation, cluster/stratum adjustment, estimated-weight inference or automatic analytic/refit variance agreement. Known No-response weights remain supplied; full-X reference centering and actual-graph/root inference premises remain unverified substantive assumptions."
3,2,"No","PATT","PS",1000,"inclusive",1,0,0.935,0.0077958322198467,0.917898930078629,0.949479690310382,1000,0.935,0.0077958322198467,1000,0.365325472383764,0.00873252171486356,0,"original_refit","WM_PS_M3",1000,0,1.92840265398961,"all_requested","defined",1.9343978104054,0.00599515641579373,0.00599515641579373,0.310887168890301,0.00922400304625611,0.0960416734873779,0.00303710438514321,0.157493269305549,0.00925072094365969,0.0961806682429463,0.00215122729421723,0.000413319592714632,"source_specification","Lenis_U_PS_U_OM_OW_U",0.0520522201509048,5.64312694714818,0.33063307540463,"defined",1000,0,1000,0,1000,0,1000,0,0,0,0,0.00873252171486356,4.09897614915237e-05,0.946717132580303,0.0425791771711218,"all_requested","Copied authenticated original point report after54000row binding","R_minus_1",200,"B","Complete empirical comparison on 3000 existing saved Lenis No-response samples: 3 fixed finite populations,1000 selected samples/population,6 outcome effects,3 retained WM families,M3,PATT. Compare complete-contribution analytic and unchanged original fixed-reuse refit intervals/variances on identical points. External finite-population dependent-design empirical coverage and variance-calibration evidence; not iid theorem or nominal-coverage certification, raw S12 PS, critical/nested-law validation, cluster/stratum adjustment, estimated-weight inference or automatic analytic/refit variance agreement. Known No-response weights remain supplied; full-X reference centering and actual-graph/root inference premises remain unverified substantive assumptions."
1,3,"No","PATT","PS",1000,"inclusive",1,0,0.903,0.00935900635751467,0.882952156019713,0.920635528170636,1000,0.903,0.00935900635751467,1000,0.641741913099446,0.0268780276326924,0,"analytic","WM_PS_M3",1000,0,2.23586041281618,"all_requested","defined",2.22465068308217,-0.0112097297340112,0.0112097297340112,-0.501360893093144,0.0363666009843348,0.190700290991741,0.00603047269990792,0.269715974456216,0.03645589242406,0.190934262048643,0.00437370674720989,0.00166359940943636,"source_specification","Lenis_U_PS_U_OM_OW_U",0.0830840598270202,2.28462538643107,0.125969968439389,"defined",1000,0,1000,0,1000,0,1000,0,0,0,0,0.0268780276326924,9.11158058223252e-05,0.739085504423973,0.0338454270810558,"all_requested","Copied authenticated original point report after54000row binding","R_minus_1",200,"B","Complete empirical comparison on 3000 existing saved Lenis No-response samples: 3 fixed finite populations,1000 selected samples/population,6 outcome effects,3 retained WM families,M3,PATT. Compare complete-contribution analytic and unchanged original fixed-reuse refit intervals/variances on identical points. External finite-population dependent-design empirical coverage and variance-calibration evidence; not iid theorem or nominal-coverage certification, raw S12 PS, critical/nested-law validation, cluster/stratum adjustment, estimated-weight inference or automatic analytic/refit variance agreement. Known No-response weights remain supplied; full-X reference centering and actual-graph/root inference premises remain unverified substantive assumptions."
1,3,"No","PATT","PS",1000,"inclusive",1,0,0.9,0.00948683298050514,0.879712063481307,0.91789466564442,1000,0.9,0.00948683298050514,1000,0.640690469182807,0.0268485467437867,0,"original_refit","WM_PS_M3",1000,0,2.23586041281618,"all_requested","defined",2.22465068308217,-0.0112097297340112,0.0112097297340112,-0.501360893093144,0.0363666009843348,0.190700290991741,0.00603047269990792,0.269715974456216,0.03645589242406,0.190934262048643,0.00437370674720989,0.00166359940943636,"source_specification","Lenis_U_PS_U_OM_OW_U",0.0830840598270202,2.28462538643107,0.125969968439389,"defined",1000,0,1000,0,1000,0,1000,0,0,0,0,0.0268485467437867,0.000120852450207394,0.738274846069666,0.0339261309562865,"all_requested","Copied authenticated original point report after54000row binding","R_minus_1",200,"B","Complete empirical comparison on 3000 existing saved Lenis No-response samples: 3 fixed finite populations,1000 selected samples/population,6 outcome effects,3 retained WM families,M3,PATT. Compare complete-contribution analytic and unchanged original fixed-reuse refit intervals/variances on identical points. External finite-population dependent-design empirical coverage and variance-calibration evidence; not iid theorem or nominal-coverage certification, raw S12 PS, critical/nested-law validation, cluster/stratum adjustment, estimated-weight inference or automatic analytic/refit variance agreement. Known No-response weights remain supplied; full-X reference centering and actual-graph/root inference premises remain unverified substantive assumptions."
2,3,"No","PATT","PS",1000,"inclusive",1,0,0.936,0.0077397674383666,0.919004925632949,0.950366910708151,1000,0.936,0.0077397674383666,1000,0.487649763761856,0.0155046671468574,0,"analytic","WM_PS_M3",1000,0,2.22558410382016,"all_requested","defined",2.22347861928303,-0.00210548453712528,0.00210548453712528,-0.0946036832987469,0.0158931559872622,0.126068060932427,0.00398662212747361,0.179127004035959,0.015881695896411,0.126022600736578,0.00286436599288746,0.000720753014789625,"source_specification","Lenis_U_PS_U_OM_OW_U",0.050648207086165,3.18679355609155,0.177109242296454,"defined",1000,0,1000,0,1000,0,1000,0,0,0,0,0.0155046671468574,4.22755714697815e-05,0.975556217989924,0.0442910432199993,"all_requested","Copied authenticated original point report after54000row binding","R_minus_1",200,"B","Complete empirical comparison on 3000 existing saved Lenis No-response samples: 3 fixed finite populations,1000 selected samples/population,6 outcome effects,3 retained WM families,M3,PATT. Compare complete-contribution analytic and unchanged original fixed-reuse refit intervals/variances on identical points. External finite-population dependent-design empirical coverage and variance-calibration evidence; not iid theorem or nominal-coverage certification, raw S12 PS, critical/nested-law validation, cluster/stratum adjustment, estimated-weight inference or automatic analytic/refit variance agreement. Known No-response weights remain supplied; full-X reference centering and actual-graph/root inference premises remain unverified substantive assumptions."
2,3,"No","PATT","PS",1000,"inclusive",1,0,0.94,0.00750999334220744,0.923439509596065,0.953904964577516,1000,0.94,0.00750999334220744,1000,0.485971435199613,0.0154354667508309,0,"original_refit","WM_PS_M3",1000,0,2.22558410382016,"all_requested","defined",2.22347861928303,-0.00210548453712528,0.00210548453712528,-0.0946036832987469,0.0158931559872622,0.126068060932427,0.00398662212747361,0.179127004035959,0.015881695896411,0.126022600736578,0.00286436599288746,0.000720753014789625,"source_specification","Lenis_U_PS_U_OM_OW_U",0.050648207086165,3.18679355609155,0.177109242296454,"defined",1000,0,1000,0,1000,0,1000,0,0,0,0,0.0154354667508309,6.39535441089753e-05,0.971202117641195,0.0442351312435043,"all_requested","Copied authenticated original point report after54000row binding","R_minus_1",200,"B","Complete empirical comparison on 3000 existing saved Lenis No-response samples: 3 fixed finite populations,1000 selected samples/population,6 outcome effects,3 retained WM families,M3,PATT. Compare complete-contribution analytic and unchanged original fixed-reuse refit intervals/variances on identical points. External finite-population dependent-design empirical coverage and variance-calibration evidence; not iid theorem or nominal-coverage certification, raw S12 PS, critical/nested-law validation, cluster/stratum adjustment, estimated-weight inference or automatic analytic/refit variance agreement. Known No-response weights remain supplied; full-X reference centering and actual-graph/root inference premises remain unverified substantive assumptions."
3,3,"No","PATT","PS",1000,"inclusive",1,0,0.948,0.00702111102319284,0.932364985949493,0.96092346505602,1000,0.948,0.00702111102319284,1000,0.474219909085918,0.0146636714373905,0,"analytic","WM_PS_M3",1000,0,2.52090906809517,"all_requested","defined",2.52496179781363,0.00405272971845546,0.00405272971845546,0.160764613438348,0.0148565779413308,0.121887562701577,0.00385442316583569,0.152898143555338,0.0148581459815603,0.121893994854383,0.00271533099132393,0.000661740375603154,"source_specification","Lenis_U_PS_U_OM_OW_U",0.0567680846460327,3.82107406363781,0.21549677739584,"defined",1000,0,1000,0,1000,0,1000,0,0,0,0,0.0146636714373905,4.10684930020712e-05,0.987015414673415,0.0440273932894751,"all_requested","Copied authenticated original point report after54000row binding","R_minus_1",200,"B","Complete empirical comparison on 3000 existing saved Lenis No-response samples: 3 fixed finite populations,1000 selected samples/population,6 outcome effects,3 retained WM families,M3,PATT. Compare complete-contribution analytic and unchanged original fixed-reuse refit intervals/variances on identical points. External finite-population dependent-design empirical coverage and variance-calibration evidence; not iid theorem or nominal-coverage certification, raw S12 PS, critical/nested-law validation, cluster/stratum adjustment, estimated-weight inference or automatic analytic/refit variance agreement. Known No-response weights remain supplied; full-X reference centering and actual-graph/root inference premises remain unverified substantive assumptions."
3,3,"No","PATT","PS",1000,"inclusive",1,0,0.945,0.00720936890441875,0.929008484457942,0.958301204920464,1000,0.945,0.00720936890441875,1000,0.473705567542998,0.0146699331981455,0,"original_refit","WM_PS_M3",1000,0,2.52090906809517,"all_requested","defined",2.52496179781363,0.00405272971845546,0.00405272971845546,0.160764613438348,0.0148565779413308,0.121887562701577,0.00385442316583569,0.152898143555338,0.0148581459815603,0.121893994854383,0.00271533099132393,0.000661740375603154,"source_specification","Lenis_U_PS_U_OM_OW_U",0.0567680846460327,3.82107406363781,0.21549677739584,"defined",1000,0,1000,0,1000,0,1000,0,0,0,0,0.0146699331981455,6.27850480735945e-05,0.987436895365651,0.0441692086625938,"all_requested","Copied authenticated original point report after54000row binding","R_minus_1",200,"B","Complete empirical comparison on 3000 existing saved Lenis No-response samples: 3 fixed finite populations,1000 selected samples/population,6 outcome effects,3 retained WM families,M3,PATT. Compare complete-contribution analytic and unchanged original fixed-reuse refit intervals/variances on identical points. External finite-population dependent-design empirical coverage and variance-calibration evidence; not iid theorem or nominal-coverage certification, raw S12 PS, critical/nested-law validation, cluster/stratum adjustment, estimated-weight inference or automatic analytic/refit variance agreement. Known No-response weights remain supplied; full-X reference centering and actual-graph/root inference premises remain unverified substantive assumptions."
1,4,"No","PATT","PS",1000,"inclusive",1,0,0.898,0.00957057991973318,0.877554848934442,0.916064539959513,1000,0.898,0.00957057991973318,1000,0.716781622142131,0.03352334884656,0,"analytic","WM_PS_M3",1000,0,1.82983554310434,"all_requested","defined",1.81689593802209,-0.0129396050822481,0.0129396050822481,-0.707145794113056,0.0463617308423804,0.21531774390974,0.00680894491403627,0.3721069327621,0.0464828024912225,0.215598707072242,0.00494683544013436,0.00212629976095485,"source_specification","Lenis_U_PS_U_OM_OW_U",0.0896498751373919,1.9337042321,0.103002314794413,"defined",1000,0,1000,0,1000,0,1000,0,0,0,0,0.03352334884656,0.000108720972954096,0.723082340487501,0.0332149237978973,"all_requested","Copied authenticated original point report after54000row binding","R_minus_1",200,"B","Complete empirical comparison on 3000 existing saved Lenis No-response samples: 3 fixed finite populations,1000 selected samples/population,6 outcome effects,3 retained WM families,M3,PATT. Compare complete-contribution analytic and unchanged original fixed-reuse refit intervals/variances on identical points. External finite-population dependent-design empirical coverage and variance-calibration evidence; not iid theorem or nominal-coverage certification, raw S12 PS, critical/nested-law validation, cluster/stratum adjustment, estimated-weight inference or automatic analytic/refit variance agreement. Known No-response weights remain supplied; full-X reference centering and actual-graph/root inference premises remain unverified substantive assumptions."
1,4,"No","PATT","PS",1000,"inclusive",1,0,0.902,0.00940191469861325,0.881871545568764,0.919722494548995,1000,0.902,0.00940191469861325,1000,0.715718967080853,0.0334967824655812,0,"original_refit","WM_PS_M3",1000,0,1.82983554310434,"all_requested","defined",1.81689593802209,-0.0129396050822481,0.0129396050822481,-0.707145794113056,0.0463617308423804,0.21531774390974,0.00680894491403627,0.3721069327621,0.0464828024912225,0.215598707072242,0.00494683544013436,0.00212629976095485,"source_specification","Lenis_U_PS_U_OM_OW_U",0.0896498751373919,1.9337042321,0.103002314794413,"defined",1000,0,1000,0,1000,0,1000,0,0,0,0,0.0334967824655812,0.000146970029284934,0.722509316562464,0.033300535861196,"all_requested","Copied authenticated original point report after54000row binding","R_minus_1",200,"B","Complete empirical comparison on 3000 existing saved Lenis No-response samples: 3 fixed finite populations,1000 selected samples/population,6 outcome effects,3 retained WM families,M3,PATT. Compare complete-contribution analytic and unchanged original fixed-reuse refit intervals/variances on identical points. External finite-population dependent-design empirical coverage and variance-calibration evidence; not iid theorem or nominal-coverage certification, raw S12 PS, critical/nested-law validation, cluster/stratum adjustment, estimated-weight inference or automatic analytic/refit variance agreement. Known No-response weights remain supplied; full-X reference centering and actual-graph/root inference premises remain unverified substantive assumptions."
2,4,"No","PATT","PS",1000,"inclusive",1,0,0.94,0.00750999334220744,0.923439509596065,0.953904964577516,1000,0.94,0.00750999334220744,1000,0.548063572643101,0.0195809975013609,0,"analytic","WM_PS_M3",1000,0,1.83984024786014,"all_requested","defined",1.83668952797152,-0.00315071988861842,0.00315071988861842,-0.17124964476035,0.0200528275243868,0.141608006568791,0.00447803835673465,0.243392781625628,0.0200427017326789,0.141572249161617,0.00321979330843581,0.000909080758589824,"source_specification","Lenis_U_PS_U_OM_OW_U",0.0534216262030459,2.66404456618791,0.14350086694991,"defined",1000,0,1000,0,1000,0,1000,0,0,0,0,0.0195809975013609,5.08559365462475e-05,0.97647064871764,0.0443311436370806,"all_requested","Copied authenticated original point report after54000row binding","R_minus_1",200,"B","Complete empirical comparison on 3000 existing saved Lenis No-response samples: 3 fixed finite populations,1000 selected samples/population,6 outcome effects,3 retained WM families,M3,PATT. Compare complete-contribution analytic and unchanged original fixed-reuse refit intervals/variances on identical points. External finite-population dependent-design empirical coverage and variance-calibration evidence; not iid theorem or nominal-coverage certification, raw S12 PS, critical/nested-law validation, cluster/stratum adjustment, estimated-weight inference or automatic analytic/refit variance agreement. Known No-response weights remain supplied; full-X reference centering and actual-graph/root inference premises remain unverified substantive assumptions."
2,4,"No","PATT","PS",1000,"inclusive",1,0,0.94,0.00750999334220744,0.923439509596065,0.953904964577516,1000,0.94,0.00750999334220744,1000,0.546315948108428,0.0195038568563372,0,"original_refit","WM_PS_M3",1000,0,1.83984024786014,"all_requested","defined",1.83668952797152,-0.00315071988861842,0.00315071988861842,-0.17124964476035,0.0200528275243868,0.141608006568791,0.00447803835673465,0.243392781625628,0.0200427017326789,0.141572249161617,0.00321979330843581,0.000909080758589824,"source_specification","Lenis_U_PS_U_OM_OW_U",0.0534216262030459,2.66404456618791,0.14350086694991,"defined",1000,0,1000,0,1000,0,1000,0,0,0,0,0.0195038568563372,7.92850750045291e-05,0.972623777500604,0.0443259405231492,"all_requested","Copied authenticated original point report after54000row binding","R_minus_1",200,"B","Complete empirical comparison on 3000 existing saved Lenis No-response samples: 3 fixed finite populations,1000 selected samples/population,6 outcome effects,3 retained WM families,M3,PATT. Compare complete-contribution analytic and unchanged original fixed-reuse refit intervals/variances on identical points. External finite-population dependent-design empirical coverage and variance-calibration evidence; not iid theorem or nominal-coverage certification, raw S12 PS, critical/nested-law validation, cluster/stratum adjustment, estimated-weight inference or automatic analytic/refit variance agreement. Known No-response weights remain supplied; full-X reference centering and actual-graph/root inference premises remain unverified substantive assumptions."
3,4,"No","PATT","PS",1000,"inclusive",1,0,0.957,0.00641490451994416,0.942513742038028,0.968708829543907,1000,0.957,0.00641490451994416,1000,0.613626947095131,0.024542000204534,0,"analytic","WM_PS_M3",1000,0,2.2299884392399,"all_requested","defined",2.23316098613007,0.00317254689016744,0.00317254689016744,0.142267414231475,0.0241398994375239,0.155370201253406,0.00491323716479511,0.220325678749698,0.0241258245918567,0.155324900102516,0.00346273816553413,0.00107645753360597,"source_specification","Lenis_U_PS_U_OM_OW_U",0.0638777792512391,2.64614935188774,0.140939652817981,"defined",1000,0,1000,0,1000,0,1000,0,0,0,0,0.024542000204534,6.06883829455362e-05,1.01665710199211,0.0453522612115349,"all_requested","Copied authenticated original point report after54000row binding","R_minus_1",200,"B","Complete empirical comparison on 3000 existing saved Lenis No-response samples: 3 fixed finite populations,1000 selected samples/population,6 outcome effects,3 retained WM families,M3,PATT. Compare complete-contribution analytic and unchanged original fixed-reuse refit intervals/variances on identical points. External finite-population dependent-design empirical coverage and variance-calibration evidence; not iid theorem or nominal-coverage certification, raw S12 PS, critical/nested-law validation, cluster/stratum adjustment, estimated-weight inference or automatic analytic/refit variance agreement. Known No-response weights remain supplied; full-X reference centering and actual-graph/root inference premises remain unverified substantive assumptions."
3,4,"No","PATT","PS",1000,"inclusive",1,0,0.956,0.00648567652600714,0.941379580793669,0.967850502989129,1000,0.956,0.00648567652600714,1000,0.613097735449226,0.0245623165425763,0,"original_refit","WM_PS_M3",1000,0,2.2299884392399,"all_requested","defined",2.23316098613007,0.00317254689016744,0.00317254689016744,0.142267414231475,0.0241398994375239,0.155370201253406,0.00491323716479511,0.220325678749698,0.0241258245918567,0.155324900102516,0.00346273816553413,0.00107645753360597,"source_specification","Lenis_U_PS_U_OM_OW_U",0.0638777792512391,2.64614935188774,0.140939652817981,"defined",1000,0,1000,0,1000,0,1000,0,0,0,0,0.0245623165425763,9.94509911654806e-05,1.01749871022229,0.045586442089289,"all_requested","Copied authenticated original point report after54000row binding","R_minus_1",200,"B","Complete empirical comparison on 3000 existing saved Lenis No-response samples: 3 fixed finite populations,1000 selected samples/population,6 outcome effects,3 retained WM families,M3,PATT. Compare complete-contribution analytic and unchanged original fixed-reuse refit intervals/variances on identical points. External finite-population dependent-design empirical coverage and variance-calibration evidence; not iid theorem or nominal-coverage certification, raw S12 PS, critical/nested-law validation, cluster/stratum adjustment, estimated-weight inference or automatic analytic/refit variance agreement. Known No-response weights remain supplied; full-X reference centering and actual-graph/root inference premises remain unverified substantive assumptions."
1,5,"No","PATT","PS",1000,"inclusive",1,0,0.898,0.00957057991973318,0.877554848934442,0.916064539959513,1000,0.898,0.00957057991973318,1000,0.713668246486446,0.0332329811424722,0,"analytic","WM_PS_M3",1000,0,1.36283868534837,"all_requested","defined",1.34979133790433,-0.0130473474440379,0.0130473474440379,-0.957365503658471,0.0458995061825127,0.214241700381865,0.00677491742994058,0.497118074411629,0.0460238399516555,0.214531675870151,0.00491627739298813,0.00210270964552298,"source_specification","Lenis_U_PS_U_OM_OW_U",0.0897373454765862,1.95508302681425,0.104197561592121,"defined",1000,0,1000,0,1000,0,1000,0,0,0,0,0.0332329811424722,0.000107917635228989,0.724037879848339,0.03321533096077,"all_requested","Copied authenticated original point report after54000row binding","R_minus_1",200,"B","Complete empirical comparison on 3000 existing saved Lenis No-response samples: 3 fixed finite populations,1000 selected samples/population,6 outcome effects,3 retained WM families,M3,PATT. Compare complete-contribution analytic and unchanged original fixed-reuse refit intervals/variances on identical points. External finite-population dependent-design empirical coverage and variance-calibration evidence; not iid theorem or nominal-coverage certification, raw S12 PS, critical/nested-law validation, cluster/stratum adjustment, estimated-weight inference or automatic analytic/refit variance agreement. Known No-response weights remain supplied; full-X reference centering and actual-graph/root inference premises remain unverified substantive assumptions."
1,5,"No","PATT","PS",1000,"inclusive",1,0,0.901,0.00944452222190196,0.880791517313793,0.918808871053031,1000,0.901,0.00944452222190196,1000,0.712698155758284,0.0332144377672451,0,"original_refit","WM_PS_M3",1000,0,1.36283868534837,"all_requested","defined",1.34979133790433,-0.0130473474440379,0.0130473474440379,-0.957365503658471,0.0458995061825127,0.214241700381865,0.00677491742994058,0.497118074411629,0.0460238399516555,0.214531675870151,0.00491627739298813,0.00210270964552298,"source_specification","Lenis_U_PS_U_OM_OW_U",0.0897373454765862,1.95508302681425,0.104197561592121,"defined",1000,0,1000,0,1000,0,1000,0,0,0,0,0.0332144377672451,0.000145648678611402,0.723633880398903,0.0333103781633884,"all_requested","Copied authenticated original point report after54000row binding","R_minus_1",200,"B","Complete empirical comparison on 3000 existing saved Lenis No-response samples: 3 fixed finite populations,1000 selected samples/population,6 outcome effects,3 retained WM families,M3,PATT. Compare complete-contribution analytic and unchanged original fixed-reuse refit intervals/variances on identical points. External finite-population dependent-design empirical coverage and variance-calibration evidence; not iid theorem or nominal-coverage certification, raw S12 PS, critical/nested-law validation, cluster/stratum adjustment, estimated-weight inference or automatic analytic/refit variance agreement. Known No-response weights remain supplied; full-X reference centering and actual-graph/root inference premises remain unverified substantive assumptions."
2,5,"No","PATT","PS",1000,"inclusive",1,0,0.942,0.00739161687318817,0.925663504617648,0.955667139747179,1000,0.942,0.00739161687318817,1000,0.590983275657648,0.0227657724828919,0,"analytic","WM_PS_M3",1000,0,1.5826776772201,"all_requested","defined",1.57883013376385,-0.00384754345625395,0.00384754345625395,-0.243103413388124,0.0232991754597814,0.152640674329555,0.0048269219446539,0.30498452174622,0.0232906798749694,0.152612843086581,0.00346935940672146,0.00105526925515558,"source_specification","Lenis_U_PS_U_OM_OW_U",0.055664496365593,2.38911872489565,0.125863947626856,"defined",1000,0,1000,0,1000,0,1000,0,0,0,0,0.0227657724828919,5.74323505554026e-05,0.977106358213825,0.0443241408174135,"all_requested","Copied authenticated original point report after54000row binding","R_minus_1",200,"B","Complete empirical comparison on 3000 existing saved Lenis No-response samples: 3 fixed finite populations,1000 selected samples/population,6 outcome effects,3 retained WM families,M3,PATT. Compare complete-contribution analytic and unchanged original fixed-reuse refit intervals/variances on identical points. External finite-population dependent-design empirical coverage and variance-calibration evidence; not iid theorem or nominal-coverage certification, raw S12 PS, critical/nested-law validation, cluster/stratum adjustment, estimated-weight inference or automatic analytic/refit variance agreement. Known No-response weights remain supplied; full-X reference centering and actual-graph/root inference premises remain unverified substantive assumptions."
2,5,"No","PATT","PS",1000,"inclusive",1,0,0.943,0.00733150734842434,0.926777270539338,0.956546418063041,1000,0.943,0.00733150734842434,1000,0.589191528594352,0.0226834821871636,0,"original_refit","WM_PS_M3",1000,0,1.5826776772201,"all_requested","defined",1.57883013376385,-0.00384754345625395,0.00384754345625395,-0.243103413388124,0.0232991754597814,0.152640674329555,0.0048269219446539,0.30498452174622,0.0232906798749694,0.152612843086581,0.00346935940672146,0.00105526925515558,"source_specification","Lenis_U_PS_U_OM_OW_U",0.055664496365593,2.38911872489565,0.125863947626856,"defined",1000,0,1000,0,1000,0,1000,0,0,0,0,0.0226834821871636,9.12439242269261e-05,0.973574460878215,0.0443468611117296,"all_requested","Copied authenticated original point report after54000row binding","R_minus_1",200,"B","Complete empirical comparison on 3000 existing saved Lenis No-response samples: 3 fixed finite populations,1000 selected samples/population,6 outcome effects,3 retained WM families,M3,PATT. Compare complete-contribution analytic and unchanged original fixed-reuse refit intervals/variances on identical points. External finite-population dependent-design empirical coverage and variance-calibration evidence; not iid theorem or nominal-coverage certification, raw S12 PS, critical/nested-law validation, cluster/stratum adjustment, estimated-weight inference or automatic analytic/refit variance agreement. Known No-response weights remain supplied; full-X reference centering and actual-graph/root inference premises remain unverified substantive assumptions."
3,5,"No","PATT","PS",1000,"inclusive",1,0,0.958,0.00634318531969546,0.943649708424255,0.96956529373686,1000,0.958,0.00634318531969546,1000,0.680977133849141,0.0302224157191089,0,"analytic","WM_PS_M3",1000,0,1.92151090225643,"all_requested","defined",1.92453647613872,0.00302557388229087,0.00302557388229087,0.157458064835226,0.0294362169730827,0.17156986032833,0.00542551536474487,0.282356730756703,0.0294159348534268,0.171510742676448,0.00384121229484867,0.00131902096006235,"source_specification","Lenis_U_PS_U_OM_OW_U",0.0682832434995976,2.31970173212263,0.119818279673575,"defined",1000,0,1000,0,1000,0,1000,0,0,0,0,0.0302224157191089,7.26040231477897e-05,1.02670855248639,0.0459912653405621,"all_requested","Copied authenticated original point report after54000row binding","R_minus_1",200,"B","Complete empirical comparison on 3000 existing saved Lenis No-response samples: 3 fixed finite populations,1000 selected samples/population,6 outcome effects,3 retained WM families,M3,PATT. Compare complete-contribution analytic and unchanged original fixed-reuse refit intervals/variances on identical points. External finite-population dependent-design empirical coverage and variance-calibration evidence; not iid theorem or nominal-coverage certification, raw S12 PS, critical/nested-law validation, cluster/stratum adjustment, estimated-weight inference or automatic analytic/refit variance agreement. Known No-response weights remain supplied; full-X reference centering and actual-graph/root inference premises remain unverified substantive assumptions."
3,5,"No","PATT","PS",1000,"inclusive",1,0,0.956,0.00648567652600714,0.941379580793669,0.967850502989129,1000,0.956,0.00648567652600714,1000,0.680432824863457,0.0302513678826981,0,"original_refit","WM_PS_M3",1000,0,1.92151090225643,"all_requested","defined",1.92453647613872,0.00302557388229087,0.00302557388229087,0.157458064835226,0.0294362169730827,0.17156986032833,0.00542551536474487,0.282356730756703,0.0294159348534268,0.171510742676448,0.00384121229484867,0.00131902096006235,"source_specification","Lenis_U_PS_U_OM_OW_U",0.0682832434995976,2.31970173212263,0.119818279673575,"defined",1000,0,1000,0,1000,0,1000,0,0,0,0,0.0302513678826981,0.000121194439801893,1.02769210834262,0.0462560381634821,"all_requested","Copied authenticated original point report after54000row binding","R_minus_1",200,"B","Complete empirical comparison on 3000 existing saved Lenis No-response samples: 3 fixed finite populations,1000 selected samples/population,6 outcome effects,3 retained WM families,M3,PATT. Compare complete-contribution analytic and unchanged original fixed-reuse refit intervals/variances on identical points. External finite-population dependent-design empirical coverage and variance-calibration evidence; not iid theorem or nominal-coverage certification, raw S12 PS, critical/nested-law validation, cluster/stratum adjustment, estimated-weight inference or automatic analytic/refit variance agreement. Known No-response weights remain supplied; full-X reference centering and actual-graph/root inference premises remain unverified substantive assumptions."
1,6,"No","PATT","PS",1000,"inclusive",1,0,0.896,0.00965318600255895,0.875399843430101,0.914232177374362,1000,0.896,0.00965318600255895,1000,0.823767870893413,0.04426641338997,0,"analytic","WM_PS_M3",1000,0,1.28846905015524,"all_requested","defined",1.27322294460866,-0.0152461055465838,0.0152461055465838,-1.18327293501904,0.0624402961884405,0.249880563846892,0.00790191724763304,0.613279554264884,0.0626102996265897,0.250220502010906,0.00573617496325137,0.00286429558956219,"source_specification","Lenis_U_PS_U_OM_OW_U",0.100556272333698,1.61043874664249,0.0813420954806002,"defined",1000,0,1000,0,1000,0,1000,0,0,0,0,0.04426641338997,0.000136377369999235,0.7089398368063,0.0325912269301497,"all_requested","Copied authenticated original point report after54000row binding","R_minus_1",200,"B","Complete empirical comparison on 3000 existing saved Lenis No-response samples: 3 fixed finite populations,1000 selected samples/population,6 outcome effects,3 retained WM families,M3,PATT. Compare complete-contribution analytic and unchanged original fixed-reuse refit intervals/variances on identical points. External finite-population dependent-design empirical coverage and variance-calibration evidence; not iid theorem or nominal-coverage certification, raw S12 PS, critical/nested-law validation, cluster/stratum adjustment, estimated-weight inference or automatic analytic/refit variance agreement. Known No-response weights remain supplied; full-X reference centering and actual-graph/root inference premises remain unverified substantive assumptions."
1,6,"No","PATT","PS",1000,"inclusive",1,0,0.899,0.00952885092757778,0.878633176488032,0.916979886088198,1000,0.899,0.00952885092757778,1000,0.822668922197459,0.0442449225804024,0,"original_refit","WM_PS_M3",1000,0,1.28846905015524,"all_requested","defined",1.27322294460866,-0.0152461055465838,0.0152461055465838,-1.18327293501904,0.0624402961884405,0.249880563846892,0.00790191724763304,0.613279554264884,0.0626102996265897,0.250220502010906,0.00573617496325137,0.00286429558956219,"source_specification","Lenis_U_PS_U_OM_OW_U",0.100556272333698,1.61043874664249,0.0813420954806002,"defined",1000,0,1000,0,1000,0,1000,0,0,0,0,0.0442449225804024,0.000189117910135472,0.708595655069832,0.0326818167593967,"all_requested","Copied authenticated original point report after54000row binding","R_minus_1",200,"B","Complete empirical comparison on 3000 existing saved Lenis No-response samples: 3 fixed finite populations,1000 selected samples/population,6 outcome effects,3 retained WM families,M3,PATT. Compare complete-contribution analytic and unchanged original fixed-reuse refit intervals/variances on identical points. External finite-population dependent-design empirical coverage and variance-calibration evidence; not iid theorem or nominal-coverage certification, raw S12 PS, critical/nested-law validation, cluster/stratum adjustment, estimated-weight inference or automatic analytic/refit variance agreement. Known No-response weights remain supplied; full-X reference centering and actual-graph/root inference premises remain unverified substantive assumptions."
2,6,"No","PATT","PS",1000,"inclusive",1,0,0.945,0.00720936890441875,0.929008484457942,0.958301204920464,1000,0.945,0.00720936890441875,1000,0.635521287303033,0.0263243245939125,0,"analytic","WM_PS_M3",1000,0,1.32551510658005,"all_requested","defined",1.32097073955617,-0.00454436702387909,0.00454436702387909,-0.342837814621666,0.0269241102570253,0.164085679622036,0.00518884479022309,0.391458744186687,0.026917837418416,0.164066563986743,0.00372697005643927,0.00121808567331648,"source_specification","Lenis_U_PS_U_OM_OW_U",0.0582225057958417,2.16246721767341,0.111320401944369,"defined",1000,0,1000,0,1000,0,1000,0,0,0,0,0.0263243245939125,6.46931991898246e-05,0.977723101807745,0.0443059305689344,"all_requested","Copied authenticated original point report after54000row binding","R_minus_1",200,"B","Complete empirical comparison on 3000 existing saved Lenis No-response samples: 3 fixed finite populations,1000 selected samples/population,6 outcome effects,3 retained WM families,M3,PATT. Compare complete-contribution analytic and unchanged original fixed-reuse refit intervals/variances on identical points. External finite-population dependent-design empirical coverage and variance-calibration evidence; not iid theorem or nominal-coverage certification, raw S12 PS, critical/nested-law validation, cluster/stratum adjustment, estimated-weight inference or automatic analytic/refit variance agreement. Known No-response weights remain supplied; full-X reference centering and actual-graph/root inference premises remain unverified substantive assumptions."
2,6,"No","PATT","PS",1000,"inclusive",1,0,0.944,0.00727076337120113,0.927892253716747,0.957424450313383,1000,0.944,0.00727076337120113,1000,0.633685649479584,0.0262369997263812,0,"original_refit","WM_PS_M3",1000,0,1.32551510658005,"all_requested","defined",1.32097073955617,-0.00454436702387909,0.00454436702387909,-0.342837814621666,0.0269241102570253,0.164085679622036,0.00518884479022309,0.391458744186687,0.026917837418416,0.164066563986743,0.00372697005643927,0.00121808567331648,"source_specification","Lenis_U_PS_U_OM_OW_U",0.0582225057958417,2.16246721767341,0.111320401944369,"defined",1000,0,1000,0,1000,0,1000,0,0,0,0,0.0262369997263812,0.000104597980035432,0.974479731211737,0.0443521293553756,"all_requested","Copied authenticated original point report after54000row binding","R_minus_1",200,"B","Complete empirical comparison on 3000 existing saved Lenis No-response samples: 3 fixed finite populations,1000 selected samples/population,6 outcome effects,3 retained WM families,M3,PATT. Compare complete-contribution analytic and unchanged original fixed-reuse refit intervals/variances on identical points. External finite-population dependent-design empirical coverage and variance-calibration evidence; not iid theorem or nominal-coverage certification, raw S12 PS, critical/nested-law validation, cluster/stratum adjustment, estimated-weight inference or automatic analytic/refit variance agreement. Known No-response weights remain supplied; full-X reference centering and actual-graph/root inference premises remain unverified substantive assumptions."
3,6,"No","PATT","PS",1000,"inclusive",1,0,0.959,0.00627048642451286,0.944787540684701,0.970419831465964,1000,0.959,0.00627048642451286,1000,0.753477258295209,0.0369984209734517,0,"analytic","WM_PS_M3",1000,0,1.61303336527298,"all_requested","defined",1.61591196614737,0.00287860087439438,0.00287860087439438,0.178458854997536,0.0357373388027475,0.189043219404314,0.00597807149528571,0.370610529452627,0.0357098878069389,0.188970600377251,0.00425548638172625,0.00161046954543475,"source_specification","Lenis_U_PS_U_OM_OW_U",0.0738016824629325,2.06511410573354,0.102977583768996,"defined",1000,0,1000,0,1000,0,1000,0,0,0,0,0.0369984209734517,8.73591776630304e-05,1.03528752316071,0.0466092366483229,"all_requested","Copied authenticated original point report after54000row binding","R_minus_1",200,"B","Complete empirical comparison on 3000 existing saved Lenis No-response samples: 3 fixed finite populations,1000 selected samples/population,6 outcome effects,3 retained WM families,M3,PATT. Compare complete-contribution analytic and unchanged original fixed-reuse refit intervals/variances on identical points. External finite-population dependent-design empirical coverage and variance-calibration evidence; not iid theorem or nominal-coverage certification, raw S12 PS, critical/nested-law validation, cluster/stratum adjustment, estimated-weight inference or automatic analytic/refit variance agreement. Known No-response weights remain supplied; full-X reference centering and actual-graph/root inference premises remain unverified substantive assumptions."
3,6,"No","PATT","PS",1000,"inclusive",1,0,0.957,0.00641490451994416,0.942513742038028,0.968708829543907,1000,0.957,0.00641490451994416,1000,0.752910558474158,0.0370376667469175,0,"original_refit","WM_PS_M3",1000,0,1.61303336527298,"all_requested","defined",1.61591196614737,0.00287860087439438,0.00287860087439438,0.178458854997536,0.0357373388027475,0.189043219404314,0.00597807149528571,0.370610529452627,0.0357098878069389,0.188970600377251,0.00425548638172625,0.00161046954543475,"source_specification","Lenis_U_PS_U_OM_OW_U",0.0738016824629325,2.06511410573354,0.102977583768996,"defined",1000,0,1000,0,1000,0,1000,0,0,0,0,0.0370376667469175,0.000147574335967961,1.03638569596206,0.046894060772869,"all_requested","Copied authenticated original point report after54000row binding","R_minus_1",200,"B","Complete empirical comparison on 3000 existing saved Lenis No-response samples: 3 fixed finite populations,1000 selected samples/population,6 outcome effects,3 retained WM families,M3,PATT. Compare complete-contribution analytic and unchanged original fixed-reuse refit intervals/variances on identical points. External finite-population dependent-design empirical coverage and variance-calibration evidence; not iid theorem or nominal-coverage certification, raw S12 PS, critical/nested-law validation, cluster/stratum adjustment, estimated-weight inference or automatic analytic/refit variance agreement. Known No-response weights remain supplied; full-X reference centering and actual-graph/root inference premises remain unverified substantive assumptions."
1,1,"No","PATT","DSM",1000,"inclusive",1,0,0.934,0.00785136930732467,0.916793949538597,0.948591433981081,1000,0.934,0.00785136930732467,1000,0.387148317547282,0.0097934043849625,0,"analytic","WM_DSM_M3",1000,0,0.9970067570835,"all_requested","defined",0.996577029914037,-0.000429727169462611,0.000429727169462611,-0.0431017308969573,0.0109322675071448,0.104557484223487,0.00330639796563341,0.331632453054328,0.0109215199050778,0.104506075924215,0.00241931477263332,0.00050637665107383,"source_specification","Lenis_U_PS_U_OM_OW_U",0.0665402553817404,6.08659231383179,0.387771372270723,"defined",1000,0,1000,0,1000,0,1000,0,0,0,0,0.0097934043849625,3.96548143363231e-05,0.895825534690037,0.0412432141548426,"all_requested","Copied authenticated original point report after54000row binding","R_minus_1",200,"B","Complete empirical comparison on 3000 existing saved Lenis No-response samples: 3 fixed finite populations,1000 selected samples/population,6 outcome effects,3 retained WM families,M3,PATT. Compare complete-contribution analytic and unchanged original fixed-reuse refit intervals/variances on identical points. External finite-population dependent-design empirical coverage and variance-calibration evidence; not iid theorem or nominal-coverage certification, raw S12 PS, critical/nested-law validation, cluster/stratum adjustment, estimated-weight inference or automatic analytic/refit variance agreement. Known No-response weights remain supplied; full-X reference centering and actual-graph/root inference premises remain unverified substantive assumptions."
1,1,"No","PATT","DSM",1000,"inclusive",1,0,0.929,0.00812151463706124,0.911283559113213,0.944135351750103,1000,0.929,0.00812151463706124,1000,0.388749229917989,0.00989829965743887,0,"original_refit","WM_DSM_M3",1000,0,0.9970067570835,"all_requested","defined",0.996577029914037,-0.000429727169462611,0.000429727169462611,-0.0431017308969573,0.0109322675071448,0.104557484223487,0.00330639796563341,0.331632453054328,0.0109215199050778,0.104506075924215,0.00241931477263332,0.00050637665107383,"source_specification","Lenis_U_PS_U_OM_OW_U",0.0665402553817404,6.08659231383179,0.387771372270723,"defined",1000,0,1000,0,1000,0,1000,0,0,0,0,0.00989829965743887,5.06946780585503e-05,0.905420549851147,0.0419126652064254,"all_requested","Copied authenticated original point report after54000row binding","R_minus_1",200,"B","Complete empirical comparison on 3000 existing saved Lenis No-response samples: 3 fixed finite populations,1000 selected samples/population,6 outcome effects,3 retained WM families,M3,PATT. Compare complete-contribution analytic and unchanged original fixed-reuse refit intervals/variances on identical points. External finite-population dependent-design empirical coverage and variance-calibration evidence; not iid theorem or nominal-coverage certification, raw S12 PS, critical/nested-law validation, cluster/stratum adjustment, estimated-weight inference or automatic analytic/refit variance agreement. Known No-response weights remain supplied; full-X reference centering and actual-graph/root inference premises remain unverified substantive assumptions."
2,1,"No","PATT","DSM",1000,"inclusive",1,0,0.946,0.00714730718522718,0.930125994422933,0.959176648874369,1000,0.946,0.00714730718522718,1000,0.328539280431313,0.00704181643661121,0,"analytic","WM_DSM_M3",1000,0,0.997206524637631,"all_requested","defined",0.999984504402874,0.00277797976524292,0.00277797976524292,0.27857617219787,0.00701985064632627,0.0837845489713126,0.00264950007479265,0.265692212127818,0.00702054796725605,0.0837887102613237,0.00189626239645455,0.000317198097818273,"source_specification","Lenis_U_PS_U_OM_OW_U",0.0457356942598584,6.51519477608737,0.389876949793764,"defined",1000,0,1000,0,1000,0,1000,0,0,0,0,0.00704181643661121,2.2278112943602e-05,1.00312909652806,0.0451896219509512,"all_requested","Copied authenticated original point report after54000row binding","R_minus_1",200,"B","Complete empirical comparison on 3000 existing saved Lenis No-response samples: 3 fixed finite populations,1000 selected samples/population,6 outcome effects,3 retained WM families,M3,PATT. Compare complete-contribution analytic and unchanged original fixed-reuse refit intervals/variances on identical points. External finite-population dependent-design empirical coverage and variance-calibration evidence; not iid theorem or nominal-coverage certification, raw S12 PS, critical/nested-law validation, cluster/stratum adjustment, estimated-weight inference or automatic analytic/refit variance agreement. Known No-response weights remain supplied; full-X reference centering and actual-graph/root inference premises remain unverified substantive assumptions."
2,1,"No","PATT","DSM",1000,"inclusive",1,0,0.951,0.00682634602111555,0.93573394685983,0.963532940827952,1000,0.951,0.00682634602111555,1000,0.329150210510257,0.00708783241362144,0,"original_refit","WM_DSM_M3",1000,0,0.997206524637631,"all_requested","defined",0.999984504402874,0.00277797976524292,0.00277797976524292,0.27857617219787,0.00701985064632627,0.0837845489713126,0.00264950007479265,0.265692212127818,0.00702054796725605,0.0837887102613237,0.00189626239645455,0.000317198097818273,"source_specification","Lenis_U_PS_U_OM_OW_U",0.0457356942598584,6.51519477608737,0.389876949793764,"defined",1000,0,1000,0,1000,0,1000,0,0,0,0,0.00708783241362144,3.28634616477679e-05,1.00968421847134,0.0456181800880812,"all_requested","Copied authenticated original point report after54000row binding","R_minus_1",200,"B","Complete empirical comparison on 3000 existing saved Lenis No-response samples: 3 fixed finite populations,1000 selected samples/population,6 outcome effects,3 retained WM families,M3,PATT. Compare complete-contribution analytic and unchanged original fixed-reuse refit intervals/variances on identical points. External finite-population dependent-design empirical coverage and variance-calibration evidence; not iid theorem or nominal-coverage certification, raw S12 PS, critical/nested-law validation, cluster/stratum adjustment, estimated-weight inference or automatic analytic/refit variance agreement. Known No-response weights remain supplied; full-X reference centering and actual-graph/root inference premises remain unverified substantive assumptions."
3,1,"No","PATT","DSM",1000,"inclusive",1,0,0.938,0.00762600813007697,0.921220050338967,0.952138151886639,1000,0.938,0.00762600813007697,1000,0.330934374600861,0.00714554582332622,0,"analytic","WM_DSM_M3",1000,0,0.950299318654713,"all_requested","defined",0.958786912175063,0.0084875935203498,0.0084875935203498,0.893149490243266,0.00743660532160358,0.0862357543110952,0.00272701399365745,0.286963690294753,0.00750120796004866,0.0866095142582422,0.00192513678859245,0.000331926635306485,"source_specification","Lenis_U_PS_U_OM_OW_U",0.050052331602762,6.73053489303223,0.400535886295477,"defined",1000,0,1000,0,1000,0,1000,0,0,0,0,0.00714554582332622,2.29707894178513e-05,0.960861241696958,0.0430536964579825,"all_requested","Copied authenticated original point report after54000row binding","R_minus_1",200,"B","Complete empirical comparison on 3000 existing saved Lenis No-response samples: 3 fixed finite populations,1000 selected samples/population,6 outcome effects,3 retained WM families,M3,PATT. Compare complete-contribution analytic and unchanged original fixed-reuse refit intervals/variances on identical points. External finite-population dependent-design empirical coverage and variance-calibration evidence; not iid theorem or nominal-coverage certification, raw S12 PS, critical/nested-law validation, cluster/stratum adjustment, estimated-weight inference or automatic analytic/refit variance agreement. Known No-response weights remain supplied; full-X reference centering and actual-graph/root inference premises remain unverified substantive assumptions."
3,1,"No","PATT","DSM",1000,"inclusive",1,0,0.941,0.00745110730026082,0.924550926915759,0.954786645597203,1000,0.941,0.00745110730026082,1000,0.333013203957277,0.00725527073993189,0,"original_refit","WM_DSM_M3",1000,0,0.950299318654713,"all_requested","defined",0.958786912175063,0.0084875935203498,0.0084875935203498,0.893149490243266,0.00743660532160358,0.0862357543110952,0.00272701399365745,0.286963690294753,0.00750120796004866,0.0866095142582422,0.00192513678859245,0.000331926635306485,"source_specification","Lenis_U_PS_U_OM_OW_U",0.050052331602762,6.73053489303223,0.400535886295477,"defined",1000,0,1000,0,1000,0,1000,0,0,0,0,0.00725527073993189,3.3541566886828e-05,0.975615946546887,0.0438974853744161,"all_requested","Copied authenticated original point report after54000row binding","R_minus_1",200,"B","Complete empirical comparison on 3000 existing saved Lenis No-response samples: 3 fixed finite populations,1000 selected samples/population,6 outcome effects,3 retained WM families,M3,PATT. Compare complete-contribution analytic and unchanged original fixed-reuse refit intervals/variances on identical points. External finite-population dependent-design empirical coverage and variance-calibration evidence; not iid theorem or nominal-coverage certification, raw S12 PS, critical/nested-law validation, cluster/stratum adjustment, estimated-weight inference or automatic analytic/refit variance agreement. Known No-response weights remain supplied; full-X reference centering and actual-graph/root inference premises remain unverified substantive assumptions."
1,2,"No","PATT","DSM",1000,"inclusive",1,0,0.926,0.00827792244467173,0.907988263985751,0.941450555739347,1000,0.926,0.00827792244467173,1000,0.430586704586494,0.0121128589228026,0,"analytic","WM_DSM_M3",1000,0,1.72128921416505,"all_requested","defined",1.71829958850052,-0.00298962566452803,0.00298962566452803,-0.173685261019788,0.0146196027642395,0.120911549341821,0.00382355891339986,0.222133438235396,0.0146139210230893,0.120888051614249,0.00280053992785731,0.000677984795074925,"source_specification","Lenis_U_PS_U_OM_OW_U",0.0688563970987795,4.7098678540847,0.292786897594009,"defined",1000,0,1000,0,1000,0,1000,0,0,0,0,0.0121128589228026,4.82352965598153e-05,0.828535434111206,0.0381947991518018,"all_requested","Copied authenticated original point report after54000row binding","R_minus_1",200,"B","Complete empirical comparison on 3000 existing saved Lenis No-response samples: 3 fixed finite populations,1000 selected samples/population,6 outcome effects,3 retained WM families,M3,PATT. Compare complete-contribution analytic and unchanged original fixed-reuse refit intervals/variances on identical points. External finite-population dependent-design empirical coverage and variance-calibration evidence; not iid theorem or nominal-coverage certification, raw S12 PS, critical/nested-law validation, cluster/stratum adjustment, estimated-weight inference or automatic analytic/refit variance agreement. Known No-response weights remain supplied; full-X reference centering and actual-graph/root inference premises remain unverified substantive assumptions."
1,2,"No","PATT","DSM",1000,"inclusive",1,0,0.926,0.00827792244467173,0.907988263985751,0.941450555739347,1000,0.926,0.00827792244467173,1000,0.431278368351294,0.0121798425771545,0,"original_refit","WM_DSM_M3",1000,0,1.72128921416505,"all_requested","defined",1.71829958850052,-0.00298962566452803,0.00298962566452803,-0.173685261019788,0.0146196027642395,0.120911549341821,0.00382355891339986,0.222133438235396,0.0146139210230893,0.120888051614249,0.00280053992785731,0.000677984795074925,"source_specification","Lenis_U_PS_U_OM_OW_U",0.0688563970987795,4.7098678540847,0.292786897594009,"defined",1000,0,1000,0,1000,0,1000,0,0,0,0,0.0121798425771545,6.12433242686903e-05,0.833117203905645,0.0386210324680617,"all_requested","Copied authenticated original point report after54000row binding","R_minus_1",200,"B","Complete empirical comparison on 3000 existing saved Lenis No-response samples: 3 fixed finite populations,1000 selected samples/population,6 outcome effects,3 retained WM families,M3,PATT. Compare complete-contribution analytic and unchanged original fixed-reuse refit intervals/variances on identical points. External finite-population dependent-design empirical coverage and variance-calibration evidence; not iid theorem or nominal-coverage certification, raw S12 PS, critical/nested-law validation, cluster/stratum adjustment, estimated-weight inference or automatic analytic/refit variance agreement. Known No-response weights remain supplied; full-X reference centering and actual-graph/root inference premises remain unverified substantive assumptions."
2,2,"No","PATT","DSM",1000,"inclusive",1,0,0.953,0.00669260786241059,0.937987369306695,0.965264937733204,1000,0.953,0.00669260786241059,1000,0.359147744990578,0.00841381376083619,0,"analytic","WM_DSM_M3",1000,0,1.80426724220893,"all_requested","defined",1.80492780064941,0.000660558440474969,0.000660558440474969,0.0366108980433663,0.00824394607898593,0.090796178768635,0.00287122727748709,0.159135365888032,0.00823613847036022,0.0907531733349321,0.001985019631272,0.000360779990250768,"source_specification","Lenis_U_PS_U_OM_OW_U",0.0462057134602967,5.6048053950858,0.321851168336019,"defined",1000,0,1000,0,1000,0,1000,0,0,0,0,0.00841381376083619,2.573027792255e-05,1.02060514227322,0.0446026190423219,"all_requested","Copied authenticated original point report after54000row binding","R_minus_1",200,"B","Complete empirical comparison on 3000 existing saved Lenis No-response samples: 3 fixed finite populations,1000 selected samples/population,6 outcome effects,3 retained WM families,M3,PATT. Compare complete-contribution analytic and unchanged original fixed-reuse refit intervals/variances on identical points. External finite-population dependent-design empirical coverage and variance-calibration evidence; not iid theorem or nominal-coverage certification, raw S12 PS, critical/nested-law validation, cluster/stratum adjustment, estimated-weight inference or automatic analytic/refit variance agreement. Known No-response weights remain supplied; full-X reference centering and actual-graph/root inference premises remain unverified substantive assumptions."
2,2,"No","PATT","DSM",1000,"inclusive",1,0,0.954,0.00662449998113065,0.939116447286257,0.966128501452322,1000,0.954,0.00662449998113065,1000,0.359207667135754,0.00843980678393604,0,"original_refit","WM_DSM_M3",1000,0,1.80426724220893,"all_requested","defined",1.80492780064941,0.000660558440474969,0.000660558440474969,0.0366108980433663,0.00824394607898593,0.090796178768635,0.00287122727748709,0.159135365888032,0.00823613847036022,0.0907531733349321,0.001985019631272,0.000360779990250768,"source_specification","Lenis_U_PS_U_OM_OW_U",0.0462057134602967,5.6048053950858,0.321851168336019,"defined",1000,0,1000,0,1000,0,1000,0,0,0,0,0.00843980678393604,3.83360779208488e-05,1.02375812542605,0.0448204956715632,"all_requested","Copied authenticated original point report after54000row binding","R_minus_1",200,"B","Complete empirical comparison on 3000 existing saved Lenis No-response samples: 3 fixed finite populations,1000 selected samples/population,6 outcome effects,3 retained WM families,M3,PATT. Compare complete-contribution analytic and unchanged original fixed-reuse refit intervals/variances on identical points. External finite-population dependent-design empirical coverage and variance-calibration evidence; not iid theorem or nominal-coverage certification, raw S12 PS, critical/nested-law validation, cluster/stratum adjustment, estimated-weight inference or automatic analytic/refit variance agreement. Known No-response weights remain supplied; full-X reference centering and actual-graph/root inference premises remain unverified substantive assumptions."
3,2,"No","PATT","DSM",1000,"inclusive",1,0,0.947,0.00708456067798138,0.931244816710037,0.960050747639981,1000,0.947,0.00708456067798138,1000,0.364711611846746,0.00867675541833288,0,"analytic","WM_DSM_M3",1000,0,1.92840265398961,"all_requested","defined",1.93513153707247,0.00672888308285786,0.00672888308285786,0.348935585052048,0.00892939917994696,0.0944954981993691,0.00298821002942346,0.154957784529141,0.00896574764830977,0.0946876319711808,0.00212501539722729,0.000403161479601457,"source_specification","Lenis_U_PS_U_OM_OW_U",0.0520522201509048,5.82930823249565,0.343566969471512,"defined",1000,0,1000,0,1000,0,1000,0,0,0,0,0.00867675541833288,2.66440539967015e-05,0.971706521735365,0.0440429477050247,"all_requested","Copied authenticated original point report after54000row binding","R_minus_1",200,"B","Complete empirical comparison on 3000 existing saved Lenis No-response samples: 3 fixed finite populations,1000 selected samples/population,6 outcome effects,3 retained WM families,M3,PATT. Compare complete-contribution analytic and unchanged original fixed-reuse refit intervals/variances on identical points. External finite-population dependent-design empirical coverage and variance-calibration evidence; not iid theorem or nominal-coverage certification, raw S12 PS, critical/nested-law validation, cluster/stratum adjustment, estimated-weight inference or automatic analytic/refit variance agreement. Known No-response weights remain supplied; full-X reference centering and actual-graph/root inference premises remain unverified substantive assumptions."
3,2,"No","PATT","DSM",1000,"inclusive",1,0,0.945,0.00720936890441875,0.929008484457942,0.958301204920464,1000,0.945,0.00720936890441875,1000,0.366882745269821,0.00880372086608293,0,"original_refit","WM_DSM_M3",1000,0,1.92840265398961,"all_requested","defined",1.93513153707247,0.00672888308285786,0.00672888308285786,0.348935585052048,0.00892939917994696,0.0944954981993691,0.00298821002942346,0.154957784529141,0.00896574764830977,0.0946876319711808,0.00212501539722729,0.000403161479601457,"source_specification","Lenis_U_PS_U_OM_OW_U",0.0520522201509048,5.82930823249565,0.343566969471512,"defined",1000,0,1000,0,1000,0,1000,0,0,0,0,0.00880372086608293,3.95603267359471e-05,0.985925333683561,0.044789830131506,"all_requested","Copied authenticated original point report after54000row binding","R_minus_1",200,"B","Complete empirical comparison on 3000 existing saved Lenis No-response samples: 3 fixed finite populations,1000 selected samples/population,6 outcome effects,3 retained WM families,M3,PATT. Compare complete-contribution analytic and unchanged original fixed-reuse refit intervals/variances on identical points. External finite-population dependent-design empirical coverage and variance-calibration evidence; not iid theorem or nominal-coverage certification, raw S12 PS, critical/nested-law validation, cluster/stratum adjustment, estimated-weight inference or automatic analytic/refit variance agreement. Known No-response weights remain supplied; full-X reference centering and actual-graph/root inference premises remain unverified substantive assumptions."
1,3,"No","PATT","DSM",1000,"inclusive",1,0,0.901,0.00944452222190196,0.880791517313793,0.918808871053031,1000,0.901,0.00944452222190196,1000,0.642036909926428,0.0269041221754755,0,"analytic","WM_DSM_M3",1000,0,2.23586041281618,"all_requested","defined",2.22753550543797,-0.00832490737820861,0.00832490737820861,-0.372335738424876,0.0369499635695504,0.192223733106894,0.006078648169581,0.271870646966043,0.0369823176888366,0.192307872144737,0.00447535534385655,0.00171904625178566,"source_specification","Lenis_U_PS_U_OM_OW_U",0.0830840598270202,2.24855593350267,0.126542439603243,"defined",1000,0,1000,0,1000,0,1000,0,0,0,0,0.0269041221754755,9.20605459096136e-05,0.728123104230786,0.0338521058651911,"all_requested","Copied authenticated original point report after54000row binding","R_minus_1",200,"B","Complete empirical comparison on 3000 existing saved Lenis No-response samples: 3 fixed finite populations,1000 selected samples/population,6 outcome effects,3 retained WM families,M3,PATT. Compare complete-contribution analytic and unchanged original fixed-reuse refit intervals/variances on identical points. External finite-population dependent-design empirical coverage and variance-calibration evidence; not iid theorem or nominal-coverage certification, raw S12 PS, critical/nested-law validation, cluster/stratum adjustment, estimated-weight inference or automatic analytic/refit variance agreement. Known No-response weights remain supplied; full-X reference centering and actual-graph/root inference premises remain unverified substantive assumptions."
1,3,"No","PATT","DSM",1000,"inclusive",1,0,0.907,0.00918428004799505,0.887280582298844,0.924281597393135,1000,0.907,0.00918428004799505,1000,0.641232920234502,0.0268972461900988,0,"original_refit","WM_DSM_M3",1000,0,2.23586041281618,"all_requested","defined",2.22753550543797,-0.00832490737820861,0.00832490737820861,-0.372335738424876,0.0369499635695504,0.192223733106894,0.006078648169581,0.271870646966043,0.0369823176888366,0.192307872144737,0.00447535534385655,0.00171904625178566,"source_specification","Lenis_U_PS_U_OM_OW_U",0.0830840598270202,2.24855593350267,0.126542439603243,"defined",1000,0,1000,0,1000,0,1000,0,0,0,0,0.0268972461900988,0.000122695123174678,0.727937015133196,0.0339792894733174,"all_requested","Copied authenticated original point report after54000row binding","R_minus_1",200,"B","Complete empirical comparison on 3000 existing saved Lenis No-response samples: 3 fixed finite populations,1000 selected samples/population,6 outcome effects,3 retained WM families,M3,PATT. Compare complete-contribution analytic and unchanged original fixed-reuse refit intervals/variances on identical points. External finite-population dependent-design empirical coverage and variance-calibration evidence; not iid theorem or nominal-coverage certification, raw S12 PS, critical/nested-law validation, cluster/stratum adjustment, estimated-weight inference or automatic analytic/refit variance agreement. Known No-response weights remain supplied; full-X reference centering and actual-graph/root inference premises remain unverified substantive assumptions."
2,3,"No","PATT","DSM",1000,"inclusive",1,0,0.95,0.00689202437604511,0.934609512084506,0.962664602395338,1000,0.95,0.00689202437604511,1000,0.487472881361553,0.0154931421784842,0,"analytic","WM_DSM_M3",1000,0,2.22558410382016,"all_requested","defined",2.22308200558442,-0.00250209823573696,0.00250209823573696,-0.112424339814531,0.0152042116857955,0.123305359517725,0.00389925783781933,0.175201549612363,0.015195267969691,0.123269087648489,0.00271774299856473,0.000668122466711818,"source_specification","Lenis_U_PS_U_OM_OW_U",0.050648207086165,3.33119586420143,0.177923417908775,"defined",1000,0,1000,0,1000,0,1000,0,0,0,0,0.0154931421784842,4.20130004085029e-05,1.01900331951828,0.0448134592038024,"all_requested","Copied authenticated original point report after54000row binding","R_minus_1",200,"B","Complete empirical comparison on 3000 existing saved Lenis No-response samples: 3 fixed finite populations,1000 selected samples/population,6 outcome effects,3 retained WM families,M3,PATT. Compare complete-contribution analytic and unchanged original fixed-reuse refit intervals/variances on identical points. External finite-population dependent-design empirical coverage and variance-calibration evidence; not iid theorem or nominal-coverage certification, raw S12 PS, critical/nested-law validation, cluster/stratum adjustment, estimated-weight inference or automatic analytic/refit variance agreement. Known No-response weights remain supplied; full-X reference centering and actual-graph/root inference premises remain unverified substantive assumptions."
2,3,"No","PATT","DSM",1000,"inclusive",1,0,0.953,0.00669260786241059,0.937987369306695,0.965264937733204,1000,0.953,0.00669260786241059,1000,0.48659516471151,0.0154786678114061,0,"original_refit","WM_DSM_M3",1000,0,2.22558410382016,"all_requested","defined",2.22308200558442,-0.00250209823573696,0.00250209823573696,-0.112424339814531,0.0152042116857955,0.123305359517725,0.00389925783781933,0.175201549612363,0.015195267969691,0.123269087648489,0.00271774299856473,0.000668122466711818,"source_specification","Lenis_U_PS_U_OM_OW_U",0.050648207086165,3.33119586420143,0.177923417908775,"defined",1000,0,1000,0,1000,0,1000,0,0,0,0,0.0154786678114061,6.59229991092614e-05,1.01805132231006,0.0449454699070139,"all_requested","Copied authenticated original point report after54000row binding","R_minus_1",200,"B","Complete empirical comparison on 3000 existing saved Lenis No-response samples: 3 fixed finite populations,1000 selected samples/population,6 outcome effects,3 retained WM families,M3,PATT. Compare complete-contribution analytic and unchanged original fixed-reuse refit intervals/variances on identical points. External finite-population dependent-design empirical coverage and variance-calibration evidence; not iid theorem or nominal-coverage certification, raw S12 PS, critical/nested-law validation, cluster/stratum adjustment, estimated-weight inference or automatic analytic/refit variance agreement. Known No-response weights remain supplied; full-X reference centering and actual-graph/root inference premises remain unverified substantive assumptions."
3,3,"No","PATT","DSM",1000,"inclusive",1,0,0.947,0.00708456067798138,0.931244816710037,0.960050747639981,1000,0.947,0.00708456067798138,1000,0.47329937304017,0.0146055510086796,0,"analytic","WM_DSM_M3",1000,0,2.52090906809517,"all_requested","defined",2.52569552448069,0.00478645638551978,0.00478645638551978,0.189870251414363,0.0145326057293741,0.120551257684746,0.00381216549081674,0.151221856395529,0.0145409832883752,0.120585999553743,0.00269101096957115,0.000650685916083493,"source_specification","Lenis_U_PS_U_OM_OW_U",0.0567680846460327,3.90625643488628,0.221494943125062,"defined",1000,0,1000,0,1000,0,1000,0,0,0,0,0.0146055510086796,3.98072199916374e-05,1.00501942188922,0.0451245887826012,"all_requested","Copied authenticated original point report after54000row binding","R_minus_1",200,"B","Complete empirical comparison on 3000 existing saved Lenis No-response samples: 3 fixed finite populations,1000 selected samples/population,6 outcome effects,3 retained WM families,M3,PATT. Compare complete-contribution analytic and unchanged original fixed-reuse refit intervals/variances on identical points. External finite-population dependent-design empirical coverage and variance-calibration evidence; not iid theorem or nominal-coverage certification, raw S12 PS, critical/nested-law validation, cluster/stratum adjustment, estimated-weight inference or automatic analytic/refit variance agreement. Known No-response weights remain supplied; full-X reference centering and actual-graph/root inference premises remain unverified substantive assumptions."
3,3,"No","PATT","DSM",1000,"inclusive",1,0,0.949,0.00695693898205238,0.933486538405065,0.961794763225314,1000,0.949,0.00695693898205238,1000,0.475273443282852,0.0147653420601257,0,"original_refit","WM_DSM_M3",1000,0,2.52090906809517,"all_requested","defined",2.52569552448069,0.00478645638551978,0.00478645638551978,0.189870251414363,0.0145326057293741,0.120551257684746,0.00381216549081674,0.151221856395529,0.0145409832883752,0.120585999553743,0.00269101096957115,0.000650685916083493,"source_specification","Lenis_U_PS_U_OM_OW_U",0.0567680846460327,3.90625643488628,0.221494943125062,"defined",1000,0,1000,0,1000,0,1000,0,0,0,0,0.0147653420601257,6.22402978366695e-05,1.01601476948358,0.0457308679881549,"all_requested","Copied authenticated original point report after54000row binding","R_minus_1",200,"B","Complete empirical comparison on 3000 existing saved Lenis No-response samples: 3 fixed finite populations,1000 selected samples/population,6 outcome effects,3 retained WM families,M3,PATT. Compare complete-contribution analytic and unchanged original fixed-reuse refit intervals/variances on identical points. External finite-population dependent-design empirical coverage and variance-calibration evidence; not iid theorem or nominal-coverage certification, raw S12 PS, critical/nested-law validation, cluster/stratum adjustment, estimated-weight inference or automatic analytic/refit variance agreement. Known No-response weights remain supplied; full-X reference centering and actual-graph/root inference premises remain unverified substantive assumptions."
1,4,"No","PATT","DSM",1000,"inclusive",1,0,0.895,0.00969407035254026,0.874323151544664,0.91331517517546,1000,0.895,0.00969407035254026,1000,0.717014030854393,0.0335467431456049,0,"analytic","WM_DSM_M3",1000,0,1.82983554310434,"all_requested","defined",1.81978076037789,-0.0100547827264453,0.0100547827264453,-0.549491060239609,0.0468985552679007,0.216560742674892,0.00684825198630284,0.37425505325384,0.0469527553683088,0.216685844872961,0.00503619419746007,0.00217993346385071,"source_specification","Lenis_U_PS_U_OM_OW_U",0.0896498751373919,1.91157008196267,0.103599248303478,"defined",1000,0,1000,0,1000,0,1000,0,0,0,0,0.0335467431456049,0.0001098628758777,0.715304404452852,0.0332560827678166,"all_requested","Copied authenticated original point report after54000row binding","R_minus_1",200,"B","Complete empirical comparison on 3000 existing saved Lenis No-response samples: 3 fixed finite populations,1000 selected samples/population,6 outcome effects,3 retained WM families,M3,PATT. Compare complete-contribution analytic and unchanged original fixed-reuse refit intervals/variances on identical points. External finite-population dependent-design empirical coverage and variance-calibration evidence; not iid theorem or nominal-coverage certification, raw S12 PS, critical/nested-law validation, cluster/stratum adjustment, estimated-weight inference or automatic analytic/refit variance agreement. Known No-response weights remain supplied; full-X reference centering and actual-graph/root inference premises remain unverified substantive assumptions."
1,4,"No","PATT","DSM",1000,"inclusive",1,0,0.9,0.00948683298050514,0.879712063481307,0.91789466564442,1000,0.9,0.00948683298050514,1000,0.71598483087909,0.03352630716943,0,"original_refit","WM_DSM_M3",1000,0,1.82983554310434,"all_requested","defined",1.81978076037789,-0.0100547827264453,0.0100547827264453,-0.549491060239609,0.0468985552679007,0.216560742674892,0.00684825198630284,0.37425505325384,0.0469527553683088,0.216685844872961,0.00503619419746007,0.00217993346385071,"source_specification","Lenis_U_PS_U_OM_OW_U",0.0896498751373919,1.91157008196267,0.103599248303478,"defined",1000,0,1000,0,1000,0,1000,0,0,0,0,0.03352630716943,0.000149422413593188,0.71486865593015,0.0333647034435724,"all_requested","Copied authenticated original point report after54000row binding","R_minus_1",200,"B","Complete empirical comparison on 3000 existing saved Lenis No-response samples: 3 fixed finite populations,1000 selected samples/population,6 outcome effects,3 retained WM families,M3,PATT. Compare complete-contribution analytic and unchanged original fixed-reuse refit intervals/variances on identical points. External finite-population dependent-design empirical coverage and variance-calibration evidence; not iid theorem or nominal-coverage certification, raw S12 PS, critical/nested-law validation, cluster/stratum adjustment, estimated-weight inference or automatic analytic/refit variance agreement. Known No-response weights remain supplied; full-X reference centering and actual-graph/root inference premises remain unverified substantive assumptions."
2,4,"No","PATT","DSM",1000,"inclusive",1,0,0.95,0.00689202437604511,0.934609512084506,0.962664602395338,1000,0.95,0.00689202437604511,1000,0.547907831095014,0.0195698135231919,0,"analytic","WM_DSM_M3",1000,0,1.83984024786014,"all_requested","defined",1.83629291427291,-0.00354733358723013,0.00354733358723013,-0.19280660869094,0.0192643362841633,0.138796024021451,0.00438911566083229,0.238559606788531,0.0192576555234582,0.138771955104258,0.0030759489662504,0.00085020711722349,"source_specification","Lenis_U_PS_U_OM_OW_U",0.0534216262030459,2.77308418079072,0.144181149202707,"defined",1000,0,1000,0,1000,0,1000,0,0,0,0,0.0195698135231919,5.0768053985844e-05,1.01585713800479,0.0448846986226363,"all_requested","Copied authenticated original point report after54000row binding","R_minus_1",200,"B","Complete empirical comparison on 3000 existing saved Lenis No-response samples: 3 fixed finite populations,1000 selected samples/population,6 outcome effects,3 retained WM families,M3,PATT. Compare complete-contribution analytic and unchanged original fixed-reuse refit intervals/variances on identical points. External finite-population dependent-design empirical coverage and variance-calibration evidence; not iid theorem or nominal-coverage certification, raw S12 PS, critical/nested-law validation, cluster/stratum adjustment, estimated-weight inference or automatic analytic/refit variance agreement. Known No-response weights remain supplied; full-X reference centering and actual-graph/root inference premises remain unverified substantive assumptions."
2,4,"No","PATT","DSM",1000,"inclusive",1,0,0.949,0.00695693898205238,0.933486538405065,0.961794763225314,1000,0.949,0.00695693898205238,1000,0.546811616270628,0.0195434462872704,0,"original_refit","WM_DSM_M3",1000,0,1.83984024786014,"all_requested","defined",1.83629291427291,-0.00354733358723013,0.00354733358723013,-0.19280660869094,0.0192643362841633,0.138796024021451,0.00438911566083229,0.238559606788531,0.0192576555234582,0.138771955104258,0.0030759489662504,0.00085020711722349,"source_specification","Lenis_U_PS_U_OM_OW_U",0.0534216262030459,2.77308418079072,0.144181149202707,"defined",1000,0,1000,0,1000,0,1000,0,0,0,0,0.0195434462872704,8.16056701668453e-05,1.0144884307972,0.0450228391962512,"all_requested","Copied authenticated original point report after54000row binding","R_minus_1",200,"B","Complete empirical comparison on 3000 existing saved Lenis No-response samples: 3 fixed finite populations,1000 selected samples/population,6 outcome effects,3 retained WM families,M3,PATT. Compare complete-contribution analytic and unchanged original fixed-reuse refit intervals/variances on identical points. External finite-population dependent-design empirical coverage and variance-calibration evidence; not iid theorem or nominal-coverage certification, raw S12 PS, critical/nested-law validation, cluster/stratum adjustment, estimated-weight inference or automatic analytic/refit variance agreement. Known No-response weights remain supplied; full-X reference centering and actual-graph/root inference premises remain unverified substantive assumptions."
3,4,"No","PATT","DSM",1000,"inclusive",1,0,0.96,0.00619677335393187,0.945927303180632,0.971272374714109,1000,0.96,0.00619677335393187,1000,0.612893338850341,0.0244826313411118,0,"analytic","WM_DSM_M3",1000,0,2.2299884392399,"all_requested","defined",2.23389471279713,0.0039062735572316,0.0039062735572316,0.17517012592958,0.0238476674725071,0.154426900093562,0.00488340736294926,0.218988012539374,0.0238390787781385,0.154399089304758,0.00347233750563717,0.00107479610542837,"source_specification","Lenis_U_PS_U_OM_OW_U",0.0638777792512391,2.67857555984798,0.143963703189159,"defined",1000,0,1000,0,1000,0,1000,0,0,0,0,0.0244826313411118,5.98450403510912e-05,1.02662582700538,0.0463085396946782,"all_requested","Copied authenticated original point report after54000row binding","R_minus_1",200,"B","Complete empirical comparison on 3000 existing saved Lenis No-response samples: 3 fixed finite populations,1000 selected samples/population,6 outcome effects,3 retained WM families,M3,PATT. Compare complete-contribution analytic and unchanged original fixed-reuse refit intervals/variances on identical points. External finite-population dependent-design empirical coverage and variance-calibration evidence; not iid theorem or nominal-coverage certification, raw S12 PS, critical/nested-law validation, cluster/stratum adjustment, estimated-weight inference or automatic analytic/refit variance agreement. Known No-response weights remain supplied; full-X reference centering and actual-graph/root inference premises remain unverified substantive assumptions."
3,4,"No","PATT","DSM",1000,"inclusive",1,0,0.957,0.00641490451994416,0.942513742038028,0.968708829543907,1000,0.957,0.00641490451994416,1000,0.614550435604573,0.0246777978773312,0,"original_refit","WM_DSM_M3",1000,0,2.2299884392399,"all_requested","defined",2.23389471279713,0.0039062735572316,0.0039062735572316,0.17517012592958,0.0238476674725071,0.154426900093562,0.00488340736294926,0.218988012539374,0.0238390787781385,0.154399089304758,0.00347233750563717,0.00107479610542837,"source_specification","Lenis_U_PS_U_OM_OW_U",0.0638777792512391,2.67857555984798,0.143963703189159,"defined",1000,0,1000,0,1000,0,1000,0,0,0,0,0.0246777978773312,9.94238421033532e-05,1.03480971066798,0.0468544774892767,"all_requested","Copied authenticated original point report after54000row binding","R_minus_1",200,"B","Complete empirical comparison on 3000 existing saved Lenis No-response samples: 3 fixed finite populations,1000 selected samples/population,6 outcome effects,3 retained WM families,M3,PATT. Compare complete-contribution analytic and unchanged original fixed-reuse refit intervals/variances on identical points. External finite-population dependent-design empirical coverage and variance-calibration evidence; not iid theorem or nominal-coverage certification, raw S12 PS, critical/nested-law validation, cluster/stratum adjustment, estimated-weight inference or automatic analytic/refit variance agreement. Known No-response weights remain supplied; full-X reference centering and actual-graph/root inference premises remain unverified substantive assumptions."
1,5,"No","PATT","DSM",1000,"inclusive",1,0,0.896,0.00965318600255895,0.875399843430101,0.914232177374362,1000,0.896,0.00965318600255895,1000,0.713900452132855,0.033256380785606,0,"analytic","WM_DSM_M3",1000,0,1.36283868534837,"all_requested","defined",1.35267616026013,-0.0101625250882351,0.0101625250882351,-0.745688040520905,0.0464690472406085,0.21556680458876,0.00681682090424917,0.500192794461705,0.0465258551095368,0.215698528297105,0.00500804996709133,0.00215804375293609,"source_specification","Lenis_U_PS_U_OM_OW_U",0.0897373454765862,1.93112083860773,0.104727352515959,"defined",1000,0,1000,0,1000,0,1000,0,0,0,0,0.033256380785606,0.000109133051313596,0.715667369150272,0.0332380228776503,"all_requested","Copied authenticated original point report after54000row binding","R_minus_1",200,"B","Complete empirical comparison on 3000 existing saved Lenis No-response samples: 3 fixed finite populations,1000 selected samples/population,6 outcome effects,3 retained WM families,M3,PATT. Compare complete-contribution analytic and unchanged original fixed-reuse refit intervals/variances on identical points. External finite-population dependent-design empirical coverage and variance-calibration evidence; not iid theorem or nominal-coverage certification, raw S12 PS, critical/nested-law validation, cluster/stratum adjustment, estimated-weight inference or automatic analytic/refit variance agreement. Known No-response weights remain supplied; full-X reference centering and actual-graph/root inference premises remain unverified substantive assumptions."
1,5,"No","PATT","DSM",1000,"inclusive",1,0,0.903,0.00935900635751467,0.882952156019713,0.920635528170636,1000,0.903,0.00935900635751467,1000,0.712965426346815,0.0332445066959189,0,"original_refit","WM_DSM_M3",1000,0,1.36283868534837,"all_requested","defined",1.35267616026013,-0.0101625250882351,0.0101625250882351,-0.745688040520905,0.0464690472406085,0.21556680458876,0.00681682090424917,0.500192794461705,0.0465258551095368,0.215698528297105,0.00500804996709133,0.00215804375293609,"source_specification","Lenis_U_PS_U_OM_OW_U",0.0897373454765862,1.93112083860773,0.104727352515959,"defined",1000,0,1000,0,1000,0,1000,0,0,0,0,0.0332445066959189,0.000148322727980041,0.715411842291165,0.0333570884075551,"all_requested","Copied authenticated original point report after54000row binding","R_minus_1",200,"B","Complete empirical comparison on 3000 existing saved Lenis No-response samples: 3 fixed finite populations,1000 selected samples/population,6 outcome effects,3 retained WM families,M3,PATT. Compare complete-contribution analytic and unchanged original fixed-reuse refit intervals/variances on identical points. External finite-population dependent-design empirical coverage and variance-calibration evidence; not iid theorem or nominal-coverage certification, raw S12 PS, critical/nested-law validation, cluster/stratum adjustment, estimated-weight inference or automatic analytic/refit variance agreement. Known No-response weights remain supplied; full-X reference centering and actual-graph/root inference premises remain unverified substantive assumptions."
2,5,"No","PATT","DSM",1000,"inclusive",1,0,0.95,0.00689202437604511,0.934609512084506,0.962664602395338,1000,0.95,0.00689202437604511,1000,0.590840226066011,0.0227548158315257,0,"analytic","WM_DSM_M3",1000,0,1.5826776772201,"all_requested","defined",1.57843352006523,-0.00424415715486573,0.00424415715486573,-0.268163076787713,0.0224443195937202,0.149814283677225,0.00473754362446618,0.299337236675218,0.0224398881440817,0.149799493136932,0.00332931326664677,0.000992752428149604,"source_specification","Lenis_U_PS_U_OM_OW_U",0.055664496365593,2.48011511924682,0.126457931558842,"defined",1000,0,1000,0,1000,0,1000,0,0,0,0,0.0227548158315257,5.74448198973577e-05,1.01383406774747,0.0449015522228341,"all_requested","Copied authenticated original point report after54000row binding","R_minus_1",200,"B","Complete empirical comparison on 3000 existing saved Lenis No-response samples: 3 fixed finite populations,1000 selected samples/population,6 outcome effects,3 retained WM families,M3,PATT. Compare complete-contribution analytic and unchanged original fixed-reuse refit intervals/variances on identical points. External finite-population dependent-design empirical coverage and variance-calibration evidence; not iid theorem or nominal-coverage certification, raw S12 PS, critical/nested-law validation, cluster/stratum adjustment, estimated-weight inference or automatic analytic/refit variance agreement. Known No-response weights remain supplied; full-X reference centering and actual-graph/root inference premises remain unverified substantive assumptions."
2,5,"No","PATT","DSM",1000,"inclusive",1,0,0.95,0.00689202437604511,0.934609512084506,0.962664602395338,1000,0.95,0.00689202437604511,1000,0.589615151451817,0.0227206638650022,0,"original_refit","WM_DSM_M3",1000,0,1.5826776772201,"all_requested","defined",1.57843352006523,-0.00424415715486573,0.00424415715486573,-0.268163076787713,0.0224443195937202,0.149814283677225,0.00473754362446618,0.299337236675218,0.0224398881440817,0.149799493136932,0.00332931326664677,0.000992752428149604,"source_specification","Lenis_U_PS_U_OM_OW_U",0.055664496365593,2.48011511924682,0.126457931558842,"defined",1000,0,1000,0,1000,0,1000,0,0,0,0,0.0227206638650022,9.377240220889e-05,1.01231243701232,0.0450431632729997,"all_requested","Copied authenticated original point report after54000row binding","R_minus_1",200,"B","Complete empirical comparison on 3000 existing saved Lenis No-response samples: 3 fixed finite populations,1000 selected samples/population,6 outcome effects,3 retained WM families,M3,PATT. Compare complete-contribution analytic and unchanged original fixed-reuse refit intervals/variances on identical points. External finite-population dependent-design empirical coverage and variance-calibration evidence; not iid theorem or nominal-coverage certification, raw S12 PS, critical/nested-law validation, cluster/stratum adjustment, estimated-weight inference or automatic analytic/refit variance agreement. Known No-response weights remain supplied; full-X reference centering and actual-graph/root inference premises remain unverified substantive assumptions."
3,5,"No","PATT","DSM",1000,"inclusive",1,0,0.96,0.00619677335393187,0.945927303180632,0.971272374714109,1000,0.96,0.00619677335393187,1000,0.680306113291916,0.0301623392954531,0,"analytic","WM_DSM_M3",1000,0,1.92151090225643,"all_requested","defined",1.92527020280579,0.0037593005493553,0.0037593005493553,0.19564294664895,0.0291702142894275,0.170792898826115,0.00540094568473221,0.28107806614003,0.0291551764157584,0.170748869442109,0.00386480996521938,0.00132297074313305,"source_specification","Lenis_U_PS_U_OM_OW_U",0.0682832434995976,2.34085505242059,0.122115582969476,"defined",1000,0,1000,0,1000,0,1000,0,0,0,0,0.0301623392954531,7.19150316094406e-05,1.03401157756956,0.046894204184258,"all_requested","Copied authenticated original point report after54000row binding","R_minus_1",200,"B","Complete empirical comparison on 3000 existing saved Lenis No-response samples: 3 fixed finite populations,1000 selected samples/population,6 outcome effects,3 retained WM families,M3,PATT. Compare complete-contribution analytic and unchanged original fixed-reuse refit intervals/variances on identical points. External finite-population dependent-design empirical coverage and variance-calibration evidence; not iid theorem or nominal-coverage certification, raw S12 PS, critical/nested-law validation, cluster/stratum adjustment, estimated-weight inference or automatic analytic/refit variance agreement. Known No-response weights remain supplied; full-X reference centering and actual-graph/root inference premises remain unverified substantive assumptions."
3,5,"No","PATT","DSM",1000,"inclusive",1,0,0.962,0.00604615580348373,0.948212896378036,0.972971184017016,1000,0.962,0.00604615580348373,1000,0.681827015074149,0.0303744297874662,0,"original_refit","WM_DSM_M3",1000,0,1.92151090225643,"all_requested","defined",1.92527020280579,0.0037593005493553,0.0037593005493553,0.19564294664895,0.0291702142894275,0.170792898826115,0.00540094568473221,0.28107806614003,0.0291551764157584,0.170748869442109,0.00386480996521938,0.00132297074313305,"source_specification","Lenis_U_PS_U_OM_OW_U",0.0682832434995976,2.34085505242059,0.122115582969476,"defined",1000,0,1000,0,1000,0,1000,0,0,0,0,0.0303744297874662,0.0001212314405429,1.04128236721508,0.0474203034178816,"all_requested","Copied authenticated original point report after54000row binding","R_minus_1",200,"B","Complete empirical comparison on 3000 existing saved Lenis No-response samples: 3 fixed finite populations,1000 selected samples/population,6 outcome effects,3 retained WM families,M3,PATT. Compare complete-contribution analytic and unchanged original fixed-reuse refit intervals/variances on identical points. External finite-population dependent-design empirical coverage and variance-calibration evidence; not iid theorem or nominal-coverage certification, raw S12 PS, critical/nested-law validation, cluster/stratum adjustment, estimated-weight inference or automatic analytic/refit variance agreement. Known No-response weights remain supplied; full-X reference centering and actual-graph/root inference premises remain unverified substantive assumptions."
1,6,"No","PATT","DSM",1000,"inclusive",1,0,0.898,0.00957057991973318,0.877554848934442,0.916064539959513,1000,0.898,0.00957057991973318,1000,0.823934190396957,0.0442862073640307,0,"analytic","WM_DSM_M3",1000,0,1.28846905015524,"all_requested","defined",1.27610776696446,-0.0123612831907813,0.0123612831907813,-0.959377579872174,0.0629150697343672,0.250828765763353,0.0079319020250106,0.61560671744928,0.0630049559867555,0.251007880328,0.00581470803885386,0.00291661060527465,"source_specification","Lenis_U_PS_U_OM_OW_U",0.100556272333698,1.59828595530856,0.0818773546061068,"defined",1000,0,1000,0,1000,0,1000,0,0,0,0,0.0442862073640307,0.000137733256277278,0.703904605860104,0.0326697746419649,"all_requested","Copied authenticated original point report after54000row binding","R_minus_1",200,"B","Complete empirical comparison on 3000 existing saved Lenis No-response samples: 3 fixed finite populations,1000 selected samples/population,6 outcome effects,3 retained WM families,M3,PATT. Compare complete-contribution analytic and unchanged original fixed-reuse refit intervals/variances on identical points. External finite-population dependent-design empirical coverage and variance-calibration evidence; not iid theorem or nominal-coverage certification, raw S12 PS, critical/nested-law validation, cluster/stratum adjustment, estimated-weight inference or automatic analytic/refit variance agreement. Known No-response weights remain supplied; full-X reference centering and actual-graph/root inference premises remain unverified substantive assumptions."
1,6,"No","PATT","DSM",1000,"inclusive",1,0,0.901,0.00944452222190196,0.880791517313793,0.918808871053031,1000,0.901,0.00944452222190196,1000,0.822648392122012,0.0442488809609669,0,"original_refit","WM_DSM_M3",1000,0,1.28846905015524,"all_requested","defined",1.27610776696446,-0.0123612831907813,0.0123612831907813,-0.959377579872174,0.0629150697343672,0.250828765763353,0.0079319020250106,0.61560671744928,0.0630049559867555,0.251007880328,0.00581470803885386,0.00291661060527465,"source_specification","Lenis_U_PS_U_OM_OW_U",0.100556272333698,1.59828595530856,0.0818773546061068,"defined",1000,0,1000,0,1000,0,1000,0,0,0,0,0.0442488809609669,0.000192229379975805,0.703311323468121,0.0327649678624933,"all_requested","Copied authenticated original point report after54000row binding","R_minus_1",200,"B","Complete empirical comparison on 3000 existing saved Lenis No-response samples: 3 fixed finite populations,1000 selected samples/population,6 outcome effects,3 retained WM families,M3,PATT. Compare complete-contribution analytic and unchanged original fixed-reuse refit intervals/variances on identical points. External finite-population dependent-design empirical coverage and variance-calibration evidence; not iid theorem or nominal-coverage certification, raw S12 PS, critical/nested-law validation, cluster/stratum adjustment, estimated-weight inference or automatic analytic/refit variance agreement. Known No-response weights remain supplied; full-X reference centering and actual-graph/root inference premises remain unverified substantive assumptions."
2,6,"No","PATT","DSM",1000,"inclusive",1,0,0.951,0.00682634602111555,0.93573394685983,0.963532940827952,1000,0.951,0.00682634602111555,1000,0.635389771274552,0.0263135952693491,0,"analytic","WM_DSM_M3",1000,0,1.32551510658005,"all_requested","defined",1.32057412585756,-0.00494098072249113,0.00494098072249113,-0.372759291686936,0.0260028897651264,0.161254115498261,0.00509930287050361,0.384703489623764,0.0260013001658613,0.161249186558759,0.00359130757916365,0.0011521904971592,"source_specification","Lenis_U_PS_U_OM_OW_U",0.0582225057958417,2.23907828405774,0.111829007002032,"defined",1000,0,1000,0,1000,0,1000,0,0,0,0,0.0263135952693491,6.47947635258169e-05,1.01194888364444,0.0449021566058811,"all_requested","Copied authenticated original point report after54000row binding","R_minus_1",200,"B","Complete empirical comparison on 3000 existing saved Lenis No-response samples: 3 fixed finite populations,1000 selected samples/population,6 outcome effects,3 retained WM families,M3,PATT. Compare complete-contribution analytic and unchanged original fixed-reuse refit intervals/variances on identical points. External finite-population dependent-design empirical coverage and variance-calibration evidence; not iid theorem or nominal-coverage certification, raw S12 PS, critical/nested-law validation, cluster/stratum adjustment, estimated-weight inference or automatic analytic/refit variance agreement. Known No-response weights remain supplied; full-X reference centering and actual-graph/root inference premises remain unverified substantive assumptions."
2,6,"No","PATT","DSM",1000,"inclusive",1,0,0.948,0.00702111102319284,0.932364985949493,0.96092346505602,1000,0.948,0.00702111102319284,1000,0.634046499951846,0.0262717736511251,0,"original_refit","WM_DSM_M3",1000,0,1.32551510658005,"all_requested","defined",1.32057412585756,-0.00494098072249113,0.00494098072249113,-0.372759291686936,0.0260028897651264,0.161254115498261,0.00509930287050361,0.384703489623764,0.0260013001658613,0.161249186558759,0.00359130757916365,0.0011521904971592,"source_specification","Lenis_U_PS_U_OM_OW_U",0.0582225057958417,2.23907828405774,0.111829007002032,"defined",1000,0,1000,0,1000,0,1000,0,0,0,0,0.0262717736511251,0.000107314016704807,1.0103405386258,0.0450466598548541,"all_requested","Copied authenticated original point report after54000row binding","R_minus_1",200,"B","Complete empirical comparison on 3000 existing saved Lenis No-response samples: 3 fixed finite populations,1000 selected samples/population,6 outcome effects,3 retained WM families,M3,PATT. Compare complete-contribution analytic and unchanged original fixed-reuse refit intervals/variances on identical points. External finite-population dependent-design empirical coverage and variance-calibration evidence; not iid theorem or nominal-coverage certification, raw S12 PS, critical/nested-law validation, cluster/stratum adjustment, estimated-weight inference or automatic analytic/refit variance agreement. Known No-response weights remain supplied; full-X reference centering and actual-graph/root inference premises remain unverified substantive assumptions."
3,6,"No","PATT","DSM",1000,"inclusive",1,0,0.961,0.00612200947402077,0.947069064214555,0.972122851204664,1000,0.961,0.00612200947402077,1000,0.752861988637912,0.0369376369895623,0,"analytic","WM_DSM_M3",1000,0,1.61303336527298,"all_requested","defined",1.61664569281444,0.00361232754145879,0.00361232754145879,0.223946238139188,0.0354975654004539,0.188407975947023,0.00595798333334811,0.369365163896645,0.0354751167453202,0.188348391937176,0.00428901878758298,0.00161951171889507,"source_specification","Lenis_U_PS_U_OM_OW_U",0.0738016824629325,2.07906321547305,0.104731226930614,"defined",1000,0,1000,0,1000,0,1000,0,0,0,0,0.0369376369895623,8.68133800457799e-05,1.04056817905292,0.0474362688013706,"all_requested","Copied authenticated original point report after54000row binding","R_minus_1",200,"B","Complete empirical comparison on 3000 existing saved Lenis No-response samples: 3 fixed finite populations,1000 selected samples/population,6 outcome effects,3 retained WM families,M3,PATT. Compare complete-contribution analytic and unchanged original fixed-reuse refit intervals/variances on identical points. External finite-population dependent-design empirical coverage and variance-calibration evidence; not iid theorem or nominal-coverage certification, raw S12 PS, critical/nested-law validation, cluster/stratum adjustment, estimated-weight inference or automatic analytic/refit variance agreement. Known No-response weights remain supplied; full-X reference centering and actual-graph/root inference premises remain unverified substantive assumptions."
3,6,"No","PATT","DSM",1000,"inclusive",1,0,0.96,0.00619677335393187,0.945927303180632,0.971272374714109,1000,0.96,0.00619677335393187,1000,0.754248734095508,0.0371683092216988,0,"original_refit","WM_DSM_M3",1000,0,1.61303336527298,"all_requested","defined",1.61664569281444,0.00361232754145879,0.00361232754145879,0.223946238139188,0.0354975654004539,0.188407975947023,0.00595798333334811,0.369365163896645,0.0354751167453202,0.188348391937176,0.00428901878758298,0.00161951171889507,"source_specification","Lenis_U_PS_U_OM_OW_U",0.0738016824629325,2.07906321547305,0.104731226930614,"defined",1000,0,1000,0,1000,0,1000,0,0,0,0,0.0371683092216988,0.000147610021424036,1.04706643406096,0.047942057113221,"all_requested","Copied authenticated original point report after54000row binding","R_minus_1",200,"B","Complete empirical comparison on 3000 existing saved Lenis No-response samples: 3 fixed finite populations,1000 selected samples/population,6 outcome effects,3 retained WM families,M3,PATT. Compare complete-contribution analytic and unchanged original fixed-reuse refit intervals/variances on identical points. External finite-population dependent-design empirical coverage and variance-calibration evidence; not iid theorem or nominal-coverage certification, raw S12 PS, critical/nested-law validation, cluster/stratum adjustment, estimated-weight inference or automatic analytic/refit variance agreement. Known No-response weights remain supplied; full-X reference centering and actual-graph/root inference premises remain unverified substantive assumptions."
1,1,"No","PATT","X6",1000,"inclusive",1,0,0.941,0.00745110730026082,0.924550926915759,0.954786645597203,1000,0.941,0.00745110730026082,1000,0.375084603768403,0.00918542594640483,0,"analytic","WM_X6_M3",1000,0,0.9970067570835,"all_requested","defined",0.994132931282598,-0.00287382580090191,0.00287382580090191,-0.288245368497661,0.00975977885067788,0.0987915930161969,0.00312406447607566,0.313344363403749,0.00975827794656114,0.0987839964091408,0.00229979425156789,0.000455757923839776,"source_specification","Lenis_U_PS_U_OM_OW_U",0.0665402553817404,6.81780359983451,0.415248345642593,"defined",1000,0,1000,0,1000,0,1000,0,0,0,0,0.00918542594640483,3.32738864805863e-05,0.941151032921903,0.0439364950466659,"all_requested","Copied authenticated original point report after54000row binding","R_minus_1",200,"B","Complete empirical comparison on 3000 existing saved Lenis No-response samples: 3 fixed finite populations,1000 selected samples/population,6 outcome effects,3 retained WM families,M3,PATT. Compare complete-contribution analytic and unchanged original fixed-reuse refit intervals/variances on identical points. External finite-population dependent-design empirical coverage and variance-calibration evidence; not iid theorem or nominal-coverage certification, raw S12 PS, critical/nested-law validation, cluster/stratum adjustment, estimated-weight inference or automatic analytic/refit variance agreement. Known No-response weights remain supplied; full-X reference centering and actual-graph/root inference premises remain unverified substantive assumptions."
1,1,"No","PATT","X6",1000,"inclusive",1,0,0.94,0.00750999334220744,0.923439509596065,0.953904964577516,1000,0.94,0.00750999334220744,1000,0.37476104785335,0.00919026007180257,0,"original_refit","WM_X6_M3",1000,0,0.9970067570835,"all_requested","defined",0.994132931282598,-0.00287382580090191,0.00287382580090191,-0.288245368497661,0.00975977885067788,0.0987915930161969,0.00312406447607566,0.313344363403749,0.00975827794656114,0.0987839964091408,0.00229979425156789,0.000455757923839776,"source_specification","Lenis_U_PS_U_OM_OW_U",0.0665402553817404,6.81780359983451,0.415248345642593,"defined",1000,0,1000,0,1000,0,1000,0,0,0,0,0.00919026007180257,4.33835141098326e-05,0.941646343878401,0.0440224432618272,"all_requested","Copied authenticated original point report after54000row binding","R_minus_1",200,"B","Complete empirical comparison on 3000 existing saved Lenis No-response samples: 3 fixed finite populations,1000 selected samples/population,6 outcome effects,3 retained WM families,M3,PATT. Compare complete-contribution analytic and unchanged original fixed-reuse refit intervals/variances on identical points. External finite-population dependent-design empirical coverage and variance-calibration evidence; not iid theorem or nominal-coverage certification, raw S12 PS, critical/nested-law validation, cluster/stratum adjustment, estimated-weight inference or automatic analytic/refit variance agreement. Known No-response weights remain supplied; full-X reference centering and actual-graph/root inference premises remain unverified substantive assumptions."
2,1,"No","PATT","X6",1000,"inclusive",1,0,0.948,0.00702111102319284,0.932364985949493,0.96092346505602,1000,0.948,0.00702111102319284,1000,0.316576816847583,0.00653469068239438,0,"analytic","WM_X6_M3",1000,0,0.997206524637631,"all_requested","defined",1.00195852148107,0.00475199684343724,0.00475199684343724,0.476530861564914,0.00648657189777874,0.0805392568737677,0.00254687492778478,0.255400949037139,0.00650266679988099,0.0806391145777345,0.00181912284410057,0.00029272656758981,"source_specification","Lenis_U_PS_U_OM_OW_U",0.0457356942598584,7.05082668944442,0.419629762833615,"defined",1000,0,1000,0,1000,0,1000,0,0,0,0,0.00653469068239438,1.80886690444732e-05,1.00741821494835,0.0454392904614403,"all_requested","Copied authenticated original point report after54000row binding","R_minus_1",200,"B","Complete empirical comparison on 3000 existing saved Lenis No-response samples: 3 fixed finite populations,1000 selected samples/population,6 outcome effects,3 retained WM families,M3,PATT. Compare complete-contribution analytic and unchanged original fixed-reuse refit intervals/variances on identical points. External finite-population dependent-design empirical coverage and variance-calibration evidence; not iid theorem or nominal-coverage certification, raw S12 PS, critical/nested-law validation, cluster/stratum adjustment, estimated-weight inference or automatic analytic/refit variance agreement. Known No-response weights remain supplied; full-X reference centering and actual-graph/root inference premises remain unverified substantive assumptions."
2,1,"No","PATT","X6",1000,"inclusive",1,0,0.944,0.00727076337120113,0.927892253716747,0.957424450313383,1000,0.944,0.00727076337120113,1000,0.315024109194882,0.00648704662106417,0,"original_refit","WM_X6_M3",1000,0,0.997206524637631,"all_requested","defined",1.00195852148107,0.00475199684343724,0.00475199684343724,0.476530861564914,0.00648657189777874,0.0805392568737677,0.00254687492778478,0.255400949037139,0.00650266679988099,0.0806391145777345,0.00181912284410057,0.00029272656758981,"source_specification","Lenis_U_PS_U_OM_OW_U",0.0457356942598584,7.05082668944442,0.419629762833615,"defined",1000,0,1000,0,1000,0,1000,0,0,0,0,0.00648704662106417,2.74464837633055e-05,1.00007318554283,0.045212090673167,"all_requested","Copied authenticated original point report after54000row binding","R_minus_1",200,"B","Complete empirical comparison on 3000 existing saved Lenis No-response samples: 3 fixed finite populations,1000 selected samples/population,6 outcome effects,3 retained WM families,M3,PATT. Compare complete-contribution analytic and unchanged original fixed-reuse refit intervals/variances on identical points. External finite-population dependent-design empirical coverage and variance-calibration evidence; not iid theorem or nominal-coverage certification, raw S12 PS, critical/nested-law validation, cluster/stratum adjustment, estimated-weight inference or automatic analytic/refit variance agreement. Known No-response weights remain supplied; full-X reference centering and actual-graph/root inference premises remain unverified substantive assumptions."
3,1,"No","PATT","X6",1000,"inclusive",1,0,0.952,0.00675988165576884,0.936859884598491,0.964399734657117,1000,0.952,0.00675988165576884,1000,0.320538950792197,0.00669923945229121,0,"analytic","WM_X6_M3",1000,0,0.950299318654713,"all_requested","defined",0.956640890244116,0.00634157158940334,0.00634157158940334,0.667323596357068,0.00672941088919047,0.0820329865919221,0.00259411080896527,0.272978287792273,0.0067628970085248,0.082236834864462,0.00176746468270313,0.000290015809367742,"source_specification","Lenis_U_PS_U_OM_OW_U",0.050052331602762,7.43784744711631,0.431435346898525,"defined",1000,0,1000,0,1000,0,1000,0,0,0,0,0.00669923945229121,1.84919478307587e-05,0.995516481695638,0.0429503730258594,"all_requested","Copied authenticated original point report after54000row binding","R_minus_1",200,"B","Complete empirical comparison on 3000 existing saved Lenis No-response samples: 3 fixed finite populations,1000 selected samples/population,6 outcome effects,3 retained WM families,M3,PATT. Compare complete-contribution analytic and unchanged original fixed-reuse refit intervals/variances on identical points. External finite-population dependent-design empirical coverage and variance-calibration evidence; not iid theorem or nominal-coverage certification, raw S12 PS, critical/nested-law validation, cluster/stratum adjustment, estimated-weight inference or automatic analytic/refit variance agreement. Known No-response weights remain supplied; full-X reference centering and actual-graph/root inference premises remain unverified substantive assumptions."
3,1,"No","PATT","X6",1000,"inclusive",1,0,0.947,0.00708456067798138,0.931244816710037,0.960050747639981,1000,0.947,0.00708456067798138,1000,0.320212169681606,0.00670298995433096,0,"original_refit","WM_X6_M3",1000,0,0.950299318654713,"all_requested","defined",0.956640890244116,0.00634157158940334,0.00634157158940334,0.667323596357068,0.00672941088919047,0.0820329865919221,0.00259411080896527,0.272978287792273,0.0067628970085248,0.082236834864462,0.00176746468270313,0.000290015809367742,"source_specification","Lenis_U_PS_U_OM_OW_U",0.050052331602762,7.43784744711631,0.431435346898525,"defined",1000,0,1000,0,1000,0,1000,0,0,0,0,0.00670298995433096,2.86124803851583e-05,0.996073811616712,0.0429845432583928,"all_requested","Copied authenticated original point report after54000row binding","R_minus_1",200,"B","Complete empirical comparison on 3000 existing saved Lenis No-response samples: 3 fixed finite populations,1000 selected samples/population,6 outcome effects,3 retained WM families,M3,PATT. Compare complete-contribution analytic and unchanged original fixed-reuse refit intervals/variances on identical points. External finite-population dependent-design empirical coverage and variance-calibration evidence; not iid theorem or nominal-coverage certification, raw S12 PS, critical/nested-law validation, cluster/stratum adjustment, estimated-weight inference or automatic analytic/refit variance agreement. Known No-response weights remain supplied; full-X reference centering and actual-graph/root inference premises remain unverified substantive assumptions."
1,2,"No","PATT","X6",1000,"inclusive",1,0,0.929,0.00812151463706124,0.911283559113213,0.944135351750103,1000,0.929,0.00812151463706124,1000,0.419834856127394,0.011508695697337,0,"analytic","WM_X6_M3",1000,0,1.72128921416505,"all_requested","defined",1.71585548986908,-0.00543372429596743,0.00543372429596743,-0.315677589288979,0.0134375744867477,0.115920552477754,0.00366572973454777,0.212964195928336,0.0134536622719855,0.115989923148459,0.00253601648257372,0.000588894393254204,"source_specification","Lenis_U_PS_U_OM_OW_U",0.0688563970987795,5.1241685891071,0.298580992183073,"defined",1000,0,1000,0,1000,0,1000,0,0,0,0,0.011508695697337,4.2016604969217e-05,0.856456327642091,0.037485025396836,"all_requested","Copied authenticated original point report after54000row binding","R_minus_1",200,"B","Complete empirical comparison on 3000 existing saved Lenis No-response samples: 3 fixed finite populations,1000 selected samples/population,6 outcome effects,3 retained WM families,M3,PATT. Compare complete-contribution analytic and unchanged original fixed-reuse refit intervals/variances on identical points. External finite-population dependent-design empirical coverage and variance-calibration evidence; not iid theorem or nominal-coverage certification, raw S12 PS, critical/nested-law validation, cluster/stratum adjustment, estimated-weight inference or automatic analytic/refit variance agreement. Known No-response weights remain supplied; full-X reference centering and actual-graph/root inference premises remain unverified substantive assumptions."
1,2,"No","PATT","X6",1000,"inclusive",1,0,0.927,0.00822623850857729,0.909085824605499,0.942346374772067,1000,0.927,0.00822623850857729,1000,0.419013761835912,0.0114877105006976,0,"original_refit","WM_X6_M3",1000,0,1.72128921416505,"all_requested","defined",1.71585548986908,-0.00543372429596743,0.00543372429596743,-0.315677589288979,0.0134375744867477,0.115920552477754,0.00366572973454777,0.212964195928336,0.0134536622719855,0.115989923148459,0.00253601648257372,0.000588894393254204,"source_specification","Lenis_U_PS_U_OM_OW_U",0.0688563970987795,5.1241685891071,0.298580992183073,"defined",1000,0,1000,0,1000,0,1000,0,0,0,0,0.0114877105006976,5.35567670741468e-05,0.854894647246566,0.0375268032766086,"all_requested","Copied authenticated original point report after54000row binding","R_minus_1",200,"B","Complete empirical comparison on 3000 existing saved Lenis No-response samples: 3 fixed finite populations,1000 selected samples/population,6 outcome effects,3 retained WM families,M3,PATT. Compare complete-contribution analytic and unchanged original fixed-reuse refit intervals/variances on identical points. External finite-population dependent-design empirical coverage and variance-calibration evidence; not iid theorem or nominal-coverage certification, raw S12 PS, critical/nested-law validation, cluster/stratum adjustment, estimated-weight inference or automatic analytic/refit variance agreement. Known No-response weights remain supplied; full-X reference centering and actual-graph/root inference premises remain unverified substantive assumptions."
2,2,"No","PATT","X6",1000,"inclusive",1,0,0.943,0.00733150734842434,0.926777270539338,0.956546418063041,1000,0.943,0.00733150734842434,1000,0.348176507349765,0.0079050632448808,0,"analytic","WM_X6_M3",1000,0,1.80426724220893,"all_requested","defined",1.8069018177276,0.00263457551866953,0.00263457551866953,0.146019140459706,0.00777859491456306,0.0881963429772633,0.00278901325105548,0.154578722364928,0.00777775730781208,0.0881915943149464,0.0019617021846839,0.000346922998607722,"source_specification","Lenis_U_PS_U_OM_OW_U",0.0462057134602967,5.94011051710515,0.348430165022641,"defined",1000,0,1000,0,1000,0,1000,0,0,0,0,0.0079050632448808,2.23915986957282e-05,1.01625850577216,0.0453018365668416,"all_requested","Copied authenticated original point report after54000row binding","R_minus_1",200,"B","Complete empirical comparison on 3000 existing saved Lenis No-response samples: 3 fixed finite populations,1000 selected samples/population,6 outcome effects,3 retained WM families,M3,PATT. Compare complete-contribution analytic and unchanged original fixed-reuse refit intervals/variances on identical points. External finite-population dependent-design empirical coverage and variance-calibration evidence; not iid theorem or nominal-coverage certification, raw S12 PS, critical/nested-law validation, cluster/stratum adjustment, estimated-weight inference or automatic analytic/refit variance agreement. Known No-response weights remain supplied; full-X reference centering and actual-graph/root inference premises remain unverified substantive assumptions."
2,2,"No","PATT","X6",1000,"inclusive",1,0,0.943,0.00733150734842434,0.926777270539338,0.956546418063041,1000,0.943,0.00733150734842434,1000,0.34618847240209,0.00783504975530798,0,"original_refit","WM_X6_M3",1000,0,1.80426724220893,"all_requested","defined",1.8069018177276,0.00263457551866953,0.00263457551866953,0.146019140459706,0.00777859491456306,0.0881963429772633,0.00278901325105548,0.154578722364928,0.00777775730781208,0.0881915943149464,0.0019617021846839,0.000346922998607722,"source_specification","Lenis_U_PS_U_OM_OW_U",0.0462057134602967,5.94011051710515,0.348430165022641,"defined",1000,0,1000,0,1000,0,1000,0,0,0,0,0.00783504975530798,3.36520423601334e-05,1.00725771702537,0.0450244101803575,"all_requested","Copied authenticated original point report after54000row binding","R_minus_1",200,"B","Complete empirical comparison on 3000 existing saved Lenis No-response samples: 3 fixed finite populations,1000 selected samples/population,6 outcome effects,3 retained WM families,M3,PATT. Compare complete-contribution analytic and unchanged original fixed-reuse refit intervals/variances on identical points. External finite-population dependent-design empirical coverage and variance-calibration evidence; not iid theorem or nominal-coverage certification, raw S12 PS, critical/nested-law validation, cluster/stratum adjustment, estimated-weight inference or automatic analytic/refit variance agreement. Known No-response weights remain supplied; full-X reference centering and actual-graph/root inference premises remain unverified substantive assumptions."
3,2,"No","PATT","X6",1000,"inclusive",1,0,0.952,0.00675988165576884,0.936859884598491,0.964399734657117,1000,0.952,0.00675988165576884,1000,0.355317852257306,0.00823160727750298,0,"analytic","WM_X6_M3",1000,0,1.92840265398961,"all_requested","defined",1.93298551514152,0.0045828611519116,0.0045828611519116,0.237650634966212,0.00822168977281204,0.0906735340262639,0.00286734891019772,0.148690363201147,0.00823447069937693,0.090743984370188,0.00196856481251444,0.000357680648983156,"source_specification","Lenis_U_PS_U_OM_OW_U",0.0520522201509048,6.33108540814007,0.361377820563516,"defined",1000,0,1000,0,1000,0,1000,0,0,0,0,0.00823160727750298,2.25010499072322e-05,1.00120626111724,0.0436301447826132,"all_requested","Copied authenticated original point report after54000row binding","R_minus_1",200,"B","Complete empirical comparison on 3000 existing saved Lenis No-response samples: 3 fixed finite populations,1000 selected samples/population,6 outcome effects,3 retained WM families,M3,PATT. Compare complete-contribution analytic and unchanged original fixed-reuse refit intervals/variances on identical points. External finite-population dependent-design empirical coverage and variance-calibration evidence; not iid theorem or nominal-coverage certification, raw S12 PS, critical/nested-law validation, cluster/stratum adjustment, estimated-weight inference or automatic analytic/refit variance agreement. Known No-response weights remain supplied; full-X reference centering and actual-graph/root inference premises remain unverified substantive assumptions."
3,2,"No","PATT","X6",1000,"inclusive",1,0,0.951,0.00682634602111555,0.93573394685983,0.963532940827952,1000,0.951,0.00682634602111555,1000,0.354949658240265,0.00823593346438664,0,"original_refit","WM_X6_M3",1000,0,1.92840265398961,"all_requested","defined",1.93298551514152,0.0045828611519116,0.0045828611519116,0.237650634966212,0.00822168977281204,0.0906735340262639,0.00286734891019772,0.148690363201147,0.00823447069937693,0.090743984370188,0.00196856481251444,0.000357680648983156,"source_specification","Lenis_U_PS_U_OM_OW_U",0.0520522201509048,6.33108540814007,0.361377820563516,"defined",1000,0,1000,0,1000,0,1000,0,0,0,0,0.00823593346438664,3.48780579425436e-05,1.00173245305627,0.043617493852211,"all_requested","Copied authenticated original point report after54000row binding","R_minus_1",200,"B","Complete empirical comparison on 3000 existing saved Lenis No-response samples: 3 fixed finite populations,1000 selected samples/population,6 outcome effects,3 retained WM families,M3,PATT. Compare complete-contribution analytic and unchanged original fixed-reuse refit intervals/variances on identical points. External finite-population dependent-design empirical coverage and variance-calibration evidence; not iid theorem or nominal-coverage certification, raw S12 PS, critical/nested-law validation, cluster/stratum adjustment, estimated-weight inference or automatic analytic/refit variance agreement. Known No-response weights remain supplied; full-X reference centering and actual-graph/root inference premises remain unverified substantive assumptions."
1,3,"No","PATT","X6",1000,"inclusive",1,0,0.906,0.00922843432007835,0.886197561281025,0.923371007072622,1000,0.906,0.00922843432007835,1000,0.634936978711149,0.0263076449171568,0,"analytic","WM_X6_M3",1000,0,2.23586041281618,"all_requested","defined",2.22509140680653,-0.010769006009648,0.010769006009648,-0.481649299210224,0.0356690038837639,0.188862394043293,0.00597235329529022,0.267116554372361,0.035749306370316,0.189074869748245,0.00422518620704807,0.00159433181442772,"source_specification","Lenis_U_PS_U_OM_OW_U",0.0830840598270202,2.32930698310975,0.12674879665798,"defined",1000,0,1000,0,1000,0,1000,0,0,0,0,0.0263076449171568,8.70467376281183e-05,0.737549189848045,0.0329820620628633,"all_requested","Copied authenticated original point report after54000row binding","R_minus_1",200,"B","Complete empirical comparison on 3000 existing saved Lenis No-response samples: 3 fixed finite populations,1000 selected samples/population,6 outcome effects,3 retained WM families,M3,PATT. Compare complete-contribution analytic and unchanged original fixed-reuse refit intervals/variances on identical points. External finite-population dependent-design empirical coverage and variance-calibration evidence; not iid theorem or nominal-coverage certification, raw S12 PS, critical/nested-law validation, cluster/stratum adjustment, estimated-weight inference or automatic analytic/refit variance agreement. Known No-response weights remain supplied; full-X reference centering and actual-graph/root inference premises remain unverified substantive assumptions."
1,3,"No","PATT","X6",1000,"inclusive",1,0,0.902,0.00940191469861325,0.881871545568764,0.919722494548995,1000,0.902,0.00940191469861325,1000,0.633406905638229,0.0262357907378023,0,"original_refit","WM_X6_M3",1000,0,2.23586041281618,"all_requested","defined",2.22509140680653,-0.010769006009648,0.010769006009648,-0.481649299210224,0.0356690038837639,0.188862394043293,0.00597235329529022,0.267116554372361,0.035749306370316,0.189074869748245,0.00422518620704807,0.00159433181442772,"source_specification","Lenis_U_PS_U_OM_OW_U",0.0830840598270202,2.32930698310975,0.12674879665798,"defined",1000,0,1000,0,1000,0,1000,0,0,0,0,0.0262357907378023,0.00011541038685539,0.735534718695761,0.0330228165338068,"all_requested","Copied authenticated original point report after54000row binding","R_minus_1",200,"B","Complete empirical comparison on 3000 existing saved Lenis No-response samples: 3 fixed finite populations,1000 selected samples/population,6 outcome effects,3 retained WM families,M3,PATT. Compare complete-contribution analytic and unchanged original fixed-reuse refit intervals/variances on identical points. External finite-population dependent-design empirical coverage and variance-calibration evidence; not iid theorem or nominal-coverage certification, raw S12 PS, critical/nested-law validation, cluster/stratum adjustment, estimated-weight inference or automatic analytic/refit variance agreement. Known No-response weights remain supplied; full-X reference centering and actual-graph/root inference premises remain unverified substantive assumptions."
2,3,"No","PATT","X6",1000,"inclusive",1,0,0.947,0.00708456067798138,0.931244816710037,0.960050747639981,1000,0.947,0.00708456067798138,1000,0.479367079413113,0.0149814812535234,0,"analytic","WM_X6_M3",1000,0,2.22558410382016,"all_requested","defined",2.22505602266262,-0.000528081157542535,0.000528081157542535,-0.023727755632155,0.01486465737887,0.121920701190856,0.00385547109687908,0.173234122685423,0.0148500715912001,0.121860869811437,0.00270289911798838,0.000658929673116222,"source_specification","Lenis_U_PS_U_OM_OW_U",0.050648207086165,3.40729058162895,0.187825750037466,"defined",1000,0,1000,0,1000,0,1000,0,0,0,0,0.0149814812535234,4.01483672071142e-05,1.00785917035797,0.0446799054442216,"all_requested","Copied authenticated original point report after54000row binding","R_minus_1",200,"B","Complete empirical comparison on 3000 existing saved Lenis No-response samples: 3 fixed finite populations,1000 selected samples/population,6 outcome effects,3 retained WM families,M3,PATT. Compare complete-contribution analytic and unchanged original fixed-reuse refit intervals/variances on identical points. External finite-population dependent-design empirical coverage and variance-calibration evidence; not iid theorem or nominal-coverage certification, raw S12 PS, critical/nested-law validation, cluster/stratum adjustment, estimated-weight inference or automatic analytic/refit variance agreement. Known No-response weights remain supplied; full-X reference centering and actual-graph/root inference premises remain unverified substantive assumptions."
2,3,"No","PATT","X6",1000,"inclusive",1,0,0.944,0.00727076337120113,0.927892253716747,0.957424450313383,1000,0.944,0.00727076337120113,1000,0.476894672250488,0.0148657037796503,0,"original_refit","WM_X6_M3",1000,0,2.22558410382016,"all_requested","defined",2.22505602266262,-0.000528081157542535,0.000528081157542535,-0.023727755632155,0.01486465737887,0.121920701190856,0.00385547109687908,0.173234122685423,0.0148500715912001,0.121860869811437,0.00270289911798838,0.000658929673116222,"source_specification","Lenis_U_PS_U_OM_OW_U",0.050648207086165,3.40729058162895,0.187825750037466,"defined",1000,0,1000,0,1000,0,1000,0,0,0,0,0.0148657037796503,6.23810907492117e-05,1.0000703952169,0.0444937975420246,"all_requested","Copied authenticated original point report after54000row binding","R_minus_1",200,"B","Complete empirical comparison on 3000 existing saved Lenis No-response samples: 3 fixed finite populations,1000 selected samples/population,6 outcome effects,3 retained WM families,M3,PATT. Compare complete-contribution analytic and unchanged original fixed-reuse refit intervals/variances on identical points. External finite-population dependent-design empirical coverage and variance-calibration evidence; not iid theorem or nominal-coverage certification, raw S12 PS, critical/nested-law validation, cluster/stratum adjustment, estimated-weight inference or automatic analytic/refit variance agreement. Known No-response weights remain supplied; full-X reference centering and actual-graph/root inference premises remain unverified substantive assumptions."
3,3,"No","PATT","X6",1000,"inclusive",1,0,0.953,0.00669260786241059,0.937987369306695,0.965264937733204,1000,0.953,0.00669260786241059,1000,0.466121336708065,0.0141635279634861,0,"analytic","WM_X6_M3",1000,0,2.52090906809517,"all_requested","defined",2.52354950254974,0.00264043445457348,0.00264043445457348,0.104741360487415,0.0138128948555564,0.117528272579649,0.00371657030816805,0.147429764730718,0.0138060538548097,0.117499165336651,0.0025704833522606,0.000604689905395804,"source_specification","Lenis_U_PS_U_OM_OW_U",0.0567680846460327,4.10978909487588,0.226010549566985,"defined",1000,0,1000,0,1000,0,1000,0,0,0,0,0.0141635279634861,3.67750948309939e-05,1.02538447672239,0.0449649840581074,"all_requested","Copied authenticated original point report after54000row binding","R_minus_1",200,"B","Complete empirical comparison on 3000 existing saved Lenis No-response samples: 3 fixed finite populations,1000 selected samples/population,6 outcome effects,3 retained WM families,M3,PATT. Compare complete-contribution analytic and unchanged original fixed-reuse refit intervals/variances on identical points. External finite-population dependent-design empirical coverage and variance-calibration evidence; not iid theorem or nominal-coverage certification, raw S12 PS, critical/nested-law validation, cluster/stratum adjustment, estimated-weight inference or automatic analytic/refit variance agreement. Known No-response weights remain supplied; full-X reference centering and actual-graph/root inference premises remain unverified substantive assumptions."
3,3,"No","PATT","X6",1000,"inclusive",1,0,0.956,0.00648567652600714,0.941379580793669,0.967850502989129,1000,0.956,0.00648567652600714,1000,0.465704726454364,0.0141729851149651,0,"original_refit","WM_X6_M3",1000,0,2.52090906809517,"all_requested","defined",2.52354950254974,0.00264043445457348,0.00264043445457348,0.104741360487415,0.0138128948555564,0.117528272579649,0.00371657030816805,0.147429764730718,0.0138060538548097,0.117499165336651,0.0025704833522606,0.000604689905395804,"source_specification","Lenis_U_PS_U_OM_OW_U",0.0567680846460327,4.10978909487588,0.226010549566985,"defined",1000,0,1000,0,1000,0,1000,0,0,0,0,0.0141729851149651,5.77703198907261e-05,1.02606913780017,0.0450000703704382,"all_requested","Copied authenticated original point report after54000row binding","R_minus_1",200,"B","Complete empirical comparison on 3000 existing saved Lenis No-response samples: 3 fixed finite populations,1000 selected samples/population,6 outcome effects,3 retained WM families,M3,PATT. Compare complete-contribution analytic and unchanged original fixed-reuse refit intervals/variances on identical points. External finite-population dependent-design empirical coverage and variance-calibration evidence; not iid theorem or nominal-coverage certification, raw S12 PS, critical/nested-law validation, cluster/stratum adjustment, estimated-weight inference or automatic analytic/refit variance agreement. Known No-response weights remain supplied; full-X reference centering and actual-graph/root inference premises remain unverified substantive assumptions."
1,4,"No","PATT","X6",1000,"inclusive",1,0,0.902,0.00940191469861325,0.881871545568764,0.919722494548995,1000,0.902,0.00940191469861325,1000,0.710685366413208,0.0329526050020079,0,"analytic","WM_X6_M3",1000,0,1.82983554310434,"all_requested","defined",1.81733666174646,-0.0124988813578846,0.0124988813578846,-0.683060365997704,0.045540004859879,0.213401042312073,0.00674833348760114,0.36879453528116,0.0456506868902175,0.213660213634213,0.00481226652751195,0.00205279264570466,"source_specification","Lenis_U_PS_U_OM_OW_U",0.0896498751373919,1.96859608191157,0.103961489438994,"defined",1000,0,1000,0,1000,0,1000,0,0,0,0,0.0329526050020079,0.000104943888223233,0.723596870562466,0.0326520714336442,"all_requested","Copied authenticated original point report after54000row binding","R_minus_1",200,"B","Complete empirical comparison on 3000 existing saved Lenis No-response samples: 3 fixed finite populations,1000 selected samples/population,6 outcome effects,3 retained WM families,M3,PATT. Compare complete-contribution analytic and unchanged original fixed-reuse refit intervals/variances on identical points. External finite-population dependent-design empirical coverage and variance-calibration evidence; not iid theorem or nominal-coverage certification, raw S12 PS, critical/nested-law validation, cluster/stratum adjustment, estimated-weight inference or automatic analytic/refit variance agreement. Known No-response weights remain supplied; full-X reference centering and actual-graph/root inference premises remain unverified substantive assumptions."
1,4,"No","PATT","X6",1000,"inclusive",1,0,0.905,0.00927227048785787,0.885115155595548,0.922459792918345,1000,0.905,0.00927227048785787,1000,0.709073877422862,0.0328733716678624,0,"original_refit","WM_X6_M3",1000,0,1.82983554310434,"all_requested","defined",1.81733666174646,-0.0124988813578846,0.0124988813578846,-0.683060365997704,0.045540004859879,0.213401042312073,0.00674833348760114,0.36879453528116,0.0456506868902175,0.213660213634213,0.00481226652751195,0.00205279264570466,"source_specification","Lenis_U_PS_U_OM_OW_U",0.0896498751373919,1.96859608191157,0.103961489438994,"defined",1000,0,1000,0,1000,0,1000,0,0,0,0,0.0328733716678624,0.000142248760790903,0.721857008338266,0.0327035418809391,"all_requested","Copied authenticated original point report after54000row binding","R_minus_1",200,"B","Complete empirical comparison on 3000 existing saved Lenis No-response samples: 3 fixed finite populations,1000 selected samples/population,6 outcome effects,3 retained WM families,M3,PATT. Compare complete-contribution analytic and unchanged original fixed-reuse refit intervals/variances on identical points. External finite-population dependent-design empirical coverage and variance-calibration evidence; not iid theorem or nominal-coverage certification, raw S12 PS, critical/nested-law validation, cluster/stratum adjustment, estimated-weight inference or automatic analytic/refit variance agreement. Known No-response weights remain supplied; full-X reference centering and actual-graph/root inference premises remain unverified substantive assumptions."
2,4,"No","PATT","X6",1000,"inclusive",1,0,0.948,0.00702111102319284,0.932364985949493,0.96092346505602,1000,0.948,0.00702111102319284,1000,0.540684491848742,0.0190568669509643,0,"analytic","WM_X6_M3",1000,0,1.83984024786014,"all_requested","defined",1.8382669313511,-0.00157331650903596,0.00157331650903596,-0.0855137564723804,0.0189826512506107,0.137777542620743,0.00435690845102473,0.236809062965772,0.0189661439241977,0.13771762386927,0.00305047050506813,0.000839334592203416,"source_specification","Lenis_U_PS_U_OM_OW_U",0.0534216262030459,2.81423419193498,0.150670648844389,"defined",1000,0,1000,0,1000,0,1000,0,0,0,0,0.0190568669509643,4.922443139451e-05,1.00390965937127,0.044404061969925,"all_requested","Copied authenticated original point report after54000row binding","R_minus_1",200,"B","Complete empirical comparison on 3000 existing saved Lenis No-response samples: 3 fixed finite populations,1000 selected samples/population,6 outcome effects,3 retained WM families,M3,PATT. Compare complete-contribution analytic and unchanged original fixed-reuse refit intervals/variances on identical points. External finite-population dependent-design empirical coverage and variance-calibration evidence; not iid theorem or nominal-coverage certification, raw S12 PS, critical/nested-law validation, cluster/stratum adjustment, estimated-weight inference or automatic analytic/refit variance agreement. Known No-response weights remain supplied; full-X reference centering and actual-graph/root inference premises remain unverified substantive assumptions."
2,4,"No","PATT","X6",1000,"inclusive",1,0,0.947,0.00708456067798138,0.931244816710037,0.960050747639981,1000,0.947,0.00708456067798138,1000,0.538130242104657,0.0189262464884575,0,"original_refit","WM_X6_M3",1000,0,1.83984024786014,"all_requested","defined",1.8382669313511,-0.00157331650903596,0.00157331650903596,-0.0855137564723804,0.0189826512506107,0.137777542620743,0.00435690845102473,0.236809062965772,0.0189661439241977,0.13771762386927,0.00305047050506813,0.000839334592203416,"source_specification","Lenis_U_PS_U_OM_OW_U",0.0534216262030459,2.81423419193498,0.150670648844389,"defined",1000,0,1000,0,1000,0,1000,0,0,0,0,0.0189262464884575,7.83125902519392e-05,0.997028615159784,0.0442610023632106,"all_requested","Copied authenticated original point report after54000row binding","R_minus_1",200,"B","Complete empirical comparison on 3000 existing saved Lenis No-response samples: 3 fixed finite populations,1000 selected samples/population,6 outcome effects,3 retained WM families,M3,PATT. Compare complete-contribution analytic and unchanged original fixed-reuse refit intervals/variances on identical points. External finite-population dependent-design empirical coverage and variance-calibration evidence; not iid theorem or nominal-coverage certification, raw S12 PS, critical/nested-law validation, cluster/stratum adjustment, estimated-weight inference or automatic analytic/refit variance agreement. Known No-response weights remain supplied; full-X reference centering and actual-graph/root inference premises remain unverified substantive assumptions."
3,4,"No","PATT","X6",1000,"inclusive",1,0,0.957,0.00641490451994416,0.942513742038028,0.968708829543907,1000,0.957,0.00641490451994416,1000,0.607395472187245,0.0240441413573437,0,"analytic","WM_X6_M3",1000,0,2.2299884392399,"all_requested","defined",2.23174869086619,0.00176025162628533,0.00176025162628533,0.0789354597230702,0.0231094065533112,0.152017783674514,0.00480722441262224,0.215571719029216,0.0230893956325458,0.151951951723384,0.0033467113971027,0.00101821357780128,"source_specification","Lenis_U_PS_U_OM_OW_U",0.0638777792512391,2.76414624079069,0.144136945574632,"defined",1000,0,1000,0,1000,0,1000,0,0,0,0,0.0240441413573437,5.77312073749967e-05,1.04044823919974,0.0458653518834073,"all_requested","Copied authenticated original point report after54000row binding","R_minus_1",200,"B","Complete empirical comparison on 3000 existing saved Lenis No-response samples: 3 fixed finite populations,1000 selected samples/population,6 outcome effects,3 retained WM families,M3,PATT. Compare complete-contribution analytic and unchanged original fixed-reuse refit intervals/variances on identical points. External finite-population dependent-design empirical coverage and variance-calibration evidence; not iid theorem or nominal-coverage certification, raw S12 PS, critical/nested-law validation, cluster/stratum adjustment, estimated-weight inference or automatic analytic/refit variance agreement. Known No-response weights remain supplied; full-X reference centering and actual-graph/root inference premises remain unverified substantive assumptions."
3,4,"No","PATT","X6",1000,"inclusive",1,0,0.961,0.00612200947402077,0.947069064214555,0.972122851204664,1000,0.961,0.00612200947402077,1000,0.606919027632882,0.0240657713763484,0,"original_refit","WM_X6_M3",1000,0,2.2299884392399,"all_requested","defined",2.23174869086619,0.00176025162628533,0.00176025162628533,0.0789354597230702,0.0231094065533112,0.152017783674514,0.00480722441262224,0.215571719029216,0.0230893956325458,0.151951951723384,0.0033467113971027,0.00101821357780128,"source_specification","Lenis_U_PS_U_OM_OW_U",0.0638777792512391,2.76414624079069,0.144136945574632,"defined",1000,0,1000,0,1000,0,1000,0,0,0,0,0.0240657713763484,9.53578075773789e-05,1.04138422251696,0.0460041257446863,"all_requested","Copied authenticated original point report after54000row binding","R_minus_1",200,"B","Complete empirical comparison on 3000 existing saved Lenis No-response samples: 3 fixed finite populations,1000 selected samples/population,6 outcome effects,3 retained WM families,M3,PATT. Compare complete-contribution analytic and unchanged original fixed-reuse refit intervals/variances on identical points. External finite-population dependent-design empirical coverage and variance-calibration evidence; not iid theorem or nominal-coverage certification, raw S12 PS, critical/nested-law validation, cluster/stratum adjustment, estimated-weight inference or automatic analytic/refit variance agreement. Known No-response weights remain supplied; full-X reference centering and actual-graph/root inference premises remain unverified substantive assumptions."
1,5,"No","PATT","X6",1000,"inclusive",1,0,0.903,0.00935900635751467,0.882952156019713,0.920635528170636,1000,0.903,0.00935900635751467,1000,0.707545474576921,0.0326622704124904,0,"analytic","WM_X6_M3",1000,0,1.36283868534837,"all_requested","defined",1.3502320616287,-0.0126066237196744,0.0126066237196744,-0.925026846919297,0.0450705707494643,0.212298306044736,0.00671346190496857,0.492608698090521,0.0451844271403243,0.212566288814394,0.00478869546363002,0.00203247178795511,"source_specification","Lenis_U_PS_U_OM_OW_U",0.0897373454765862,1.99104080521663,0.105274309313358,"defined",1000,0,1000,0,1000,0,1000,0,0,0,0,0.0326622704124904,0.000104141171347401,0.724691741625628,0.0327120122965256,"all_requested","Copied authenticated original point report after54000row binding","R_minus_1",200,"B","Complete empirical comparison on 3000 existing saved Lenis No-response samples: 3 fixed finite populations,1000 selected samples/population,6 outcome effects,3 retained WM families,M3,PATT. Compare complete-contribution analytic and unchanged original fixed-reuse refit intervals/variances on identical points. External finite-population dependent-design empirical coverage and variance-calibration evidence; not iid theorem or nominal-coverage certification, raw S12 PS, critical/nested-law validation, cluster/stratum adjustment, estimated-weight inference or automatic analytic/refit variance agreement. Known No-response weights remain supplied; full-X reference centering and actual-graph/root inference premises remain unverified substantive assumptions."
1,5,"No","PATT","X6",1000,"inclusive",1,0,0.906,0.00922843432007835,0.886197561281025,0.923371007072622,1000,0.906,0.00922843432007835,1000,0.706019237225731,0.0325910019972519,0,"original_refit","WM_X6_M3",1000,0,1.36283868534837,"all_requested","defined",1.3502320616287,-0.0126066237196744,0.0126066237196744,-0.925026846919297,0.0450705707494643,0.212298306044736,0.00671346190496857,0.492608698090521,0.0451844271403243,0.212566288814394,0.00478869546363002,0.00203247178795511,"source_specification","Lenis_U_PS_U_OM_OW_U",0.0897373454765862,1.99104080521663,0.105274309313358,"defined",1000,0,1000,0,1000,0,1000,0,0,0,0,0.0325910019972519,0.000141136038206338,0.723110478862513,0.0327725021376266,"all_requested","Copied authenticated original point report after54000row binding","R_minus_1",200,"B","Complete empirical comparison on 3000 existing saved Lenis No-response samples: 3 fixed finite populations,1000 selected samples/population,6 outcome effects,3 retained WM families,M3,PATT. Compare complete-contribution analytic and unchanged original fixed-reuse refit intervals/variances on identical points. External finite-population dependent-design empirical coverage and variance-calibration evidence; not iid theorem or nominal-coverage certification, raw S12 PS, critical/nested-law validation, cluster/stratum adjustment, estimated-weight inference or automatic analytic/refit variance agreement. Known No-response weights remain supplied; full-X reference centering and actual-graph/root inference premises remain unverified substantive assumptions."
2,5,"No","PATT","X6",1000,"inclusive",1,0,0.951,0.00682634602111555,0.93573394685983,0.963532940827952,1000,0.951,0.00682634602111555,1000,0.584133976056622,0.0222410121611202,0,"analytic","WM_X6_M3",1000,0,1.5826776772201,"all_requested","defined",1.58040753714343,-0.00227014007667138,0.00227014007667138,-0.143436664922119,0.0222012140757495,0.149000718373267,0.00471181643060821,0.297711688136292,0.0221841663976414,0.148943500689494,0.00329822118649089,0.000980781203113684,"source_specification","Lenis_U_PS_U_OM_OW_U",0.055664496365593,2.50727262822963,0.1314760193893,"defined",1000,0,1000,0,1000,0,1000,0,0,0,0,0.0222410121611202,5.60670651448934e-05,1.00179260851388,0.0442785828653899,"all_requested","Copied authenticated original point report after54000row binding","R_minus_1",200,"B","Complete empirical comparison on 3000 existing saved Lenis No-response samples: 3 fixed finite populations,1000 selected samples/population,6 outcome effects,3 retained WM families,M3,PATT. Compare complete-contribution analytic and unchanged original fixed-reuse refit intervals/variances on identical points. External finite-population dependent-design empirical coverage and variance-calibration evidence; not iid theorem or nominal-coverage certification, raw S12 PS, critical/nested-law validation, cluster/stratum adjustment, estimated-weight inference or automatic analytic/refit variance agreement. Known No-response weights remain supplied; full-X reference centering and actual-graph/root inference premises remain unverified substantive assumptions."
2,5,"No","PATT","X6",1000,"inclusive",1,0,0.947,0.00708456067798138,0.931244816710037,0.960050747639981,1000,0.947,0.00708456067798138,1000,0.581532332105092,0.0221006402214846,0,"original_refit","WM_X6_M3",1000,0,1.5826776772201,"all_requested","defined",1.58040753714343,-0.00227014007667138,0.00227014007667138,-0.143436664922119,0.0222012140757495,0.149000718373267,0.00471181643060821,0.297711688136292,0.0221841663976414,0.148943500689494,0.00329822118649089,0.000980781203113684,"source_specification","Lenis_U_PS_U_OM_OW_U",0.055664496365593,2.50727262822963,0.1314760193893,"defined",1000,0,1000,0,1000,0,1000,0,0,0,0,0.0221006402214846,9.06163684850741e-05,0.995469893947162,0.0441602160203841,"all_requested","Copied authenticated original point report after54000row binding","R_minus_1",200,"B","Complete empirical comparison on 3000 existing saved Lenis No-response samples: 3 fixed finite populations,1000 selected samples/population,6 outcome effects,3 retained WM families,M3,PATT. Compare complete-contribution analytic and unchanged original fixed-reuse refit intervals/variances on identical points. External finite-population dependent-design empirical coverage and variance-calibration evidence; not iid theorem or nominal-coverage certification, raw S12 PS, critical/nested-law validation, cluster/stratum adjustment, estimated-weight inference or automatic analytic/refit variance agreement. Known No-response weights remain supplied; full-X reference centering and actual-graph/root inference premises remain unverified substantive assumptions."
3,5,"No","PATT","X6",1000,"inclusive",1,0,0.957,0.00641490451994416,0.942513742038028,0.968708829543907,1000,0.957,0.00641490451994416,1000,0.67537050705846,0.0297254228040301,0,"analytic","WM_X6_M3",1000,0,1.92151090225643,"all_requested","defined",1.92312418087484,0.00161327861840885,0.00161327861840885,0.0839588584438621,0.0284227641766628,0.168590522202948,0.00533130042078504,0.277453560868403,0.0283969440803867,0.168513928446247,0.00373290041092928,0.00125959576873579,"source_specification","Lenis_U_PS_U_OM_OW_U",0.0682832434995976,2.40241389173764,0.12173479825114,"defined",1000,0,1000,0,1000,0,1000,0,0,0,0,0.0297254228040301,7.0132557777113e-05,1.04583152501532,0.0463389403673407,"all_requested","Copied authenticated original point report after54000row binding","R_minus_1",200,"B","Complete empirical comparison on 3000 existing saved Lenis No-response samples: 3 fixed finite populations,1000 selected samples/population,6 outcome effects,3 retained WM families,M3,PATT. Compare complete-contribution analytic and unchanged original fixed-reuse refit intervals/variances on identical points. External finite-population dependent-design empirical coverage and variance-calibration evidence; not iid theorem or nominal-coverage certification, raw S12 PS, critical/nested-law validation, cluster/stratum adjustment, estimated-weight inference or automatic analytic/refit variance agreement. Known No-response weights remain supplied; full-X reference centering and actual-graph/root inference premises remain unverified substantive assumptions."
3,5,"No","PATT","X6",1000,"inclusive",1,0,0.962,0.00604615580348373,0.948212896378036,0.972971184017016,1000,0.962,0.00604615580348373,1000,0.674866982218141,0.0297551529445883,0,"original_refit","WM_X6_M3",1000,0,1.92151090225643,"all_requested","defined",1.92312418087484,0.00161327861840885,0.00161327861840885,0.0839588584438621,0.0284227641766628,0.168590522202948,0.00533130042078504,0.277453560868403,0.0283969440803867,0.168513928446247,0.00373290041092928,0.00125959576873579,"source_specification","Lenis_U_PS_U_OM_OW_U",0.0682832434995976,2.40241389173764,0.12173479825114,"defined",1000,0,1000,0,1000,0,1000,0,0,0,0,0.0297551529445883,0.000117476287094825,1.04687752252539,0.0465153149277931,"all_requested","Copied authenticated original point report after54000row binding","R_minus_1",200,"B","Complete empirical comparison on 3000 existing saved Lenis No-response samples: 3 fixed finite populations,1000 selected samples/population,6 outcome effects,3 retained WM families,M3,PATT. Compare complete-contribution analytic and unchanged original fixed-reuse refit intervals/variances on identical points. External finite-population dependent-design empirical coverage and variance-calibration evidence; not iid theorem or nominal-coverage certification, raw S12 PS, critical/nested-law validation, cluster/stratum adjustment, estimated-weight inference or automatic analytic/refit variance agreement. Known No-response weights remain supplied; full-X reference centering and actual-graph/root inference premises remain unverified substantive assumptions."
1,6,"No","PATT","X6",1000,"inclusive",1,0,0.903,0.00935900635751467,0.882952156019713,0.920635528170636,1000,0.903,0.00935900635751467,1000,0.818458882373422,0.0436951880400627,0,"analytic","WM_X6_M3",1000,0,1.28846905015524,"all_requested","defined",1.27366366833302,-0.0148053818222204,0.0148053818222204,-1.14906771105108,0.0614530650300318,0.247897287258316,0.00783920053513315,0.608412016896226,0.0616108112959035,0.248215251940535,0.00562067999616572,0.00278717269737815,"source_specification","Lenis_U_PS_U_OM_OW_U",0.100556272333698,1.63631012195334,0.0822919083956153,"defined",1000,0,1000,0,1000,0,1000,0,0,0,0,0.0436951880400627,0.000132905722228701,0.711033502050859,0.0323050976721729,"all_requested","Copied authenticated original point report after54000row binding","R_minus_1",200,"B","Complete empirical comparison on 3000 existing saved Lenis No-response samples: 3 fixed finite populations,1000 selected samples/population,6 outcome effects,3 retained WM families,M3,PATT. Compare complete-contribution analytic and unchanged original fixed-reuse refit intervals/variances on identical points. External finite-population dependent-design empirical coverage and variance-calibration evidence; not iid theorem or nominal-coverage certification, raw S12 PS, critical/nested-law validation, cluster/stratum adjustment, estimated-weight inference or automatic analytic/refit variance agreement. Known No-response weights remain supplied; full-X reference centering and actual-graph/root inference premises remain unverified substantive assumptions."
1,6,"No","PATT","X6",1000,"inclusive",1,0,0.901,0.00944452222190196,0.880791517313793,0.918808871053031,1000,0.901,0.00944452222190196,1000,0.816743803712405,0.0436073053937044,0,"original_refit","WM_X6_M3",1000,0,1.28846905015524,"all_requested","defined",1.27366366833302,-0.0148053818222204,0.0148053818222204,-1.14906771105108,0.0614530650300318,0.247897287258316,0.00783920053513315,0.608412016896226,0.0616108112959035,0.248215251940535,0.00562067999616572,0.00278717269737815,"source_specification","Lenis_U_PS_U_OM_OW_U",0.100556272333698,1.63631012195334,0.0822919083956153,"defined",1000,0,1000,0,1000,0,1000,0,0,0,0,0.0436073053937044,0.000185241740741541,0.709603424538609,0.0323682857819257,"all_requested","Copied authenticated original point report after54000row binding","R_minus_1",200,"B","Complete empirical comparison on 3000 existing saved Lenis No-response samples: 3 fixed finite populations,1000 selected samples/population,6 outcome effects,3 retained WM families,M3,PATT. Compare complete-contribution analytic and unchanged original fixed-reuse refit intervals/variances on identical points. External finite-population dependent-design empirical coverage and variance-calibration evidence; not iid theorem or nominal-coverage certification, raw S12 PS, critical/nested-law validation, cluster/stratum adjustment, estimated-weight inference or automatic analytic/refit variance agreement. Known No-response weights remain supplied; full-X reference centering and actual-graph/root inference premises remain unverified substantive assumptions."
2,6,"No","PATT","X6",1000,"inclusive",1,0,0.95,0.00689202437604511,0.934609512084506,0.962664602395338,1000,0.95,0.00689202437604511,1000,0.629146078115602,0.0257989345007657,0,"analytic","WM_X6_M3",1000,0,1.32551510658005,"all_requested","defined",1.32254814293575,-0.00296696364429637,0.00296696364429637,-0.2238347665423,0.0257983637627375,0.16061869057721,0.00507920897017808,0.383187558177508,0.0257813682722413,0.160565775532152,0.00355575670575589,0.00113920871825105,"source_specification","Lenis_U_PS_U_OM_OW_U",0.0582225057958417,2.2568293993876,0.115793804068925,"defined",1000,0,1000,0,1000,0,1000,0,0,0,0,0.0257989345007657,6.35511770475891e-05,1.00002212303204,0.0441878595003366,"all_requested","Copied authenticated original point report after54000row binding","R_minus_1",200,"B","Complete empirical comparison on 3000 existing saved Lenis No-response samples: 3 fixed finite populations,1000 selected samples/population,6 outcome effects,3 retained WM families,M3,PATT. Compare complete-contribution analytic and unchanged original fixed-reuse refit intervals/variances on identical points. External finite-population dependent-design empirical coverage and variance-calibration evidence; not iid theorem or nominal-coverage certification, raw S12 PS, critical/nested-law validation, cluster/stratum adjustment, estimated-weight inference or automatic analytic/refit variance agreement. Known No-response weights remain supplied; full-X reference centering and actual-graph/root inference premises remain unverified substantive assumptions."
2,6,"No","PATT","X6",1000,"inclusive",1,0,0.946,0.00714730718522718,0.930125994422933,0.959176648874369,1000,0.946,0.00714730718522718,1000,0.626499734845615,0.0256489261629028,0,"original_refit","WM_X6_M3",1000,0,1.32551510658005,"all_requested","defined",1.32254814293575,-0.00296696364429637,0.00296696364429637,-0.2238347665423,0.0257983637627375,0.16061869057721,0.00507920897017808,0.383187558177508,0.0257813682722413,0.160565775532152,0.00355575670575589,0.00113920871825105,"source_specification","Lenis_U_PS_U_OM_OW_U",0.0582225057958417,2.2568293993876,0.115793804068925,"defined",1000,0,1000,0,1000,0,1000,0,0,0,0,0.0256489261629028,0.000104278638940736,0.994207477605594,0.0440913516629584,"all_requested","Copied authenticated original point report after54000row binding","R_minus_1",200,"B","Complete empirical comparison on 3000 existing saved Lenis No-response samples: 3 fixed finite populations,1000 selected samples/population,6 outcome effects,3 retained WM families,M3,PATT. Compare complete-contribution analytic and unchanged original fixed-reuse refit intervals/variances on identical points. External finite-population dependent-design empirical coverage and variance-calibration evidence; not iid theorem or nominal-coverage certification, raw S12 PS, critical/nested-law validation, cluster/stratum adjustment, estimated-weight inference or automatic analytic/refit variance agreement. Known No-response weights remain supplied; full-X reference centering and actual-graph/root inference premises remain unverified substantive assumptions."
3,6,"No","PATT","X6",1000,"inclusive",1,0,0.961,0.00612200947402077,0.947069064214555,0.972122851204664,1000,0.961,0.00612200947402077,1000,0.748417799092381,0.0365022939904843,0,"analytic","WM_X6_M3",1000,0,1.61303336527298,"all_requested","defined",1.61449967088349,0.00146630561051243,0.00146630561051243,0.0909036131601826,0.0347409260941205,0.186389179122932,0.00589414337237571,0.365407405653895,0.0347083352201698,0.186301731661758,0.0041526120228235,0.00154922092723394,"source_specification","Lenis_U_PS_U_OM_OW_U",0.0738016824629325,2.12434413127008,0.104144451895769,"defined",1000,0,1000,0,1000,0,1000,0,0,0,0,0.0365022939904843,8.53114531631818e-05,1.05070008472405,0.0468171499988526,"all_requested","Copied authenticated original point report after54000row binding","R_minus_1",200,"B","Complete empirical comparison on 3000 existing saved Lenis No-response samples: 3 fixed finite populations,1000 selected samples/population,6 outcome effects,3 retained WM families,M3,PATT. Compare complete-contribution analytic and unchanged original fixed-reuse refit intervals/variances on identical points. External finite-population dependent-design empirical coverage and variance-calibration evidence; not iid theorem or nominal-coverage certification, raw S12 PS, critical/nested-law validation, cluster/stratum adjustment, estimated-weight inference or automatic analytic/refit variance agreement. Known No-response weights remain supplied; full-X reference centering and actual-graph/root inference premises remain unverified substantive assumptions."
3,6,"No","PATT","X6",1000,"inclusive",1,0,0.957,0.00641490451994416,0.942513742038028,0.968708829543907,1000,0.957,0.00641490451994416,1000,0.74788224497791,0.0365417820369257,0,"original_refit","WM_X6_M3",1000,0,1.61303336527298,"all_requested","defined",1.61449967088349,0.00146630561051243,0.00146630561051243,0.0909036131601826,0.0347409260941205,0.186389179122932,0.00589414337237571,0.365407405653895,0.0347083352201698,0.186301731661758,0.0041526120228235,0.00154922092723394,"source_specification","Lenis_U_PS_U_OM_OW_U",0.0738016824629325,2.12434413127008,0.104144451895769,"defined",1000,0,1000,0,1000,0,1000,0,0,0,0,0.0365417820369257,0.000144169489915128,1.05183672818411,0.0470221852281061,"all_requested","Copied authenticated original point report after54000row binding","R_minus_1",200,"B","Complete empirical comparison on 3000 existing saved Lenis No-response samples: 3 fixed finite populations,1000 selected samples/population,6 outcome effects,3 retained WM families,M3,PATT. Compare complete-contribution analytic and unchanged original fixed-reuse refit intervals/variances on identical points. External finite-population dependent-design empirical coverage and variance-calibration evidence; not iid theorem or nominal-coverage certification, raw S12 PS, critical/nested-law validation, cluster/stratum adjustment, estimated-weight inference or automatic analytic/refit variance agreement. Known No-response weights remain supplied; full-X reference centering and actual-graph/root inference premises remain unverified substantive assumptions."
