"population_scenario","multiplier","response","method","estimand","scenario","requested","interval_required","coverage_rule","received","missing","evaluated","not_run","point_available","point_unavailable","invalid_points","interval_available","interval_unavailable","invalid_intervals","invalid_status","warning_replicates","reference_present","paired_coverage_expected","paired_point_expected","calibration_expected","derived_point_metrics_finite","derived_interval_metrics_finite","derived_paired_metrics_finite","derived_diagnostic_metrics_finite"
1,1,"No","Lenis_U_PS_U_OM_OW_A","PATT","source_specification",1000,TRUE,"strict",1000,0,1000,0,1000,0,0,1000,0,0,0,1000,TRUE,TRUE,TRUE,TRUE,TRUE,TRUE,TRUE,TRUE
2,1,"No","Lenis_U_PS_U_OM_OW_A","PATT","source_specification",1000,TRUE,"strict",1000,0,1000,0,1000,0,0,1000,0,0,0,1000,TRUE,TRUE,TRUE,TRUE,TRUE,TRUE,TRUE,TRUE
3,1,"No","Lenis_U_PS_U_OM_OW_A","PATT","source_specification",1000,TRUE,"strict",1000,0,1000,0,1000,0,0,1000,0,0,0,1000,TRUE,TRUE,TRUE,TRUE,TRUE,TRUE,TRUE,TRUE
1,2,"No","Lenis_U_PS_U_OM_OW_A","PATT","source_specification",1000,TRUE,"strict",1000,0,1000,0,1000,0,0,1000,0,0,0,1000,TRUE,TRUE,TRUE,TRUE,TRUE,TRUE,TRUE,TRUE
2,2,"No","Lenis_U_PS_U_OM_OW_A","PATT","source_specification",1000,TRUE,"strict",1000,0,1000,0,1000,0,0,1000,0,0,0,1000,TRUE,TRUE,TRUE,TRUE,TRUE,TRUE,TRUE,TRUE
3,2,"No","Lenis_U_PS_U_OM_OW_A","PATT","source_specification",1000,TRUE,"strict",1000,0,1000,0,1000,0,0,1000,0,0,0,1000,TRUE,TRUE,TRUE,TRUE,TRUE,TRUE,TRUE,TRUE
1,3,"No","Lenis_U_PS_U_OM_OW_A","PATT","source_specification",1000,TRUE,"strict",1000,0,1000,0,1000,0,0,1000,0,0,0,1000,TRUE,TRUE,TRUE,TRUE,TRUE,TRUE,TRUE,TRUE
2,3,"No","Lenis_U_PS_U_OM_OW_A","PATT","source_specification",1000,TRUE,"strict",1000,0,1000,0,1000,0,0,1000,0,0,0,1000,TRUE,TRUE,TRUE,TRUE,TRUE,TRUE,TRUE,TRUE
3,3,"No","Lenis_U_PS_U_OM_OW_A","PATT","source_specification",1000,TRUE,"strict",1000,0,1000,0,1000,0,0,1000,0,0,0,1000,TRUE,TRUE,TRUE,TRUE,TRUE,TRUE,TRUE,TRUE
1,4,"No","Lenis_U_PS_U_OM_OW_A","PATT","source_specification",1000,TRUE,"strict",1000,0,1000,0,1000,0,0,1000,0,0,0,1000,TRUE,TRUE,TRUE,TRUE,TRUE,TRUE,TRUE,TRUE
2,4,"No","Lenis_U_PS_U_OM_OW_A","PATT","source_specification",1000,TRUE,"strict",1000,0,1000,0,1000,0,0,1000,0,0,0,1000,TRUE,TRUE,TRUE,TRUE,TRUE,TRUE,TRUE,TRUE
3,4,"No","Lenis_U_PS_U_OM_OW_A","PATT","source_specification",1000,TRUE,"strict",1000,0,1000,0,1000,0,0,1000,0,0,0,1000,TRUE,TRUE,TRUE,TRUE,TRUE,TRUE,TRUE,TRUE
1,5,"No","Lenis_U_PS_U_OM_OW_A","PATT","source_specification",1000,TRUE,"strict",1000,0,1000,0,1000,0,0,1000,0,0,0,1000,TRUE,TRUE,TRUE,TRUE,TRUE,TRUE,TRUE,TRUE
2,5,"No","Lenis_U_PS_U_OM_OW_A","PATT","source_specification",1000,TRUE,"strict",1000,0,1000,0,1000,0,0,1000,0,0,0,1000,TRUE,TRUE,TRUE,TRUE,TRUE,TRUE,TRUE,TRUE
3,5,"No","Lenis_U_PS_U_OM_OW_A","PATT","source_specification",1000,TRUE,"strict",1000,0,1000,0,1000,0,0,1000,0,0,0,1000,TRUE,TRUE,TRUE,TRUE,TRUE,TRUE,TRUE,TRUE
1,6,"No","Lenis_U_PS_U_OM_OW_A","PATT","source_specification",1000,TRUE,"strict",1000,0,1000,0,1000,0,0,1000,0,0,0,1000,TRUE,TRUE,TRUE,TRUE,TRUE,TRUE,TRUE,TRUE
2,6,"No","Lenis_U_PS_U_OM_OW_A","PATT","source_specification",1000,TRUE,"strict",1000,0,1000,0,1000,0,0,1000,0,0,0,1000,TRUE,TRUE,TRUE,TRUE,TRUE,TRUE,TRUE,TRUE
3,6,"No","Lenis_U_PS_U_OM_OW_A","PATT","source_specification",1000,TRUE,"strict",1000,0,1000,0,1000,0,0,1000,0,0,0,1000,TRUE,TRUE,TRUE,TRUE,TRUE,TRUE,TRUE,TRUE
1,1,"MAR","Lenis_U_PS_U_OM_OW_A","PATT","source_specification",1000,TRUE,"strict",1000,0,1000,0,1000,0,0,1000,0,0,0,1000,TRUE,TRUE,TRUE,TRUE,TRUE,TRUE,TRUE,TRUE
2,1,"MAR","Lenis_U_PS_U_OM_OW_A","PATT","source_specification",1000,TRUE,"strict",1000,0,1000,0,1000,0,0,1000,0,0,0,1000,TRUE,TRUE,TRUE,TRUE,TRUE,TRUE,TRUE,TRUE
3,1,"MAR","Lenis_U_PS_U_OM_OW_A","PATT","source_specification",1000,TRUE,"strict",1000,0,1000,0,1000,0,0,1000,0,0,0,1000,TRUE,TRUE,TRUE,TRUE,TRUE,TRUE,TRUE,TRUE
1,2,"MAR","Lenis_U_PS_U_OM_OW_A","PATT","source_specification",1000,TRUE,"strict",1000,0,1000,0,1000,0,0,1000,0,0,0,1000,TRUE,TRUE,TRUE,TRUE,TRUE,TRUE,TRUE,TRUE
2,2,"MAR","Lenis_U_PS_U_OM_OW_A","PATT","source_specification",1000,TRUE,"strict",1000,0,1000,0,1000,0,0,1000,0,0,0,1000,TRUE,TRUE,TRUE,TRUE,TRUE,TRUE,TRUE,TRUE
3,2,"MAR","Lenis_U_PS_U_OM_OW_A","PATT","source_specification",1000,TRUE,"strict",1000,0,1000,0,1000,0,0,1000,0,0,0,1000,TRUE,TRUE,TRUE,TRUE,TRUE,TRUE,TRUE,TRUE
1,3,"MAR","Lenis_U_PS_U_OM_OW_A","PATT","source_specification",1000,TRUE,"strict",1000,0,1000,0,1000,0,0,1000,0,0,0,1000,TRUE,TRUE,TRUE,TRUE,TRUE,TRUE,TRUE,TRUE
2,3,"MAR","Lenis_U_PS_U_OM_OW_A","PATT","source_specification",1000,TRUE,"strict",1000,0,1000,0,1000,0,0,1000,0,0,0,1000,TRUE,TRUE,TRUE,TRUE,TRUE,TRUE,TRUE,TRUE
3,3,"MAR","Lenis_U_PS_U_OM_OW_A","PATT","source_specification",1000,TRUE,"strict",1000,0,1000,0,1000,0,0,1000,0,0,0,1000,TRUE,TRUE,TRUE,TRUE,TRUE,TRUE,TRUE,TRUE
1,4,"MAR","Lenis_U_PS_U_OM_OW_A","PATT","source_specification",1000,TRUE,"strict",1000,0,1000,0,1000,0,0,1000,0,0,0,1000,TRUE,TRUE,TRUE,TRUE,TRUE,TRUE,TRUE,TRUE
2,4,"MAR","Lenis_U_PS_U_OM_OW_A","PATT","source_specification",1000,TRUE,"strict",1000,0,1000,0,1000,0,0,1000,0,0,0,1000,TRUE,TRUE,TRUE,TRUE,TRUE,TRUE,TRUE,TRUE
3,4,"MAR","Lenis_U_PS_U_OM_OW_A","PATT","source_specification",1000,TRUE,"strict",1000,0,1000,0,1000,0,0,1000,0,0,0,1000,TRUE,TRUE,TRUE,TRUE,TRUE,TRUE,TRUE,TRUE
1,5,"MAR","Lenis_U_PS_U_OM_OW_A","PATT","source_specification",1000,TRUE,"strict",1000,0,1000,0,1000,0,0,1000,0,0,0,1000,TRUE,TRUE,TRUE,TRUE,TRUE,TRUE,TRUE,TRUE
2,5,"MAR","Lenis_U_PS_U_OM_OW_A","PATT","source_specification",1000,TRUE,"strict",1000,0,1000,0,1000,0,0,1000,0,0,0,1000,TRUE,TRUE,TRUE,TRUE,TRUE,TRUE,TRUE,TRUE
3,5,"MAR","Lenis_U_PS_U_OM_OW_A","PATT","source_specification",1000,TRUE,"strict",1000,0,1000,0,1000,0,0,1000,0,0,0,1000,TRUE,TRUE,TRUE,TRUE,TRUE,TRUE,TRUE,TRUE
1,6,"MAR","Lenis_U_PS_U_OM_OW_A","PATT","source_specification",1000,TRUE,"strict",1000,0,1000,0,1000,0,0,1000,0,0,0,1000,TRUE,TRUE,TRUE,TRUE,TRUE,TRUE,TRUE,TRUE
2,6,"MAR","Lenis_U_PS_U_OM_OW_A","PATT","source_specification",1000,TRUE,"strict",1000,0,1000,0,1000,0,0,1000,0,0,0,1000,TRUE,TRUE,TRUE,TRUE,TRUE,TRUE,TRUE,TRUE
3,6,"MAR","Lenis_U_PS_U_OM_OW_A","PATT","source_specification",1000,TRUE,"strict",1000,0,1000,0,1000,0,0,1000,0,0,0,1000,TRUE,TRUE,TRUE,TRUE,TRUE,TRUE,TRUE,TRUE
1,1,"MARX","Lenis_U_PS_U_OM_OW_A","PATT","source_specification",1000,TRUE,"strict",1000,0,1000,0,1000,0,0,1000,0,0,0,1000,TRUE,TRUE,TRUE,TRUE,TRUE,TRUE,TRUE,TRUE
2,1,"MARX","Lenis_U_PS_U_OM_OW_A","PATT","source_specification",1000,TRUE,"strict",1000,0,1000,0,1000,0,0,1000,0,0,0,1000,TRUE,TRUE,TRUE,TRUE,TRUE,TRUE,TRUE,TRUE
3,1,"MARX","Lenis_U_PS_U_OM_OW_A","PATT","source_specification",1000,TRUE,"strict",1000,0,1000,0,1000,0,0,1000,0,0,0,1000,TRUE,TRUE,TRUE,TRUE,TRUE,TRUE,TRUE,TRUE
1,2,"MARX","Lenis_U_PS_U_OM_OW_A","PATT","source_specification",1000,TRUE,"strict",1000,0,1000,0,1000,0,0,1000,0,0,0,1000,TRUE,TRUE,TRUE,TRUE,TRUE,TRUE,TRUE,TRUE
2,2,"MARX","Lenis_U_PS_U_OM_OW_A","PATT","source_specification",1000,TRUE,"strict",1000,0,1000,0,1000,0,0,1000,0,0,0,1000,TRUE,TRUE,TRUE,TRUE,TRUE,TRUE,TRUE,TRUE
3,2,"MARX","Lenis_U_PS_U_OM_OW_A","PATT","source_specification",1000,TRUE,"strict",1000,0,1000,0,1000,0,0,1000,0,0,0,1000,TRUE,TRUE,TRUE,TRUE,TRUE,TRUE,TRUE,TRUE
1,3,"MARX","Lenis_U_PS_U_OM_OW_A","PATT","source_specification",1000,TRUE,"strict",1000,0,1000,0,1000,0,0,1000,0,0,0,1000,TRUE,TRUE,TRUE,TRUE,TRUE,TRUE,TRUE,TRUE
2,3,"MARX","Lenis_U_PS_U_OM_OW_A","PATT","source_specification",1000,TRUE,"strict",1000,0,1000,0,1000,0,0,1000,0,0,0,1000,TRUE,TRUE,TRUE,TRUE,TRUE,TRUE,TRUE,TRUE
3,3,"MARX","Lenis_U_PS_U_OM_OW_A","PATT","source_specification",1000,TRUE,"strict",1000,0,1000,0,1000,0,0,1000,0,0,0,1000,TRUE,TRUE,TRUE,TRUE,TRUE,TRUE,TRUE,TRUE
1,4,"MARX","Lenis_U_PS_U_OM_OW_A","PATT","source_specification",1000,TRUE,"strict",1000,0,1000,0,1000,0,0,1000,0,0,0,1000,TRUE,TRUE,TRUE,TRUE,TRUE,TRUE,TRUE,TRUE
2,4,"MARX","Lenis_U_PS_U_OM_OW_A","PATT","source_specification",1000,TRUE,"strict",1000,0,1000,0,1000,0,0,1000,0,0,0,1000,TRUE,TRUE,TRUE,TRUE,TRUE,TRUE,TRUE,TRUE
3,4,"MARX","Lenis_U_PS_U_OM_OW_A","PATT","source_specification",1000,TRUE,"strict",1000,0,1000,0,1000,0,0,1000,0,0,0,1000,TRUE,TRUE,TRUE,TRUE,TRUE,TRUE,TRUE,TRUE
1,5,"MARX","Lenis_U_PS_U_OM_OW_A","PATT","source_specification",1000,TRUE,"strict",1000,0,1000,0,1000,0,0,1000,0,0,0,1000,TRUE,TRUE,TRUE,TRUE,TRUE,TRUE,TRUE,TRUE
2,5,"MARX","Lenis_U_PS_U_OM_OW_A","PATT","source_specification",1000,TRUE,"strict",1000,0,1000,0,1000,0,0,1000,0,0,0,1000,TRUE,TRUE,TRUE,TRUE,TRUE,TRUE,TRUE,TRUE
3,5,"MARX","Lenis_U_PS_U_OM_OW_A","PATT","source_specification",1000,TRUE,"strict",1000,0,1000,0,1000,0,0,1000,0,0,0,1000,TRUE,TRUE,TRUE,TRUE,TRUE,TRUE,TRUE,TRUE
1,6,"MARX","Lenis_U_PS_U_OM_OW_A","PATT","source_specification",1000,TRUE,"strict",1000,0,1000,0,1000,0,0,1000,0,0,0,1000,TRUE,TRUE,TRUE,TRUE,TRUE,TRUE,TRUE,TRUE
2,6,"MARX","Lenis_U_PS_U_OM_OW_A","PATT","source_specification",1000,TRUE,"strict",1000,0,1000,0,1000,0,0,1000,0,0,0,1000,TRUE,TRUE,TRUE,TRUE,TRUE,TRUE,TRUE,TRUE
3,6,"MARX","Lenis_U_PS_U_OM_OW_A","PATT","source_specification",1000,TRUE,"strict",1000,0,1000,0,1000,0,0,1000,0,0,0,1000,TRUE,TRUE,TRUE,TRUE,TRUE,TRUE,TRUE,TRUE
1,1,"MART","Lenis_U_PS_U_OM_OW_A","PATT","source_specification",1000,TRUE,"strict",1000,0,1000,0,1000,0,0,1000,0,0,0,1000,TRUE,TRUE,TRUE,TRUE,TRUE,TRUE,TRUE,TRUE
2,1,"MART","Lenis_U_PS_U_OM_OW_A","PATT","source_specification",1000,TRUE,"strict",1000,0,1000,0,1000,0,0,1000,0,0,0,1000,TRUE,TRUE,TRUE,TRUE,TRUE,TRUE,TRUE,TRUE
3,1,"MART","Lenis_U_PS_U_OM_OW_A","PATT","source_specification",1000,TRUE,"strict",1000,0,1000,0,1000,0,0,1000,0,0,0,1000,TRUE,TRUE,TRUE,TRUE,TRUE,TRUE,TRUE,TRUE
1,2,"MART","Lenis_U_PS_U_OM_OW_A","PATT","source_specification",1000,TRUE,"strict",1000,0,1000,0,1000,0,0,1000,0,0,0,1000,TRUE,TRUE,TRUE,TRUE,TRUE,TRUE,TRUE,TRUE
2,2,"MART","Lenis_U_PS_U_OM_OW_A","PATT","source_specification",1000,TRUE,"strict",1000,0,1000,0,1000,0,0,1000,0,0,0,1000,TRUE,TRUE,TRUE,TRUE,TRUE,TRUE,TRUE,TRUE
3,2,"MART","Lenis_U_PS_U_OM_OW_A","PATT","source_specification",1000,TRUE,"strict",1000,0,1000,0,1000,0,0,1000,0,0,0,1000,TRUE,TRUE,TRUE,TRUE,TRUE,TRUE,TRUE,TRUE
1,3,"MART","Lenis_U_PS_U_OM_OW_A","PATT","source_specification",1000,TRUE,"strict",1000,0,1000,0,1000,0,0,1000,0,0,0,1000,TRUE,TRUE,TRUE,TRUE,TRUE,TRUE,TRUE,TRUE
2,3,"MART","Lenis_U_PS_U_OM_OW_A","PATT","source_specification",1000,TRUE,"strict",1000,0,1000,0,1000,0,0,1000,0,0,0,1000,TRUE,TRUE,TRUE,TRUE,TRUE,TRUE,TRUE,TRUE
3,3,"MART","Lenis_U_PS_U_OM_OW_A","PATT","source_specification",1000,TRUE,"strict",1000,0,1000,0,1000,0,0,1000,0,0,0,1000,TRUE,TRUE,TRUE,TRUE,TRUE,TRUE,TRUE,TRUE
1,4,"MART","Lenis_U_PS_U_OM_OW_A","PATT","source_specification",1000,TRUE,"strict",1000,0,1000,0,1000,0,0,1000,0,0,0,1000,TRUE,TRUE,TRUE,TRUE,TRUE,TRUE,TRUE,TRUE
2,4,"MART","Lenis_U_PS_U_OM_OW_A","PATT","source_specification",1000,TRUE,"strict",1000,0,1000,0,1000,0,0,1000,0,0,0,1000,TRUE,TRUE,TRUE,TRUE,TRUE,TRUE,TRUE,TRUE
3,4,"MART","Lenis_U_PS_U_OM_OW_A","PATT","source_specification",1000,TRUE,"strict",1000,0,1000,0,1000,0,0,1000,0,0,0,1000,TRUE,TRUE,TRUE,TRUE,TRUE,TRUE,TRUE,TRUE
1,5,"MART","Lenis_U_PS_U_OM_OW_A","PATT","source_specification",1000,TRUE,"strict",1000,0,1000,0,1000,0,0,1000,0,0,0,1000,TRUE,TRUE,TRUE,TRUE,TRUE,TRUE,TRUE,TRUE
2,5,"MART","Lenis_U_PS_U_OM_OW_A","PATT","source_specification",1000,TRUE,"strict",1000,0,1000,0,1000,0,0,1000,0,0,0,1000,TRUE,TRUE,TRUE,TRUE,TRUE,TRUE,TRUE,TRUE
3,5,"MART","Lenis_U_PS_U_OM_OW_A","PATT","source_specification",1000,TRUE,"strict",1000,0,1000,0,1000,0,0,1000,0,0,0,1000,TRUE,TRUE,TRUE,TRUE,TRUE,TRUE,TRUE,TRUE
1,6,"MART","Lenis_U_PS_U_OM_OW_A","PATT","source_specification",1000,TRUE,"strict",1000,0,1000,0,1000,0,0,1000,0,0,0,1000,TRUE,TRUE,TRUE,TRUE,TRUE,TRUE,TRUE,TRUE
2,6,"MART","Lenis_U_PS_U_OM_OW_A","PATT","source_specification",1000,TRUE,"strict",1000,0,1000,0,1000,0,0,1000,0,0,0,1000,TRUE,TRUE,TRUE,TRUE,TRUE,TRUE,TRUE,TRUE
3,6,"MART","Lenis_U_PS_U_OM_OW_A","PATT","source_specification",1000,TRUE,"strict",1000,0,1000,0,1000,0,0,1000,0,0,0,1000,TRUE,TRUE,TRUE,TRUE,TRUE,TRUE,TRUE,TRUE
1,1,"No","Lenis_U_PS_W_OM_WT_A","PATT","source_specification",1000,TRUE,"strict",1000,0,1000,0,1000,0,0,1000,0,0,0,1000,TRUE,TRUE,TRUE,TRUE,TRUE,TRUE,TRUE,TRUE
2,1,"No","Lenis_U_PS_W_OM_WT_A","PATT","source_specification",1000,TRUE,"strict",1000,0,1000,0,1000,0,0,1000,0,0,0,1000,TRUE,TRUE,TRUE,TRUE,TRUE,TRUE,TRUE,TRUE
3,1,"No","Lenis_U_PS_W_OM_WT_A","PATT","source_specification",1000,TRUE,"strict",1000,0,1000,0,1000,0,0,1000,0,0,0,1000,TRUE,TRUE,TRUE,TRUE,TRUE,TRUE,TRUE,TRUE
1,2,"No","Lenis_U_PS_W_OM_WT_A","PATT","source_specification",1000,TRUE,"strict",1000,0,1000,0,1000,0,0,1000,0,0,0,1000,TRUE,TRUE,TRUE,TRUE,TRUE,TRUE,TRUE,TRUE
2,2,"No","Lenis_U_PS_W_OM_WT_A","PATT","source_specification",1000,TRUE,"strict",1000,0,1000,0,1000,0,0,1000,0,0,0,1000,TRUE,TRUE,TRUE,TRUE,TRUE,TRUE,TRUE,TRUE
3,2,"No","Lenis_U_PS_W_OM_WT_A","PATT","source_specification",1000,TRUE,"strict",1000,0,1000,0,1000,0,0,1000,0,0,0,1000,TRUE,TRUE,TRUE,TRUE,TRUE,TRUE,TRUE,TRUE
1,3,"No","Lenis_U_PS_W_OM_WT_A","PATT","source_specification",1000,TRUE,"strict",1000,0,1000,0,1000,0,0,1000,0,0,0,1000,TRUE,TRUE,TRUE,TRUE,TRUE,TRUE,TRUE,TRUE
2,3,"No","Lenis_U_PS_W_OM_WT_A","PATT","source_specification",1000,TRUE,"strict",1000,0,1000,0,1000,0,0,1000,0,0,0,1000,TRUE,TRUE,TRUE,TRUE,TRUE,TRUE,TRUE,TRUE
3,3,"No","Lenis_U_PS_W_OM_WT_A","PATT","source_specification",1000,TRUE,"strict",1000,0,1000,0,1000,0,0,1000,0,0,0,1000,TRUE,TRUE,TRUE,TRUE,TRUE,TRUE,TRUE,TRUE
1,4,"No","Lenis_U_PS_W_OM_WT_A","PATT","source_specification",1000,TRUE,"strict",1000,0,1000,0,1000,0,0,1000,0,0,0,1000,TRUE,TRUE,TRUE,TRUE,TRUE,TRUE,TRUE,TRUE
2,4,"No","Lenis_U_PS_W_OM_WT_A","PATT","source_specification",1000,TRUE,"strict",1000,0,1000,0,1000,0,0,1000,0,0,0,1000,TRUE,TRUE,TRUE,TRUE,TRUE,TRUE,TRUE,TRUE
3,4,"No","Lenis_U_PS_W_OM_WT_A","PATT","source_specification",1000,TRUE,"strict",1000,0,1000,0,1000,0,0,1000,0,0,0,1000,TRUE,TRUE,TRUE,TRUE,TRUE,TRUE,TRUE,TRUE
1,5,"No","Lenis_U_PS_W_OM_WT_A","PATT","source_specification",1000,TRUE,"strict",1000,0,1000,0,1000,0,0,1000,0,0,0,1000,TRUE,TRUE,TRUE,TRUE,TRUE,TRUE,TRUE,TRUE
2,5,"No","Lenis_U_PS_W_OM_WT_A","PATT","source_specification",1000,TRUE,"strict",1000,0,1000,0,1000,0,0,1000,0,0,0,1000,TRUE,TRUE,TRUE,TRUE,TRUE,TRUE,TRUE,TRUE
3,5,"No","Lenis_U_PS_W_OM_WT_A","PATT","source_specification",1000,TRUE,"strict",1000,0,1000,0,1000,0,0,1000,0,0,0,1000,TRUE,TRUE,TRUE,TRUE,TRUE,TRUE,TRUE,TRUE
1,6,"No","Lenis_U_PS_W_OM_WT_A","PATT","source_specification",1000,TRUE,"strict",1000,0,1000,0,1000,0,0,1000,0,0,0,1000,TRUE,TRUE,TRUE,TRUE,TRUE,TRUE,TRUE,TRUE
2,6,"No","Lenis_U_PS_W_OM_WT_A","PATT","source_specification",1000,TRUE,"strict",1000,0,1000,0,1000,0,0,1000,0,0,0,1000,TRUE,TRUE,TRUE,TRUE,TRUE,TRUE,TRUE,TRUE
3,6,"No","Lenis_U_PS_W_OM_WT_A","PATT","source_specification",1000,TRUE,"strict",1000,0,1000,0,1000,0,0,1000,0,0,0,1000,TRUE,TRUE,TRUE,TRUE,TRUE,TRUE,TRUE,TRUE
1,1,"MAR","Lenis_U_PS_W_OM_WT_A","PATT","source_specification",1000,TRUE,"strict",1000,0,1000,0,1000,0,0,1000,0,0,0,1000,TRUE,TRUE,TRUE,TRUE,TRUE,TRUE,TRUE,TRUE
2,1,"MAR","Lenis_U_PS_W_OM_WT_A","PATT","source_specification",1000,TRUE,"strict",1000,0,1000,0,1000,0,0,1000,0,0,0,1000,TRUE,TRUE,TRUE,TRUE,TRUE,TRUE,TRUE,TRUE
3,1,"MAR","Lenis_U_PS_W_OM_WT_A","PATT","source_specification",1000,TRUE,"strict",1000,0,1000,0,1000,0,0,1000,0,0,0,1000,TRUE,TRUE,TRUE,TRUE,TRUE,TRUE,TRUE,TRUE
1,2,"MAR","Lenis_U_PS_W_OM_WT_A","PATT","source_specification",1000,TRUE,"strict",1000,0,1000,0,1000,0,0,1000,0,0,0,1000,TRUE,TRUE,TRUE,TRUE,TRUE,TRUE,TRUE,TRUE
2,2,"MAR","Lenis_U_PS_W_OM_WT_A","PATT","source_specification",1000,TRUE,"strict",1000,0,1000,0,1000,0,0,1000,0,0,0,1000,TRUE,TRUE,TRUE,TRUE,TRUE,TRUE,TRUE,TRUE
3,2,"MAR","Lenis_U_PS_W_OM_WT_A","PATT","source_specification",1000,TRUE,"strict",1000,0,1000,0,1000,0,0,1000,0,0,0,1000,TRUE,TRUE,TRUE,TRUE,TRUE,TRUE,TRUE,TRUE
1,3,"MAR","Lenis_U_PS_W_OM_WT_A","PATT","source_specification",1000,TRUE,"strict",1000,0,1000,0,1000,0,0,1000,0,0,0,1000,TRUE,TRUE,TRUE,TRUE,TRUE,TRUE,TRUE,TRUE
2,3,"MAR","Lenis_U_PS_W_OM_WT_A","PATT","source_specification",1000,TRUE,"strict",1000,0,1000,0,1000,0,0,1000,0,0,0,1000,TRUE,TRUE,TRUE,TRUE,TRUE,TRUE,TRUE,TRUE
3,3,"MAR","Lenis_U_PS_W_OM_WT_A","PATT","source_specification",1000,TRUE,"strict",1000,0,1000,0,1000,0,0,1000,0,0,0,1000,TRUE,TRUE,TRUE,TRUE,TRUE,TRUE,TRUE,TRUE
1,4,"MAR","Lenis_U_PS_W_OM_WT_A","PATT","source_specification",1000,TRUE,"strict",1000,0,1000,0,1000,0,0,1000,0,0,0,1000,TRUE,TRUE,TRUE,TRUE,TRUE,TRUE,TRUE,TRUE
2,4,"MAR","Lenis_U_PS_W_OM_WT_A","PATT","source_specification",1000,TRUE,"strict",1000,0,1000,0,1000,0,0,1000,0,0,0,1000,TRUE,TRUE,TRUE,TRUE,TRUE,TRUE,TRUE,TRUE
3,4,"MAR","Lenis_U_PS_W_OM_WT_A","PATT","source_specification",1000,TRUE,"strict",1000,0,1000,0,1000,0,0,1000,0,0,0,1000,TRUE,TRUE,TRUE,TRUE,TRUE,TRUE,TRUE,TRUE
1,5,"MAR","Lenis_U_PS_W_OM_WT_A","PATT","source_specification",1000,TRUE,"strict",1000,0,1000,0,1000,0,0,1000,0,0,0,1000,TRUE,TRUE,TRUE,TRUE,TRUE,TRUE,TRUE,TRUE
2,5,"MAR","Lenis_U_PS_W_OM_WT_A","PATT","source_specification",1000,TRUE,"strict",1000,0,1000,0,1000,0,0,1000,0,0,0,1000,TRUE,TRUE,TRUE,TRUE,TRUE,TRUE,TRUE,TRUE
3,5,"MAR","Lenis_U_PS_W_OM_WT_A","PATT","source_specification",1000,TRUE,"strict",1000,0,1000,0,1000,0,0,1000,0,0,0,1000,TRUE,TRUE,TRUE,TRUE,TRUE,TRUE,TRUE,TRUE
1,6,"MAR","Lenis_U_PS_W_OM_WT_A","PATT","source_specification",1000,TRUE,"strict",1000,0,1000,0,1000,0,0,1000,0,0,0,1000,TRUE,TRUE,TRUE,TRUE,TRUE,TRUE,TRUE,TRUE
2,6,"MAR","Lenis_U_PS_W_OM_WT_A","PATT","source_specification",1000,TRUE,"strict",1000,0,1000,0,1000,0,0,1000,0,0,0,1000,TRUE,TRUE,TRUE,TRUE,TRUE,TRUE,TRUE,TRUE
3,6,"MAR","Lenis_U_PS_W_OM_WT_A","PATT","source_specification",1000,TRUE,"strict",1000,0,1000,0,1000,0,0,1000,0,0,0,1000,TRUE,TRUE,TRUE,TRUE,TRUE,TRUE,TRUE,TRUE
1,1,"MARX","Lenis_U_PS_W_OM_WT_A","PATT","source_specification",1000,TRUE,"strict",1000,0,1000,0,1000,0,0,1000,0,0,0,1000,TRUE,TRUE,TRUE,TRUE,TRUE,TRUE,TRUE,TRUE
2,1,"MARX","Lenis_U_PS_W_OM_WT_A","PATT","source_specification",1000,TRUE,"strict",1000,0,1000,0,1000,0,0,1000,0,0,0,1000,TRUE,TRUE,TRUE,TRUE,TRUE,TRUE,TRUE,TRUE
3,1,"MARX","Lenis_U_PS_W_OM_WT_A","PATT","source_specification",1000,TRUE,"strict",1000,0,1000,0,1000,0,0,1000,0,0,0,1000,TRUE,TRUE,TRUE,TRUE,TRUE,TRUE,TRUE,TRUE
1,2,"MARX","Lenis_U_PS_W_OM_WT_A","PATT","source_specification",1000,TRUE,"strict",1000,0,1000,0,1000,0,0,1000,0,0,0,1000,TRUE,TRUE,TRUE,TRUE,TRUE,TRUE,TRUE,TRUE
2,2,"MARX","Lenis_U_PS_W_OM_WT_A","PATT","source_specification",1000,TRUE,"strict",1000,0,1000,0,1000,0,0,1000,0,0,0,1000,TRUE,TRUE,TRUE,TRUE,TRUE,TRUE,TRUE,TRUE
3,2,"MARX","Lenis_U_PS_W_OM_WT_A","PATT","source_specification",1000,TRUE,"strict",1000,0,1000,0,1000,0,0,1000,0,0,0,1000,TRUE,TRUE,TRUE,TRUE,TRUE,TRUE,TRUE,TRUE
1,3,"MARX","Lenis_U_PS_W_OM_WT_A","PATT","source_specification",1000,TRUE,"strict",1000,0,1000,0,1000,0,0,1000,0,0,0,1000,TRUE,TRUE,TRUE,TRUE,TRUE,TRUE,TRUE,TRUE
2,3,"MARX","Lenis_U_PS_W_OM_WT_A","PATT","source_specification",1000,TRUE,"strict",1000,0,1000,0,1000,0,0,1000,0,0,0,1000,TRUE,TRUE,TRUE,TRUE,TRUE,TRUE,TRUE,TRUE
3,3,"MARX","Lenis_U_PS_W_OM_WT_A","PATT","source_specification",1000,TRUE,"strict",1000,0,1000,0,1000,0,0,1000,0,0,0,1000,TRUE,TRUE,TRUE,TRUE,TRUE,TRUE,TRUE,TRUE
1,4,"MARX","Lenis_U_PS_W_OM_WT_A","PATT","source_specification",1000,TRUE,"strict",1000,0,1000,0,1000,0,0,1000,0,0,0,1000,TRUE,TRUE,TRUE,TRUE,TRUE,TRUE,TRUE,TRUE
2,4,"MARX","Lenis_U_PS_W_OM_WT_A","PATT","source_specification",1000,TRUE,"strict",1000,0,1000,0,1000,0,0,1000,0,0,0,1000,TRUE,TRUE,TRUE,TRUE,TRUE,TRUE,TRUE,TRUE
3,4,"MARX","Lenis_U_PS_W_OM_WT_A","PATT","source_specification",1000,TRUE,"strict",1000,0,1000,0,1000,0,0,1000,0,0,0,1000,TRUE,TRUE,TRUE,TRUE,TRUE,TRUE,TRUE,TRUE
1,5,"MARX","Lenis_U_PS_W_OM_WT_A","PATT","source_specification",1000,TRUE,"strict",1000,0,1000,0,1000,0,0,1000,0,0,0,1000,TRUE,TRUE,TRUE,TRUE,TRUE,TRUE,TRUE,TRUE
2,5,"MARX","Lenis_U_PS_W_OM_WT_A","PATT","source_specification",1000,TRUE,"strict",1000,0,1000,0,1000,0,0,1000,0,0,0,1000,TRUE,TRUE,TRUE,TRUE,TRUE,TRUE,TRUE,TRUE
3,5,"MARX","Lenis_U_PS_W_OM_WT_A","PATT","source_specification",1000,TRUE,"strict",1000,0,1000,0,1000,0,0,1000,0,0,0,1000,TRUE,TRUE,TRUE,TRUE,TRUE,TRUE,TRUE,TRUE
1,6,"MARX","Lenis_U_PS_W_OM_WT_A","PATT","source_specification",1000,TRUE,"strict",1000,0,1000,0,1000,0,0,1000,0,0,0,1000,TRUE,TRUE,TRUE,TRUE,TRUE,TRUE,TRUE,TRUE
2,6,"MARX","Lenis_U_PS_W_OM_WT_A","PATT","source_specification",1000,TRUE,"strict",1000,0,1000,0,1000,0,0,1000,0,0,0,1000,TRUE,TRUE,TRUE,TRUE,TRUE,TRUE,TRUE,TRUE
3,6,"MARX","Lenis_U_PS_W_OM_WT_A","PATT","source_specification",1000,TRUE,"strict",1000,0,1000,0,1000,0,0,1000,0,0,0,1000,TRUE,TRUE,TRUE,TRUE,TRUE,TRUE,TRUE,TRUE
1,1,"MART","Lenis_U_PS_W_OM_WT_A","PATT","source_specification",1000,TRUE,"strict",1000,0,1000,0,998,2,0,998,2,0,0,1000,TRUE,TRUE,FALSE,FALSE,TRUE,TRUE,TRUE,TRUE
2,1,"MART","Lenis_U_PS_W_OM_WT_A","PATT","source_specification",1000,TRUE,"strict",1000,0,1000,0,1000,0,0,1000,0,0,0,1000,TRUE,TRUE,TRUE,TRUE,TRUE,TRUE,TRUE,TRUE
3,1,"MART","Lenis_U_PS_W_OM_WT_A","PATT","source_specification",1000,TRUE,"strict",1000,0,1000,0,1000,0,0,1000,0,0,0,1000,TRUE,TRUE,TRUE,TRUE,TRUE,TRUE,TRUE,TRUE
1,2,"MART","Lenis_U_PS_W_OM_WT_A","PATT","source_specification",1000,TRUE,"strict",1000,0,1000,0,998,2,0,998,2,0,0,1000,TRUE,TRUE,FALSE,FALSE,TRUE,TRUE,TRUE,TRUE
2,2,"MART","Lenis_U_PS_W_OM_WT_A","PATT","source_specification",1000,TRUE,"strict",1000,0,1000,0,1000,0,0,1000,0,0,0,1000,TRUE,TRUE,TRUE,TRUE,TRUE,TRUE,TRUE,TRUE
3,2,"MART","Lenis_U_PS_W_OM_WT_A","PATT","source_specification",1000,TRUE,"strict",1000,0,1000,0,1000,0,0,1000,0,0,0,1000,TRUE,TRUE,TRUE,TRUE,TRUE,TRUE,TRUE,TRUE
1,3,"MART","Lenis_U_PS_W_OM_WT_A","PATT","source_specification",1000,TRUE,"strict",1000,0,1000,0,998,2,0,998,2,0,0,1000,TRUE,TRUE,FALSE,FALSE,TRUE,TRUE,TRUE,TRUE
2,3,"MART","Lenis_U_PS_W_OM_WT_A","PATT","source_specification",1000,TRUE,"strict",1000,0,1000,0,1000,0,0,1000,0,0,0,1000,TRUE,TRUE,TRUE,TRUE,TRUE,TRUE,TRUE,TRUE
3,3,"MART","Lenis_U_PS_W_OM_WT_A","PATT","source_specification",1000,TRUE,"strict",1000,0,1000,0,1000,0,0,1000,0,0,0,1000,TRUE,TRUE,TRUE,TRUE,TRUE,TRUE,TRUE,TRUE
1,4,"MART","Lenis_U_PS_W_OM_WT_A","PATT","source_specification",1000,TRUE,"strict",1000,0,1000,0,998,2,0,998,2,0,0,1000,TRUE,TRUE,FALSE,FALSE,TRUE,TRUE,TRUE,TRUE
2,4,"MART","Lenis_U_PS_W_OM_WT_A","PATT","source_specification",1000,TRUE,"strict",1000,0,1000,0,1000,0,0,1000,0,0,0,1000,TRUE,TRUE,TRUE,TRUE,TRUE,TRUE,TRUE,TRUE
3,4,"MART","Lenis_U_PS_W_OM_WT_A","PATT","source_specification",1000,TRUE,"strict",1000,0,1000,0,1000,0,0,1000,0,0,0,1000,TRUE,TRUE,TRUE,TRUE,TRUE,TRUE,TRUE,TRUE
1,5,"MART","Lenis_U_PS_W_OM_WT_A","PATT","source_specification",1000,TRUE,"strict",1000,0,1000,0,998,2,0,998,2,0,0,1000,TRUE,TRUE,FALSE,FALSE,TRUE,TRUE,TRUE,TRUE
2,5,"MART","Lenis_U_PS_W_OM_WT_A","PATT","source_specification",1000,TRUE,"strict",1000,0,1000,0,1000,0,0,1000,0,0,0,1000,TRUE,TRUE,TRUE,TRUE,TRUE,TRUE,TRUE,TRUE
3,5,"MART","Lenis_U_PS_W_OM_WT_A","PATT","source_specification",1000,TRUE,"strict",1000,0,1000,0,1000,0,0,1000,0,0,0,1000,TRUE,TRUE,TRUE,TRUE,TRUE,TRUE,TRUE,TRUE
1,6,"MART","Lenis_U_PS_W_OM_WT_A","PATT","source_specification",1000,TRUE,"strict",1000,0,1000,0,998,2,0,998,2,0,0,1000,TRUE,TRUE,FALSE,FALSE,TRUE,TRUE,TRUE,TRUE
2,6,"MART","Lenis_U_PS_W_OM_WT_A","PATT","source_specification",1000,TRUE,"strict",1000,0,1000,0,1000,0,0,1000,0,0,0,1000,TRUE,TRUE,TRUE,TRUE,TRUE,TRUE,TRUE,TRUE
3,6,"MART","Lenis_U_PS_W_OM_WT_A","PATT","source_specification",1000,TRUE,"strict",1000,0,1000,0,1000,0,0,1000,0,0,0,1000,TRUE,TRUE,TRUE,TRUE,TRUE,TRUE,TRUE,TRUE
1,1,"No","Lenis_U_PS_W_OM_OW_A","PATT","source_specification",1000,TRUE,"strict",1000,0,1000,0,1000,0,0,1000,0,0,0,1000,TRUE,TRUE,TRUE,TRUE,TRUE,TRUE,TRUE,TRUE
2,1,"No","Lenis_U_PS_W_OM_OW_A","PATT","source_specification",1000,TRUE,"strict",1000,0,1000,0,1000,0,0,1000,0,0,0,1000,TRUE,TRUE,TRUE,TRUE,TRUE,TRUE,TRUE,TRUE
3,1,"No","Lenis_U_PS_W_OM_OW_A","PATT","source_specification",1000,TRUE,"strict",1000,0,1000,0,1000,0,0,1000,0,0,0,1000,TRUE,TRUE,TRUE,TRUE,TRUE,TRUE,TRUE,TRUE
1,2,"No","Lenis_U_PS_W_OM_OW_A","PATT","source_specification",1000,TRUE,"strict",1000,0,1000,0,1000,0,0,1000,0,0,0,1000,TRUE,TRUE,TRUE,TRUE,TRUE,TRUE,TRUE,TRUE
2,2,"No","Lenis_U_PS_W_OM_OW_A","PATT","source_specification",1000,TRUE,"strict",1000,0,1000,0,1000,0,0,1000,0,0,0,1000,TRUE,TRUE,TRUE,TRUE,TRUE,TRUE,TRUE,TRUE
3,2,"No","Lenis_U_PS_W_OM_OW_A","PATT","source_specification",1000,TRUE,"strict",1000,0,1000,0,1000,0,0,1000,0,0,0,1000,TRUE,TRUE,TRUE,TRUE,TRUE,TRUE,TRUE,TRUE
1,3,"No","Lenis_U_PS_W_OM_OW_A","PATT","source_specification",1000,TRUE,"strict",1000,0,1000,0,1000,0,0,1000,0,0,0,1000,TRUE,TRUE,TRUE,TRUE,TRUE,TRUE,TRUE,TRUE
2,3,"No","Lenis_U_PS_W_OM_OW_A","PATT","source_specification",1000,TRUE,"strict",1000,0,1000,0,1000,0,0,1000,0,0,0,1000,TRUE,TRUE,TRUE,TRUE,TRUE,TRUE,TRUE,TRUE
3,3,"No","Lenis_U_PS_W_OM_OW_A","PATT","source_specification",1000,TRUE,"strict",1000,0,1000,0,1000,0,0,1000,0,0,0,1000,TRUE,TRUE,TRUE,TRUE,TRUE,TRUE,TRUE,TRUE
1,4,"No","Lenis_U_PS_W_OM_OW_A","PATT","source_specification",1000,TRUE,"strict",1000,0,1000,0,1000,0,0,1000,0,0,0,1000,TRUE,TRUE,TRUE,TRUE,TRUE,TRUE,TRUE,TRUE
2,4,"No","Lenis_U_PS_W_OM_OW_A","PATT","source_specification",1000,TRUE,"strict",1000,0,1000,0,1000,0,0,1000,0,0,0,1000,TRUE,TRUE,TRUE,TRUE,TRUE,TRUE,TRUE,TRUE
3,4,"No","Lenis_U_PS_W_OM_OW_A","PATT","source_specification",1000,TRUE,"strict",1000,0,1000,0,1000,0,0,1000,0,0,0,1000,TRUE,TRUE,TRUE,TRUE,TRUE,TRUE,TRUE,TRUE
1,5,"No","Lenis_U_PS_W_OM_OW_A","PATT","source_specification",1000,TRUE,"strict",1000,0,1000,0,1000,0,0,1000,0,0,0,1000,TRUE,TRUE,TRUE,TRUE,TRUE,TRUE,TRUE,TRUE
2,5,"No","Lenis_U_PS_W_OM_OW_A","PATT","source_specification",1000,TRUE,"strict",1000,0,1000,0,1000,0,0,1000,0,0,0,1000,TRUE,TRUE,TRUE,TRUE,TRUE,TRUE,TRUE,TRUE
3,5,"No","Lenis_U_PS_W_OM_OW_A","PATT","source_specification",1000,TRUE,"strict",1000,0,1000,0,1000,0,0,1000,0,0,0,1000,TRUE,TRUE,TRUE,TRUE,TRUE,TRUE,TRUE,TRUE
1,6,"No","Lenis_U_PS_W_OM_OW_A","PATT","source_specification",1000,TRUE,"strict",1000,0,1000,0,1000,0,0,1000,0,0,0,1000,TRUE,TRUE,TRUE,TRUE,TRUE,TRUE,TRUE,TRUE
2,6,"No","Lenis_U_PS_W_OM_OW_A","PATT","source_specification",1000,TRUE,"strict",1000,0,1000,0,1000,0,0,1000,0,0,0,1000,TRUE,TRUE,TRUE,TRUE,TRUE,TRUE,TRUE,TRUE
3,6,"No","Lenis_U_PS_W_OM_OW_A","PATT","source_specification",1000,TRUE,"strict",1000,0,1000,0,1000,0,0,1000,0,0,0,1000,TRUE,TRUE,TRUE,TRUE,TRUE,TRUE,TRUE,TRUE
1,1,"MAR","Lenis_U_PS_W_OM_OW_A","PATT","source_specification",1000,TRUE,"strict",1000,0,1000,0,1000,0,0,1000,0,0,0,1000,TRUE,TRUE,TRUE,TRUE,TRUE,TRUE,TRUE,TRUE
2,1,"MAR","Lenis_U_PS_W_OM_OW_A","PATT","source_specification",1000,TRUE,"strict",1000,0,1000,0,1000,0,0,1000,0,0,0,1000,TRUE,TRUE,TRUE,TRUE,TRUE,TRUE,TRUE,TRUE
3,1,"MAR","Lenis_U_PS_W_OM_OW_A","PATT","source_specification",1000,TRUE,"strict",1000,0,1000,0,1000,0,0,1000,0,0,0,1000,TRUE,TRUE,TRUE,TRUE,TRUE,TRUE,TRUE,TRUE
1,2,"MAR","Lenis_U_PS_W_OM_OW_A","PATT","source_specification",1000,TRUE,"strict",1000,0,1000,0,1000,0,0,1000,0,0,0,1000,TRUE,TRUE,TRUE,TRUE,TRUE,TRUE,TRUE,TRUE
2,2,"MAR","Lenis_U_PS_W_OM_OW_A","PATT","source_specification",1000,TRUE,"strict",1000,0,1000,0,1000,0,0,1000,0,0,0,1000,TRUE,TRUE,TRUE,TRUE,TRUE,TRUE,TRUE,TRUE
3,2,"MAR","Lenis_U_PS_W_OM_OW_A","PATT","source_specification",1000,TRUE,"strict",1000,0,1000,0,1000,0,0,1000,0,0,0,1000,TRUE,TRUE,TRUE,TRUE,TRUE,TRUE,TRUE,TRUE
1,3,"MAR","Lenis_U_PS_W_OM_OW_A","PATT","source_specification",1000,TRUE,"strict",1000,0,1000,0,1000,0,0,1000,0,0,0,1000,TRUE,TRUE,TRUE,TRUE,TRUE,TRUE,TRUE,TRUE
2,3,"MAR","Lenis_U_PS_W_OM_OW_A","PATT","source_specification",1000,TRUE,"strict",1000,0,1000,0,1000,0,0,1000,0,0,0,1000,TRUE,TRUE,TRUE,TRUE,TRUE,TRUE,TRUE,TRUE
3,3,"MAR","Lenis_U_PS_W_OM_OW_A","PATT","source_specification",1000,TRUE,"strict",1000,0,1000,0,1000,0,0,1000,0,0,0,1000,TRUE,TRUE,TRUE,TRUE,TRUE,TRUE,TRUE,TRUE
1,4,"MAR","Lenis_U_PS_W_OM_OW_A","PATT","source_specification",1000,TRUE,"strict",1000,0,1000,0,1000,0,0,1000,0,0,0,1000,TRUE,TRUE,TRUE,TRUE,TRUE,TRUE,TRUE,TRUE
2,4,"MAR","Lenis_U_PS_W_OM_OW_A","PATT","source_specification",1000,TRUE,"strict",1000,0,1000,0,1000,0,0,1000,0,0,0,1000,TRUE,TRUE,TRUE,TRUE,TRUE,TRUE,TRUE,TRUE
3,4,"MAR","Lenis_U_PS_W_OM_OW_A","PATT","source_specification",1000,TRUE,"strict",1000,0,1000,0,1000,0,0,1000,0,0,0,1000,TRUE,TRUE,TRUE,TRUE,TRUE,TRUE,TRUE,TRUE
1,5,"MAR","Lenis_U_PS_W_OM_OW_A","PATT","source_specification",1000,TRUE,"strict",1000,0,1000,0,1000,0,0,1000,0,0,0,1000,TRUE,TRUE,TRUE,TRUE,TRUE,TRUE,TRUE,TRUE
2,5,"MAR","Lenis_U_PS_W_OM_OW_A","PATT","source_specification",1000,TRUE,"strict",1000,0,1000,0,1000,0,0,1000,0,0,0,1000,TRUE,TRUE,TRUE,TRUE,TRUE,TRUE,TRUE,TRUE
3,5,"MAR","Lenis_U_PS_W_OM_OW_A","PATT","source_specification",1000,TRUE,"strict",1000,0,1000,0,1000,0,0,1000,0,0,0,1000,TRUE,TRUE,TRUE,TRUE,TRUE,TRUE,TRUE,TRUE
1,6,"MAR","Lenis_U_PS_W_OM_OW_A","PATT","source_specification",1000,TRUE,"strict",1000,0,1000,0,1000,0,0,1000,0,0,0,1000,TRUE,TRUE,TRUE,TRUE,TRUE,TRUE,TRUE,TRUE
2,6,"MAR","Lenis_U_PS_W_OM_OW_A","PATT","source_specification",1000,TRUE,"strict",1000,0,1000,0,1000,0,0,1000,0,0,0,1000,TRUE,TRUE,TRUE,TRUE,TRUE,TRUE,TRUE,TRUE
3,6,"MAR","Lenis_U_PS_W_OM_OW_A","PATT","source_specification",1000,TRUE,"strict",1000,0,1000,0,1000,0,0,1000,0,0,0,1000,TRUE,TRUE,TRUE,TRUE,TRUE,TRUE,TRUE,TRUE
1,1,"MARX","Lenis_U_PS_W_OM_OW_A","PATT","source_specification",1000,TRUE,"strict",1000,0,1000,0,1000,0,0,1000,0,0,0,1000,TRUE,TRUE,TRUE,TRUE,TRUE,TRUE,TRUE,TRUE
2,1,"MARX","Lenis_U_PS_W_OM_OW_A","PATT","source_specification",1000,TRUE,"strict",1000,0,1000,0,1000,0,0,1000,0,0,0,1000,TRUE,TRUE,TRUE,TRUE,TRUE,TRUE,TRUE,TRUE
3,1,"MARX","Lenis_U_PS_W_OM_OW_A","PATT","source_specification",1000,TRUE,"strict",1000,0,1000,0,1000,0,0,1000,0,0,0,1000,TRUE,TRUE,TRUE,TRUE,TRUE,TRUE,TRUE,TRUE
1,2,"MARX","Lenis_U_PS_W_OM_OW_A","PATT","source_specification",1000,TRUE,"strict",1000,0,1000,0,1000,0,0,1000,0,0,0,1000,TRUE,TRUE,TRUE,TRUE,TRUE,TRUE,TRUE,TRUE
2,2,"MARX","Lenis_U_PS_W_OM_OW_A","PATT","source_specification",1000,TRUE,"strict",1000,0,1000,0,1000,0,0,1000,0,0,0,1000,TRUE,TRUE,TRUE,TRUE,TRUE,TRUE,TRUE,TRUE
3,2,"MARX","Lenis_U_PS_W_OM_OW_A","PATT","source_specification",1000,TRUE,"strict",1000,0,1000,0,1000,0,0,1000,0,0,0,1000,TRUE,TRUE,TRUE,TRUE,TRUE,TRUE,TRUE,TRUE
1,3,"MARX","Lenis_U_PS_W_OM_OW_A","PATT","source_specification",1000,TRUE,"strict",1000,0,1000,0,1000,0,0,1000,0,0,0,1000,TRUE,TRUE,TRUE,TRUE,TRUE,TRUE,TRUE,TRUE
2,3,"MARX","Lenis_U_PS_W_OM_OW_A","PATT","source_specification",1000,TRUE,"strict",1000,0,1000,0,1000,0,0,1000,0,0,0,1000,TRUE,TRUE,TRUE,TRUE,TRUE,TRUE,TRUE,TRUE
3,3,"MARX","Lenis_U_PS_W_OM_OW_A","PATT","source_specification",1000,TRUE,"strict",1000,0,1000,0,1000,0,0,1000,0,0,0,1000,TRUE,TRUE,TRUE,TRUE,TRUE,TRUE,TRUE,TRUE
1,4,"MARX","Lenis_U_PS_W_OM_OW_A","PATT","source_specification",1000,TRUE,"strict",1000,0,1000,0,1000,0,0,1000,0,0,0,1000,TRUE,TRUE,TRUE,TRUE,TRUE,TRUE,TRUE,TRUE
2,4,"MARX","Lenis_U_PS_W_OM_OW_A","PATT","source_specification",1000,TRUE,"strict",1000,0,1000,0,1000,0,0,1000,0,0,0,1000,TRUE,TRUE,TRUE,TRUE,TRUE,TRUE,TRUE,TRUE
3,4,"MARX","Lenis_U_PS_W_OM_OW_A","PATT","source_specification",1000,TRUE,"strict",1000,0,1000,0,1000,0,0,1000,0,0,0,1000,TRUE,TRUE,TRUE,TRUE,TRUE,TRUE,TRUE,TRUE
1,5,"MARX","Lenis_U_PS_W_OM_OW_A","PATT","source_specification",1000,TRUE,"strict",1000,0,1000,0,1000,0,0,1000,0,0,0,1000,TRUE,TRUE,TRUE,TRUE,TRUE,TRUE,TRUE,TRUE
2,5,"MARX","Lenis_U_PS_W_OM_OW_A","PATT","source_specification",1000,TRUE,"strict",1000,0,1000,0,1000,0,0,1000,0,0,0,1000,TRUE,TRUE,TRUE,TRUE,TRUE,TRUE,TRUE,TRUE
3,5,"MARX","Lenis_U_PS_W_OM_OW_A","PATT","source_specification",1000,TRUE,"strict",1000,0,1000,0,1000,0,0,1000,0,0,0,1000,TRUE,TRUE,TRUE,TRUE,TRUE,TRUE,TRUE,TRUE
1,6,"MARX","Lenis_U_PS_W_OM_OW_A","PATT","source_specification",1000,TRUE,"strict",1000,0,1000,0,1000,0,0,1000,0,0,0,1000,TRUE,TRUE,TRUE,TRUE,TRUE,TRUE,TRUE,TRUE
2,6,"MARX","Lenis_U_PS_W_OM_OW_A","PATT","source_specification",1000,TRUE,"strict",1000,0,1000,0,1000,0,0,1000,0,0,0,1000,TRUE,TRUE,TRUE,TRUE,TRUE,TRUE,TRUE,TRUE
3,6,"MARX","Lenis_U_PS_W_OM_OW_A","PATT","source_specification",1000,TRUE,"strict",1000,0,1000,0,1000,0,0,1000,0,0,0,1000,TRUE,TRUE,TRUE,TRUE,TRUE,TRUE,TRUE,TRUE
1,1,"MART","Lenis_U_PS_W_OM_OW_A","PATT","source_specification",1000,TRUE,"strict",1000,0,1000,0,998,2,0,998,2,0,0,1000,TRUE,TRUE,FALSE,FALSE,TRUE,TRUE,TRUE,TRUE
2,1,"MART","Lenis_U_PS_W_OM_OW_A","PATT","source_specification",1000,TRUE,"strict",1000,0,1000,0,1000,0,0,1000,0,0,0,1000,TRUE,TRUE,TRUE,TRUE,TRUE,TRUE,TRUE,TRUE
3,1,"MART","Lenis_U_PS_W_OM_OW_A","PATT","source_specification",1000,TRUE,"strict",1000,0,1000,0,1000,0,0,1000,0,0,0,1000,TRUE,TRUE,TRUE,TRUE,TRUE,TRUE,TRUE,TRUE
1,2,"MART","Lenis_U_PS_W_OM_OW_A","PATT","source_specification",1000,TRUE,"strict",1000,0,1000,0,998,2,0,998,2,0,0,1000,TRUE,TRUE,FALSE,FALSE,TRUE,TRUE,TRUE,TRUE
2,2,"MART","Lenis_U_PS_W_OM_OW_A","PATT","source_specification",1000,TRUE,"strict",1000,0,1000,0,1000,0,0,1000,0,0,0,1000,TRUE,TRUE,TRUE,TRUE,TRUE,TRUE,TRUE,TRUE
3,2,"MART","Lenis_U_PS_W_OM_OW_A","PATT","source_specification",1000,TRUE,"strict",1000,0,1000,0,1000,0,0,1000,0,0,0,1000,TRUE,TRUE,TRUE,TRUE,TRUE,TRUE,TRUE,TRUE
1,3,"MART","Lenis_U_PS_W_OM_OW_A","PATT","source_specification",1000,TRUE,"strict",1000,0,1000,0,998,2,0,998,2,0,0,1000,TRUE,TRUE,FALSE,FALSE,TRUE,TRUE,TRUE,TRUE
2,3,"MART","Lenis_U_PS_W_OM_OW_A","PATT","source_specification",1000,TRUE,"strict",1000,0,1000,0,1000,0,0,1000,0,0,0,1000,TRUE,TRUE,TRUE,TRUE,TRUE,TRUE,TRUE,TRUE
3,3,"MART","Lenis_U_PS_W_OM_OW_A","PATT","source_specification",1000,TRUE,"strict",1000,0,1000,0,1000,0,0,1000,0,0,0,1000,TRUE,TRUE,TRUE,TRUE,TRUE,TRUE,TRUE,TRUE
1,4,"MART","Lenis_U_PS_W_OM_OW_A","PATT","source_specification",1000,TRUE,"strict",1000,0,1000,0,998,2,0,998,2,0,0,1000,TRUE,TRUE,FALSE,FALSE,TRUE,TRUE,TRUE,TRUE
2,4,"MART","Lenis_U_PS_W_OM_OW_A","PATT","source_specification",1000,TRUE,"strict",1000,0,1000,0,1000,0,0,1000,0,0,0,1000,TRUE,TRUE,TRUE,TRUE,TRUE,TRUE,TRUE,TRUE
3,4,"MART","Lenis_U_PS_W_OM_OW_A","PATT","source_specification",1000,TRUE,"strict",1000,0,1000,0,1000,0,0,1000,0,0,0,1000,TRUE,TRUE,TRUE,TRUE,TRUE,TRUE,TRUE,TRUE
1,5,"MART","Lenis_U_PS_W_OM_OW_A","PATT","source_specification",1000,TRUE,"strict",1000,0,1000,0,998,2,0,998,2,0,0,1000,TRUE,TRUE,FALSE,FALSE,TRUE,TRUE,TRUE,TRUE
2,5,"MART","Lenis_U_PS_W_OM_OW_A","PATT","source_specification",1000,TRUE,"strict",1000,0,1000,0,1000,0,0,1000,0,0,0,1000,TRUE,TRUE,TRUE,TRUE,TRUE,TRUE,TRUE,TRUE
3,5,"MART","Lenis_U_PS_W_OM_OW_A","PATT","source_specification",1000,TRUE,"strict",1000,0,1000,0,1000,0,0,1000,0,0,0,1000,TRUE,TRUE,TRUE,TRUE,TRUE,TRUE,TRUE,TRUE
1,6,"MART","Lenis_U_PS_W_OM_OW_A","PATT","source_specification",1000,TRUE,"strict",1000,0,1000,0,998,2,0,998,2,0,0,1000,TRUE,TRUE,FALSE,FALSE,TRUE,TRUE,TRUE,TRUE
2,6,"MART","Lenis_U_PS_W_OM_OW_A","PATT","source_specification",1000,TRUE,"strict",1000,0,1000,0,1000,0,0,1000,0,0,0,1000,TRUE,TRUE,TRUE,TRUE,TRUE,TRUE,TRUE,TRUE
3,6,"MART","Lenis_U_PS_W_OM_OW_A","PATT","source_specification",1000,TRUE,"strict",1000,0,1000,0,1000,0,0,1000,0,0,0,1000,TRUE,TRUE,TRUE,TRUE,TRUE,TRUE,TRUE,TRUE
1,1,"No","Lenis_W_PS_W_OM_WT_A","PATT","source_specification",1000,TRUE,"strict",1000,0,1000,0,1000,0,0,1000,0,0,0,0,TRUE,TRUE,TRUE,TRUE,TRUE,TRUE,TRUE,TRUE
2,1,"No","Lenis_W_PS_W_OM_WT_A","PATT","source_specification",1000,TRUE,"strict",1000,0,1000,0,1000,0,0,1000,0,0,0,0,TRUE,TRUE,TRUE,TRUE,TRUE,TRUE,TRUE,TRUE
3,1,"No","Lenis_W_PS_W_OM_WT_A","PATT","source_specification",1000,TRUE,"strict",1000,0,1000,0,1000,0,0,1000,0,0,0,0,TRUE,TRUE,TRUE,TRUE,TRUE,TRUE,TRUE,TRUE
1,2,"No","Lenis_W_PS_W_OM_WT_A","PATT","source_specification",1000,TRUE,"strict",1000,0,1000,0,1000,0,0,1000,0,0,0,0,TRUE,TRUE,TRUE,TRUE,TRUE,TRUE,TRUE,TRUE
2,2,"No","Lenis_W_PS_W_OM_WT_A","PATT","source_specification",1000,TRUE,"strict",1000,0,1000,0,1000,0,0,1000,0,0,0,0,TRUE,TRUE,TRUE,TRUE,TRUE,TRUE,TRUE,TRUE
3,2,"No","Lenis_W_PS_W_OM_WT_A","PATT","source_specification",1000,TRUE,"strict",1000,0,1000,0,1000,0,0,1000,0,0,0,0,TRUE,TRUE,TRUE,TRUE,TRUE,TRUE,TRUE,TRUE
1,3,"No","Lenis_W_PS_W_OM_WT_A","PATT","source_specification",1000,TRUE,"strict",1000,0,1000,0,1000,0,0,1000,0,0,0,0,TRUE,TRUE,TRUE,TRUE,TRUE,TRUE,TRUE,TRUE
2,3,"No","Lenis_W_PS_W_OM_WT_A","PATT","source_specification",1000,TRUE,"strict",1000,0,1000,0,1000,0,0,1000,0,0,0,0,TRUE,TRUE,TRUE,TRUE,TRUE,TRUE,TRUE,TRUE
3,3,"No","Lenis_W_PS_W_OM_WT_A","PATT","source_specification",1000,TRUE,"strict",1000,0,1000,0,1000,0,0,1000,0,0,0,0,TRUE,TRUE,TRUE,TRUE,TRUE,TRUE,TRUE,TRUE
1,4,"No","Lenis_W_PS_W_OM_WT_A","PATT","source_specification",1000,TRUE,"strict",1000,0,1000,0,1000,0,0,1000,0,0,0,0,TRUE,TRUE,TRUE,TRUE,TRUE,TRUE,TRUE,TRUE
2,4,"No","Lenis_W_PS_W_OM_WT_A","PATT","source_specification",1000,TRUE,"strict",1000,0,1000,0,1000,0,0,1000,0,0,0,0,TRUE,TRUE,TRUE,TRUE,TRUE,TRUE,TRUE,TRUE
3,4,"No","Lenis_W_PS_W_OM_WT_A","PATT","source_specification",1000,TRUE,"strict",1000,0,1000,0,1000,0,0,1000,0,0,0,0,TRUE,TRUE,TRUE,TRUE,TRUE,TRUE,TRUE,TRUE
1,5,"No","Lenis_W_PS_W_OM_WT_A","PATT","source_specification",1000,TRUE,"strict",1000,0,1000,0,1000,0,0,1000,0,0,0,0,TRUE,TRUE,TRUE,TRUE,TRUE,TRUE,TRUE,TRUE
2,5,"No","Lenis_W_PS_W_OM_WT_A","PATT","source_specification",1000,TRUE,"strict",1000,0,1000,0,1000,0,0,1000,0,0,0,0,TRUE,TRUE,TRUE,TRUE,TRUE,TRUE,TRUE,TRUE
3,5,"No","Lenis_W_PS_W_OM_WT_A","PATT","source_specification",1000,TRUE,"strict",1000,0,1000,0,1000,0,0,1000,0,0,0,0,TRUE,TRUE,TRUE,TRUE,TRUE,TRUE,TRUE,TRUE
1,6,"No","Lenis_W_PS_W_OM_WT_A","PATT","source_specification",1000,TRUE,"strict",1000,0,1000,0,1000,0,0,1000,0,0,0,0,TRUE,TRUE,TRUE,TRUE,TRUE,TRUE,TRUE,TRUE
2,6,"No","Lenis_W_PS_W_OM_WT_A","PATT","source_specification",1000,TRUE,"strict",1000,0,1000,0,1000,0,0,1000,0,0,0,0,TRUE,TRUE,TRUE,TRUE,TRUE,TRUE,TRUE,TRUE
3,6,"No","Lenis_W_PS_W_OM_WT_A","PATT","source_specification",1000,TRUE,"strict",1000,0,1000,0,1000,0,0,1000,0,0,0,0,TRUE,TRUE,TRUE,TRUE,TRUE,TRUE,TRUE,TRUE
1,1,"MAR","Lenis_W_PS_W_OM_WT_A","PATT","source_specification",1000,TRUE,"strict",1000,0,1000,0,1000,0,0,1000,0,0,0,1000,TRUE,TRUE,TRUE,TRUE,TRUE,TRUE,TRUE,TRUE
2,1,"MAR","Lenis_W_PS_W_OM_WT_A","PATT","source_specification",1000,TRUE,"strict",1000,0,1000,0,1000,0,0,1000,0,0,0,1000,TRUE,TRUE,TRUE,TRUE,TRUE,TRUE,TRUE,TRUE
3,1,"MAR","Lenis_W_PS_W_OM_WT_A","PATT","source_specification",1000,TRUE,"strict",1000,0,1000,0,1000,0,0,1000,0,0,0,1000,TRUE,TRUE,TRUE,TRUE,TRUE,TRUE,TRUE,TRUE
1,2,"MAR","Lenis_W_PS_W_OM_WT_A","PATT","source_specification",1000,TRUE,"strict",1000,0,1000,0,1000,0,0,1000,0,0,0,1000,TRUE,TRUE,TRUE,TRUE,TRUE,TRUE,TRUE,TRUE
2,2,"MAR","Lenis_W_PS_W_OM_WT_A","PATT","source_specification",1000,TRUE,"strict",1000,0,1000,0,1000,0,0,1000,0,0,0,1000,TRUE,TRUE,TRUE,TRUE,TRUE,TRUE,TRUE,TRUE
3,2,"MAR","Lenis_W_PS_W_OM_WT_A","PATT","source_specification",1000,TRUE,"strict",1000,0,1000,0,1000,0,0,1000,0,0,0,1000,TRUE,TRUE,TRUE,TRUE,TRUE,TRUE,TRUE,TRUE
1,3,"MAR","Lenis_W_PS_W_OM_WT_A","PATT","source_specification",1000,TRUE,"strict",1000,0,1000,0,1000,0,0,1000,0,0,0,1000,TRUE,TRUE,TRUE,TRUE,TRUE,TRUE,TRUE,TRUE
2,3,"MAR","Lenis_W_PS_W_OM_WT_A","PATT","source_specification",1000,TRUE,"strict",1000,0,1000,0,1000,0,0,1000,0,0,0,1000,TRUE,TRUE,TRUE,TRUE,TRUE,TRUE,TRUE,TRUE
3,3,"MAR","Lenis_W_PS_W_OM_WT_A","PATT","source_specification",1000,TRUE,"strict",1000,0,1000,0,1000,0,0,1000,0,0,0,1000,TRUE,TRUE,TRUE,TRUE,TRUE,TRUE,TRUE,TRUE
1,4,"MAR","Lenis_W_PS_W_OM_WT_A","PATT","source_specification",1000,TRUE,"strict",1000,0,1000,0,1000,0,0,1000,0,0,0,1000,TRUE,TRUE,TRUE,TRUE,TRUE,TRUE,TRUE,TRUE
2,4,"MAR","Lenis_W_PS_W_OM_WT_A","PATT","source_specification",1000,TRUE,"strict",1000,0,1000,0,1000,0,0,1000,0,0,0,1000,TRUE,TRUE,TRUE,TRUE,TRUE,TRUE,TRUE,TRUE
3,4,"MAR","Lenis_W_PS_W_OM_WT_A","PATT","source_specification",1000,TRUE,"strict",1000,0,1000,0,1000,0,0,1000,0,0,0,1000,TRUE,TRUE,TRUE,TRUE,TRUE,TRUE,TRUE,TRUE
1,5,"MAR","Lenis_W_PS_W_OM_WT_A","PATT","source_specification",1000,TRUE,"strict",1000,0,1000,0,1000,0,0,1000,0,0,0,1000,TRUE,TRUE,TRUE,TRUE,TRUE,TRUE,TRUE,TRUE
2,5,"MAR","Lenis_W_PS_W_OM_WT_A","PATT","source_specification",1000,TRUE,"strict",1000,0,1000,0,1000,0,0,1000,0,0,0,1000,TRUE,TRUE,TRUE,TRUE,TRUE,TRUE,TRUE,TRUE
3,5,"MAR","Lenis_W_PS_W_OM_WT_A","PATT","source_specification",1000,TRUE,"strict",1000,0,1000,0,1000,0,0,1000,0,0,0,1000,TRUE,TRUE,TRUE,TRUE,TRUE,TRUE,TRUE,TRUE
1,6,"MAR","Lenis_W_PS_W_OM_WT_A","PATT","source_specification",1000,TRUE,"strict",1000,0,1000,0,1000,0,0,1000,0,0,0,1000,TRUE,TRUE,TRUE,TRUE,TRUE,TRUE,TRUE,TRUE
2,6,"MAR","Lenis_W_PS_W_OM_WT_A","PATT","source_specification",1000,TRUE,"strict",1000,0,1000,0,1000,0,0,1000,0,0,0,1000,TRUE,TRUE,TRUE,TRUE,TRUE,TRUE,TRUE,TRUE
3,6,"MAR","Lenis_W_PS_W_OM_WT_A","PATT","source_specification",1000,TRUE,"strict",1000,0,1000,0,1000,0,0,1000,0,0,0,1000,TRUE,TRUE,TRUE,TRUE,TRUE,TRUE,TRUE,TRUE
1,1,"MARX","Lenis_W_PS_W_OM_WT_A","PATT","source_specification",1000,TRUE,"strict",1000,0,1000,0,1000,0,0,1000,0,0,0,1000,TRUE,TRUE,TRUE,TRUE,TRUE,TRUE,TRUE,TRUE
2,1,"MARX","Lenis_W_PS_W_OM_WT_A","PATT","source_specification",1000,TRUE,"strict",1000,0,1000,0,1000,0,0,1000,0,0,0,1000,TRUE,TRUE,TRUE,TRUE,TRUE,TRUE,TRUE,TRUE
3,1,"MARX","Lenis_W_PS_W_OM_WT_A","PATT","source_specification",1000,TRUE,"strict",1000,0,1000,0,1000,0,0,1000,0,0,0,1000,TRUE,TRUE,TRUE,TRUE,TRUE,TRUE,TRUE,TRUE
1,2,"MARX","Lenis_W_PS_W_OM_WT_A","PATT","source_specification",1000,TRUE,"strict",1000,0,1000,0,1000,0,0,1000,0,0,0,1000,TRUE,TRUE,TRUE,TRUE,TRUE,TRUE,TRUE,TRUE
2,2,"MARX","Lenis_W_PS_W_OM_WT_A","PATT","source_specification",1000,TRUE,"strict",1000,0,1000,0,1000,0,0,1000,0,0,0,1000,TRUE,TRUE,TRUE,TRUE,TRUE,TRUE,TRUE,TRUE
3,2,"MARX","Lenis_W_PS_W_OM_WT_A","PATT","source_specification",1000,TRUE,"strict",1000,0,1000,0,1000,0,0,1000,0,0,0,1000,TRUE,TRUE,TRUE,TRUE,TRUE,TRUE,TRUE,TRUE
1,3,"MARX","Lenis_W_PS_W_OM_WT_A","PATT","source_specification",1000,TRUE,"strict",1000,0,1000,0,1000,0,0,1000,0,0,0,1000,TRUE,TRUE,TRUE,TRUE,TRUE,TRUE,TRUE,TRUE
2,3,"MARX","Lenis_W_PS_W_OM_WT_A","PATT","source_specification",1000,TRUE,"strict",1000,0,1000,0,1000,0,0,1000,0,0,0,1000,TRUE,TRUE,TRUE,TRUE,TRUE,TRUE,TRUE,TRUE
3,3,"MARX","Lenis_W_PS_W_OM_WT_A","PATT","source_specification",1000,TRUE,"strict",1000,0,1000,0,1000,0,0,1000,0,0,0,1000,TRUE,TRUE,TRUE,TRUE,TRUE,TRUE,TRUE,TRUE
1,4,"MARX","Lenis_W_PS_W_OM_WT_A","PATT","source_specification",1000,TRUE,"strict",1000,0,1000,0,1000,0,0,1000,0,0,0,1000,TRUE,TRUE,TRUE,TRUE,TRUE,TRUE,TRUE,TRUE
2,4,"MARX","Lenis_W_PS_W_OM_WT_A","PATT","source_specification",1000,TRUE,"strict",1000,0,1000,0,1000,0,0,1000,0,0,0,1000,TRUE,TRUE,TRUE,TRUE,TRUE,TRUE,TRUE,TRUE
3,4,"MARX","Lenis_W_PS_W_OM_WT_A","PATT","source_specification",1000,TRUE,"strict",1000,0,1000,0,1000,0,0,1000,0,0,0,1000,TRUE,TRUE,TRUE,TRUE,TRUE,TRUE,TRUE,TRUE
1,5,"MARX","Lenis_W_PS_W_OM_WT_A","PATT","source_specification",1000,TRUE,"strict",1000,0,1000,0,1000,0,0,1000,0,0,0,1000,TRUE,TRUE,TRUE,TRUE,TRUE,TRUE,TRUE,TRUE
2,5,"MARX","Lenis_W_PS_W_OM_WT_A","PATT","source_specification",1000,TRUE,"strict",1000,0,1000,0,1000,0,0,1000,0,0,0,1000,TRUE,TRUE,TRUE,TRUE,TRUE,TRUE,TRUE,TRUE
3,5,"MARX","Lenis_W_PS_W_OM_WT_A","PATT","source_specification",1000,TRUE,"strict",1000,0,1000,0,1000,0,0,1000,0,0,0,1000,TRUE,TRUE,TRUE,TRUE,TRUE,TRUE,TRUE,TRUE
1,6,"MARX","Lenis_W_PS_W_OM_WT_A","PATT","source_specification",1000,TRUE,"strict",1000,0,1000,0,1000,0,0,1000,0,0,0,1000,TRUE,TRUE,TRUE,TRUE,TRUE,TRUE,TRUE,TRUE
2,6,"MARX","Lenis_W_PS_W_OM_WT_A","PATT","source_specification",1000,TRUE,"strict",1000,0,1000,0,1000,0,0,1000,0,0,0,1000,TRUE,TRUE,TRUE,TRUE,TRUE,TRUE,TRUE,TRUE
3,6,"MARX","Lenis_W_PS_W_OM_WT_A","PATT","source_specification",1000,TRUE,"strict",1000,0,1000,0,1000,0,0,1000,0,0,0,1000,TRUE,TRUE,TRUE,TRUE,TRUE,TRUE,TRUE,TRUE
1,1,"MART","Lenis_W_PS_W_OM_WT_A","PATT","source_specification",1000,TRUE,"strict",1000,0,1000,0,1000,0,0,1000,0,0,0,1000,TRUE,TRUE,TRUE,TRUE,TRUE,TRUE,TRUE,TRUE
2,1,"MART","Lenis_W_PS_W_OM_WT_A","PATT","source_specification",1000,TRUE,"strict",1000,0,1000,0,1000,0,0,1000,0,0,0,1000,TRUE,TRUE,TRUE,TRUE,TRUE,TRUE,TRUE,TRUE
3,1,"MART","Lenis_W_PS_W_OM_WT_A","PATT","source_specification",1000,TRUE,"strict",1000,0,1000,0,1000,0,0,1000,0,0,0,1000,TRUE,TRUE,TRUE,TRUE,TRUE,TRUE,TRUE,TRUE
1,2,"MART","Lenis_W_PS_W_OM_WT_A","PATT","source_specification",1000,TRUE,"strict",1000,0,1000,0,1000,0,0,1000,0,0,0,1000,TRUE,TRUE,TRUE,TRUE,TRUE,TRUE,TRUE,TRUE
2,2,"MART","Lenis_W_PS_W_OM_WT_A","PATT","source_specification",1000,TRUE,"strict",1000,0,1000,0,1000,0,0,1000,0,0,0,1000,TRUE,TRUE,TRUE,TRUE,TRUE,TRUE,TRUE,TRUE
3,2,"MART","Lenis_W_PS_W_OM_WT_A","PATT","source_specification",1000,TRUE,"strict",1000,0,1000,0,1000,0,0,1000,0,0,0,1000,TRUE,TRUE,TRUE,TRUE,TRUE,TRUE,TRUE,TRUE
1,3,"MART","Lenis_W_PS_W_OM_WT_A","PATT","source_specification",1000,TRUE,"strict",1000,0,1000,0,1000,0,0,1000,0,0,0,1000,TRUE,TRUE,TRUE,TRUE,TRUE,TRUE,TRUE,TRUE
2,3,"MART","Lenis_W_PS_W_OM_WT_A","PATT","source_specification",1000,TRUE,"strict",1000,0,1000,0,1000,0,0,1000,0,0,0,1000,TRUE,TRUE,TRUE,TRUE,TRUE,TRUE,TRUE,TRUE
3,3,"MART","Lenis_W_PS_W_OM_WT_A","PATT","source_specification",1000,TRUE,"strict",1000,0,1000,0,1000,0,0,1000,0,0,0,1000,TRUE,TRUE,TRUE,TRUE,TRUE,TRUE,TRUE,TRUE
1,4,"MART","Lenis_W_PS_W_OM_WT_A","PATT","source_specification",1000,TRUE,"strict",1000,0,1000,0,1000,0,0,1000,0,0,0,1000,TRUE,TRUE,TRUE,TRUE,TRUE,TRUE,TRUE,TRUE
2,4,"MART","Lenis_W_PS_W_OM_WT_A","PATT","source_specification",1000,TRUE,"strict",1000,0,1000,0,1000,0,0,1000,0,0,0,1000,TRUE,TRUE,TRUE,TRUE,TRUE,TRUE,TRUE,TRUE
3,4,"MART","Lenis_W_PS_W_OM_WT_A","PATT","source_specification",1000,TRUE,"strict",1000,0,1000,0,1000,0,0,1000,0,0,0,1000,TRUE,TRUE,TRUE,TRUE,TRUE,TRUE,TRUE,TRUE
1,5,"MART","Lenis_W_PS_W_OM_WT_A","PATT","source_specification",1000,TRUE,"strict",1000,0,1000,0,1000,0,0,1000,0,0,0,1000,TRUE,TRUE,TRUE,TRUE,TRUE,TRUE,TRUE,TRUE
2,5,"MART","Lenis_W_PS_W_OM_WT_A","PATT","source_specification",1000,TRUE,"strict",1000,0,1000,0,1000,0,0,1000,0,0,0,1000,TRUE,TRUE,TRUE,TRUE,TRUE,TRUE,TRUE,TRUE
3,5,"MART","Lenis_W_PS_W_OM_WT_A","PATT","source_specification",1000,TRUE,"strict",1000,0,1000,0,1000,0,0,1000,0,0,0,1000,TRUE,TRUE,TRUE,TRUE,TRUE,TRUE,TRUE,TRUE
1,6,"MART","Lenis_W_PS_W_OM_WT_A","PATT","source_specification",1000,TRUE,"strict",1000,0,1000,0,1000,0,0,1000,0,0,0,1000,TRUE,TRUE,TRUE,TRUE,TRUE,TRUE,TRUE,TRUE
2,6,"MART","Lenis_W_PS_W_OM_WT_A","PATT","source_specification",1000,TRUE,"strict",1000,0,1000,0,1000,0,0,1000,0,0,0,1000,TRUE,TRUE,TRUE,TRUE,TRUE,TRUE,TRUE,TRUE
3,6,"MART","Lenis_W_PS_W_OM_WT_A","PATT","source_specification",1000,TRUE,"strict",1000,0,1000,0,1000,0,0,1000,0,0,0,1000,TRUE,TRUE,TRUE,TRUE,TRUE,TRUE,TRUE,TRUE
1,1,"No","Lenis_W_PS_W_OM_OW_A","PATT","source_specification",1000,TRUE,"strict",1000,0,1000,0,1000,0,0,1000,0,0,0,0,TRUE,TRUE,TRUE,TRUE,TRUE,TRUE,TRUE,TRUE
2,1,"No","Lenis_W_PS_W_OM_OW_A","PATT","source_specification",1000,TRUE,"strict",1000,0,1000,0,1000,0,0,1000,0,0,0,0,TRUE,TRUE,TRUE,TRUE,TRUE,TRUE,TRUE,TRUE
3,1,"No","Lenis_W_PS_W_OM_OW_A","PATT","source_specification",1000,TRUE,"strict",1000,0,1000,0,1000,0,0,1000,0,0,0,0,TRUE,TRUE,TRUE,TRUE,TRUE,TRUE,TRUE,TRUE
1,2,"No","Lenis_W_PS_W_OM_OW_A","PATT","source_specification",1000,TRUE,"strict",1000,0,1000,0,1000,0,0,1000,0,0,0,0,TRUE,TRUE,TRUE,TRUE,TRUE,TRUE,TRUE,TRUE
2,2,"No","Lenis_W_PS_W_OM_OW_A","PATT","source_specification",1000,TRUE,"strict",1000,0,1000,0,1000,0,0,1000,0,0,0,0,TRUE,TRUE,TRUE,TRUE,TRUE,TRUE,TRUE,TRUE
3,2,"No","Lenis_W_PS_W_OM_OW_A","PATT","source_specification",1000,TRUE,"strict",1000,0,1000,0,1000,0,0,1000,0,0,0,0,TRUE,TRUE,TRUE,TRUE,TRUE,TRUE,TRUE,TRUE
1,3,"No","Lenis_W_PS_W_OM_OW_A","PATT","source_specification",1000,TRUE,"strict",1000,0,1000,0,1000,0,0,1000,0,0,0,0,TRUE,TRUE,TRUE,TRUE,TRUE,TRUE,TRUE,TRUE
2,3,"No","Lenis_W_PS_W_OM_OW_A","PATT","source_specification",1000,TRUE,"strict",1000,0,1000,0,1000,0,0,1000,0,0,0,0,TRUE,TRUE,TRUE,TRUE,TRUE,TRUE,TRUE,TRUE
3,3,"No","Lenis_W_PS_W_OM_OW_A","PATT","source_specification",1000,TRUE,"strict",1000,0,1000,0,1000,0,0,1000,0,0,0,0,TRUE,TRUE,TRUE,TRUE,TRUE,TRUE,TRUE,TRUE
1,4,"No","Lenis_W_PS_W_OM_OW_A","PATT","source_specification",1000,TRUE,"strict",1000,0,1000,0,1000,0,0,1000,0,0,0,0,TRUE,TRUE,TRUE,TRUE,TRUE,TRUE,TRUE,TRUE
2,4,"No","Lenis_W_PS_W_OM_OW_A","PATT","source_specification",1000,TRUE,"strict",1000,0,1000,0,1000,0,0,1000,0,0,0,0,TRUE,TRUE,TRUE,TRUE,TRUE,TRUE,TRUE,TRUE
3,4,"No","Lenis_W_PS_W_OM_OW_A","PATT","source_specification",1000,TRUE,"strict",1000,0,1000,0,1000,0,0,1000,0,0,0,0,TRUE,TRUE,TRUE,TRUE,TRUE,TRUE,TRUE,TRUE
1,5,"No","Lenis_W_PS_W_OM_OW_A","PATT","source_specification",1000,TRUE,"strict",1000,0,1000,0,1000,0,0,1000,0,0,0,0,TRUE,TRUE,TRUE,TRUE,TRUE,TRUE,TRUE,TRUE
2,5,"No","Lenis_W_PS_W_OM_OW_A","PATT","source_specification",1000,TRUE,"strict",1000,0,1000,0,1000,0,0,1000,0,0,0,0,TRUE,TRUE,TRUE,TRUE,TRUE,TRUE,TRUE,TRUE
3,5,"No","Lenis_W_PS_W_OM_OW_A","PATT","source_specification",1000,TRUE,"strict",1000,0,1000,0,1000,0,0,1000,0,0,0,0,TRUE,TRUE,TRUE,TRUE,TRUE,TRUE,TRUE,TRUE
1,6,"No","Lenis_W_PS_W_OM_OW_A","PATT","source_specification",1000,TRUE,"strict",1000,0,1000,0,1000,0,0,1000,0,0,0,0,TRUE,TRUE,TRUE,TRUE,TRUE,TRUE,TRUE,TRUE
2,6,"No","Lenis_W_PS_W_OM_OW_A","PATT","source_specification",1000,TRUE,"strict",1000,0,1000,0,1000,0,0,1000,0,0,0,0,TRUE,TRUE,TRUE,TRUE,TRUE,TRUE,TRUE,TRUE
3,6,"No","Lenis_W_PS_W_OM_OW_A","PATT","source_specification",1000,TRUE,"strict",1000,0,1000,0,1000,0,0,1000,0,0,0,0,TRUE,TRUE,TRUE,TRUE,TRUE,TRUE,TRUE,TRUE
1,1,"MAR","Lenis_W_PS_W_OM_OW_A","PATT","source_specification",1000,TRUE,"strict",1000,0,1000,0,1000,0,0,1000,0,0,0,1000,TRUE,TRUE,TRUE,TRUE,TRUE,TRUE,TRUE,TRUE
2,1,"MAR","Lenis_W_PS_W_OM_OW_A","PATT","source_specification",1000,TRUE,"strict",1000,0,1000,0,1000,0,0,1000,0,0,0,1000,TRUE,TRUE,TRUE,TRUE,TRUE,TRUE,TRUE,TRUE
3,1,"MAR","Lenis_W_PS_W_OM_OW_A","PATT","source_specification",1000,TRUE,"strict",1000,0,1000,0,1000,0,0,1000,0,0,0,1000,TRUE,TRUE,TRUE,TRUE,TRUE,TRUE,TRUE,TRUE
1,2,"MAR","Lenis_W_PS_W_OM_OW_A","PATT","source_specification",1000,TRUE,"strict",1000,0,1000,0,1000,0,0,1000,0,0,0,1000,TRUE,TRUE,TRUE,TRUE,TRUE,TRUE,TRUE,TRUE
2,2,"MAR","Lenis_W_PS_W_OM_OW_A","PATT","source_specification",1000,TRUE,"strict",1000,0,1000,0,1000,0,0,1000,0,0,0,1000,TRUE,TRUE,TRUE,TRUE,TRUE,TRUE,TRUE,TRUE
3,2,"MAR","Lenis_W_PS_W_OM_OW_A","PATT","source_specification",1000,TRUE,"strict",1000,0,1000,0,1000,0,0,1000,0,0,0,1000,TRUE,TRUE,TRUE,TRUE,TRUE,TRUE,TRUE,TRUE
1,3,"MAR","Lenis_W_PS_W_OM_OW_A","PATT","source_specification",1000,TRUE,"strict",1000,0,1000,0,1000,0,0,1000,0,0,0,1000,TRUE,TRUE,TRUE,TRUE,TRUE,TRUE,TRUE,TRUE
2,3,"MAR","Lenis_W_PS_W_OM_OW_A","PATT","source_specification",1000,TRUE,"strict",1000,0,1000,0,1000,0,0,1000,0,0,0,1000,TRUE,TRUE,TRUE,TRUE,TRUE,TRUE,TRUE,TRUE
3,3,"MAR","Lenis_W_PS_W_OM_OW_A","PATT","source_specification",1000,TRUE,"strict",1000,0,1000,0,1000,0,0,1000,0,0,0,1000,TRUE,TRUE,TRUE,TRUE,TRUE,TRUE,TRUE,TRUE
1,4,"MAR","Lenis_W_PS_W_OM_OW_A","PATT","source_specification",1000,TRUE,"strict",1000,0,1000,0,1000,0,0,1000,0,0,0,1000,TRUE,TRUE,TRUE,TRUE,TRUE,TRUE,TRUE,TRUE
2,4,"MAR","Lenis_W_PS_W_OM_OW_A","PATT","source_specification",1000,TRUE,"strict",1000,0,1000,0,1000,0,0,1000,0,0,0,1000,TRUE,TRUE,TRUE,TRUE,TRUE,TRUE,TRUE,TRUE
3,4,"MAR","Lenis_W_PS_W_OM_OW_A","PATT","source_specification",1000,TRUE,"strict",1000,0,1000,0,1000,0,0,1000,0,0,0,1000,TRUE,TRUE,TRUE,TRUE,TRUE,TRUE,TRUE,TRUE
1,5,"MAR","Lenis_W_PS_W_OM_OW_A","PATT","source_specification",1000,TRUE,"strict",1000,0,1000,0,1000,0,0,1000,0,0,0,1000,TRUE,TRUE,TRUE,TRUE,TRUE,TRUE,TRUE,TRUE
2,5,"MAR","Lenis_W_PS_W_OM_OW_A","PATT","source_specification",1000,TRUE,"strict",1000,0,1000,0,1000,0,0,1000,0,0,0,1000,TRUE,TRUE,TRUE,TRUE,TRUE,TRUE,TRUE,TRUE
3,5,"MAR","Lenis_W_PS_W_OM_OW_A","PATT","source_specification",1000,TRUE,"strict",1000,0,1000,0,1000,0,0,1000,0,0,0,1000,TRUE,TRUE,TRUE,TRUE,TRUE,TRUE,TRUE,TRUE
1,6,"MAR","Lenis_W_PS_W_OM_OW_A","PATT","source_specification",1000,TRUE,"strict",1000,0,1000,0,1000,0,0,1000,0,0,0,1000,TRUE,TRUE,TRUE,TRUE,TRUE,TRUE,TRUE,TRUE
2,6,"MAR","Lenis_W_PS_W_OM_OW_A","PATT","source_specification",1000,TRUE,"strict",1000,0,1000,0,1000,0,0,1000,0,0,0,1000,TRUE,TRUE,TRUE,TRUE,TRUE,TRUE,TRUE,TRUE
3,6,"MAR","Lenis_W_PS_W_OM_OW_A","PATT","source_specification",1000,TRUE,"strict",1000,0,1000,0,1000,0,0,1000,0,0,0,1000,TRUE,TRUE,TRUE,TRUE,TRUE,TRUE,TRUE,TRUE
1,1,"MARX","Lenis_W_PS_W_OM_OW_A","PATT","source_specification",1000,TRUE,"strict",1000,0,1000,0,1000,0,0,1000,0,0,0,1000,TRUE,TRUE,TRUE,TRUE,TRUE,TRUE,TRUE,TRUE
2,1,"MARX","Lenis_W_PS_W_OM_OW_A","PATT","source_specification",1000,TRUE,"strict",1000,0,1000,0,1000,0,0,1000,0,0,0,1000,TRUE,TRUE,TRUE,TRUE,TRUE,TRUE,TRUE,TRUE
3,1,"MARX","Lenis_W_PS_W_OM_OW_A","PATT","source_specification",1000,TRUE,"strict",1000,0,1000,0,1000,0,0,1000,0,0,0,1000,TRUE,TRUE,TRUE,TRUE,TRUE,TRUE,TRUE,TRUE
1,2,"MARX","Lenis_W_PS_W_OM_OW_A","PATT","source_specification",1000,TRUE,"strict",1000,0,1000,0,1000,0,0,1000,0,0,0,1000,TRUE,TRUE,TRUE,TRUE,TRUE,TRUE,TRUE,TRUE
2,2,"MARX","Lenis_W_PS_W_OM_OW_A","PATT","source_specification",1000,TRUE,"strict",1000,0,1000,0,1000,0,0,1000,0,0,0,1000,TRUE,TRUE,TRUE,TRUE,TRUE,TRUE,TRUE,TRUE
3,2,"MARX","Lenis_W_PS_W_OM_OW_A","PATT","source_specification",1000,TRUE,"strict",1000,0,1000,0,1000,0,0,1000,0,0,0,1000,TRUE,TRUE,TRUE,TRUE,TRUE,TRUE,TRUE,TRUE
1,3,"MARX","Lenis_W_PS_W_OM_OW_A","PATT","source_specification",1000,TRUE,"strict",1000,0,1000,0,1000,0,0,1000,0,0,0,1000,TRUE,TRUE,TRUE,TRUE,TRUE,TRUE,TRUE,TRUE
2,3,"MARX","Lenis_W_PS_W_OM_OW_A","PATT","source_specification",1000,TRUE,"strict",1000,0,1000,0,1000,0,0,1000,0,0,0,1000,TRUE,TRUE,TRUE,TRUE,TRUE,TRUE,TRUE,TRUE
3,3,"MARX","Lenis_W_PS_W_OM_OW_A","PATT","source_specification",1000,TRUE,"strict",1000,0,1000,0,1000,0,0,1000,0,0,0,1000,TRUE,TRUE,TRUE,TRUE,TRUE,TRUE,TRUE,TRUE
1,4,"MARX","Lenis_W_PS_W_OM_OW_A","PATT","source_specification",1000,TRUE,"strict",1000,0,1000,0,1000,0,0,1000,0,0,0,1000,TRUE,TRUE,TRUE,TRUE,TRUE,TRUE,TRUE,TRUE
2,4,"MARX","Lenis_W_PS_W_OM_OW_A","PATT","source_specification",1000,TRUE,"strict",1000,0,1000,0,1000,0,0,1000,0,0,0,1000,TRUE,TRUE,TRUE,TRUE,TRUE,TRUE,TRUE,TRUE
3,4,"MARX","Lenis_W_PS_W_OM_OW_A","PATT","source_specification",1000,TRUE,"strict",1000,0,1000,0,1000,0,0,1000,0,0,0,1000,TRUE,TRUE,TRUE,TRUE,TRUE,TRUE,TRUE,TRUE
1,5,"MARX","Lenis_W_PS_W_OM_OW_A","PATT","source_specification",1000,TRUE,"strict",1000,0,1000,0,1000,0,0,1000,0,0,0,1000,TRUE,TRUE,TRUE,TRUE,TRUE,TRUE,TRUE,TRUE
2,5,"MARX","Lenis_W_PS_W_OM_OW_A","PATT","source_specification",1000,TRUE,"strict",1000,0,1000,0,1000,0,0,1000,0,0,0,1000,TRUE,TRUE,TRUE,TRUE,TRUE,TRUE,TRUE,TRUE
3,5,"MARX","Lenis_W_PS_W_OM_OW_A","PATT","source_specification",1000,TRUE,"strict",1000,0,1000,0,1000,0,0,1000,0,0,0,1000,TRUE,TRUE,TRUE,TRUE,TRUE,TRUE,TRUE,TRUE
1,6,"MARX","Lenis_W_PS_W_OM_OW_A","PATT","source_specification",1000,TRUE,"strict",1000,0,1000,0,1000,0,0,1000,0,0,0,1000,TRUE,TRUE,TRUE,TRUE,TRUE,TRUE,TRUE,TRUE
2,6,"MARX","Lenis_W_PS_W_OM_OW_A","PATT","source_specification",1000,TRUE,"strict",1000,0,1000,0,1000,0,0,1000,0,0,0,1000,TRUE,TRUE,TRUE,TRUE,TRUE,TRUE,TRUE,TRUE
3,6,"MARX","Lenis_W_PS_W_OM_OW_A","PATT","source_specification",1000,TRUE,"strict",1000,0,1000,0,1000,0,0,1000,0,0,0,1000,TRUE,TRUE,TRUE,TRUE,TRUE,TRUE,TRUE,TRUE
1,1,"MART","Lenis_W_PS_W_OM_OW_A","PATT","source_specification",1000,TRUE,"strict",1000,0,1000,0,1000,0,0,1000,0,0,0,1000,TRUE,TRUE,TRUE,TRUE,TRUE,TRUE,TRUE,TRUE
2,1,"MART","Lenis_W_PS_W_OM_OW_A","PATT","source_specification",1000,TRUE,"strict",1000,0,1000,0,1000,0,0,1000,0,0,0,1000,TRUE,TRUE,TRUE,TRUE,TRUE,TRUE,TRUE,TRUE
3,1,"MART","Lenis_W_PS_W_OM_OW_A","PATT","source_specification",1000,TRUE,"strict",1000,0,1000,0,1000,0,0,1000,0,0,0,1000,TRUE,TRUE,TRUE,TRUE,TRUE,TRUE,TRUE,TRUE
1,2,"MART","Lenis_W_PS_W_OM_OW_A","PATT","source_specification",1000,TRUE,"strict",1000,0,1000,0,1000,0,0,1000,0,0,0,1000,TRUE,TRUE,TRUE,TRUE,TRUE,TRUE,TRUE,TRUE
2,2,"MART","Lenis_W_PS_W_OM_OW_A","PATT","source_specification",1000,TRUE,"strict",1000,0,1000,0,1000,0,0,1000,0,0,0,1000,TRUE,TRUE,TRUE,TRUE,TRUE,TRUE,TRUE,TRUE
3,2,"MART","Lenis_W_PS_W_OM_OW_A","PATT","source_specification",1000,TRUE,"strict",1000,0,1000,0,1000,0,0,1000,0,0,0,1000,TRUE,TRUE,TRUE,TRUE,TRUE,TRUE,TRUE,TRUE
1,3,"MART","Lenis_W_PS_W_OM_OW_A","PATT","source_specification",1000,TRUE,"strict",1000,0,1000,0,1000,0,0,1000,0,0,0,1000,TRUE,TRUE,TRUE,TRUE,TRUE,TRUE,TRUE,TRUE
2,3,"MART","Lenis_W_PS_W_OM_OW_A","PATT","source_specification",1000,TRUE,"strict",1000,0,1000,0,1000,0,0,1000,0,0,0,1000,TRUE,TRUE,TRUE,TRUE,TRUE,TRUE,TRUE,TRUE
3,3,"MART","Lenis_W_PS_W_OM_OW_A","PATT","source_specification",1000,TRUE,"strict",1000,0,1000,0,1000,0,0,1000,0,0,0,1000,TRUE,TRUE,TRUE,TRUE,TRUE,TRUE,TRUE,TRUE
1,4,"MART","Lenis_W_PS_W_OM_OW_A","PATT","source_specification",1000,TRUE,"strict",1000,0,1000,0,1000,0,0,1000,0,0,0,1000,TRUE,TRUE,TRUE,TRUE,TRUE,TRUE,TRUE,TRUE
2,4,"MART","Lenis_W_PS_W_OM_OW_A","PATT","source_specification",1000,TRUE,"strict",1000,0,1000,0,1000,0,0,1000,0,0,0,1000,TRUE,TRUE,TRUE,TRUE,TRUE,TRUE,TRUE,TRUE
3,4,"MART","Lenis_W_PS_W_OM_OW_A","PATT","source_specification",1000,TRUE,"strict",1000,0,1000,0,1000,0,0,1000,0,0,0,1000,TRUE,TRUE,TRUE,TRUE,TRUE,TRUE,TRUE,TRUE
1,5,"MART","Lenis_W_PS_W_OM_OW_A","PATT","source_specification",1000,TRUE,"strict",1000,0,1000,0,1000,0,0,1000,0,0,0,1000,TRUE,TRUE,TRUE,TRUE,TRUE,TRUE,TRUE,TRUE
2,5,"MART","Lenis_W_PS_W_OM_OW_A","PATT","source_specification",1000,TRUE,"strict",1000,0,1000,0,1000,0,0,1000,0,0,0,1000,TRUE,TRUE,TRUE,TRUE,TRUE,TRUE,TRUE,TRUE
3,5,"MART","Lenis_W_PS_W_OM_OW_A","PATT","source_specification",1000,TRUE,"strict",1000,0,1000,0,1000,0,0,1000,0,0,0,1000,TRUE,TRUE,TRUE,TRUE,TRUE,TRUE,TRUE,TRUE
1,6,"MART","Lenis_W_PS_W_OM_OW_A","PATT","source_specification",1000,TRUE,"strict",1000,0,1000,0,1000,0,0,1000,0,0,0,1000,TRUE,TRUE,TRUE,TRUE,TRUE,TRUE,TRUE,TRUE
2,6,"MART","Lenis_W_PS_W_OM_OW_A","PATT","source_specification",1000,TRUE,"strict",1000,0,1000,0,1000,0,0,1000,0,0,0,1000,TRUE,TRUE,TRUE,TRUE,TRUE,TRUE,TRUE,TRUE
3,6,"MART","Lenis_W_PS_W_OM_OW_A","PATT","source_specification",1000,TRUE,"strict",1000,0,1000,0,1000,0,0,1000,0,0,0,1000,TRUE,TRUE,TRUE,TRUE,TRUE,TRUE,TRUE,TRUE
1,1,"No","Lenis_C_PS_W_OM_WT_A","PATT","source_specification",1000,TRUE,"strict",1000,0,1000,0,1000,0,0,1000,0,0,0,1000,TRUE,TRUE,TRUE,TRUE,TRUE,TRUE,TRUE,TRUE
2,1,"No","Lenis_C_PS_W_OM_WT_A","PATT","source_specification",1000,TRUE,"strict",1000,0,1000,0,1000,0,0,1000,0,0,0,1000,TRUE,TRUE,TRUE,TRUE,TRUE,TRUE,TRUE,TRUE
3,1,"No","Lenis_C_PS_W_OM_WT_A","PATT","source_specification",1000,TRUE,"strict",1000,0,1000,0,1000,0,0,1000,0,0,0,1000,TRUE,TRUE,TRUE,TRUE,TRUE,TRUE,TRUE,TRUE
1,2,"No","Lenis_C_PS_W_OM_WT_A","PATT","source_specification",1000,TRUE,"strict",1000,0,1000,0,1000,0,0,1000,0,0,0,1000,TRUE,TRUE,TRUE,TRUE,TRUE,TRUE,TRUE,TRUE
2,2,"No","Lenis_C_PS_W_OM_WT_A","PATT","source_specification",1000,TRUE,"strict",1000,0,1000,0,1000,0,0,1000,0,0,0,1000,TRUE,TRUE,TRUE,TRUE,TRUE,TRUE,TRUE,TRUE
3,2,"No","Lenis_C_PS_W_OM_WT_A","PATT","source_specification",1000,TRUE,"strict",1000,0,1000,0,1000,0,0,1000,0,0,0,1000,TRUE,TRUE,TRUE,TRUE,TRUE,TRUE,TRUE,TRUE
1,3,"No","Lenis_C_PS_W_OM_WT_A","PATT","source_specification",1000,TRUE,"strict",1000,0,1000,0,1000,0,0,1000,0,0,0,1000,TRUE,TRUE,TRUE,TRUE,TRUE,TRUE,TRUE,TRUE
2,3,"No","Lenis_C_PS_W_OM_WT_A","PATT","source_specification",1000,TRUE,"strict",1000,0,1000,0,1000,0,0,1000,0,0,0,1000,TRUE,TRUE,TRUE,TRUE,TRUE,TRUE,TRUE,TRUE
3,3,"No","Lenis_C_PS_W_OM_WT_A","PATT","source_specification",1000,TRUE,"strict",1000,0,1000,0,1000,0,0,1000,0,0,0,1000,TRUE,TRUE,TRUE,TRUE,TRUE,TRUE,TRUE,TRUE
1,4,"No","Lenis_C_PS_W_OM_WT_A","PATT","source_specification",1000,TRUE,"strict",1000,0,1000,0,1000,0,0,1000,0,0,0,1000,TRUE,TRUE,TRUE,TRUE,TRUE,TRUE,TRUE,TRUE
2,4,"No","Lenis_C_PS_W_OM_WT_A","PATT","source_specification",1000,TRUE,"strict",1000,0,1000,0,1000,0,0,1000,0,0,0,1000,TRUE,TRUE,TRUE,TRUE,TRUE,TRUE,TRUE,TRUE
3,4,"No","Lenis_C_PS_W_OM_WT_A","PATT","source_specification",1000,TRUE,"strict",1000,0,1000,0,1000,0,0,1000,0,0,0,1000,TRUE,TRUE,TRUE,TRUE,TRUE,TRUE,TRUE,TRUE
1,5,"No","Lenis_C_PS_W_OM_WT_A","PATT","source_specification",1000,TRUE,"strict",1000,0,1000,0,1000,0,0,1000,0,0,0,1000,TRUE,TRUE,TRUE,TRUE,TRUE,TRUE,TRUE,TRUE
2,5,"No","Lenis_C_PS_W_OM_WT_A","PATT","source_specification",1000,TRUE,"strict",1000,0,1000,0,1000,0,0,1000,0,0,0,1000,TRUE,TRUE,TRUE,TRUE,TRUE,TRUE,TRUE,TRUE
3,5,"No","Lenis_C_PS_W_OM_WT_A","PATT","source_specification",1000,TRUE,"strict",1000,0,1000,0,1000,0,0,1000,0,0,0,1000,TRUE,TRUE,TRUE,TRUE,TRUE,TRUE,TRUE,TRUE
1,6,"No","Lenis_C_PS_W_OM_WT_A","PATT","source_specification",1000,TRUE,"strict",1000,0,1000,0,1000,0,0,1000,0,0,0,1000,TRUE,TRUE,TRUE,TRUE,TRUE,TRUE,TRUE,TRUE
2,6,"No","Lenis_C_PS_W_OM_WT_A","PATT","source_specification",1000,TRUE,"strict",1000,0,1000,0,1000,0,0,1000,0,0,0,1000,TRUE,TRUE,TRUE,TRUE,TRUE,TRUE,TRUE,TRUE
3,6,"No","Lenis_C_PS_W_OM_WT_A","PATT","source_specification",1000,TRUE,"strict",1000,0,1000,0,1000,0,0,1000,0,0,0,1000,TRUE,TRUE,TRUE,TRUE,TRUE,TRUE,TRUE,TRUE
1,1,"MAR","Lenis_C_PS_W_OM_WT_A","PATT","source_specification",1000,TRUE,"strict",1000,0,1000,0,1000,0,0,1000,0,0,0,1000,TRUE,TRUE,TRUE,TRUE,TRUE,TRUE,TRUE,TRUE
2,1,"MAR","Lenis_C_PS_W_OM_WT_A","PATT","source_specification",1000,TRUE,"strict",1000,0,1000,0,1000,0,0,1000,0,0,0,1000,TRUE,TRUE,TRUE,TRUE,TRUE,TRUE,TRUE,TRUE
3,1,"MAR","Lenis_C_PS_W_OM_WT_A","PATT","source_specification",1000,TRUE,"strict",1000,0,1000,0,1000,0,0,1000,0,0,0,1000,TRUE,TRUE,TRUE,TRUE,TRUE,TRUE,TRUE,TRUE
1,2,"MAR","Lenis_C_PS_W_OM_WT_A","PATT","source_specification",1000,TRUE,"strict",1000,0,1000,0,1000,0,0,1000,0,0,0,1000,TRUE,TRUE,TRUE,TRUE,TRUE,TRUE,TRUE,TRUE
2,2,"MAR","Lenis_C_PS_W_OM_WT_A","PATT","source_specification",1000,TRUE,"strict",1000,0,1000,0,1000,0,0,1000,0,0,0,1000,TRUE,TRUE,TRUE,TRUE,TRUE,TRUE,TRUE,TRUE
3,2,"MAR","Lenis_C_PS_W_OM_WT_A","PATT","source_specification",1000,TRUE,"strict",1000,0,1000,0,1000,0,0,1000,0,0,0,1000,TRUE,TRUE,TRUE,TRUE,TRUE,TRUE,TRUE,TRUE
1,3,"MAR","Lenis_C_PS_W_OM_WT_A","PATT","source_specification",1000,TRUE,"strict",1000,0,1000,0,1000,0,0,1000,0,0,0,1000,TRUE,TRUE,TRUE,TRUE,TRUE,TRUE,TRUE,TRUE
2,3,"MAR","Lenis_C_PS_W_OM_WT_A","PATT","source_specification",1000,TRUE,"strict",1000,0,1000,0,1000,0,0,1000,0,0,0,1000,TRUE,TRUE,TRUE,TRUE,TRUE,TRUE,TRUE,TRUE
3,3,"MAR","Lenis_C_PS_W_OM_WT_A","PATT","source_specification",1000,TRUE,"strict",1000,0,1000,0,1000,0,0,1000,0,0,0,1000,TRUE,TRUE,TRUE,TRUE,TRUE,TRUE,TRUE,TRUE
1,4,"MAR","Lenis_C_PS_W_OM_WT_A","PATT","source_specification",1000,TRUE,"strict",1000,0,1000,0,1000,0,0,1000,0,0,0,1000,TRUE,TRUE,TRUE,TRUE,TRUE,TRUE,TRUE,TRUE
2,4,"MAR","Lenis_C_PS_W_OM_WT_A","PATT","source_specification",1000,TRUE,"strict",1000,0,1000,0,1000,0,0,1000,0,0,0,1000,TRUE,TRUE,TRUE,TRUE,TRUE,TRUE,TRUE,TRUE
3,4,"MAR","Lenis_C_PS_W_OM_WT_A","PATT","source_specification",1000,TRUE,"strict",1000,0,1000,0,1000,0,0,1000,0,0,0,1000,TRUE,TRUE,TRUE,TRUE,TRUE,TRUE,TRUE,TRUE
1,5,"MAR","Lenis_C_PS_W_OM_WT_A","PATT","source_specification",1000,TRUE,"strict",1000,0,1000,0,1000,0,0,1000,0,0,0,1000,TRUE,TRUE,TRUE,TRUE,TRUE,TRUE,TRUE,TRUE
2,5,"MAR","Lenis_C_PS_W_OM_WT_A","PATT","source_specification",1000,TRUE,"strict",1000,0,1000,0,1000,0,0,1000,0,0,0,1000,TRUE,TRUE,TRUE,TRUE,TRUE,TRUE,TRUE,TRUE
3,5,"MAR","Lenis_C_PS_W_OM_WT_A","PATT","source_specification",1000,TRUE,"strict",1000,0,1000,0,1000,0,0,1000,0,0,0,1000,TRUE,TRUE,TRUE,TRUE,TRUE,TRUE,TRUE,TRUE
1,6,"MAR","Lenis_C_PS_W_OM_WT_A","PATT","source_specification",1000,TRUE,"strict",1000,0,1000,0,1000,0,0,1000,0,0,0,1000,TRUE,TRUE,TRUE,TRUE,TRUE,TRUE,TRUE,TRUE
2,6,"MAR","Lenis_C_PS_W_OM_WT_A","PATT","source_specification",1000,TRUE,"strict",1000,0,1000,0,1000,0,0,1000,0,0,0,1000,TRUE,TRUE,TRUE,TRUE,TRUE,TRUE,TRUE,TRUE
3,6,"MAR","Lenis_C_PS_W_OM_WT_A","PATT","source_specification",1000,TRUE,"strict",1000,0,1000,0,1000,0,0,1000,0,0,0,1000,TRUE,TRUE,TRUE,TRUE,TRUE,TRUE,TRUE,TRUE
1,1,"MARX","Lenis_C_PS_W_OM_WT_A","PATT","source_specification",1000,TRUE,"strict",1000,0,1000,0,1000,0,0,1000,0,0,0,1000,TRUE,TRUE,TRUE,TRUE,TRUE,TRUE,TRUE,TRUE
2,1,"MARX","Lenis_C_PS_W_OM_WT_A","PATT","source_specification",1000,TRUE,"strict",1000,0,1000,0,1000,0,0,1000,0,0,0,1000,TRUE,TRUE,TRUE,TRUE,TRUE,TRUE,TRUE,TRUE
3,1,"MARX","Lenis_C_PS_W_OM_WT_A","PATT","source_specification",1000,TRUE,"strict",1000,0,1000,0,1000,0,0,1000,0,0,0,1000,TRUE,TRUE,TRUE,TRUE,TRUE,TRUE,TRUE,TRUE
1,2,"MARX","Lenis_C_PS_W_OM_WT_A","PATT","source_specification",1000,TRUE,"strict",1000,0,1000,0,1000,0,0,1000,0,0,0,1000,TRUE,TRUE,TRUE,TRUE,TRUE,TRUE,TRUE,TRUE
2,2,"MARX","Lenis_C_PS_W_OM_WT_A","PATT","source_specification",1000,TRUE,"strict",1000,0,1000,0,1000,0,0,1000,0,0,0,1000,TRUE,TRUE,TRUE,TRUE,TRUE,TRUE,TRUE,TRUE
3,2,"MARX","Lenis_C_PS_W_OM_WT_A","PATT","source_specification",1000,TRUE,"strict",1000,0,1000,0,1000,0,0,1000,0,0,0,1000,TRUE,TRUE,TRUE,TRUE,TRUE,TRUE,TRUE,TRUE
1,3,"MARX","Lenis_C_PS_W_OM_WT_A","PATT","source_specification",1000,TRUE,"strict",1000,0,1000,0,1000,0,0,1000,0,0,0,1000,TRUE,TRUE,TRUE,TRUE,TRUE,TRUE,TRUE,TRUE
2,3,"MARX","Lenis_C_PS_W_OM_WT_A","PATT","source_specification",1000,TRUE,"strict",1000,0,1000,0,1000,0,0,1000,0,0,0,1000,TRUE,TRUE,TRUE,TRUE,TRUE,TRUE,TRUE,TRUE
3,3,"MARX","Lenis_C_PS_W_OM_WT_A","PATT","source_specification",1000,TRUE,"strict",1000,0,1000,0,1000,0,0,1000,0,0,0,1000,TRUE,TRUE,TRUE,TRUE,TRUE,TRUE,TRUE,TRUE
1,4,"MARX","Lenis_C_PS_W_OM_WT_A","PATT","source_specification",1000,TRUE,"strict",1000,0,1000,0,1000,0,0,1000,0,0,0,1000,TRUE,TRUE,TRUE,TRUE,TRUE,TRUE,TRUE,TRUE
2,4,"MARX","Lenis_C_PS_W_OM_WT_A","PATT","source_specification",1000,TRUE,"strict",1000,0,1000,0,1000,0,0,1000,0,0,0,1000,TRUE,TRUE,TRUE,TRUE,TRUE,TRUE,TRUE,TRUE
3,4,"MARX","Lenis_C_PS_W_OM_WT_A","PATT","source_specification",1000,TRUE,"strict",1000,0,1000,0,1000,0,0,1000,0,0,0,1000,TRUE,TRUE,TRUE,TRUE,TRUE,TRUE,TRUE,TRUE
1,5,"MARX","Lenis_C_PS_W_OM_WT_A","PATT","source_specification",1000,TRUE,"strict",1000,0,1000,0,1000,0,0,1000,0,0,0,1000,TRUE,TRUE,TRUE,TRUE,TRUE,TRUE,TRUE,TRUE
2,5,"MARX","Lenis_C_PS_W_OM_WT_A","PATT","source_specification",1000,TRUE,"strict",1000,0,1000,0,1000,0,0,1000,0,0,0,1000,TRUE,TRUE,TRUE,TRUE,TRUE,TRUE,TRUE,TRUE
3,5,"MARX","Lenis_C_PS_W_OM_WT_A","PATT","source_specification",1000,TRUE,"strict",1000,0,1000,0,1000,0,0,1000,0,0,0,1000,TRUE,TRUE,TRUE,TRUE,TRUE,TRUE,TRUE,TRUE
1,6,"MARX","Lenis_C_PS_W_OM_WT_A","PATT","source_specification",1000,TRUE,"strict",1000,0,1000,0,1000,0,0,1000,0,0,0,1000,TRUE,TRUE,TRUE,TRUE,TRUE,TRUE,TRUE,TRUE
2,6,"MARX","Lenis_C_PS_W_OM_WT_A","PATT","source_specification",1000,TRUE,"strict",1000,0,1000,0,1000,0,0,1000,0,0,0,1000,TRUE,TRUE,TRUE,TRUE,TRUE,TRUE,TRUE,TRUE
3,6,"MARX","Lenis_C_PS_W_OM_WT_A","PATT","source_specification",1000,TRUE,"strict",1000,0,1000,0,1000,0,0,1000,0,0,0,1000,TRUE,TRUE,TRUE,TRUE,TRUE,TRUE,TRUE,TRUE
1,1,"MART","Lenis_C_PS_W_OM_WT_A","PATT","source_specification",1000,TRUE,"strict",1000,0,1000,0,1000,0,0,1000,0,0,0,1000,TRUE,TRUE,TRUE,TRUE,TRUE,TRUE,TRUE,TRUE
2,1,"MART","Lenis_C_PS_W_OM_WT_A","PATT","source_specification",1000,TRUE,"strict",1000,0,1000,0,1000,0,0,1000,0,0,0,1000,TRUE,TRUE,TRUE,TRUE,TRUE,TRUE,TRUE,TRUE
3,1,"MART","Lenis_C_PS_W_OM_WT_A","PATT","source_specification",1000,TRUE,"strict",1000,0,1000,0,1000,0,0,1000,0,0,0,1000,TRUE,TRUE,TRUE,TRUE,TRUE,TRUE,TRUE,TRUE
1,2,"MART","Lenis_C_PS_W_OM_WT_A","PATT","source_specification",1000,TRUE,"strict",1000,0,1000,0,1000,0,0,1000,0,0,0,1000,TRUE,TRUE,TRUE,TRUE,TRUE,TRUE,TRUE,TRUE
2,2,"MART","Lenis_C_PS_W_OM_WT_A","PATT","source_specification",1000,TRUE,"strict",1000,0,1000,0,1000,0,0,1000,0,0,0,1000,TRUE,TRUE,TRUE,TRUE,TRUE,TRUE,TRUE,TRUE
3,2,"MART","Lenis_C_PS_W_OM_WT_A","PATT","source_specification",1000,TRUE,"strict",1000,0,1000,0,1000,0,0,1000,0,0,0,1000,TRUE,TRUE,TRUE,TRUE,TRUE,TRUE,TRUE,TRUE
1,3,"MART","Lenis_C_PS_W_OM_WT_A","PATT","source_specification",1000,TRUE,"strict",1000,0,1000,0,1000,0,0,1000,0,0,0,1000,TRUE,TRUE,TRUE,TRUE,TRUE,TRUE,TRUE,TRUE
2,3,"MART","Lenis_C_PS_W_OM_WT_A","PATT","source_specification",1000,TRUE,"strict",1000,0,1000,0,1000,0,0,1000,0,0,0,1000,TRUE,TRUE,TRUE,TRUE,TRUE,TRUE,TRUE,TRUE
3,3,"MART","Lenis_C_PS_W_OM_WT_A","PATT","source_specification",1000,TRUE,"strict",1000,0,1000,0,1000,0,0,1000,0,0,0,1000,TRUE,TRUE,TRUE,TRUE,TRUE,TRUE,TRUE,TRUE
1,4,"MART","Lenis_C_PS_W_OM_WT_A","PATT","source_specification",1000,TRUE,"strict",1000,0,1000,0,1000,0,0,1000,0,0,0,1000,TRUE,TRUE,TRUE,TRUE,TRUE,TRUE,TRUE,TRUE
2,4,"MART","Lenis_C_PS_W_OM_WT_A","PATT","source_specification",1000,TRUE,"strict",1000,0,1000,0,1000,0,0,1000,0,0,0,1000,TRUE,TRUE,TRUE,TRUE,TRUE,TRUE,TRUE,TRUE
3,4,"MART","Lenis_C_PS_W_OM_WT_A","PATT","source_specification",1000,TRUE,"strict",1000,0,1000,0,1000,0,0,1000,0,0,0,1000,TRUE,TRUE,TRUE,TRUE,TRUE,TRUE,TRUE,TRUE
1,5,"MART","Lenis_C_PS_W_OM_WT_A","PATT","source_specification",1000,TRUE,"strict",1000,0,1000,0,1000,0,0,1000,0,0,0,1000,TRUE,TRUE,TRUE,TRUE,TRUE,TRUE,TRUE,TRUE
2,5,"MART","Lenis_C_PS_W_OM_WT_A","PATT","source_specification",1000,TRUE,"strict",1000,0,1000,0,1000,0,0,1000,0,0,0,1000,TRUE,TRUE,TRUE,TRUE,TRUE,TRUE,TRUE,TRUE
3,5,"MART","Lenis_C_PS_W_OM_WT_A","PATT","source_specification",1000,TRUE,"strict",1000,0,1000,0,1000,0,0,1000,0,0,0,1000,TRUE,TRUE,TRUE,TRUE,TRUE,TRUE,TRUE,TRUE
1,6,"MART","Lenis_C_PS_W_OM_WT_A","PATT","source_specification",1000,TRUE,"strict",1000,0,1000,0,1000,0,0,1000,0,0,0,1000,TRUE,TRUE,TRUE,TRUE,TRUE,TRUE,TRUE,TRUE
2,6,"MART","Lenis_C_PS_W_OM_WT_A","PATT","source_specification",1000,TRUE,"strict",1000,0,1000,0,1000,0,0,1000,0,0,0,1000,TRUE,TRUE,TRUE,TRUE,TRUE,TRUE,TRUE,TRUE
3,6,"MART","Lenis_C_PS_W_OM_WT_A","PATT","source_specification",1000,TRUE,"strict",1000,0,1000,0,1000,0,0,1000,0,0,0,1000,TRUE,TRUE,TRUE,TRUE,TRUE,TRUE,TRUE,TRUE
1,1,"No","Lenis_C_PS_W_OM_OW_A","PATT","source_specification",1000,TRUE,"strict",1000,0,1000,0,1000,0,0,1000,0,0,0,1000,TRUE,TRUE,TRUE,TRUE,TRUE,TRUE,TRUE,TRUE
2,1,"No","Lenis_C_PS_W_OM_OW_A","PATT","source_specification",1000,TRUE,"strict",1000,0,1000,0,1000,0,0,1000,0,0,0,1000,TRUE,TRUE,TRUE,TRUE,TRUE,TRUE,TRUE,TRUE
3,1,"No","Lenis_C_PS_W_OM_OW_A","PATT","source_specification",1000,TRUE,"strict",1000,0,1000,0,1000,0,0,1000,0,0,0,1000,TRUE,TRUE,TRUE,TRUE,TRUE,TRUE,TRUE,TRUE
1,2,"No","Lenis_C_PS_W_OM_OW_A","PATT","source_specification",1000,TRUE,"strict",1000,0,1000,0,1000,0,0,1000,0,0,0,1000,TRUE,TRUE,TRUE,TRUE,TRUE,TRUE,TRUE,TRUE
2,2,"No","Lenis_C_PS_W_OM_OW_A","PATT","source_specification",1000,TRUE,"strict",1000,0,1000,0,1000,0,0,1000,0,0,0,1000,TRUE,TRUE,TRUE,TRUE,TRUE,TRUE,TRUE,TRUE
3,2,"No","Lenis_C_PS_W_OM_OW_A","PATT","source_specification",1000,TRUE,"strict",1000,0,1000,0,1000,0,0,1000,0,0,0,1000,TRUE,TRUE,TRUE,TRUE,TRUE,TRUE,TRUE,TRUE
1,3,"No","Lenis_C_PS_W_OM_OW_A","PATT","source_specification",1000,TRUE,"strict",1000,0,1000,0,1000,0,0,1000,0,0,0,1000,TRUE,TRUE,TRUE,TRUE,TRUE,TRUE,TRUE,TRUE
2,3,"No","Lenis_C_PS_W_OM_OW_A","PATT","source_specification",1000,TRUE,"strict",1000,0,1000,0,1000,0,0,1000,0,0,0,1000,TRUE,TRUE,TRUE,TRUE,TRUE,TRUE,TRUE,TRUE
3,3,"No","Lenis_C_PS_W_OM_OW_A","PATT","source_specification",1000,TRUE,"strict",1000,0,1000,0,1000,0,0,1000,0,0,0,1000,TRUE,TRUE,TRUE,TRUE,TRUE,TRUE,TRUE,TRUE
1,4,"No","Lenis_C_PS_W_OM_OW_A","PATT","source_specification",1000,TRUE,"strict",1000,0,1000,0,1000,0,0,1000,0,0,0,1000,TRUE,TRUE,TRUE,TRUE,TRUE,TRUE,TRUE,TRUE
2,4,"No","Lenis_C_PS_W_OM_OW_A","PATT","source_specification",1000,TRUE,"strict",1000,0,1000,0,1000,0,0,1000,0,0,0,1000,TRUE,TRUE,TRUE,TRUE,TRUE,TRUE,TRUE,TRUE
3,4,"No","Lenis_C_PS_W_OM_OW_A","PATT","source_specification",1000,TRUE,"strict",1000,0,1000,0,1000,0,0,1000,0,0,0,1000,TRUE,TRUE,TRUE,TRUE,TRUE,TRUE,TRUE,TRUE
1,5,"No","Lenis_C_PS_W_OM_OW_A","PATT","source_specification",1000,TRUE,"strict",1000,0,1000,0,1000,0,0,1000,0,0,0,1000,TRUE,TRUE,TRUE,TRUE,TRUE,TRUE,TRUE,TRUE
2,5,"No","Lenis_C_PS_W_OM_OW_A","PATT","source_specification",1000,TRUE,"strict",1000,0,1000,0,1000,0,0,1000,0,0,0,1000,TRUE,TRUE,TRUE,TRUE,TRUE,TRUE,TRUE,TRUE
3,5,"No","Lenis_C_PS_W_OM_OW_A","PATT","source_specification",1000,TRUE,"strict",1000,0,1000,0,1000,0,0,1000,0,0,0,1000,TRUE,TRUE,TRUE,TRUE,TRUE,TRUE,TRUE,TRUE
1,6,"No","Lenis_C_PS_W_OM_OW_A","PATT","source_specification",1000,TRUE,"strict",1000,0,1000,0,1000,0,0,1000,0,0,0,1000,TRUE,TRUE,TRUE,TRUE,TRUE,TRUE,TRUE,TRUE
2,6,"No","Lenis_C_PS_W_OM_OW_A","PATT","source_specification",1000,TRUE,"strict",1000,0,1000,0,1000,0,0,1000,0,0,0,1000,TRUE,TRUE,TRUE,TRUE,TRUE,TRUE,TRUE,TRUE
3,6,"No","Lenis_C_PS_W_OM_OW_A","PATT","source_specification",1000,TRUE,"strict",1000,0,1000,0,1000,0,0,1000,0,0,0,1000,TRUE,TRUE,TRUE,TRUE,TRUE,TRUE,TRUE,TRUE
1,1,"MAR","Lenis_C_PS_W_OM_OW_A","PATT","source_specification",1000,TRUE,"strict",1000,0,1000,0,1000,0,0,1000,0,0,0,1000,TRUE,TRUE,TRUE,TRUE,TRUE,TRUE,TRUE,TRUE
2,1,"MAR","Lenis_C_PS_W_OM_OW_A","PATT","source_specification",1000,TRUE,"strict",1000,0,1000,0,1000,0,0,1000,0,0,0,1000,TRUE,TRUE,TRUE,TRUE,TRUE,TRUE,TRUE,TRUE
3,1,"MAR","Lenis_C_PS_W_OM_OW_A","PATT","source_specification",1000,TRUE,"strict",1000,0,1000,0,1000,0,0,1000,0,0,0,1000,TRUE,TRUE,TRUE,TRUE,TRUE,TRUE,TRUE,TRUE
1,2,"MAR","Lenis_C_PS_W_OM_OW_A","PATT","source_specification",1000,TRUE,"strict",1000,0,1000,0,1000,0,0,1000,0,0,0,1000,TRUE,TRUE,TRUE,TRUE,TRUE,TRUE,TRUE,TRUE
2,2,"MAR","Lenis_C_PS_W_OM_OW_A","PATT","source_specification",1000,TRUE,"strict",1000,0,1000,0,1000,0,0,1000,0,0,0,1000,TRUE,TRUE,TRUE,TRUE,TRUE,TRUE,TRUE,TRUE
3,2,"MAR","Lenis_C_PS_W_OM_OW_A","PATT","source_specification",1000,TRUE,"strict",1000,0,1000,0,1000,0,0,1000,0,0,0,1000,TRUE,TRUE,TRUE,TRUE,TRUE,TRUE,TRUE,TRUE
1,3,"MAR","Lenis_C_PS_W_OM_OW_A","PATT","source_specification",1000,TRUE,"strict",1000,0,1000,0,1000,0,0,1000,0,0,0,1000,TRUE,TRUE,TRUE,TRUE,TRUE,TRUE,TRUE,TRUE
2,3,"MAR","Lenis_C_PS_W_OM_OW_A","PATT","source_specification",1000,TRUE,"strict",1000,0,1000,0,1000,0,0,1000,0,0,0,1000,TRUE,TRUE,TRUE,TRUE,TRUE,TRUE,TRUE,TRUE
3,3,"MAR","Lenis_C_PS_W_OM_OW_A","PATT","source_specification",1000,TRUE,"strict",1000,0,1000,0,1000,0,0,1000,0,0,0,1000,TRUE,TRUE,TRUE,TRUE,TRUE,TRUE,TRUE,TRUE
1,4,"MAR","Lenis_C_PS_W_OM_OW_A","PATT","source_specification",1000,TRUE,"strict",1000,0,1000,0,1000,0,0,1000,0,0,0,1000,TRUE,TRUE,TRUE,TRUE,TRUE,TRUE,TRUE,TRUE
2,4,"MAR","Lenis_C_PS_W_OM_OW_A","PATT","source_specification",1000,TRUE,"strict",1000,0,1000,0,1000,0,0,1000,0,0,0,1000,TRUE,TRUE,TRUE,TRUE,TRUE,TRUE,TRUE,TRUE
3,4,"MAR","Lenis_C_PS_W_OM_OW_A","PATT","source_specification",1000,TRUE,"strict",1000,0,1000,0,1000,0,0,1000,0,0,0,1000,TRUE,TRUE,TRUE,TRUE,TRUE,TRUE,TRUE,TRUE
1,5,"MAR","Lenis_C_PS_W_OM_OW_A","PATT","source_specification",1000,TRUE,"strict",1000,0,1000,0,1000,0,0,1000,0,0,0,1000,TRUE,TRUE,TRUE,TRUE,TRUE,TRUE,TRUE,TRUE
2,5,"MAR","Lenis_C_PS_W_OM_OW_A","PATT","source_specification",1000,TRUE,"strict",1000,0,1000,0,1000,0,0,1000,0,0,0,1000,TRUE,TRUE,TRUE,TRUE,TRUE,TRUE,TRUE,TRUE
3,5,"MAR","Lenis_C_PS_W_OM_OW_A","PATT","source_specification",1000,TRUE,"strict",1000,0,1000,0,1000,0,0,1000,0,0,0,1000,TRUE,TRUE,TRUE,TRUE,TRUE,TRUE,TRUE,TRUE
1,6,"MAR","Lenis_C_PS_W_OM_OW_A","PATT","source_specification",1000,TRUE,"strict",1000,0,1000,0,1000,0,0,1000,0,0,0,1000,TRUE,TRUE,TRUE,TRUE,TRUE,TRUE,TRUE,TRUE
2,6,"MAR","Lenis_C_PS_W_OM_OW_A","PATT","source_specification",1000,TRUE,"strict",1000,0,1000,0,1000,0,0,1000,0,0,0,1000,TRUE,TRUE,TRUE,TRUE,TRUE,TRUE,TRUE,TRUE
3,6,"MAR","Lenis_C_PS_W_OM_OW_A","PATT","source_specification",1000,TRUE,"strict",1000,0,1000,0,1000,0,0,1000,0,0,0,1000,TRUE,TRUE,TRUE,TRUE,TRUE,TRUE,TRUE,TRUE
1,1,"MARX","Lenis_C_PS_W_OM_OW_A","PATT","source_specification",1000,TRUE,"strict",1000,0,1000,0,1000,0,0,1000,0,0,0,1000,TRUE,TRUE,TRUE,TRUE,TRUE,TRUE,TRUE,TRUE
2,1,"MARX","Lenis_C_PS_W_OM_OW_A","PATT","source_specification",1000,TRUE,"strict",1000,0,1000,0,1000,0,0,1000,0,0,0,1000,TRUE,TRUE,TRUE,TRUE,TRUE,TRUE,TRUE,TRUE
3,1,"MARX","Lenis_C_PS_W_OM_OW_A","PATT","source_specification",1000,TRUE,"strict",1000,0,1000,0,1000,0,0,1000,0,0,0,1000,TRUE,TRUE,TRUE,TRUE,TRUE,TRUE,TRUE,TRUE
1,2,"MARX","Lenis_C_PS_W_OM_OW_A","PATT","source_specification",1000,TRUE,"strict",1000,0,1000,0,1000,0,0,1000,0,0,0,1000,TRUE,TRUE,TRUE,TRUE,TRUE,TRUE,TRUE,TRUE
2,2,"MARX","Lenis_C_PS_W_OM_OW_A","PATT","source_specification",1000,TRUE,"strict",1000,0,1000,0,1000,0,0,1000,0,0,0,1000,TRUE,TRUE,TRUE,TRUE,TRUE,TRUE,TRUE,TRUE
3,2,"MARX","Lenis_C_PS_W_OM_OW_A","PATT","source_specification",1000,TRUE,"strict",1000,0,1000,0,1000,0,0,1000,0,0,0,1000,TRUE,TRUE,TRUE,TRUE,TRUE,TRUE,TRUE,TRUE
1,3,"MARX","Lenis_C_PS_W_OM_OW_A","PATT","source_specification",1000,TRUE,"strict",1000,0,1000,0,1000,0,0,1000,0,0,0,1000,TRUE,TRUE,TRUE,TRUE,TRUE,TRUE,TRUE,TRUE
2,3,"MARX","Lenis_C_PS_W_OM_OW_A","PATT","source_specification",1000,TRUE,"strict",1000,0,1000,0,1000,0,0,1000,0,0,0,1000,TRUE,TRUE,TRUE,TRUE,TRUE,TRUE,TRUE,TRUE
3,3,"MARX","Lenis_C_PS_W_OM_OW_A","PATT","source_specification",1000,TRUE,"strict",1000,0,1000,0,1000,0,0,1000,0,0,0,1000,TRUE,TRUE,TRUE,TRUE,TRUE,TRUE,TRUE,TRUE
1,4,"MARX","Lenis_C_PS_W_OM_OW_A","PATT","source_specification",1000,TRUE,"strict",1000,0,1000,0,1000,0,0,1000,0,0,0,1000,TRUE,TRUE,TRUE,TRUE,TRUE,TRUE,TRUE,TRUE
2,4,"MARX","Lenis_C_PS_W_OM_OW_A","PATT","source_specification",1000,TRUE,"strict",1000,0,1000,0,1000,0,0,1000,0,0,0,1000,TRUE,TRUE,TRUE,TRUE,TRUE,TRUE,TRUE,TRUE
3,4,"MARX","Lenis_C_PS_W_OM_OW_A","PATT","source_specification",1000,TRUE,"strict",1000,0,1000,0,1000,0,0,1000,0,0,0,1000,TRUE,TRUE,TRUE,TRUE,TRUE,TRUE,TRUE,TRUE
1,5,"MARX","Lenis_C_PS_W_OM_OW_A","PATT","source_specification",1000,TRUE,"strict",1000,0,1000,0,1000,0,0,1000,0,0,0,1000,TRUE,TRUE,TRUE,TRUE,TRUE,TRUE,TRUE,TRUE
2,5,"MARX","Lenis_C_PS_W_OM_OW_A","PATT","source_specification",1000,TRUE,"strict",1000,0,1000,0,1000,0,0,1000,0,0,0,1000,TRUE,TRUE,TRUE,TRUE,TRUE,TRUE,TRUE,TRUE
3,5,"MARX","Lenis_C_PS_W_OM_OW_A","PATT","source_specification",1000,TRUE,"strict",1000,0,1000,0,1000,0,0,1000,0,0,0,1000,TRUE,TRUE,TRUE,TRUE,TRUE,TRUE,TRUE,TRUE
1,6,"MARX","Lenis_C_PS_W_OM_OW_A","PATT","source_specification",1000,TRUE,"strict",1000,0,1000,0,1000,0,0,1000,0,0,0,1000,TRUE,TRUE,TRUE,TRUE,TRUE,TRUE,TRUE,TRUE
2,6,"MARX","Lenis_C_PS_W_OM_OW_A","PATT","source_specification",1000,TRUE,"strict",1000,0,1000,0,1000,0,0,1000,0,0,0,1000,TRUE,TRUE,TRUE,TRUE,TRUE,TRUE,TRUE,TRUE
3,6,"MARX","Lenis_C_PS_W_OM_OW_A","PATT","source_specification",1000,TRUE,"strict",1000,0,1000,0,1000,0,0,1000,0,0,0,1000,TRUE,TRUE,TRUE,TRUE,TRUE,TRUE,TRUE,TRUE
1,1,"MART","Lenis_C_PS_W_OM_OW_A","PATT","source_specification",1000,TRUE,"strict",1000,0,1000,0,1000,0,0,1000,0,0,0,1000,TRUE,TRUE,TRUE,TRUE,TRUE,TRUE,TRUE,TRUE
2,1,"MART","Lenis_C_PS_W_OM_OW_A","PATT","source_specification",1000,TRUE,"strict",1000,0,1000,0,1000,0,0,1000,0,0,0,1000,TRUE,TRUE,TRUE,TRUE,TRUE,TRUE,TRUE,TRUE
3,1,"MART","Lenis_C_PS_W_OM_OW_A","PATT","source_specification",1000,TRUE,"strict",1000,0,1000,0,1000,0,0,1000,0,0,0,1000,TRUE,TRUE,TRUE,TRUE,TRUE,TRUE,TRUE,TRUE
1,2,"MART","Lenis_C_PS_W_OM_OW_A","PATT","source_specification",1000,TRUE,"strict",1000,0,1000,0,1000,0,0,1000,0,0,0,1000,TRUE,TRUE,TRUE,TRUE,TRUE,TRUE,TRUE,TRUE
2,2,"MART","Lenis_C_PS_W_OM_OW_A","PATT","source_specification",1000,TRUE,"strict",1000,0,1000,0,1000,0,0,1000,0,0,0,1000,TRUE,TRUE,TRUE,TRUE,TRUE,TRUE,TRUE,TRUE
3,2,"MART","Lenis_C_PS_W_OM_OW_A","PATT","source_specification",1000,TRUE,"strict",1000,0,1000,0,1000,0,0,1000,0,0,0,1000,TRUE,TRUE,TRUE,TRUE,TRUE,TRUE,TRUE,TRUE
1,3,"MART","Lenis_C_PS_W_OM_OW_A","PATT","source_specification",1000,TRUE,"strict",1000,0,1000,0,1000,0,0,1000,0,0,0,1000,TRUE,TRUE,TRUE,TRUE,TRUE,TRUE,TRUE,TRUE
2,3,"MART","Lenis_C_PS_W_OM_OW_A","PATT","source_specification",1000,TRUE,"strict",1000,0,1000,0,1000,0,0,1000,0,0,0,1000,TRUE,TRUE,TRUE,TRUE,TRUE,TRUE,TRUE,TRUE
3,3,"MART","Lenis_C_PS_W_OM_OW_A","PATT","source_specification",1000,TRUE,"strict",1000,0,1000,0,1000,0,0,1000,0,0,0,1000,TRUE,TRUE,TRUE,TRUE,TRUE,TRUE,TRUE,TRUE
1,4,"MART","Lenis_C_PS_W_OM_OW_A","PATT","source_specification",1000,TRUE,"strict",1000,0,1000,0,1000,0,0,1000,0,0,0,1000,TRUE,TRUE,TRUE,TRUE,TRUE,TRUE,TRUE,TRUE
2,4,"MART","Lenis_C_PS_W_OM_OW_A","PATT","source_specification",1000,TRUE,"strict",1000,0,1000,0,1000,0,0,1000,0,0,0,1000,TRUE,TRUE,TRUE,TRUE,TRUE,TRUE,TRUE,TRUE
3,4,"MART","Lenis_C_PS_W_OM_OW_A","PATT","source_specification",1000,TRUE,"strict",1000,0,1000,0,1000,0,0,1000,0,0,0,1000,TRUE,TRUE,TRUE,TRUE,TRUE,TRUE,TRUE,TRUE
1,5,"MART","Lenis_C_PS_W_OM_OW_A","PATT","source_specification",1000,TRUE,"strict",1000,0,1000,0,1000,0,0,1000,0,0,0,1000,TRUE,TRUE,TRUE,TRUE,TRUE,TRUE,TRUE,TRUE
2,5,"MART","Lenis_C_PS_W_OM_OW_A","PATT","source_specification",1000,TRUE,"strict",1000,0,1000,0,1000,0,0,1000,0,0,0,1000,TRUE,TRUE,TRUE,TRUE,TRUE,TRUE,TRUE,TRUE
3,5,"MART","Lenis_C_PS_W_OM_OW_A","PATT","source_specification",1000,TRUE,"strict",1000,0,1000,0,1000,0,0,1000,0,0,0,1000,TRUE,TRUE,TRUE,TRUE,TRUE,TRUE,TRUE,TRUE
1,6,"MART","Lenis_C_PS_W_OM_OW_A","PATT","source_specification",1000,TRUE,"strict",1000,0,1000,0,1000,0,0,1000,0,0,0,1000,TRUE,TRUE,TRUE,TRUE,TRUE,TRUE,TRUE,TRUE
2,6,"MART","Lenis_C_PS_W_OM_OW_A","PATT","source_specification",1000,TRUE,"strict",1000,0,1000,0,1000,0,0,1000,0,0,0,1000,TRUE,TRUE,TRUE,TRUE,TRUE,TRUE,TRUE,TRUE
3,6,"MART","Lenis_C_PS_W_OM_OW_A","PATT","source_specification",1000,TRUE,"strict",1000,0,1000,0,1000,0,0,1000,0,0,0,1000,TRUE,TRUE,TRUE,TRUE,TRUE,TRUE,TRUE,TRUE
1,1,"No","Lenis_U_PS_U_OM_OW_U","PATT","source_specification",1000,TRUE,"strict",1000,0,1000,0,1000,0,0,1000,0,0,0,1000,TRUE,TRUE,TRUE,TRUE,TRUE,TRUE,TRUE,TRUE
2,1,"No","Lenis_U_PS_U_OM_OW_U","PATT","source_specification",1000,TRUE,"strict",1000,0,1000,0,1000,0,0,1000,0,0,0,1000,TRUE,TRUE,TRUE,TRUE,TRUE,TRUE,TRUE,TRUE
3,1,"No","Lenis_U_PS_U_OM_OW_U","PATT","source_specification",1000,TRUE,"strict",1000,0,1000,0,1000,0,0,1000,0,0,0,1000,TRUE,TRUE,TRUE,TRUE,TRUE,TRUE,TRUE,TRUE
1,2,"No","Lenis_U_PS_U_OM_OW_U","PATT","source_specification",1000,TRUE,"strict",1000,0,1000,0,1000,0,0,1000,0,0,0,1000,TRUE,TRUE,TRUE,TRUE,TRUE,TRUE,TRUE,TRUE
2,2,"No","Lenis_U_PS_U_OM_OW_U","PATT","source_specification",1000,TRUE,"strict",1000,0,1000,0,1000,0,0,1000,0,0,0,1000,TRUE,TRUE,TRUE,TRUE,TRUE,TRUE,TRUE,TRUE
3,2,"No","Lenis_U_PS_U_OM_OW_U","PATT","source_specification",1000,TRUE,"strict",1000,0,1000,0,1000,0,0,1000,0,0,0,1000,TRUE,TRUE,TRUE,TRUE,TRUE,TRUE,TRUE,TRUE
1,3,"No","Lenis_U_PS_U_OM_OW_U","PATT","source_specification",1000,TRUE,"strict",1000,0,1000,0,1000,0,0,1000,0,0,0,1000,TRUE,TRUE,TRUE,TRUE,TRUE,TRUE,TRUE,TRUE
2,3,"No","Lenis_U_PS_U_OM_OW_U","PATT","source_specification",1000,TRUE,"strict",1000,0,1000,0,1000,0,0,1000,0,0,0,1000,TRUE,TRUE,TRUE,TRUE,TRUE,TRUE,TRUE,TRUE
3,3,"No","Lenis_U_PS_U_OM_OW_U","PATT","source_specification",1000,TRUE,"strict",1000,0,1000,0,1000,0,0,1000,0,0,0,1000,TRUE,TRUE,TRUE,TRUE,TRUE,TRUE,TRUE,TRUE
1,4,"No","Lenis_U_PS_U_OM_OW_U","PATT","source_specification",1000,TRUE,"strict",1000,0,1000,0,1000,0,0,1000,0,0,0,1000,TRUE,TRUE,TRUE,TRUE,TRUE,TRUE,TRUE,TRUE
2,4,"No","Lenis_U_PS_U_OM_OW_U","PATT","source_specification",1000,TRUE,"strict",1000,0,1000,0,1000,0,0,1000,0,0,0,1000,TRUE,TRUE,TRUE,TRUE,TRUE,TRUE,TRUE,TRUE
3,4,"No","Lenis_U_PS_U_OM_OW_U","PATT","source_specification",1000,TRUE,"strict",1000,0,1000,0,1000,0,0,1000,0,0,0,1000,TRUE,TRUE,TRUE,TRUE,TRUE,TRUE,TRUE,TRUE
1,5,"No","Lenis_U_PS_U_OM_OW_U","PATT","source_specification",1000,TRUE,"strict",1000,0,1000,0,1000,0,0,1000,0,0,0,1000,TRUE,TRUE,TRUE,TRUE,TRUE,TRUE,TRUE,TRUE
2,5,"No","Lenis_U_PS_U_OM_OW_U","PATT","source_specification",1000,TRUE,"strict",1000,0,1000,0,1000,0,0,1000,0,0,0,1000,TRUE,TRUE,TRUE,TRUE,TRUE,TRUE,TRUE,TRUE
3,5,"No","Lenis_U_PS_U_OM_OW_U","PATT","source_specification",1000,TRUE,"strict",1000,0,1000,0,1000,0,0,1000,0,0,0,1000,TRUE,TRUE,TRUE,TRUE,TRUE,TRUE,TRUE,TRUE
1,6,"No","Lenis_U_PS_U_OM_OW_U","PATT","source_specification",1000,TRUE,"strict",1000,0,1000,0,1000,0,0,1000,0,0,0,1000,TRUE,TRUE,TRUE,TRUE,TRUE,TRUE,TRUE,TRUE
2,6,"No","Lenis_U_PS_U_OM_OW_U","PATT","source_specification",1000,TRUE,"strict",1000,0,1000,0,1000,0,0,1000,0,0,0,1000,TRUE,TRUE,TRUE,TRUE,TRUE,TRUE,TRUE,TRUE
3,6,"No","Lenis_U_PS_U_OM_OW_U","PATT","source_specification",1000,TRUE,"strict",1000,0,1000,0,1000,0,0,1000,0,0,0,1000,TRUE,TRUE,TRUE,TRUE,TRUE,TRUE,TRUE,TRUE
1,1,"MAR","Lenis_U_PS_U_OM_OW_U","PATT","source_specification",1000,TRUE,"strict",1000,0,1000,0,1000,0,0,1000,0,0,0,1000,TRUE,TRUE,TRUE,TRUE,TRUE,TRUE,TRUE,TRUE
2,1,"MAR","Lenis_U_PS_U_OM_OW_U","PATT","source_specification",1000,TRUE,"strict",1000,0,1000,0,1000,0,0,1000,0,0,0,1000,TRUE,TRUE,TRUE,TRUE,TRUE,TRUE,TRUE,TRUE
3,1,"MAR","Lenis_U_PS_U_OM_OW_U","PATT","source_specification",1000,TRUE,"strict",1000,0,1000,0,1000,0,0,1000,0,0,0,1000,TRUE,TRUE,TRUE,TRUE,TRUE,TRUE,TRUE,TRUE
1,2,"MAR","Lenis_U_PS_U_OM_OW_U","PATT","source_specification",1000,TRUE,"strict",1000,0,1000,0,1000,0,0,1000,0,0,0,1000,TRUE,TRUE,TRUE,TRUE,TRUE,TRUE,TRUE,TRUE
2,2,"MAR","Lenis_U_PS_U_OM_OW_U","PATT","source_specification",1000,TRUE,"strict",1000,0,1000,0,1000,0,0,1000,0,0,0,1000,TRUE,TRUE,TRUE,TRUE,TRUE,TRUE,TRUE,TRUE
3,2,"MAR","Lenis_U_PS_U_OM_OW_U","PATT","source_specification",1000,TRUE,"strict",1000,0,1000,0,1000,0,0,1000,0,0,0,1000,TRUE,TRUE,TRUE,TRUE,TRUE,TRUE,TRUE,TRUE
1,3,"MAR","Lenis_U_PS_U_OM_OW_U","PATT","source_specification",1000,TRUE,"strict",1000,0,1000,0,1000,0,0,1000,0,0,0,1000,TRUE,TRUE,TRUE,TRUE,TRUE,TRUE,TRUE,TRUE
2,3,"MAR","Lenis_U_PS_U_OM_OW_U","PATT","source_specification",1000,TRUE,"strict",1000,0,1000,0,1000,0,0,1000,0,0,0,1000,TRUE,TRUE,TRUE,TRUE,TRUE,TRUE,TRUE,TRUE
3,3,"MAR","Lenis_U_PS_U_OM_OW_U","PATT","source_specification",1000,TRUE,"strict",1000,0,1000,0,1000,0,0,1000,0,0,0,1000,TRUE,TRUE,TRUE,TRUE,TRUE,TRUE,TRUE,TRUE
1,4,"MAR","Lenis_U_PS_U_OM_OW_U","PATT","source_specification",1000,TRUE,"strict",1000,0,1000,0,1000,0,0,1000,0,0,0,1000,TRUE,TRUE,TRUE,TRUE,TRUE,TRUE,TRUE,TRUE
2,4,"MAR","Lenis_U_PS_U_OM_OW_U","PATT","source_specification",1000,TRUE,"strict",1000,0,1000,0,1000,0,0,1000,0,0,0,1000,TRUE,TRUE,TRUE,TRUE,TRUE,TRUE,TRUE,TRUE
3,4,"MAR","Lenis_U_PS_U_OM_OW_U","PATT","source_specification",1000,TRUE,"strict",1000,0,1000,0,1000,0,0,1000,0,0,0,1000,TRUE,TRUE,TRUE,TRUE,TRUE,TRUE,TRUE,TRUE
1,5,"MAR","Lenis_U_PS_U_OM_OW_U","PATT","source_specification",1000,TRUE,"strict",1000,0,1000,0,1000,0,0,1000,0,0,0,1000,TRUE,TRUE,TRUE,TRUE,TRUE,TRUE,TRUE,TRUE
2,5,"MAR","Lenis_U_PS_U_OM_OW_U","PATT","source_specification",1000,TRUE,"strict",1000,0,1000,0,1000,0,0,1000,0,0,0,1000,TRUE,TRUE,TRUE,TRUE,TRUE,TRUE,TRUE,TRUE
3,5,"MAR","Lenis_U_PS_U_OM_OW_U","PATT","source_specification",1000,TRUE,"strict",1000,0,1000,0,1000,0,0,1000,0,0,0,1000,TRUE,TRUE,TRUE,TRUE,TRUE,TRUE,TRUE,TRUE
1,6,"MAR","Lenis_U_PS_U_OM_OW_U","PATT","source_specification",1000,TRUE,"strict",1000,0,1000,0,1000,0,0,1000,0,0,0,1000,TRUE,TRUE,TRUE,TRUE,TRUE,TRUE,TRUE,TRUE
2,6,"MAR","Lenis_U_PS_U_OM_OW_U","PATT","source_specification",1000,TRUE,"strict",1000,0,1000,0,1000,0,0,1000,0,0,0,1000,TRUE,TRUE,TRUE,TRUE,TRUE,TRUE,TRUE,TRUE
3,6,"MAR","Lenis_U_PS_U_OM_OW_U","PATT","source_specification",1000,TRUE,"strict",1000,0,1000,0,1000,0,0,1000,0,0,0,1000,TRUE,TRUE,TRUE,TRUE,TRUE,TRUE,TRUE,TRUE
1,1,"MARX","Lenis_U_PS_U_OM_OW_U","PATT","source_specification",1000,TRUE,"strict",1000,0,1000,0,1000,0,0,1000,0,0,0,1000,TRUE,TRUE,TRUE,TRUE,TRUE,TRUE,TRUE,TRUE
2,1,"MARX","Lenis_U_PS_U_OM_OW_U","PATT","source_specification",1000,TRUE,"strict",1000,0,1000,0,1000,0,0,1000,0,0,0,1000,TRUE,TRUE,TRUE,TRUE,TRUE,TRUE,TRUE,TRUE
3,1,"MARX","Lenis_U_PS_U_OM_OW_U","PATT","source_specification",1000,TRUE,"strict",1000,0,1000,0,1000,0,0,1000,0,0,0,1000,TRUE,TRUE,TRUE,TRUE,TRUE,TRUE,TRUE,TRUE
1,2,"MARX","Lenis_U_PS_U_OM_OW_U","PATT","source_specification",1000,TRUE,"strict",1000,0,1000,0,1000,0,0,1000,0,0,0,1000,TRUE,TRUE,TRUE,TRUE,TRUE,TRUE,TRUE,TRUE
2,2,"MARX","Lenis_U_PS_U_OM_OW_U","PATT","source_specification",1000,TRUE,"strict",1000,0,1000,0,1000,0,0,1000,0,0,0,1000,TRUE,TRUE,TRUE,TRUE,TRUE,TRUE,TRUE,TRUE
3,2,"MARX","Lenis_U_PS_U_OM_OW_U","PATT","source_specification",1000,TRUE,"strict",1000,0,1000,0,1000,0,0,1000,0,0,0,1000,TRUE,TRUE,TRUE,TRUE,TRUE,TRUE,TRUE,TRUE
1,3,"MARX","Lenis_U_PS_U_OM_OW_U","PATT","source_specification",1000,TRUE,"strict",1000,0,1000,0,1000,0,0,1000,0,0,0,1000,TRUE,TRUE,TRUE,TRUE,TRUE,TRUE,TRUE,TRUE
2,3,"MARX","Lenis_U_PS_U_OM_OW_U","PATT","source_specification",1000,TRUE,"strict",1000,0,1000,0,1000,0,0,1000,0,0,0,1000,TRUE,TRUE,TRUE,TRUE,TRUE,TRUE,TRUE,TRUE
3,3,"MARX","Lenis_U_PS_U_OM_OW_U","PATT","source_specification",1000,TRUE,"strict",1000,0,1000,0,1000,0,0,1000,0,0,0,1000,TRUE,TRUE,TRUE,TRUE,TRUE,TRUE,TRUE,TRUE
1,4,"MARX","Lenis_U_PS_U_OM_OW_U","PATT","source_specification",1000,TRUE,"strict",1000,0,1000,0,1000,0,0,1000,0,0,0,1000,TRUE,TRUE,TRUE,TRUE,TRUE,TRUE,TRUE,TRUE
2,4,"MARX","Lenis_U_PS_U_OM_OW_U","PATT","source_specification",1000,TRUE,"strict",1000,0,1000,0,1000,0,0,1000,0,0,0,1000,TRUE,TRUE,TRUE,TRUE,TRUE,TRUE,TRUE,TRUE
3,4,"MARX","Lenis_U_PS_U_OM_OW_U","PATT","source_specification",1000,TRUE,"strict",1000,0,1000,0,1000,0,0,1000,0,0,0,1000,TRUE,TRUE,TRUE,TRUE,TRUE,TRUE,TRUE,TRUE
1,5,"MARX","Lenis_U_PS_U_OM_OW_U","PATT","source_specification",1000,TRUE,"strict",1000,0,1000,0,1000,0,0,1000,0,0,0,1000,TRUE,TRUE,TRUE,TRUE,TRUE,TRUE,TRUE,TRUE
2,5,"MARX","Lenis_U_PS_U_OM_OW_U","PATT","source_specification",1000,TRUE,"strict",1000,0,1000,0,1000,0,0,1000,0,0,0,1000,TRUE,TRUE,TRUE,TRUE,TRUE,TRUE,TRUE,TRUE
3,5,"MARX","Lenis_U_PS_U_OM_OW_U","PATT","source_specification",1000,TRUE,"strict",1000,0,1000,0,1000,0,0,1000,0,0,0,1000,TRUE,TRUE,TRUE,TRUE,TRUE,TRUE,TRUE,TRUE
1,6,"MARX","Lenis_U_PS_U_OM_OW_U","PATT","source_specification",1000,TRUE,"strict",1000,0,1000,0,1000,0,0,1000,0,0,0,1000,TRUE,TRUE,TRUE,TRUE,TRUE,TRUE,TRUE,TRUE
2,6,"MARX","Lenis_U_PS_U_OM_OW_U","PATT","source_specification",1000,TRUE,"strict",1000,0,1000,0,1000,0,0,1000,0,0,0,1000,TRUE,TRUE,TRUE,TRUE,TRUE,TRUE,TRUE,TRUE
3,6,"MARX","Lenis_U_PS_U_OM_OW_U","PATT","source_specification",1000,TRUE,"strict",1000,0,1000,0,1000,0,0,1000,0,0,0,1000,TRUE,TRUE,TRUE,TRUE,TRUE,TRUE,TRUE,TRUE
1,1,"MART","Lenis_U_PS_U_OM_OW_U","PATT","source_specification",1000,TRUE,"strict",1000,0,1000,0,1000,0,0,1000,0,0,0,1000,TRUE,TRUE,TRUE,TRUE,TRUE,TRUE,TRUE,TRUE
2,1,"MART","Lenis_U_PS_U_OM_OW_U","PATT","source_specification",1000,TRUE,"strict",1000,0,1000,0,1000,0,0,1000,0,0,0,1000,TRUE,TRUE,TRUE,TRUE,TRUE,TRUE,TRUE,TRUE
3,1,"MART","Lenis_U_PS_U_OM_OW_U","PATT","source_specification",1000,TRUE,"strict",1000,0,1000,0,1000,0,0,1000,0,0,0,1000,TRUE,TRUE,TRUE,TRUE,TRUE,TRUE,TRUE,TRUE
1,2,"MART","Lenis_U_PS_U_OM_OW_U","PATT","source_specification",1000,TRUE,"strict",1000,0,1000,0,1000,0,0,1000,0,0,0,1000,TRUE,TRUE,TRUE,TRUE,TRUE,TRUE,TRUE,TRUE
2,2,"MART","Lenis_U_PS_U_OM_OW_U","PATT","source_specification",1000,TRUE,"strict",1000,0,1000,0,1000,0,0,1000,0,0,0,1000,TRUE,TRUE,TRUE,TRUE,TRUE,TRUE,TRUE,TRUE
3,2,"MART","Lenis_U_PS_U_OM_OW_U","PATT","source_specification",1000,TRUE,"strict",1000,0,1000,0,1000,0,0,1000,0,0,0,1000,TRUE,TRUE,TRUE,TRUE,TRUE,TRUE,TRUE,TRUE
1,3,"MART","Lenis_U_PS_U_OM_OW_U","PATT","source_specification",1000,TRUE,"strict",1000,0,1000,0,1000,0,0,1000,0,0,0,1000,TRUE,TRUE,TRUE,TRUE,TRUE,TRUE,TRUE,TRUE
2,3,"MART","Lenis_U_PS_U_OM_OW_U","PATT","source_specification",1000,TRUE,"strict",1000,0,1000,0,1000,0,0,1000,0,0,0,1000,TRUE,TRUE,TRUE,TRUE,TRUE,TRUE,TRUE,TRUE
3,3,"MART","Lenis_U_PS_U_OM_OW_U","PATT","source_specification",1000,TRUE,"strict",1000,0,1000,0,1000,0,0,1000,0,0,0,1000,TRUE,TRUE,TRUE,TRUE,TRUE,TRUE,TRUE,TRUE
1,4,"MART","Lenis_U_PS_U_OM_OW_U","PATT","source_specification",1000,TRUE,"strict",1000,0,1000,0,1000,0,0,1000,0,0,0,1000,TRUE,TRUE,TRUE,TRUE,TRUE,TRUE,TRUE,TRUE
2,4,"MART","Lenis_U_PS_U_OM_OW_U","PATT","source_specification",1000,TRUE,"strict",1000,0,1000,0,1000,0,0,1000,0,0,0,1000,TRUE,TRUE,TRUE,TRUE,TRUE,TRUE,TRUE,TRUE
3,4,"MART","Lenis_U_PS_U_OM_OW_U","PATT","source_specification",1000,TRUE,"strict",1000,0,1000,0,1000,0,0,1000,0,0,0,1000,TRUE,TRUE,TRUE,TRUE,TRUE,TRUE,TRUE,TRUE
1,5,"MART","Lenis_U_PS_U_OM_OW_U","PATT","source_specification",1000,TRUE,"strict",1000,0,1000,0,1000,0,0,1000,0,0,0,1000,TRUE,TRUE,TRUE,TRUE,TRUE,TRUE,TRUE,TRUE
2,5,"MART","Lenis_U_PS_U_OM_OW_U","PATT","source_specification",1000,TRUE,"strict",1000,0,1000,0,1000,0,0,1000,0,0,0,1000,TRUE,TRUE,TRUE,TRUE,TRUE,TRUE,TRUE,TRUE
3,5,"MART","Lenis_U_PS_U_OM_OW_U","PATT","source_specification",1000,TRUE,"strict",1000,0,1000,0,1000,0,0,1000,0,0,0,1000,TRUE,TRUE,TRUE,TRUE,TRUE,TRUE,TRUE,TRUE
1,6,"MART","Lenis_U_PS_U_OM_OW_U","PATT","source_specification",1000,TRUE,"strict",1000,0,1000,0,1000,0,0,1000,0,0,0,1000,TRUE,TRUE,TRUE,TRUE,TRUE,TRUE,TRUE,TRUE
2,6,"MART","Lenis_U_PS_U_OM_OW_U","PATT","source_specification",1000,TRUE,"strict",1000,0,1000,0,1000,0,0,1000,0,0,0,1000,TRUE,TRUE,TRUE,TRUE,TRUE,TRUE,TRUE,TRUE
3,6,"MART","Lenis_U_PS_U_OM_OW_U","PATT","source_specification",1000,TRUE,"strict",1000,0,1000,0,1000,0,0,1000,0,0,0,1000,TRUE,TRUE,TRUE,TRUE,TRUE,TRUE,TRUE,TRUE
1,1,"No","Lenis_U_PS_W_OM_WT_U","PATT","source_specification",1000,TRUE,"strict",1000,0,1000,0,1000,0,0,1000,0,0,0,1000,TRUE,TRUE,TRUE,TRUE,TRUE,TRUE,TRUE,TRUE
2,1,"No","Lenis_U_PS_W_OM_WT_U","PATT","source_specification",1000,TRUE,"strict",1000,0,1000,0,1000,0,0,1000,0,0,0,1000,TRUE,TRUE,TRUE,TRUE,TRUE,TRUE,TRUE,TRUE
3,1,"No","Lenis_U_PS_W_OM_WT_U","PATT","source_specification",1000,TRUE,"strict",1000,0,1000,0,1000,0,0,1000,0,0,0,1000,TRUE,TRUE,TRUE,TRUE,TRUE,TRUE,TRUE,TRUE
1,2,"No","Lenis_U_PS_W_OM_WT_U","PATT","source_specification",1000,TRUE,"strict",1000,0,1000,0,1000,0,0,1000,0,0,0,1000,TRUE,TRUE,TRUE,TRUE,TRUE,TRUE,TRUE,TRUE
2,2,"No","Lenis_U_PS_W_OM_WT_U","PATT","source_specification",1000,TRUE,"strict",1000,0,1000,0,1000,0,0,1000,0,0,0,1000,TRUE,TRUE,TRUE,TRUE,TRUE,TRUE,TRUE,TRUE
3,2,"No","Lenis_U_PS_W_OM_WT_U","PATT","source_specification",1000,TRUE,"strict",1000,0,1000,0,1000,0,0,1000,0,0,0,1000,TRUE,TRUE,TRUE,TRUE,TRUE,TRUE,TRUE,TRUE
1,3,"No","Lenis_U_PS_W_OM_WT_U","PATT","source_specification",1000,TRUE,"strict",1000,0,1000,0,1000,0,0,1000,0,0,0,1000,TRUE,TRUE,TRUE,TRUE,TRUE,TRUE,TRUE,TRUE
2,3,"No","Lenis_U_PS_W_OM_WT_U","PATT","source_specification",1000,TRUE,"strict",1000,0,1000,0,1000,0,0,1000,0,0,0,1000,TRUE,TRUE,TRUE,TRUE,TRUE,TRUE,TRUE,TRUE
3,3,"No","Lenis_U_PS_W_OM_WT_U","PATT","source_specification",1000,TRUE,"strict",1000,0,1000,0,1000,0,0,1000,0,0,0,1000,TRUE,TRUE,TRUE,TRUE,TRUE,TRUE,TRUE,TRUE
1,4,"No","Lenis_U_PS_W_OM_WT_U","PATT","source_specification",1000,TRUE,"strict",1000,0,1000,0,1000,0,0,1000,0,0,0,1000,TRUE,TRUE,TRUE,TRUE,TRUE,TRUE,TRUE,TRUE
2,4,"No","Lenis_U_PS_W_OM_WT_U","PATT","source_specification",1000,TRUE,"strict",1000,0,1000,0,1000,0,0,1000,0,0,0,1000,TRUE,TRUE,TRUE,TRUE,TRUE,TRUE,TRUE,TRUE
3,4,"No","Lenis_U_PS_W_OM_WT_U","PATT","source_specification",1000,TRUE,"strict",1000,0,1000,0,1000,0,0,1000,0,0,0,1000,TRUE,TRUE,TRUE,TRUE,TRUE,TRUE,TRUE,TRUE
1,5,"No","Lenis_U_PS_W_OM_WT_U","PATT","source_specification",1000,TRUE,"strict",1000,0,1000,0,1000,0,0,1000,0,0,0,1000,TRUE,TRUE,TRUE,TRUE,TRUE,TRUE,TRUE,TRUE
2,5,"No","Lenis_U_PS_W_OM_WT_U","PATT","source_specification",1000,TRUE,"strict",1000,0,1000,0,1000,0,0,1000,0,0,0,1000,TRUE,TRUE,TRUE,TRUE,TRUE,TRUE,TRUE,TRUE
3,5,"No","Lenis_U_PS_W_OM_WT_U","PATT","source_specification",1000,TRUE,"strict",1000,0,1000,0,1000,0,0,1000,0,0,0,1000,TRUE,TRUE,TRUE,TRUE,TRUE,TRUE,TRUE,TRUE
1,6,"No","Lenis_U_PS_W_OM_WT_U","PATT","source_specification",1000,TRUE,"strict",1000,0,1000,0,1000,0,0,1000,0,0,0,1000,TRUE,TRUE,TRUE,TRUE,TRUE,TRUE,TRUE,TRUE
2,6,"No","Lenis_U_PS_W_OM_WT_U","PATT","source_specification",1000,TRUE,"strict",1000,0,1000,0,1000,0,0,1000,0,0,0,1000,TRUE,TRUE,TRUE,TRUE,TRUE,TRUE,TRUE,TRUE
3,6,"No","Lenis_U_PS_W_OM_WT_U","PATT","source_specification",1000,TRUE,"strict",1000,0,1000,0,1000,0,0,1000,0,0,0,1000,TRUE,TRUE,TRUE,TRUE,TRUE,TRUE,TRUE,TRUE
1,1,"MAR","Lenis_U_PS_W_OM_WT_U","PATT","source_specification",1000,TRUE,"strict",1000,0,1000,0,1000,0,0,1000,0,0,0,1000,TRUE,TRUE,TRUE,TRUE,TRUE,TRUE,TRUE,TRUE
2,1,"MAR","Lenis_U_PS_W_OM_WT_U","PATT","source_specification",1000,TRUE,"strict",1000,0,1000,0,1000,0,0,1000,0,0,0,1000,TRUE,TRUE,TRUE,TRUE,TRUE,TRUE,TRUE,TRUE
3,1,"MAR","Lenis_U_PS_W_OM_WT_U","PATT","source_specification",1000,TRUE,"strict",1000,0,1000,0,1000,0,0,1000,0,0,0,1000,TRUE,TRUE,TRUE,TRUE,TRUE,TRUE,TRUE,TRUE
1,2,"MAR","Lenis_U_PS_W_OM_WT_U","PATT","source_specification",1000,TRUE,"strict",1000,0,1000,0,1000,0,0,1000,0,0,0,1000,TRUE,TRUE,TRUE,TRUE,TRUE,TRUE,TRUE,TRUE
2,2,"MAR","Lenis_U_PS_W_OM_WT_U","PATT","source_specification",1000,TRUE,"strict",1000,0,1000,0,1000,0,0,1000,0,0,0,1000,TRUE,TRUE,TRUE,TRUE,TRUE,TRUE,TRUE,TRUE
3,2,"MAR","Lenis_U_PS_W_OM_WT_U","PATT","source_specification",1000,TRUE,"strict",1000,0,1000,0,1000,0,0,1000,0,0,0,1000,TRUE,TRUE,TRUE,TRUE,TRUE,TRUE,TRUE,TRUE
1,3,"MAR","Lenis_U_PS_W_OM_WT_U","PATT","source_specification",1000,TRUE,"strict",1000,0,1000,0,1000,0,0,1000,0,0,0,1000,TRUE,TRUE,TRUE,TRUE,TRUE,TRUE,TRUE,TRUE
2,3,"MAR","Lenis_U_PS_W_OM_WT_U","PATT","source_specification",1000,TRUE,"strict",1000,0,1000,0,1000,0,0,1000,0,0,0,1000,TRUE,TRUE,TRUE,TRUE,TRUE,TRUE,TRUE,TRUE
3,3,"MAR","Lenis_U_PS_W_OM_WT_U","PATT","source_specification",1000,TRUE,"strict",1000,0,1000,0,1000,0,0,1000,0,0,0,1000,TRUE,TRUE,TRUE,TRUE,TRUE,TRUE,TRUE,TRUE
1,4,"MAR","Lenis_U_PS_W_OM_WT_U","PATT","source_specification",1000,TRUE,"strict",1000,0,1000,0,1000,0,0,1000,0,0,0,1000,TRUE,TRUE,TRUE,TRUE,TRUE,TRUE,TRUE,TRUE
2,4,"MAR","Lenis_U_PS_W_OM_WT_U","PATT","source_specification",1000,TRUE,"strict",1000,0,1000,0,1000,0,0,1000,0,0,0,1000,TRUE,TRUE,TRUE,TRUE,TRUE,TRUE,TRUE,TRUE
3,4,"MAR","Lenis_U_PS_W_OM_WT_U","PATT","source_specification",1000,TRUE,"strict",1000,0,1000,0,1000,0,0,1000,0,0,0,1000,TRUE,TRUE,TRUE,TRUE,TRUE,TRUE,TRUE,TRUE
1,5,"MAR","Lenis_U_PS_W_OM_WT_U","PATT","source_specification",1000,TRUE,"strict",1000,0,1000,0,1000,0,0,1000,0,0,0,1000,TRUE,TRUE,TRUE,TRUE,TRUE,TRUE,TRUE,TRUE
2,5,"MAR","Lenis_U_PS_W_OM_WT_U","PATT","source_specification",1000,TRUE,"strict",1000,0,1000,0,1000,0,0,1000,0,0,0,1000,TRUE,TRUE,TRUE,TRUE,TRUE,TRUE,TRUE,TRUE
3,5,"MAR","Lenis_U_PS_W_OM_WT_U","PATT","source_specification",1000,TRUE,"strict",1000,0,1000,0,1000,0,0,1000,0,0,0,1000,TRUE,TRUE,TRUE,TRUE,TRUE,TRUE,TRUE,TRUE
1,6,"MAR","Lenis_U_PS_W_OM_WT_U","PATT","source_specification",1000,TRUE,"strict",1000,0,1000,0,1000,0,0,1000,0,0,0,1000,TRUE,TRUE,TRUE,TRUE,TRUE,TRUE,TRUE,TRUE
2,6,"MAR","Lenis_U_PS_W_OM_WT_U","PATT","source_specification",1000,TRUE,"strict",1000,0,1000,0,1000,0,0,1000,0,0,0,1000,TRUE,TRUE,TRUE,TRUE,TRUE,TRUE,TRUE,TRUE
3,6,"MAR","Lenis_U_PS_W_OM_WT_U","PATT","source_specification",1000,TRUE,"strict",1000,0,1000,0,1000,0,0,1000,0,0,0,1000,TRUE,TRUE,TRUE,TRUE,TRUE,TRUE,TRUE,TRUE
1,1,"MARX","Lenis_U_PS_W_OM_WT_U","PATT","source_specification",1000,TRUE,"strict",1000,0,1000,0,1000,0,0,1000,0,0,0,1000,TRUE,TRUE,TRUE,TRUE,TRUE,TRUE,TRUE,TRUE
2,1,"MARX","Lenis_U_PS_W_OM_WT_U","PATT","source_specification",1000,TRUE,"strict",1000,0,1000,0,1000,0,0,1000,0,0,0,1000,TRUE,TRUE,TRUE,TRUE,TRUE,TRUE,TRUE,TRUE
3,1,"MARX","Lenis_U_PS_W_OM_WT_U","PATT","source_specification",1000,TRUE,"strict",1000,0,1000,0,1000,0,0,1000,0,0,0,1000,TRUE,TRUE,TRUE,TRUE,TRUE,TRUE,TRUE,TRUE
1,2,"MARX","Lenis_U_PS_W_OM_WT_U","PATT","source_specification",1000,TRUE,"strict",1000,0,1000,0,1000,0,0,1000,0,0,0,1000,TRUE,TRUE,TRUE,TRUE,TRUE,TRUE,TRUE,TRUE
2,2,"MARX","Lenis_U_PS_W_OM_WT_U","PATT","source_specification",1000,TRUE,"strict",1000,0,1000,0,1000,0,0,1000,0,0,0,1000,TRUE,TRUE,TRUE,TRUE,TRUE,TRUE,TRUE,TRUE
3,2,"MARX","Lenis_U_PS_W_OM_WT_U","PATT","source_specification",1000,TRUE,"strict",1000,0,1000,0,1000,0,0,1000,0,0,0,1000,TRUE,TRUE,TRUE,TRUE,TRUE,TRUE,TRUE,TRUE
1,3,"MARX","Lenis_U_PS_W_OM_WT_U","PATT","source_specification",1000,TRUE,"strict",1000,0,1000,0,1000,0,0,1000,0,0,0,1000,TRUE,TRUE,TRUE,TRUE,TRUE,TRUE,TRUE,TRUE
2,3,"MARX","Lenis_U_PS_W_OM_WT_U","PATT","source_specification",1000,TRUE,"strict",1000,0,1000,0,1000,0,0,1000,0,0,0,1000,TRUE,TRUE,TRUE,TRUE,TRUE,TRUE,TRUE,TRUE
3,3,"MARX","Lenis_U_PS_W_OM_WT_U","PATT","source_specification",1000,TRUE,"strict",1000,0,1000,0,1000,0,0,1000,0,0,0,1000,TRUE,TRUE,TRUE,TRUE,TRUE,TRUE,TRUE,TRUE
1,4,"MARX","Lenis_U_PS_W_OM_WT_U","PATT","source_specification",1000,TRUE,"strict",1000,0,1000,0,1000,0,0,1000,0,0,0,1000,TRUE,TRUE,TRUE,TRUE,TRUE,TRUE,TRUE,TRUE
2,4,"MARX","Lenis_U_PS_W_OM_WT_U","PATT","source_specification",1000,TRUE,"strict",1000,0,1000,0,1000,0,0,1000,0,0,0,1000,TRUE,TRUE,TRUE,TRUE,TRUE,TRUE,TRUE,TRUE
3,4,"MARX","Lenis_U_PS_W_OM_WT_U","PATT","source_specification",1000,TRUE,"strict",1000,0,1000,0,1000,0,0,1000,0,0,0,1000,TRUE,TRUE,TRUE,TRUE,TRUE,TRUE,TRUE,TRUE
1,5,"MARX","Lenis_U_PS_W_OM_WT_U","PATT","source_specification",1000,TRUE,"strict",1000,0,1000,0,1000,0,0,1000,0,0,0,1000,TRUE,TRUE,TRUE,TRUE,TRUE,TRUE,TRUE,TRUE
2,5,"MARX","Lenis_U_PS_W_OM_WT_U","PATT","source_specification",1000,TRUE,"strict",1000,0,1000,0,1000,0,0,1000,0,0,0,1000,TRUE,TRUE,TRUE,TRUE,TRUE,TRUE,TRUE,TRUE
3,5,"MARX","Lenis_U_PS_W_OM_WT_U","PATT","source_specification",1000,TRUE,"strict",1000,0,1000,0,1000,0,0,1000,0,0,0,1000,TRUE,TRUE,TRUE,TRUE,TRUE,TRUE,TRUE,TRUE
1,6,"MARX","Lenis_U_PS_W_OM_WT_U","PATT","source_specification",1000,TRUE,"strict",1000,0,1000,0,1000,0,0,1000,0,0,0,1000,TRUE,TRUE,TRUE,TRUE,TRUE,TRUE,TRUE,TRUE
2,6,"MARX","Lenis_U_PS_W_OM_WT_U","PATT","source_specification",1000,TRUE,"strict",1000,0,1000,0,1000,0,0,1000,0,0,0,1000,TRUE,TRUE,TRUE,TRUE,TRUE,TRUE,TRUE,TRUE
3,6,"MARX","Lenis_U_PS_W_OM_WT_U","PATT","source_specification",1000,TRUE,"strict",1000,0,1000,0,1000,0,0,1000,0,0,0,1000,TRUE,TRUE,TRUE,TRUE,TRUE,TRUE,TRUE,TRUE
1,1,"MART","Lenis_U_PS_W_OM_WT_U","PATT","source_specification",1000,TRUE,"strict",1000,0,1000,0,998,2,0,998,2,0,0,1000,TRUE,TRUE,FALSE,FALSE,TRUE,TRUE,TRUE,TRUE
2,1,"MART","Lenis_U_PS_W_OM_WT_U","PATT","source_specification",1000,TRUE,"strict",1000,0,1000,0,1000,0,0,1000,0,0,0,1000,TRUE,TRUE,TRUE,TRUE,TRUE,TRUE,TRUE,TRUE
3,1,"MART","Lenis_U_PS_W_OM_WT_U","PATT","source_specification",1000,TRUE,"strict",1000,0,1000,0,1000,0,0,1000,0,0,0,1000,TRUE,TRUE,TRUE,TRUE,TRUE,TRUE,TRUE,TRUE
1,2,"MART","Lenis_U_PS_W_OM_WT_U","PATT","source_specification",1000,TRUE,"strict",1000,0,1000,0,998,2,0,998,2,0,0,1000,TRUE,TRUE,FALSE,FALSE,TRUE,TRUE,TRUE,TRUE
2,2,"MART","Lenis_U_PS_W_OM_WT_U","PATT","source_specification",1000,TRUE,"strict",1000,0,1000,0,1000,0,0,1000,0,0,0,1000,TRUE,TRUE,TRUE,TRUE,TRUE,TRUE,TRUE,TRUE
3,2,"MART","Lenis_U_PS_W_OM_WT_U","PATT","source_specification",1000,TRUE,"strict",1000,0,1000,0,1000,0,0,1000,0,0,0,1000,TRUE,TRUE,TRUE,TRUE,TRUE,TRUE,TRUE,TRUE
1,3,"MART","Lenis_U_PS_W_OM_WT_U","PATT","source_specification",1000,TRUE,"strict",1000,0,1000,0,998,2,0,998,2,0,0,1000,TRUE,TRUE,FALSE,FALSE,TRUE,TRUE,TRUE,TRUE
2,3,"MART","Lenis_U_PS_W_OM_WT_U","PATT","source_specification",1000,TRUE,"strict",1000,0,1000,0,1000,0,0,1000,0,0,0,1000,TRUE,TRUE,TRUE,TRUE,TRUE,TRUE,TRUE,TRUE
3,3,"MART","Lenis_U_PS_W_OM_WT_U","PATT","source_specification",1000,TRUE,"strict",1000,0,1000,0,1000,0,0,1000,0,0,0,1000,TRUE,TRUE,TRUE,TRUE,TRUE,TRUE,TRUE,TRUE
1,4,"MART","Lenis_U_PS_W_OM_WT_U","PATT","source_specification",1000,TRUE,"strict",1000,0,1000,0,998,2,0,998,2,0,0,1000,TRUE,TRUE,FALSE,FALSE,TRUE,TRUE,TRUE,TRUE
2,4,"MART","Lenis_U_PS_W_OM_WT_U","PATT","source_specification",1000,TRUE,"strict",1000,0,1000,0,1000,0,0,1000,0,0,0,1000,TRUE,TRUE,TRUE,TRUE,TRUE,TRUE,TRUE,TRUE
3,4,"MART","Lenis_U_PS_W_OM_WT_U","PATT","source_specification",1000,TRUE,"strict",1000,0,1000,0,1000,0,0,1000,0,0,0,1000,TRUE,TRUE,TRUE,TRUE,TRUE,TRUE,TRUE,TRUE
1,5,"MART","Lenis_U_PS_W_OM_WT_U","PATT","source_specification",1000,TRUE,"strict",1000,0,1000,0,998,2,0,998,2,0,0,1000,TRUE,TRUE,FALSE,FALSE,TRUE,TRUE,TRUE,TRUE
2,5,"MART","Lenis_U_PS_W_OM_WT_U","PATT","source_specification",1000,TRUE,"strict",1000,0,1000,0,1000,0,0,1000,0,0,0,1000,TRUE,TRUE,TRUE,TRUE,TRUE,TRUE,TRUE,TRUE
3,5,"MART","Lenis_U_PS_W_OM_WT_U","PATT","source_specification",1000,TRUE,"strict",1000,0,1000,0,1000,0,0,1000,0,0,0,1000,TRUE,TRUE,TRUE,TRUE,TRUE,TRUE,TRUE,TRUE
1,6,"MART","Lenis_U_PS_W_OM_WT_U","PATT","source_specification",1000,TRUE,"strict",1000,0,1000,0,998,2,0,998,2,0,0,1000,TRUE,TRUE,FALSE,FALSE,TRUE,TRUE,TRUE,TRUE
2,6,"MART","Lenis_U_PS_W_OM_WT_U","PATT","source_specification",1000,TRUE,"strict",1000,0,1000,0,1000,0,0,1000,0,0,0,1000,TRUE,TRUE,TRUE,TRUE,TRUE,TRUE,TRUE,TRUE
3,6,"MART","Lenis_U_PS_W_OM_WT_U","PATT","source_specification",1000,TRUE,"strict",1000,0,1000,0,1000,0,0,1000,0,0,0,1000,TRUE,TRUE,TRUE,TRUE,TRUE,TRUE,TRUE,TRUE
1,1,"No","Lenis_U_PS_W_OM_OW_U","PATT","source_specification",1000,TRUE,"strict",1000,0,1000,0,1000,0,0,1000,0,0,0,1000,TRUE,TRUE,TRUE,TRUE,TRUE,TRUE,TRUE,TRUE
2,1,"No","Lenis_U_PS_W_OM_OW_U","PATT","source_specification",1000,TRUE,"strict",1000,0,1000,0,1000,0,0,1000,0,0,0,1000,TRUE,TRUE,TRUE,TRUE,TRUE,TRUE,TRUE,TRUE
3,1,"No","Lenis_U_PS_W_OM_OW_U","PATT","source_specification",1000,TRUE,"strict",1000,0,1000,0,1000,0,0,1000,0,0,0,1000,TRUE,TRUE,TRUE,TRUE,TRUE,TRUE,TRUE,TRUE
1,2,"No","Lenis_U_PS_W_OM_OW_U","PATT","source_specification",1000,TRUE,"strict",1000,0,1000,0,1000,0,0,1000,0,0,0,1000,TRUE,TRUE,TRUE,TRUE,TRUE,TRUE,TRUE,TRUE
2,2,"No","Lenis_U_PS_W_OM_OW_U","PATT","source_specification",1000,TRUE,"strict",1000,0,1000,0,1000,0,0,1000,0,0,0,1000,TRUE,TRUE,TRUE,TRUE,TRUE,TRUE,TRUE,TRUE
3,2,"No","Lenis_U_PS_W_OM_OW_U","PATT","source_specification",1000,TRUE,"strict",1000,0,1000,0,1000,0,0,1000,0,0,0,1000,TRUE,TRUE,TRUE,TRUE,TRUE,TRUE,TRUE,TRUE
1,3,"No","Lenis_U_PS_W_OM_OW_U","PATT","source_specification",1000,TRUE,"strict",1000,0,1000,0,1000,0,0,1000,0,0,0,1000,TRUE,TRUE,TRUE,TRUE,TRUE,TRUE,TRUE,TRUE
2,3,"No","Lenis_U_PS_W_OM_OW_U","PATT","source_specification",1000,TRUE,"strict",1000,0,1000,0,1000,0,0,1000,0,0,0,1000,TRUE,TRUE,TRUE,TRUE,TRUE,TRUE,TRUE,TRUE
3,3,"No","Lenis_U_PS_W_OM_OW_U","PATT","source_specification",1000,TRUE,"strict",1000,0,1000,0,1000,0,0,1000,0,0,0,1000,TRUE,TRUE,TRUE,TRUE,TRUE,TRUE,TRUE,TRUE
1,4,"No","Lenis_U_PS_W_OM_OW_U","PATT","source_specification",1000,TRUE,"strict",1000,0,1000,0,1000,0,0,1000,0,0,0,1000,TRUE,TRUE,TRUE,TRUE,TRUE,TRUE,TRUE,TRUE
2,4,"No","Lenis_U_PS_W_OM_OW_U","PATT","source_specification",1000,TRUE,"strict",1000,0,1000,0,1000,0,0,1000,0,0,0,1000,TRUE,TRUE,TRUE,TRUE,TRUE,TRUE,TRUE,TRUE
3,4,"No","Lenis_U_PS_W_OM_OW_U","PATT","source_specification",1000,TRUE,"strict",1000,0,1000,0,1000,0,0,1000,0,0,0,1000,TRUE,TRUE,TRUE,TRUE,TRUE,TRUE,TRUE,TRUE
1,5,"No","Lenis_U_PS_W_OM_OW_U","PATT","source_specification",1000,TRUE,"strict",1000,0,1000,0,1000,0,0,1000,0,0,0,1000,TRUE,TRUE,TRUE,TRUE,TRUE,TRUE,TRUE,TRUE
2,5,"No","Lenis_U_PS_W_OM_OW_U","PATT","source_specification",1000,TRUE,"strict",1000,0,1000,0,1000,0,0,1000,0,0,0,1000,TRUE,TRUE,TRUE,TRUE,TRUE,TRUE,TRUE,TRUE
3,5,"No","Lenis_U_PS_W_OM_OW_U","PATT","source_specification",1000,TRUE,"strict",1000,0,1000,0,1000,0,0,1000,0,0,0,1000,TRUE,TRUE,TRUE,TRUE,TRUE,TRUE,TRUE,TRUE
1,6,"No","Lenis_U_PS_W_OM_OW_U","PATT","source_specification",1000,TRUE,"strict",1000,0,1000,0,1000,0,0,1000,0,0,0,1000,TRUE,TRUE,TRUE,TRUE,TRUE,TRUE,TRUE,TRUE
2,6,"No","Lenis_U_PS_W_OM_OW_U","PATT","source_specification",1000,TRUE,"strict",1000,0,1000,0,1000,0,0,1000,0,0,0,1000,TRUE,TRUE,TRUE,TRUE,TRUE,TRUE,TRUE,TRUE
3,6,"No","Lenis_U_PS_W_OM_OW_U","PATT","source_specification",1000,TRUE,"strict",1000,0,1000,0,1000,0,0,1000,0,0,0,1000,TRUE,TRUE,TRUE,TRUE,TRUE,TRUE,TRUE,TRUE
1,1,"MAR","Lenis_U_PS_W_OM_OW_U","PATT","source_specification",1000,TRUE,"strict",1000,0,1000,0,1000,0,0,1000,0,0,0,1000,TRUE,TRUE,TRUE,TRUE,TRUE,TRUE,TRUE,TRUE
2,1,"MAR","Lenis_U_PS_W_OM_OW_U","PATT","source_specification",1000,TRUE,"strict",1000,0,1000,0,1000,0,0,1000,0,0,0,1000,TRUE,TRUE,TRUE,TRUE,TRUE,TRUE,TRUE,TRUE
3,1,"MAR","Lenis_U_PS_W_OM_OW_U","PATT","source_specification",1000,TRUE,"strict",1000,0,1000,0,1000,0,0,1000,0,0,0,1000,TRUE,TRUE,TRUE,TRUE,TRUE,TRUE,TRUE,TRUE
1,2,"MAR","Lenis_U_PS_W_OM_OW_U","PATT","source_specification",1000,TRUE,"strict",1000,0,1000,0,1000,0,0,1000,0,0,0,1000,TRUE,TRUE,TRUE,TRUE,TRUE,TRUE,TRUE,TRUE
2,2,"MAR","Lenis_U_PS_W_OM_OW_U","PATT","source_specification",1000,TRUE,"strict",1000,0,1000,0,1000,0,0,1000,0,0,0,1000,TRUE,TRUE,TRUE,TRUE,TRUE,TRUE,TRUE,TRUE
3,2,"MAR","Lenis_U_PS_W_OM_OW_U","PATT","source_specification",1000,TRUE,"strict",1000,0,1000,0,1000,0,0,1000,0,0,0,1000,TRUE,TRUE,TRUE,TRUE,TRUE,TRUE,TRUE,TRUE
1,3,"MAR","Lenis_U_PS_W_OM_OW_U","PATT","source_specification",1000,TRUE,"strict",1000,0,1000,0,1000,0,0,1000,0,0,0,1000,TRUE,TRUE,TRUE,TRUE,TRUE,TRUE,TRUE,TRUE
2,3,"MAR","Lenis_U_PS_W_OM_OW_U","PATT","source_specification",1000,TRUE,"strict",1000,0,1000,0,1000,0,0,1000,0,0,0,1000,TRUE,TRUE,TRUE,TRUE,TRUE,TRUE,TRUE,TRUE
3,3,"MAR","Lenis_U_PS_W_OM_OW_U","PATT","source_specification",1000,TRUE,"strict",1000,0,1000,0,1000,0,0,1000,0,0,0,1000,TRUE,TRUE,TRUE,TRUE,TRUE,TRUE,TRUE,TRUE
1,4,"MAR","Lenis_U_PS_W_OM_OW_U","PATT","source_specification",1000,TRUE,"strict",1000,0,1000,0,1000,0,0,1000,0,0,0,1000,TRUE,TRUE,TRUE,TRUE,TRUE,TRUE,TRUE,TRUE
2,4,"MAR","Lenis_U_PS_W_OM_OW_U","PATT","source_specification",1000,TRUE,"strict",1000,0,1000,0,1000,0,0,1000,0,0,0,1000,TRUE,TRUE,TRUE,TRUE,TRUE,TRUE,TRUE,TRUE
3,4,"MAR","Lenis_U_PS_W_OM_OW_U","PATT","source_specification",1000,TRUE,"strict",1000,0,1000,0,1000,0,0,1000,0,0,0,1000,TRUE,TRUE,TRUE,TRUE,TRUE,TRUE,TRUE,TRUE
1,5,"MAR","Lenis_U_PS_W_OM_OW_U","PATT","source_specification",1000,TRUE,"strict",1000,0,1000,0,1000,0,0,1000,0,0,0,1000,TRUE,TRUE,TRUE,TRUE,TRUE,TRUE,TRUE,TRUE
2,5,"MAR","Lenis_U_PS_W_OM_OW_U","PATT","source_specification",1000,TRUE,"strict",1000,0,1000,0,1000,0,0,1000,0,0,0,1000,TRUE,TRUE,TRUE,TRUE,TRUE,TRUE,TRUE,TRUE
3,5,"MAR","Lenis_U_PS_W_OM_OW_U","PATT","source_specification",1000,TRUE,"strict",1000,0,1000,0,1000,0,0,1000,0,0,0,1000,TRUE,TRUE,TRUE,TRUE,TRUE,TRUE,TRUE,TRUE
1,6,"MAR","Lenis_U_PS_W_OM_OW_U","PATT","source_specification",1000,TRUE,"strict",1000,0,1000,0,1000,0,0,1000,0,0,0,1000,TRUE,TRUE,TRUE,TRUE,TRUE,TRUE,TRUE,TRUE
2,6,"MAR","Lenis_U_PS_W_OM_OW_U","PATT","source_specification",1000,TRUE,"strict",1000,0,1000,0,1000,0,0,1000,0,0,0,1000,TRUE,TRUE,TRUE,TRUE,TRUE,TRUE,TRUE,TRUE
3,6,"MAR","Lenis_U_PS_W_OM_OW_U","PATT","source_specification",1000,TRUE,"strict",1000,0,1000,0,1000,0,0,1000,0,0,0,1000,TRUE,TRUE,TRUE,TRUE,TRUE,TRUE,TRUE,TRUE
1,1,"MARX","Lenis_U_PS_W_OM_OW_U","PATT","source_specification",1000,TRUE,"strict",1000,0,1000,0,1000,0,0,1000,0,0,0,1000,TRUE,TRUE,TRUE,TRUE,TRUE,TRUE,TRUE,TRUE
2,1,"MARX","Lenis_U_PS_W_OM_OW_U","PATT","source_specification",1000,TRUE,"strict",1000,0,1000,0,1000,0,0,1000,0,0,0,1000,TRUE,TRUE,TRUE,TRUE,TRUE,TRUE,TRUE,TRUE
3,1,"MARX","Lenis_U_PS_W_OM_OW_U","PATT","source_specification",1000,TRUE,"strict",1000,0,1000,0,1000,0,0,1000,0,0,0,1000,TRUE,TRUE,TRUE,TRUE,TRUE,TRUE,TRUE,TRUE
1,2,"MARX","Lenis_U_PS_W_OM_OW_U","PATT","source_specification",1000,TRUE,"strict",1000,0,1000,0,1000,0,0,1000,0,0,0,1000,TRUE,TRUE,TRUE,TRUE,TRUE,TRUE,TRUE,TRUE
2,2,"MARX","Lenis_U_PS_W_OM_OW_U","PATT","source_specification",1000,TRUE,"strict",1000,0,1000,0,1000,0,0,1000,0,0,0,1000,TRUE,TRUE,TRUE,TRUE,TRUE,TRUE,TRUE,TRUE
3,2,"MARX","Lenis_U_PS_W_OM_OW_U","PATT","source_specification",1000,TRUE,"strict",1000,0,1000,0,1000,0,0,1000,0,0,0,1000,TRUE,TRUE,TRUE,TRUE,TRUE,TRUE,TRUE,TRUE
1,3,"MARX","Lenis_U_PS_W_OM_OW_U","PATT","source_specification",1000,TRUE,"strict",1000,0,1000,0,1000,0,0,1000,0,0,0,1000,TRUE,TRUE,TRUE,TRUE,TRUE,TRUE,TRUE,TRUE
2,3,"MARX","Lenis_U_PS_W_OM_OW_U","PATT","source_specification",1000,TRUE,"strict",1000,0,1000,0,1000,0,0,1000,0,0,0,1000,TRUE,TRUE,TRUE,TRUE,TRUE,TRUE,TRUE,TRUE
3,3,"MARX","Lenis_U_PS_W_OM_OW_U","PATT","source_specification",1000,TRUE,"strict",1000,0,1000,0,1000,0,0,1000,0,0,0,1000,TRUE,TRUE,TRUE,TRUE,TRUE,TRUE,TRUE,TRUE
1,4,"MARX","Lenis_U_PS_W_OM_OW_U","PATT","source_specification",1000,TRUE,"strict",1000,0,1000,0,1000,0,0,1000,0,0,0,1000,TRUE,TRUE,TRUE,TRUE,TRUE,TRUE,TRUE,TRUE
2,4,"MARX","Lenis_U_PS_W_OM_OW_U","PATT","source_specification",1000,TRUE,"strict",1000,0,1000,0,1000,0,0,1000,0,0,0,1000,TRUE,TRUE,TRUE,TRUE,TRUE,TRUE,TRUE,TRUE
3,4,"MARX","Lenis_U_PS_W_OM_OW_U","PATT","source_specification",1000,TRUE,"strict",1000,0,1000,0,1000,0,0,1000,0,0,0,1000,TRUE,TRUE,TRUE,TRUE,TRUE,TRUE,TRUE,TRUE
1,5,"MARX","Lenis_U_PS_W_OM_OW_U","PATT","source_specification",1000,TRUE,"strict",1000,0,1000,0,1000,0,0,1000,0,0,0,1000,TRUE,TRUE,TRUE,TRUE,TRUE,TRUE,TRUE,TRUE
2,5,"MARX","Lenis_U_PS_W_OM_OW_U","PATT","source_specification",1000,TRUE,"strict",1000,0,1000,0,1000,0,0,1000,0,0,0,1000,TRUE,TRUE,TRUE,TRUE,TRUE,TRUE,TRUE,TRUE
3,5,"MARX","Lenis_U_PS_W_OM_OW_U","PATT","source_specification",1000,TRUE,"strict",1000,0,1000,0,1000,0,0,1000,0,0,0,1000,TRUE,TRUE,TRUE,TRUE,TRUE,TRUE,TRUE,TRUE
1,6,"MARX","Lenis_U_PS_W_OM_OW_U","PATT","source_specification",1000,TRUE,"strict",1000,0,1000,0,1000,0,0,1000,0,0,0,1000,TRUE,TRUE,TRUE,TRUE,TRUE,TRUE,TRUE,TRUE
2,6,"MARX","Lenis_U_PS_W_OM_OW_U","PATT","source_specification",1000,TRUE,"strict",1000,0,1000,0,1000,0,0,1000,0,0,0,1000,TRUE,TRUE,TRUE,TRUE,TRUE,TRUE,TRUE,TRUE
3,6,"MARX","Lenis_U_PS_W_OM_OW_U","PATT","source_specification",1000,TRUE,"strict",1000,0,1000,0,1000,0,0,1000,0,0,0,1000,TRUE,TRUE,TRUE,TRUE,TRUE,TRUE,TRUE,TRUE
1,1,"MART","Lenis_U_PS_W_OM_OW_U","PATT","source_specification",1000,TRUE,"strict",1000,0,1000,0,998,2,0,998,2,0,0,1000,TRUE,TRUE,FALSE,FALSE,TRUE,TRUE,TRUE,TRUE
2,1,"MART","Lenis_U_PS_W_OM_OW_U","PATT","source_specification",1000,TRUE,"strict",1000,0,1000,0,1000,0,0,1000,0,0,0,1000,TRUE,TRUE,TRUE,TRUE,TRUE,TRUE,TRUE,TRUE
3,1,"MART","Lenis_U_PS_W_OM_OW_U","PATT","source_specification",1000,TRUE,"strict",1000,0,1000,0,1000,0,0,1000,0,0,0,1000,TRUE,TRUE,TRUE,TRUE,TRUE,TRUE,TRUE,TRUE
1,2,"MART","Lenis_U_PS_W_OM_OW_U","PATT","source_specification",1000,TRUE,"strict",1000,0,1000,0,998,2,0,998,2,0,0,1000,TRUE,TRUE,FALSE,FALSE,TRUE,TRUE,TRUE,TRUE
2,2,"MART","Lenis_U_PS_W_OM_OW_U","PATT","source_specification",1000,TRUE,"strict",1000,0,1000,0,1000,0,0,1000,0,0,0,1000,TRUE,TRUE,TRUE,TRUE,TRUE,TRUE,TRUE,TRUE
3,2,"MART","Lenis_U_PS_W_OM_OW_U","PATT","source_specification",1000,TRUE,"strict",1000,0,1000,0,1000,0,0,1000,0,0,0,1000,TRUE,TRUE,TRUE,TRUE,TRUE,TRUE,TRUE,TRUE
1,3,"MART","Lenis_U_PS_W_OM_OW_U","PATT","source_specification",1000,TRUE,"strict",1000,0,1000,0,998,2,0,998,2,0,0,1000,TRUE,TRUE,FALSE,FALSE,TRUE,TRUE,TRUE,TRUE
2,3,"MART","Lenis_U_PS_W_OM_OW_U","PATT","source_specification",1000,TRUE,"strict",1000,0,1000,0,1000,0,0,1000,0,0,0,1000,TRUE,TRUE,TRUE,TRUE,TRUE,TRUE,TRUE,TRUE
3,3,"MART","Lenis_U_PS_W_OM_OW_U","PATT","source_specification",1000,TRUE,"strict",1000,0,1000,0,1000,0,0,1000,0,0,0,1000,TRUE,TRUE,TRUE,TRUE,TRUE,TRUE,TRUE,TRUE
1,4,"MART","Lenis_U_PS_W_OM_OW_U","PATT","source_specification",1000,TRUE,"strict",1000,0,1000,0,998,2,0,998,2,0,0,1000,TRUE,TRUE,FALSE,FALSE,TRUE,TRUE,TRUE,TRUE
2,4,"MART","Lenis_U_PS_W_OM_OW_U","PATT","source_specification",1000,TRUE,"strict",1000,0,1000,0,1000,0,0,1000,0,0,0,1000,TRUE,TRUE,TRUE,TRUE,TRUE,TRUE,TRUE,TRUE
3,4,"MART","Lenis_U_PS_W_OM_OW_U","PATT","source_specification",1000,TRUE,"strict",1000,0,1000,0,1000,0,0,1000,0,0,0,1000,TRUE,TRUE,TRUE,TRUE,TRUE,TRUE,TRUE,TRUE
1,5,"MART","Lenis_U_PS_W_OM_OW_U","PATT","source_specification",1000,TRUE,"strict",1000,0,1000,0,998,2,0,998,2,0,0,1000,TRUE,TRUE,FALSE,FALSE,TRUE,TRUE,TRUE,TRUE
2,5,"MART","Lenis_U_PS_W_OM_OW_U","PATT","source_specification",1000,TRUE,"strict",1000,0,1000,0,1000,0,0,1000,0,0,0,1000,TRUE,TRUE,TRUE,TRUE,TRUE,TRUE,TRUE,TRUE
3,5,"MART","Lenis_U_PS_W_OM_OW_U","PATT","source_specification",1000,TRUE,"strict",1000,0,1000,0,1000,0,0,1000,0,0,0,1000,TRUE,TRUE,TRUE,TRUE,TRUE,TRUE,TRUE,TRUE
1,6,"MART","Lenis_U_PS_W_OM_OW_U","PATT","source_specification",1000,TRUE,"strict",1000,0,1000,0,998,2,0,998,2,0,0,1000,TRUE,TRUE,FALSE,FALSE,TRUE,TRUE,TRUE,TRUE
2,6,"MART","Lenis_U_PS_W_OM_OW_U","PATT","source_specification",1000,TRUE,"strict",1000,0,1000,0,1000,0,0,1000,0,0,0,1000,TRUE,TRUE,TRUE,TRUE,TRUE,TRUE,TRUE,TRUE
3,6,"MART","Lenis_U_PS_W_OM_OW_U","PATT","source_specification",1000,TRUE,"strict",1000,0,1000,0,1000,0,0,1000,0,0,0,1000,TRUE,TRUE,TRUE,TRUE,TRUE,TRUE,TRUE,TRUE
1,1,"No","Lenis_W_PS_W_OM_WT_U","PATT","source_specification",1000,TRUE,"strict",1000,0,1000,0,1000,0,0,1000,0,0,0,0,TRUE,TRUE,TRUE,TRUE,TRUE,TRUE,TRUE,TRUE
2,1,"No","Lenis_W_PS_W_OM_WT_U","PATT","source_specification",1000,TRUE,"strict",1000,0,1000,0,1000,0,0,1000,0,0,0,0,TRUE,TRUE,TRUE,TRUE,TRUE,TRUE,TRUE,TRUE
3,1,"No","Lenis_W_PS_W_OM_WT_U","PATT","source_specification",1000,TRUE,"strict",1000,0,1000,0,1000,0,0,1000,0,0,0,0,TRUE,TRUE,TRUE,TRUE,TRUE,TRUE,TRUE,TRUE
1,2,"No","Lenis_W_PS_W_OM_WT_U","PATT","source_specification",1000,TRUE,"strict",1000,0,1000,0,1000,0,0,1000,0,0,0,0,TRUE,TRUE,TRUE,TRUE,TRUE,TRUE,TRUE,TRUE
2,2,"No","Lenis_W_PS_W_OM_WT_U","PATT","source_specification",1000,TRUE,"strict",1000,0,1000,0,1000,0,0,1000,0,0,0,0,TRUE,TRUE,TRUE,TRUE,TRUE,TRUE,TRUE,TRUE
3,2,"No","Lenis_W_PS_W_OM_WT_U","PATT","source_specification",1000,TRUE,"strict",1000,0,1000,0,1000,0,0,1000,0,0,0,0,TRUE,TRUE,TRUE,TRUE,TRUE,TRUE,TRUE,TRUE
1,3,"No","Lenis_W_PS_W_OM_WT_U","PATT","source_specification",1000,TRUE,"strict",1000,0,1000,0,1000,0,0,1000,0,0,0,0,TRUE,TRUE,TRUE,TRUE,TRUE,TRUE,TRUE,TRUE
2,3,"No","Lenis_W_PS_W_OM_WT_U","PATT","source_specification",1000,TRUE,"strict",1000,0,1000,0,1000,0,0,1000,0,0,0,0,TRUE,TRUE,TRUE,TRUE,TRUE,TRUE,TRUE,TRUE
3,3,"No","Lenis_W_PS_W_OM_WT_U","PATT","source_specification",1000,TRUE,"strict",1000,0,1000,0,1000,0,0,1000,0,0,0,0,TRUE,TRUE,TRUE,TRUE,TRUE,TRUE,TRUE,TRUE
1,4,"No","Lenis_W_PS_W_OM_WT_U","PATT","source_specification",1000,TRUE,"strict",1000,0,1000,0,1000,0,0,1000,0,0,0,0,TRUE,TRUE,TRUE,TRUE,TRUE,TRUE,TRUE,TRUE
2,4,"No","Lenis_W_PS_W_OM_WT_U","PATT","source_specification",1000,TRUE,"strict",1000,0,1000,0,1000,0,0,1000,0,0,0,0,TRUE,TRUE,TRUE,TRUE,TRUE,TRUE,TRUE,TRUE
3,4,"No","Lenis_W_PS_W_OM_WT_U","PATT","source_specification",1000,TRUE,"strict",1000,0,1000,0,1000,0,0,1000,0,0,0,0,TRUE,TRUE,TRUE,TRUE,TRUE,TRUE,TRUE,TRUE
1,5,"No","Lenis_W_PS_W_OM_WT_U","PATT","source_specification",1000,TRUE,"strict",1000,0,1000,0,1000,0,0,1000,0,0,0,0,TRUE,TRUE,TRUE,TRUE,TRUE,TRUE,TRUE,TRUE
2,5,"No","Lenis_W_PS_W_OM_WT_U","PATT","source_specification",1000,TRUE,"strict",1000,0,1000,0,1000,0,0,1000,0,0,0,0,TRUE,TRUE,TRUE,TRUE,TRUE,TRUE,TRUE,TRUE
3,5,"No","Lenis_W_PS_W_OM_WT_U","PATT","source_specification",1000,TRUE,"strict",1000,0,1000,0,1000,0,0,1000,0,0,0,0,TRUE,TRUE,TRUE,TRUE,TRUE,TRUE,TRUE,TRUE
1,6,"No","Lenis_W_PS_W_OM_WT_U","PATT","source_specification",1000,TRUE,"strict",1000,0,1000,0,1000,0,0,1000,0,0,0,0,TRUE,TRUE,TRUE,TRUE,TRUE,TRUE,TRUE,TRUE
2,6,"No","Lenis_W_PS_W_OM_WT_U","PATT","source_specification",1000,TRUE,"strict",1000,0,1000,0,1000,0,0,1000,0,0,0,0,TRUE,TRUE,TRUE,TRUE,TRUE,TRUE,TRUE,TRUE
3,6,"No","Lenis_W_PS_W_OM_WT_U","PATT","source_specification",1000,TRUE,"strict",1000,0,1000,0,1000,0,0,1000,0,0,0,0,TRUE,TRUE,TRUE,TRUE,TRUE,TRUE,TRUE,TRUE
1,1,"MAR","Lenis_W_PS_W_OM_WT_U","PATT","source_specification",1000,TRUE,"strict",1000,0,1000,0,1000,0,0,1000,0,0,0,1000,TRUE,TRUE,TRUE,TRUE,TRUE,TRUE,TRUE,TRUE
2,1,"MAR","Lenis_W_PS_W_OM_WT_U","PATT","source_specification",1000,TRUE,"strict",1000,0,1000,0,1000,0,0,1000,0,0,0,1000,TRUE,TRUE,TRUE,TRUE,TRUE,TRUE,TRUE,TRUE
3,1,"MAR","Lenis_W_PS_W_OM_WT_U","PATT","source_specification",1000,TRUE,"strict",1000,0,1000,0,1000,0,0,1000,0,0,0,1000,TRUE,TRUE,TRUE,TRUE,TRUE,TRUE,TRUE,TRUE
1,2,"MAR","Lenis_W_PS_W_OM_WT_U","PATT","source_specification",1000,TRUE,"strict",1000,0,1000,0,1000,0,0,1000,0,0,0,1000,TRUE,TRUE,TRUE,TRUE,TRUE,TRUE,TRUE,TRUE
2,2,"MAR","Lenis_W_PS_W_OM_WT_U","PATT","source_specification",1000,TRUE,"strict",1000,0,1000,0,1000,0,0,1000,0,0,0,1000,TRUE,TRUE,TRUE,TRUE,TRUE,TRUE,TRUE,TRUE
3,2,"MAR","Lenis_W_PS_W_OM_WT_U","PATT","source_specification",1000,TRUE,"strict",1000,0,1000,0,1000,0,0,1000,0,0,0,1000,TRUE,TRUE,TRUE,TRUE,TRUE,TRUE,TRUE,TRUE
1,3,"MAR","Lenis_W_PS_W_OM_WT_U","PATT","source_specification",1000,TRUE,"strict",1000,0,1000,0,1000,0,0,1000,0,0,0,1000,TRUE,TRUE,TRUE,TRUE,TRUE,TRUE,TRUE,TRUE
2,3,"MAR","Lenis_W_PS_W_OM_WT_U","PATT","source_specification",1000,TRUE,"strict",1000,0,1000,0,1000,0,0,1000,0,0,0,1000,TRUE,TRUE,TRUE,TRUE,TRUE,TRUE,TRUE,TRUE
3,3,"MAR","Lenis_W_PS_W_OM_WT_U","PATT","source_specification",1000,TRUE,"strict",1000,0,1000,0,1000,0,0,1000,0,0,0,1000,TRUE,TRUE,TRUE,TRUE,TRUE,TRUE,TRUE,TRUE
1,4,"MAR","Lenis_W_PS_W_OM_WT_U","PATT","source_specification",1000,TRUE,"strict",1000,0,1000,0,1000,0,0,1000,0,0,0,1000,TRUE,TRUE,TRUE,TRUE,TRUE,TRUE,TRUE,TRUE
2,4,"MAR","Lenis_W_PS_W_OM_WT_U","PATT","source_specification",1000,TRUE,"strict",1000,0,1000,0,1000,0,0,1000,0,0,0,1000,TRUE,TRUE,TRUE,TRUE,TRUE,TRUE,TRUE,TRUE
3,4,"MAR","Lenis_W_PS_W_OM_WT_U","PATT","source_specification",1000,TRUE,"strict",1000,0,1000,0,1000,0,0,1000,0,0,0,1000,TRUE,TRUE,TRUE,TRUE,TRUE,TRUE,TRUE,TRUE
1,5,"MAR","Lenis_W_PS_W_OM_WT_U","PATT","source_specification",1000,TRUE,"strict",1000,0,1000,0,1000,0,0,1000,0,0,0,1000,TRUE,TRUE,TRUE,TRUE,TRUE,TRUE,TRUE,TRUE
2,5,"MAR","Lenis_W_PS_W_OM_WT_U","PATT","source_specification",1000,TRUE,"strict",1000,0,1000,0,1000,0,0,1000,0,0,0,1000,TRUE,TRUE,TRUE,TRUE,TRUE,TRUE,TRUE,TRUE
3,5,"MAR","Lenis_W_PS_W_OM_WT_U","PATT","source_specification",1000,TRUE,"strict",1000,0,1000,0,1000,0,0,1000,0,0,0,1000,TRUE,TRUE,TRUE,TRUE,TRUE,TRUE,TRUE,TRUE
1,6,"MAR","Lenis_W_PS_W_OM_WT_U","PATT","source_specification",1000,TRUE,"strict",1000,0,1000,0,1000,0,0,1000,0,0,0,1000,TRUE,TRUE,TRUE,TRUE,TRUE,TRUE,TRUE,TRUE
2,6,"MAR","Lenis_W_PS_W_OM_WT_U","PATT","source_specification",1000,TRUE,"strict",1000,0,1000,0,1000,0,0,1000,0,0,0,1000,TRUE,TRUE,TRUE,TRUE,TRUE,TRUE,TRUE,TRUE
3,6,"MAR","Lenis_W_PS_W_OM_WT_U","PATT","source_specification",1000,TRUE,"strict",1000,0,1000,0,1000,0,0,1000,0,0,0,1000,TRUE,TRUE,TRUE,TRUE,TRUE,TRUE,TRUE,TRUE
1,1,"MARX","Lenis_W_PS_W_OM_WT_U","PATT","source_specification",1000,TRUE,"strict",1000,0,1000,0,1000,0,0,1000,0,0,0,1000,TRUE,TRUE,TRUE,TRUE,TRUE,TRUE,TRUE,TRUE
2,1,"MARX","Lenis_W_PS_W_OM_WT_U","PATT","source_specification",1000,TRUE,"strict",1000,0,1000,0,1000,0,0,1000,0,0,0,1000,TRUE,TRUE,TRUE,TRUE,TRUE,TRUE,TRUE,TRUE
3,1,"MARX","Lenis_W_PS_W_OM_WT_U","PATT","source_specification",1000,TRUE,"strict",1000,0,1000,0,1000,0,0,1000,0,0,0,1000,TRUE,TRUE,TRUE,TRUE,TRUE,TRUE,TRUE,TRUE
1,2,"MARX","Lenis_W_PS_W_OM_WT_U","PATT","source_specification",1000,TRUE,"strict",1000,0,1000,0,1000,0,0,1000,0,0,0,1000,TRUE,TRUE,TRUE,TRUE,TRUE,TRUE,TRUE,TRUE
2,2,"MARX","Lenis_W_PS_W_OM_WT_U","PATT","source_specification",1000,TRUE,"strict",1000,0,1000,0,1000,0,0,1000,0,0,0,1000,TRUE,TRUE,TRUE,TRUE,TRUE,TRUE,TRUE,TRUE
3,2,"MARX","Lenis_W_PS_W_OM_WT_U","PATT","source_specification",1000,TRUE,"strict",1000,0,1000,0,1000,0,0,1000,0,0,0,1000,TRUE,TRUE,TRUE,TRUE,TRUE,TRUE,TRUE,TRUE
1,3,"MARX","Lenis_W_PS_W_OM_WT_U","PATT","source_specification",1000,TRUE,"strict",1000,0,1000,0,1000,0,0,1000,0,0,0,1000,TRUE,TRUE,TRUE,TRUE,TRUE,TRUE,TRUE,TRUE
2,3,"MARX","Lenis_W_PS_W_OM_WT_U","PATT","source_specification",1000,TRUE,"strict",1000,0,1000,0,1000,0,0,1000,0,0,0,1000,TRUE,TRUE,TRUE,TRUE,TRUE,TRUE,TRUE,TRUE
3,3,"MARX","Lenis_W_PS_W_OM_WT_U","PATT","source_specification",1000,TRUE,"strict",1000,0,1000,0,1000,0,0,1000,0,0,0,1000,TRUE,TRUE,TRUE,TRUE,TRUE,TRUE,TRUE,TRUE
1,4,"MARX","Lenis_W_PS_W_OM_WT_U","PATT","source_specification",1000,TRUE,"strict",1000,0,1000,0,1000,0,0,1000,0,0,0,1000,TRUE,TRUE,TRUE,TRUE,TRUE,TRUE,TRUE,TRUE
2,4,"MARX","Lenis_W_PS_W_OM_WT_U","PATT","source_specification",1000,TRUE,"strict",1000,0,1000,0,1000,0,0,1000,0,0,0,1000,TRUE,TRUE,TRUE,TRUE,TRUE,TRUE,TRUE,TRUE
3,4,"MARX","Lenis_W_PS_W_OM_WT_U","PATT","source_specification",1000,TRUE,"strict",1000,0,1000,0,1000,0,0,1000,0,0,0,1000,TRUE,TRUE,TRUE,TRUE,TRUE,TRUE,TRUE,TRUE
1,5,"MARX","Lenis_W_PS_W_OM_WT_U","PATT","source_specification",1000,TRUE,"strict",1000,0,1000,0,1000,0,0,1000,0,0,0,1000,TRUE,TRUE,TRUE,TRUE,TRUE,TRUE,TRUE,TRUE
2,5,"MARX","Lenis_W_PS_W_OM_WT_U","PATT","source_specification",1000,TRUE,"strict",1000,0,1000,0,1000,0,0,1000,0,0,0,1000,TRUE,TRUE,TRUE,TRUE,TRUE,TRUE,TRUE,TRUE
3,5,"MARX","Lenis_W_PS_W_OM_WT_U","PATT","source_specification",1000,TRUE,"strict",1000,0,1000,0,1000,0,0,1000,0,0,0,1000,TRUE,TRUE,TRUE,TRUE,TRUE,TRUE,TRUE,TRUE
1,6,"MARX","Lenis_W_PS_W_OM_WT_U","PATT","source_specification",1000,TRUE,"strict",1000,0,1000,0,1000,0,0,1000,0,0,0,1000,TRUE,TRUE,TRUE,TRUE,TRUE,TRUE,TRUE,TRUE
2,6,"MARX","Lenis_W_PS_W_OM_WT_U","PATT","source_specification",1000,TRUE,"strict",1000,0,1000,0,1000,0,0,1000,0,0,0,1000,TRUE,TRUE,TRUE,TRUE,TRUE,TRUE,TRUE,TRUE
3,6,"MARX","Lenis_W_PS_W_OM_WT_U","PATT","source_specification",1000,TRUE,"strict",1000,0,1000,0,1000,0,0,1000,0,0,0,1000,TRUE,TRUE,TRUE,TRUE,TRUE,TRUE,TRUE,TRUE
1,1,"MART","Lenis_W_PS_W_OM_WT_U","PATT","source_specification",1000,TRUE,"strict",1000,0,1000,0,1000,0,0,1000,0,0,0,1000,TRUE,TRUE,TRUE,TRUE,TRUE,TRUE,TRUE,TRUE
2,1,"MART","Lenis_W_PS_W_OM_WT_U","PATT","source_specification",1000,TRUE,"strict",1000,0,1000,0,1000,0,0,1000,0,0,0,1000,TRUE,TRUE,TRUE,TRUE,TRUE,TRUE,TRUE,TRUE
3,1,"MART","Lenis_W_PS_W_OM_WT_U","PATT","source_specification",1000,TRUE,"strict",1000,0,1000,0,1000,0,0,1000,0,0,0,1000,TRUE,TRUE,TRUE,TRUE,TRUE,TRUE,TRUE,TRUE
1,2,"MART","Lenis_W_PS_W_OM_WT_U","PATT","source_specification",1000,TRUE,"strict",1000,0,1000,0,1000,0,0,1000,0,0,0,1000,TRUE,TRUE,TRUE,TRUE,TRUE,TRUE,TRUE,TRUE
2,2,"MART","Lenis_W_PS_W_OM_WT_U","PATT","source_specification",1000,TRUE,"strict",1000,0,1000,0,1000,0,0,1000,0,0,0,1000,TRUE,TRUE,TRUE,TRUE,TRUE,TRUE,TRUE,TRUE
3,2,"MART","Lenis_W_PS_W_OM_WT_U","PATT","source_specification",1000,TRUE,"strict",1000,0,1000,0,1000,0,0,1000,0,0,0,1000,TRUE,TRUE,TRUE,TRUE,TRUE,TRUE,TRUE,TRUE
1,3,"MART","Lenis_W_PS_W_OM_WT_U","PATT","source_specification",1000,TRUE,"strict",1000,0,1000,0,1000,0,0,1000,0,0,0,1000,TRUE,TRUE,TRUE,TRUE,TRUE,TRUE,TRUE,TRUE
2,3,"MART","Lenis_W_PS_W_OM_WT_U","PATT","source_specification",1000,TRUE,"strict",1000,0,1000,0,1000,0,0,1000,0,0,0,1000,TRUE,TRUE,TRUE,TRUE,TRUE,TRUE,TRUE,TRUE
3,3,"MART","Lenis_W_PS_W_OM_WT_U","PATT","source_specification",1000,TRUE,"strict",1000,0,1000,0,1000,0,0,1000,0,0,0,1000,TRUE,TRUE,TRUE,TRUE,TRUE,TRUE,TRUE,TRUE
1,4,"MART","Lenis_W_PS_W_OM_WT_U","PATT","source_specification",1000,TRUE,"strict",1000,0,1000,0,1000,0,0,1000,0,0,0,1000,TRUE,TRUE,TRUE,TRUE,TRUE,TRUE,TRUE,TRUE
2,4,"MART","Lenis_W_PS_W_OM_WT_U","PATT","source_specification",1000,TRUE,"strict",1000,0,1000,0,1000,0,0,1000,0,0,0,1000,TRUE,TRUE,TRUE,TRUE,TRUE,TRUE,TRUE,TRUE
3,4,"MART","Lenis_W_PS_W_OM_WT_U","PATT","source_specification",1000,TRUE,"strict",1000,0,1000,0,1000,0,0,1000,0,0,0,1000,TRUE,TRUE,TRUE,TRUE,TRUE,TRUE,TRUE,TRUE
1,5,"MART","Lenis_W_PS_W_OM_WT_U","PATT","source_specification",1000,TRUE,"strict",1000,0,1000,0,1000,0,0,1000,0,0,0,1000,TRUE,TRUE,TRUE,TRUE,TRUE,TRUE,TRUE,TRUE
2,5,"MART","Lenis_W_PS_W_OM_WT_U","PATT","source_specification",1000,TRUE,"strict",1000,0,1000,0,1000,0,0,1000,0,0,0,1000,TRUE,TRUE,TRUE,TRUE,TRUE,TRUE,TRUE,TRUE
3,5,"MART","Lenis_W_PS_W_OM_WT_U","PATT","source_specification",1000,TRUE,"strict",1000,0,1000,0,1000,0,0,1000,0,0,0,1000,TRUE,TRUE,TRUE,TRUE,TRUE,TRUE,TRUE,TRUE
1,6,"MART","Lenis_W_PS_W_OM_WT_U","PATT","source_specification",1000,TRUE,"strict",1000,0,1000,0,1000,0,0,1000,0,0,0,1000,TRUE,TRUE,TRUE,TRUE,TRUE,TRUE,TRUE,TRUE
2,6,"MART","Lenis_W_PS_W_OM_WT_U","PATT","source_specification",1000,TRUE,"strict",1000,0,1000,0,1000,0,0,1000,0,0,0,1000,TRUE,TRUE,TRUE,TRUE,TRUE,TRUE,TRUE,TRUE
3,6,"MART","Lenis_W_PS_W_OM_WT_U","PATT","source_specification",1000,TRUE,"strict",1000,0,1000,0,1000,0,0,1000,0,0,0,1000,TRUE,TRUE,TRUE,TRUE,TRUE,TRUE,TRUE,TRUE
1,1,"No","Lenis_W_PS_W_OM_OW_U","PATT","source_specification",1000,TRUE,"strict",1000,0,1000,0,1000,0,0,1000,0,0,0,0,TRUE,TRUE,TRUE,TRUE,TRUE,TRUE,TRUE,TRUE
2,1,"No","Lenis_W_PS_W_OM_OW_U","PATT","source_specification",1000,TRUE,"strict",1000,0,1000,0,1000,0,0,1000,0,0,0,0,TRUE,TRUE,TRUE,TRUE,TRUE,TRUE,TRUE,TRUE
3,1,"No","Lenis_W_PS_W_OM_OW_U","PATT","source_specification",1000,TRUE,"strict",1000,0,1000,0,1000,0,0,1000,0,0,0,0,TRUE,TRUE,TRUE,TRUE,TRUE,TRUE,TRUE,TRUE
1,2,"No","Lenis_W_PS_W_OM_OW_U","PATT","source_specification",1000,TRUE,"strict",1000,0,1000,0,1000,0,0,1000,0,0,0,0,TRUE,TRUE,TRUE,TRUE,TRUE,TRUE,TRUE,TRUE
2,2,"No","Lenis_W_PS_W_OM_OW_U","PATT","source_specification",1000,TRUE,"strict",1000,0,1000,0,1000,0,0,1000,0,0,0,0,TRUE,TRUE,TRUE,TRUE,TRUE,TRUE,TRUE,TRUE
3,2,"No","Lenis_W_PS_W_OM_OW_U","PATT","source_specification",1000,TRUE,"strict",1000,0,1000,0,1000,0,0,1000,0,0,0,0,TRUE,TRUE,TRUE,TRUE,TRUE,TRUE,TRUE,TRUE
1,3,"No","Lenis_W_PS_W_OM_OW_U","PATT","source_specification",1000,TRUE,"strict",1000,0,1000,0,1000,0,0,1000,0,0,0,0,TRUE,TRUE,TRUE,TRUE,TRUE,TRUE,TRUE,TRUE
2,3,"No","Lenis_W_PS_W_OM_OW_U","PATT","source_specification",1000,TRUE,"strict",1000,0,1000,0,1000,0,0,1000,0,0,0,0,TRUE,TRUE,TRUE,TRUE,TRUE,TRUE,TRUE,TRUE
3,3,"No","Lenis_W_PS_W_OM_OW_U","PATT","source_specification",1000,TRUE,"strict",1000,0,1000,0,1000,0,0,1000,0,0,0,0,TRUE,TRUE,TRUE,TRUE,TRUE,TRUE,TRUE,TRUE
1,4,"No","Lenis_W_PS_W_OM_OW_U","PATT","source_specification",1000,TRUE,"strict",1000,0,1000,0,1000,0,0,1000,0,0,0,0,TRUE,TRUE,TRUE,TRUE,TRUE,TRUE,TRUE,TRUE
2,4,"No","Lenis_W_PS_W_OM_OW_U","PATT","source_specification",1000,TRUE,"strict",1000,0,1000,0,1000,0,0,1000,0,0,0,0,TRUE,TRUE,TRUE,TRUE,TRUE,TRUE,TRUE,TRUE
3,4,"No","Lenis_W_PS_W_OM_OW_U","PATT","source_specification",1000,TRUE,"strict",1000,0,1000,0,1000,0,0,1000,0,0,0,0,TRUE,TRUE,TRUE,TRUE,TRUE,TRUE,TRUE,TRUE
1,5,"No","Lenis_W_PS_W_OM_OW_U","PATT","source_specification",1000,TRUE,"strict",1000,0,1000,0,1000,0,0,1000,0,0,0,0,TRUE,TRUE,TRUE,TRUE,TRUE,TRUE,TRUE,TRUE
2,5,"No","Lenis_W_PS_W_OM_OW_U","PATT","source_specification",1000,TRUE,"strict",1000,0,1000,0,1000,0,0,1000,0,0,0,0,TRUE,TRUE,TRUE,TRUE,TRUE,TRUE,TRUE,TRUE
3,5,"No","Lenis_W_PS_W_OM_OW_U","PATT","source_specification",1000,TRUE,"strict",1000,0,1000,0,1000,0,0,1000,0,0,0,0,TRUE,TRUE,TRUE,TRUE,TRUE,TRUE,TRUE,TRUE
1,6,"No","Lenis_W_PS_W_OM_OW_U","PATT","source_specification",1000,TRUE,"strict",1000,0,1000,0,1000,0,0,1000,0,0,0,0,TRUE,TRUE,TRUE,TRUE,TRUE,TRUE,TRUE,TRUE
2,6,"No","Lenis_W_PS_W_OM_OW_U","PATT","source_specification",1000,TRUE,"strict",1000,0,1000,0,1000,0,0,1000,0,0,0,0,TRUE,TRUE,TRUE,TRUE,TRUE,TRUE,TRUE,TRUE
3,6,"No","Lenis_W_PS_W_OM_OW_U","PATT","source_specification",1000,TRUE,"strict",1000,0,1000,0,1000,0,0,1000,0,0,0,0,TRUE,TRUE,TRUE,TRUE,TRUE,TRUE,TRUE,TRUE
1,1,"MAR","Lenis_W_PS_W_OM_OW_U","PATT","source_specification",1000,TRUE,"strict",1000,0,1000,0,1000,0,0,1000,0,0,0,1000,TRUE,TRUE,TRUE,TRUE,TRUE,TRUE,TRUE,TRUE
2,1,"MAR","Lenis_W_PS_W_OM_OW_U","PATT","source_specification",1000,TRUE,"strict",1000,0,1000,0,1000,0,0,1000,0,0,0,1000,TRUE,TRUE,TRUE,TRUE,TRUE,TRUE,TRUE,TRUE
3,1,"MAR","Lenis_W_PS_W_OM_OW_U","PATT","source_specification",1000,TRUE,"strict",1000,0,1000,0,1000,0,0,1000,0,0,0,1000,TRUE,TRUE,TRUE,TRUE,TRUE,TRUE,TRUE,TRUE
1,2,"MAR","Lenis_W_PS_W_OM_OW_U","PATT","source_specification",1000,TRUE,"strict",1000,0,1000,0,1000,0,0,1000,0,0,0,1000,TRUE,TRUE,TRUE,TRUE,TRUE,TRUE,TRUE,TRUE
2,2,"MAR","Lenis_W_PS_W_OM_OW_U","PATT","source_specification",1000,TRUE,"strict",1000,0,1000,0,1000,0,0,1000,0,0,0,1000,TRUE,TRUE,TRUE,TRUE,TRUE,TRUE,TRUE,TRUE
3,2,"MAR","Lenis_W_PS_W_OM_OW_U","PATT","source_specification",1000,TRUE,"strict",1000,0,1000,0,1000,0,0,1000,0,0,0,1000,TRUE,TRUE,TRUE,TRUE,TRUE,TRUE,TRUE,TRUE
1,3,"MAR","Lenis_W_PS_W_OM_OW_U","PATT","source_specification",1000,TRUE,"strict",1000,0,1000,0,1000,0,0,1000,0,0,0,1000,TRUE,TRUE,TRUE,TRUE,TRUE,TRUE,TRUE,TRUE
2,3,"MAR","Lenis_W_PS_W_OM_OW_U","PATT","source_specification",1000,TRUE,"strict",1000,0,1000,0,1000,0,0,1000,0,0,0,1000,TRUE,TRUE,TRUE,TRUE,TRUE,TRUE,TRUE,TRUE
3,3,"MAR","Lenis_W_PS_W_OM_OW_U","PATT","source_specification",1000,TRUE,"strict",1000,0,1000,0,1000,0,0,1000,0,0,0,1000,TRUE,TRUE,TRUE,TRUE,TRUE,TRUE,TRUE,TRUE
1,4,"MAR","Lenis_W_PS_W_OM_OW_U","PATT","source_specification",1000,TRUE,"strict",1000,0,1000,0,1000,0,0,1000,0,0,0,1000,TRUE,TRUE,TRUE,TRUE,TRUE,TRUE,TRUE,TRUE
2,4,"MAR","Lenis_W_PS_W_OM_OW_U","PATT","source_specification",1000,TRUE,"strict",1000,0,1000,0,1000,0,0,1000,0,0,0,1000,TRUE,TRUE,TRUE,TRUE,TRUE,TRUE,TRUE,TRUE
3,4,"MAR","Lenis_W_PS_W_OM_OW_U","PATT","source_specification",1000,TRUE,"strict",1000,0,1000,0,1000,0,0,1000,0,0,0,1000,TRUE,TRUE,TRUE,TRUE,TRUE,TRUE,TRUE,TRUE
1,5,"MAR","Lenis_W_PS_W_OM_OW_U","PATT","source_specification",1000,TRUE,"strict",1000,0,1000,0,1000,0,0,1000,0,0,0,1000,TRUE,TRUE,TRUE,TRUE,TRUE,TRUE,TRUE,TRUE
2,5,"MAR","Lenis_W_PS_W_OM_OW_U","PATT","source_specification",1000,TRUE,"strict",1000,0,1000,0,1000,0,0,1000,0,0,0,1000,TRUE,TRUE,TRUE,TRUE,TRUE,TRUE,TRUE,TRUE
3,5,"MAR","Lenis_W_PS_W_OM_OW_U","PATT","source_specification",1000,TRUE,"strict",1000,0,1000,0,1000,0,0,1000,0,0,0,1000,TRUE,TRUE,TRUE,TRUE,TRUE,TRUE,TRUE,TRUE
1,6,"MAR","Lenis_W_PS_W_OM_OW_U","PATT","source_specification",1000,TRUE,"strict",1000,0,1000,0,1000,0,0,1000,0,0,0,1000,TRUE,TRUE,TRUE,TRUE,TRUE,TRUE,TRUE,TRUE
2,6,"MAR","Lenis_W_PS_W_OM_OW_U","PATT","source_specification",1000,TRUE,"strict",1000,0,1000,0,1000,0,0,1000,0,0,0,1000,TRUE,TRUE,TRUE,TRUE,TRUE,TRUE,TRUE,TRUE
3,6,"MAR","Lenis_W_PS_W_OM_OW_U","PATT","source_specification",1000,TRUE,"strict",1000,0,1000,0,1000,0,0,1000,0,0,0,1000,TRUE,TRUE,TRUE,TRUE,TRUE,TRUE,TRUE,TRUE
1,1,"MARX","Lenis_W_PS_W_OM_OW_U","PATT","source_specification",1000,TRUE,"strict",1000,0,1000,0,1000,0,0,1000,0,0,0,1000,TRUE,TRUE,TRUE,TRUE,TRUE,TRUE,TRUE,TRUE
2,1,"MARX","Lenis_W_PS_W_OM_OW_U","PATT","source_specification",1000,TRUE,"strict",1000,0,1000,0,1000,0,0,1000,0,0,0,1000,TRUE,TRUE,TRUE,TRUE,TRUE,TRUE,TRUE,TRUE
3,1,"MARX","Lenis_W_PS_W_OM_OW_U","PATT","source_specification",1000,TRUE,"strict",1000,0,1000,0,1000,0,0,1000,0,0,0,1000,TRUE,TRUE,TRUE,TRUE,TRUE,TRUE,TRUE,TRUE
1,2,"MARX","Lenis_W_PS_W_OM_OW_U","PATT","source_specification",1000,TRUE,"strict",1000,0,1000,0,1000,0,0,1000,0,0,0,1000,TRUE,TRUE,TRUE,TRUE,TRUE,TRUE,TRUE,TRUE
2,2,"MARX","Lenis_W_PS_W_OM_OW_U","PATT","source_specification",1000,TRUE,"strict",1000,0,1000,0,1000,0,0,1000,0,0,0,1000,TRUE,TRUE,TRUE,TRUE,TRUE,TRUE,TRUE,TRUE
3,2,"MARX","Lenis_W_PS_W_OM_OW_U","PATT","source_specification",1000,TRUE,"strict",1000,0,1000,0,1000,0,0,1000,0,0,0,1000,TRUE,TRUE,TRUE,TRUE,TRUE,TRUE,TRUE,TRUE
1,3,"MARX","Lenis_W_PS_W_OM_OW_U","PATT","source_specification",1000,TRUE,"strict",1000,0,1000,0,1000,0,0,1000,0,0,0,1000,TRUE,TRUE,TRUE,TRUE,TRUE,TRUE,TRUE,TRUE
2,3,"MARX","Lenis_W_PS_W_OM_OW_U","PATT","source_specification",1000,TRUE,"strict",1000,0,1000,0,1000,0,0,1000,0,0,0,1000,TRUE,TRUE,TRUE,TRUE,TRUE,TRUE,TRUE,TRUE
3,3,"MARX","Lenis_W_PS_W_OM_OW_U","PATT","source_specification",1000,TRUE,"strict",1000,0,1000,0,1000,0,0,1000,0,0,0,1000,TRUE,TRUE,TRUE,TRUE,TRUE,TRUE,TRUE,TRUE
1,4,"MARX","Lenis_W_PS_W_OM_OW_U","PATT","source_specification",1000,TRUE,"strict",1000,0,1000,0,1000,0,0,1000,0,0,0,1000,TRUE,TRUE,TRUE,TRUE,TRUE,TRUE,TRUE,TRUE
2,4,"MARX","Lenis_W_PS_W_OM_OW_U","PATT","source_specification",1000,TRUE,"strict",1000,0,1000,0,1000,0,0,1000,0,0,0,1000,TRUE,TRUE,TRUE,TRUE,TRUE,TRUE,TRUE,TRUE
3,4,"MARX","Lenis_W_PS_W_OM_OW_U","PATT","source_specification",1000,TRUE,"strict",1000,0,1000,0,1000,0,0,1000,0,0,0,1000,TRUE,TRUE,TRUE,TRUE,TRUE,TRUE,TRUE,TRUE
1,5,"MARX","Lenis_W_PS_W_OM_OW_U","PATT","source_specification",1000,TRUE,"strict",1000,0,1000,0,1000,0,0,1000,0,0,0,1000,TRUE,TRUE,TRUE,TRUE,TRUE,TRUE,TRUE,TRUE
2,5,"MARX","Lenis_W_PS_W_OM_OW_U","PATT","source_specification",1000,TRUE,"strict",1000,0,1000,0,1000,0,0,1000,0,0,0,1000,TRUE,TRUE,TRUE,TRUE,TRUE,TRUE,TRUE,TRUE
3,5,"MARX","Lenis_W_PS_W_OM_OW_U","PATT","source_specification",1000,TRUE,"strict",1000,0,1000,0,1000,0,0,1000,0,0,0,1000,TRUE,TRUE,TRUE,TRUE,TRUE,TRUE,TRUE,TRUE
1,6,"MARX","Lenis_W_PS_W_OM_OW_U","PATT","source_specification",1000,TRUE,"strict",1000,0,1000,0,1000,0,0,1000,0,0,0,1000,TRUE,TRUE,TRUE,TRUE,TRUE,TRUE,TRUE,TRUE
2,6,"MARX","Lenis_W_PS_W_OM_OW_U","PATT","source_specification",1000,TRUE,"strict",1000,0,1000,0,1000,0,0,1000,0,0,0,1000,TRUE,TRUE,TRUE,TRUE,TRUE,TRUE,TRUE,TRUE
3,6,"MARX","Lenis_W_PS_W_OM_OW_U","PATT","source_specification",1000,TRUE,"strict",1000,0,1000,0,1000,0,0,1000,0,0,0,1000,TRUE,TRUE,TRUE,TRUE,TRUE,TRUE,TRUE,TRUE
1,1,"MART","Lenis_W_PS_W_OM_OW_U","PATT","source_specification",1000,TRUE,"strict",1000,0,1000,0,1000,0,0,1000,0,0,0,1000,TRUE,TRUE,TRUE,TRUE,TRUE,TRUE,TRUE,TRUE
2,1,"MART","Lenis_W_PS_W_OM_OW_U","PATT","source_specification",1000,TRUE,"strict",1000,0,1000,0,1000,0,0,1000,0,0,0,1000,TRUE,TRUE,TRUE,TRUE,TRUE,TRUE,TRUE,TRUE
3,1,"MART","Lenis_W_PS_W_OM_OW_U","PATT","source_specification",1000,TRUE,"strict",1000,0,1000,0,1000,0,0,1000,0,0,0,1000,TRUE,TRUE,TRUE,TRUE,TRUE,TRUE,TRUE,TRUE
1,2,"MART","Lenis_W_PS_W_OM_OW_U","PATT","source_specification",1000,TRUE,"strict",1000,0,1000,0,1000,0,0,1000,0,0,0,1000,TRUE,TRUE,TRUE,TRUE,TRUE,TRUE,TRUE,TRUE
2,2,"MART","Lenis_W_PS_W_OM_OW_U","PATT","source_specification",1000,TRUE,"strict",1000,0,1000,0,1000,0,0,1000,0,0,0,1000,TRUE,TRUE,TRUE,TRUE,TRUE,TRUE,TRUE,TRUE
3,2,"MART","Lenis_W_PS_W_OM_OW_U","PATT","source_specification",1000,TRUE,"strict",1000,0,1000,0,1000,0,0,1000,0,0,0,1000,TRUE,TRUE,TRUE,TRUE,TRUE,TRUE,TRUE,TRUE
1,3,"MART","Lenis_W_PS_W_OM_OW_U","PATT","source_specification",1000,TRUE,"strict",1000,0,1000,0,1000,0,0,1000,0,0,0,1000,TRUE,TRUE,TRUE,TRUE,TRUE,TRUE,TRUE,TRUE
2,3,"MART","Lenis_W_PS_W_OM_OW_U","PATT","source_specification",1000,TRUE,"strict",1000,0,1000,0,1000,0,0,1000,0,0,0,1000,TRUE,TRUE,TRUE,TRUE,TRUE,TRUE,TRUE,TRUE
3,3,"MART","Lenis_W_PS_W_OM_OW_U","PATT","source_specification",1000,TRUE,"strict",1000,0,1000,0,1000,0,0,1000,0,0,0,1000,TRUE,TRUE,TRUE,TRUE,TRUE,TRUE,TRUE,TRUE
1,4,"MART","Lenis_W_PS_W_OM_OW_U","PATT","source_specification",1000,TRUE,"strict",1000,0,1000,0,1000,0,0,1000,0,0,0,1000,TRUE,TRUE,TRUE,TRUE,TRUE,TRUE,TRUE,TRUE
2,4,"MART","Lenis_W_PS_W_OM_OW_U","PATT","source_specification",1000,TRUE,"strict",1000,0,1000,0,1000,0,0,1000,0,0,0,1000,TRUE,TRUE,TRUE,TRUE,TRUE,TRUE,TRUE,TRUE
3,4,"MART","Lenis_W_PS_W_OM_OW_U","PATT","source_specification",1000,TRUE,"strict",1000,0,1000,0,1000,0,0,1000,0,0,0,1000,TRUE,TRUE,TRUE,TRUE,TRUE,TRUE,TRUE,TRUE
1,5,"MART","Lenis_W_PS_W_OM_OW_U","PATT","source_specification",1000,TRUE,"strict",1000,0,1000,0,1000,0,0,1000,0,0,0,1000,TRUE,TRUE,TRUE,TRUE,TRUE,TRUE,TRUE,TRUE
2,5,"MART","Lenis_W_PS_W_OM_OW_U","PATT","source_specification",1000,TRUE,"strict",1000,0,1000,0,1000,0,0,1000,0,0,0,1000,TRUE,TRUE,TRUE,TRUE,TRUE,TRUE,TRUE,TRUE
3,5,"MART","Lenis_W_PS_W_OM_OW_U","PATT","source_specification",1000,TRUE,"strict",1000,0,1000,0,1000,0,0,1000,0,0,0,1000,TRUE,TRUE,TRUE,TRUE,TRUE,TRUE,TRUE,TRUE
1,6,"MART","Lenis_W_PS_W_OM_OW_U","PATT","source_specification",1000,TRUE,"strict",1000,0,1000,0,1000,0,0,1000,0,0,0,1000,TRUE,TRUE,TRUE,TRUE,TRUE,TRUE,TRUE,TRUE
2,6,"MART","Lenis_W_PS_W_OM_OW_U","PATT","source_specification",1000,TRUE,"strict",1000,0,1000,0,1000,0,0,1000,0,0,0,1000,TRUE,TRUE,TRUE,TRUE,TRUE,TRUE,TRUE,TRUE
3,6,"MART","Lenis_W_PS_W_OM_OW_U","PATT","source_specification",1000,TRUE,"strict",1000,0,1000,0,1000,0,0,1000,0,0,0,1000,TRUE,TRUE,TRUE,TRUE,TRUE,TRUE,TRUE,TRUE
1,1,"No","Lenis_C_PS_W_OM_WT_U","PATT","source_specification",1000,TRUE,"strict",1000,0,1000,0,1000,0,0,1000,0,0,0,1000,TRUE,TRUE,TRUE,TRUE,TRUE,TRUE,TRUE,TRUE
2,1,"No","Lenis_C_PS_W_OM_WT_U","PATT","source_specification",1000,TRUE,"strict",1000,0,1000,0,1000,0,0,1000,0,0,0,1000,TRUE,TRUE,TRUE,TRUE,TRUE,TRUE,TRUE,TRUE
3,1,"No","Lenis_C_PS_W_OM_WT_U","PATT","source_specification",1000,TRUE,"strict",1000,0,1000,0,1000,0,0,1000,0,0,0,1000,TRUE,TRUE,TRUE,TRUE,TRUE,TRUE,TRUE,TRUE
1,2,"No","Lenis_C_PS_W_OM_WT_U","PATT","source_specification",1000,TRUE,"strict",1000,0,1000,0,1000,0,0,1000,0,0,0,1000,TRUE,TRUE,TRUE,TRUE,TRUE,TRUE,TRUE,TRUE
2,2,"No","Lenis_C_PS_W_OM_WT_U","PATT","source_specification",1000,TRUE,"strict",1000,0,1000,0,1000,0,0,1000,0,0,0,1000,TRUE,TRUE,TRUE,TRUE,TRUE,TRUE,TRUE,TRUE
3,2,"No","Lenis_C_PS_W_OM_WT_U","PATT","source_specification",1000,TRUE,"strict",1000,0,1000,0,1000,0,0,1000,0,0,0,1000,TRUE,TRUE,TRUE,TRUE,TRUE,TRUE,TRUE,TRUE
1,3,"No","Lenis_C_PS_W_OM_WT_U","PATT","source_specification",1000,TRUE,"strict",1000,0,1000,0,1000,0,0,1000,0,0,0,1000,TRUE,TRUE,TRUE,TRUE,TRUE,TRUE,TRUE,TRUE
2,3,"No","Lenis_C_PS_W_OM_WT_U","PATT","source_specification",1000,TRUE,"strict",1000,0,1000,0,1000,0,0,1000,0,0,0,1000,TRUE,TRUE,TRUE,TRUE,TRUE,TRUE,TRUE,TRUE
3,3,"No","Lenis_C_PS_W_OM_WT_U","PATT","source_specification",1000,TRUE,"strict",1000,0,1000,0,1000,0,0,1000,0,0,0,1000,TRUE,TRUE,TRUE,TRUE,TRUE,TRUE,TRUE,TRUE
1,4,"No","Lenis_C_PS_W_OM_WT_U","PATT","source_specification",1000,TRUE,"strict",1000,0,1000,0,1000,0,0,1000,0,0,0,1000,TRUE,TRUE,TRUE,TRUE,TRUE,TRUE,TRUE,TRUE
2,4,"No","Lenis_C_PS_W_OM_WT_U","PATT","source_specification",1000,TRUE,"strict",1000,0,1000,0,1000,0,0,1000,0,0,0,1000,TRUE,TRUE,TRUE,TRUE,TRUE,TRUE,TRUE,TRUE
3,4,"No","Lenis_C_PS_W_OM_WT_U","PATT","source_specification",1000,TRUE,"strict",1000,0,1000,0,1000,0,0,1000,0,0,0,1000,TRUE,TRUE,TRUE,TRUE,TRUE,TRUE,TRUE,TRUE
1,5,"No","Lenis_C_PS_W_OM_WT_U","PATT","source_specification",1000,TRUE,"strict",1000,0,1000,0,1000,0,0,1000,0,0,0,1000,TRUE,TRUE,TRUE,TRUE,TRUE,TRUE,TRUE,TRUE
2,5,"No","Lenis_C_PS_W_OM_WT_U","PATT","source_specification",1000,TRUE,"strict",1000,0,1000,0,1000,0,0,1000,0,0,0,1000,TRUE,TRUE,TRUE,TRUE,TRUE,TRUE,TRUE,TRUE
3,5,"No","Lenis_C_PS_W_OM_WT_U","PATT","source_specification",1000,TRUE,"strict",1000,0,1000,0,1000,0,0,1000,0,0,0,1000,TRUE,TRUE,TRUE,TRUE,TRUE,TRUE,TRUE,TRUE
1,6,"No","Lenis_C_PS_W_OM_WT_U","PATT","source_specification",1000,TRUE,"strict",1000,0,1000,0,1000,0,0,1000,0,0,0,1000,TRUE,TRUE,TRUE,TRUE,TRUE,TRUE,TRUE,TRUE
2,6,"No","Lenis_C_PS_W_OM_WT_U","PATT","source_specification",1000,TRUE,"strict",1000,0,1000,0,1000,0,0,1000,0,0,0,1000,TRUE,TRUE,TRUE,TRUE,TRUE,TRUE,TRUE,TRUE
3,6,"No","Lenis_C_PS_W_OM_WT_U","PATT","source_specification",1000,TRUE,"strict",1000,0,1000,0,1000,0,0,1000,0,0,0,1000,TRUE,TRUE,TRUE,TRUE,TRUE,TRUE,TRUE,TRUE
1,1,"MAR","Lenis_C_PS_W_OM_WT_U","PATT","source_specification",1000,TRUE,"strict",1000,0,1000,0,1000,0,0,1000,0,0,0,1000,TRUE,TRUE,TRUE,TRUE,TRUE,TRUE,TRUE,TRUE
2,1,"MAR","Lenis_C_PS_W_OM_WT_U","PATT","source_specification",1000,TRUE,"strict",1000,0,1000,0,1000,0,0,1000,0,0,0,1000,TRUE,TRUE,TRUE,TRUE,TRUE,TRUE,TRUE,TRUE
3,1,"MAR","Lenis_C_PS_W_OM_WT_U","PATT","source_specification",1000,TRUE,"strict",1000,0,1000,0,1000,0,0,1000,0,0,0,1000,TRUE,TRUE,TRUE,TRUE,TRUE,TRUE,TRUE,TRUE
1,2,"MAR","Lenis_C_PS_W_OM_WT_U","PATT","source_specification",1000,TRUE,"strict",1000,0,1000,0,1000,0,0,1000,0,0,0,1000,TRUE,TRUE,TRUE,TRUE,TRUE,TRUE,TRUE,TRUE
2,2,"MAR","Lenis_C_PS_W_OM_WT_U","PATT","source_specification",1000,TRUE,"strict",1000,0,1000,0,1000,0,0,1000,0,0,0,1000,TRUE,TRUE,TRUE,TRUE,TRUE,TRUE,TRUE,TRUE
3,2,"MAR","Lenis_C_PS_W_OM_WT_U","PATT","source_specification",1000,TRUE,"strict",1000,0,1000,0,1000,0,0,1000,0,0,0,1000,TRUE,TRUE,TRUE,TRUE,TRUE,TRUE,TRUE,TRUE
1,3,"MAR","Lenis_C_PS_W_OM_WT_U","PATT","source_specification",1000,TRUE,"strict",1000,0,1000,0,1000,0,0,1000,0,0,0,1000,TRUE,TRUE,TRUE,TRUE,TRUE,TRUE,TRUE,TRUE
2,3,"MAR","Lenis_C_PS_W_OM_WT_U","PATT","source_specification",1000,TRUE,"strict",1000,0,1000,0,1000,0,0,1000,0,0,0,1000,TRUE,TRUE,TRUE,TRUE,TRUE,TRUE,TRUE,TRUE
3,3,"MAR","Lenis_C_PS_W_OM_WT_U","PATT","source_specification",1000,TRUE,"strict",1000,0,1000,0,1000,0,0,1000,0,0,0,1000,TRUE,TRUE,TRUE,TRUE,TRUE,TRUE,TRUE,TRUE
1,4,"MAR","Lenis_C_PS_W_OM_WT_U","PATT","source_specification",1000,TRUE,"strict",1000,0,1000,0,1000,0,0,1000,0,0,0,1000,TRUE,TRUE,TRUE,TRUE,TRUE,TRUE,TRUE,TRUE
2,4,"MAR","Lenis_C_PS_W_OM_WT_U","PATT","source_specification",1000,TRUE,"strict",1000,0,1000,0,1000,0,0,1000,0,0,0,1000,TRUE,TRUE,TRUE,TRUE,TRUE,TRUE,TRUE,TRUE
3,4,"MAR","Lenis_C_PS_W_OM_WT_U","PATT","source_specification",1000,TRUE,"strict",1000,0,1000,0,1000,0,0,1000,0,0,0,1000,TRUE,TRUE,TRUE,TRUE,TRUE,TRUE,TRUE,TRUE
1,5,"MAR","Lenis_C_PS_W_OM_WT_U","PATT","source_specification",1000,TRUE,"strict",1000,0,1000,0,1000,0,0,1000,0,0,0,1000,TRUE,TRUE,TRUE,TRUE,TRUE,TRUE,TRUE,TRUE
2,5,"MAR","Lenis_C_PS_W_OM_WT_U","PATT","source_specification",1000,TRUE,"strict",1000,0,1000,0,1000,0,0,1000,0,0,0,1000,TRUE,TRUE,TRUE,TRUE,TRUE,TRUE,TRUE,TRUE
3,5,"MAR","Lenis_C_PS_W_OM_WT_U","PATT","source_specification",1000,TRUE,"strict",1000,0,1000,0,1000,0,0,1000,0,0,0,1000,TRUE,TRUE,TRUE,TRUE,TRUE,TRUE,TRUE,TRUE
1,6,"MAR","Lenis_C_PS_W_OM_WT_U","PATT","source_specification",1000,TRUE,"strict",1000,0,1000,0,1000,0,0,1000,0,0,0,1000,TRUE,TRUE,TRUE,TRUE,TRUE,TRUE,TRUE,TRUE
2,6,"MAR","Lenis_C_PS_W_OM_WT_U","PATT","source_specification",1000,TRUE,"strict",1000,0,1000,0,1000,0,0,1000,0,0,0,1000,TRUE,TRUE,TRUE,TRUE,TRUE,TRUE,TRUE,TRUE
3,6,"MAR","Lenis_C_PS_W_OM_WT_U","PATT","source_specification",1000,TRUE,"strict",1000,0,1000,0,1000,0,0,1000,0,0,0,1000,TRUE,TRUE,TRUE,TRUE,TRUE,TRUE,TRUE,TRUE
1,1,"MARX","Lenis_C_PS_W_OM_WT_U","PATT","source_specification",1000,TRUE,"strict",1000,0,1000,0,1000,0,0,1000,0,0,0,1000,TRUE,TRUE,TRUE,TRUE,TRUE,TRUE,TRUE,TRUE
2,1,"MARX","Lenis_C_PS_W_OM_WT_U","PATT","source_specification",1000,TRUE,"strict",1000,0,1000,0,1000,0,0,1000,0,0,0,1000,TRUE,TRUE,TRUE,TRUE,TRUE,TRUE,TRUE,TRUE
3,1,"MARX","Lenis_C_PS_W_OM_WT_U","PATT","source_specification",1000,TRUE,"strict",1000,0,1000,0,1000,0,0,1000,0,0,0,1000,TRUE,TRUE,TRUE,TRUE,TRUE,TRUE,TRUE,TRUE
1,2,"MARX","Lenis_C_PS_W_OM_WT_U","PATT","source_specification",1000,TRUE,"strict",1000,0,1000,0,1000,0,0,1000,0,0,0,1000,TRUE,TRUE,TRUE,TRUE,TRUE,TRUE,TRUE,TRUE
2,2,"MARX","Lenis_C_PS_W_OM_WT_U","PATT","source_specification",1000,TRUE,"strict",1000,0,1000,0,1000,0,0,1000,0,0,0,1000,TRUE,TRUE,TRUE,TRUE,TRUE,TRUE,TRUE,TRUE
3,2,"MARX","Lenis_C_PS_W_OM_WT_U","PATT","source_specification",1000,TRUE,"strict",1000,0,1000,0,1000,0,0,1000,0,0,0,1000,TRUE,TRUE,TRUE,TRUE,TRUE,TRUE,TRUE,TRUE
1,3,"MARX","Lenis_C_PS_W_OM_WT_U","PATT","source_specification",1000,TRUE,"strict",1000,0,1000,0,1000,0,0,1000,0,0,0,1000,TRUE,TRUE,TRUE,TRUE,TRUE,TRUE,TRUE,TRUE
2,3,"MARX","Lenis_C_PS_W_OM_WT_U","PATT","source_specification",1000,TRUE,"strict",1000,0,1000,0,1000,0,0,1000,0,0,0,1000,TRUE,TRUE,TRUE,TRUE,TRUE,TRUE,TRUE,TRUE
3,3,"MARX","Lenis_C_PS_W_OM_WT_U","PATT","source_specification",1000,TRUE,"strict",1000,0,1000,0,1000,0,0,1000,0,0,0,1000,TRUE,TRUE,TRUE,TRUE,TRUE,TRUE,TRUE,TRUE
1,4,"MARX","Lenis_C_PS_W_OM_WT_U","PATT","source_specification",1000,TRUE,"strict",1000,0,1000,0,1000,0,0,1000,0,0,0,1000,TRUE,TRUE,TRUE,TRUE,TRUE,TRUE,TRUE,TRUE
2,4,"MARX","Lenis_C_PS_W_OM_WT_U","PATT","source_specification",1000,TRUE,"strict",1000,0,1000,0,1000,0,0,1000,0,0,0,1000,TRUE,TRUE,TRUE,TRUE,TRUE,TRUE,TRUE,TRUE
3,4,"MARX","Lenis_C_PS_W_OM_WT_U","PATT","source_specification",1000,TRUE,"strict",1000,0,1000,0,1000,0,0,1000,0,0,0,1000,TRUE,TRUE,TRUE,TRUE,TRUE,TRUE,TRUE,TRUE
1,5,"MARX","Lenis_C_PS_W_OM_WT_U","PATT","source_specification",1000,TRUE,"strict",1000,0,1000,0,1000,0,0,1000,0,0,0,1000,TRUE,TRUE,TRUE,TRUE,TRUE,TRUE,TRUE,TRUE
2,5,"MARX","Lenis_C_PS_W_OM_WT_U","PATT","source_specification",1000,TRUE,"strict",1000,0,1000,0,1000,0,0,1000,0,0,0,1000,TRUE,TRUE,TRUE,TRUE,TRUE,TRUE,TRUE,TRUE
3,5,"MARX","Lenis_C_PS_W_OM_WT_U","PATT","source_specification",1000,TRUE,"strict",1000,0,1000,0,1000,0,0,1000,0,0,0,1000,TRUE,TRUE,TRUE,TRUE,TRUE,TRUE,TRUE,TRUE
1,6,"MARX","Lenis_C_PS_W_OM_WT_U","PATT","source_specification",1000,TRUE,"strict",1000,0,1000,0,1000,0,0,1000,0,0,0,1000,TRUE,TRUE,TRUE,TRUE,TRUE,TRUE,TRUE,TRUE
2,6,"MARX","Lenis_C_PS_W_OM_WT_U","PATT","source_specification",1000,TRUE,"strict",1000,0,1000,0,1000,0,0,1000,0,0,0,1000,TRUE,TRUE,TRUE,TRUE,TRUE,TRUE,TRUE,TRUE
3,6,"MARX","Lenis_C_PS_W_OM_WT_U","PATT","source_specification",1000,TRUE,"strict",1000,0,1000,0,1000,0,0,1000,0,0,0,1000,TRUE,TRUE,TRUE,TRUE,TRUE,TRUE,TRUE,TRUE
1,1,"MART","Lenis_C_PS_W_OM_WT_U","PATT","source_specification",1000,TRUE,"strict",1000,0,1000,0,1000,0,0,1000,0,0,0,1000,TRUE,TRUE,TRUE,TRUE,TRUE,TRUE,TRUE,TRUE
2,1,"MART","Lenis_C_PS_W_OM_WT_U","PATT","source_specification",1000,TRUE,"strict",1000,0,1000,0,1000,0,0,1000,0,0,0,1000,TRUE,TRUE,TRUE,TRUE,TRUE,TRUE,TRUE,TRUE
3,1,"MART","Lenis_C_PS_W_OM_WT_U","PATT","source_specification",1000,TRUE,"strict",1000,0,1000,0,1000,0,0,1000,0,0,0,1000,TRUE,TRUE,TRUE,TRUE,TRUE,TRUE,TRUE,TRUE
1,2,"MART","Lenis_C_PS_W_OM_WT_U","PATT","source_specification",1000,TRUE,"strict",1000,0,1000,0,1000,0,0,1000,0,0,0,1000,TRUE,TRUE,TRUE,TRUE,TRUE,TRUE,TRUE,TRUE
2,2,"MART","Lenis_C_PS_W_OM_WT_U","PATT","source_specification",1000,TRUE,"strict",1000,0,1000,0,1000,0,0,1000,0,0,0,1000,TRUE,TRUE,TRUE,TRUE,TRUE,TRUE,TRUE,TRUE
3,2,"MART","Lenis_C_PS_W_OM_WT_U","PATT","source_specification",1000,TRUE,"strict",1000,0,1000,0,1000,0,0,1000,0,0,0,1000,TRUE,TRUE,TRUE,TRUE,TRUE,TRUE,TRUE,TRUE
1,3,"MART","Lenis_C_PS_W_OM_WT_U","PATT","source_specification",1000,TRUE,"strict",1000,0,1000,0,1000,0,0,1000,0,0,0,1000,TRUE,TRUE,TRUE,TRUE,TRUE,TRUE,TRUE,TRUE
2,3,"MART","Lenis_C_PS_W_OM_WT_U","PATT","source_specification",1000,TRUE,"strict",1000,0,1000,0,1000,0,0,1000,0,0,0,1000,TRUE,TRUE,TRUE,TRUE,TRUE,TRUE,TRUE,TRUE
3,3,"MART","Lenis_C_PS_W_OM_WT_U","PATT","source_specification",1000,TRUE,"strict",1000,0,1000,0,1000,0,0,1000,0,0,0,1000,TRUE,TRUE,TRUE,TRUE,TRUE,TRUE,TRUE,TRUE
1,4,"MART","Lenis_C_PS_W_OM_WT_U","PATT","source_specification",1000,TRUE,"strict",1000,0,1000,0,1000,0,0,1000,0,0,0,1000,TRUE,TRUE,TRUE,TRUE,TRUE,TRUE,TRUE,TRUE
2,4,"MART","Lenis_C_PS_W_OM_WT_U","PATT","source_specification",1000,TRUE,"strict",1000,0,1000,0,1000,0,0,1000,0,0,0,1000,TRUE,TRUE,TRUE,TRUE,TRUE,TRUE,TRUE,TRUE
3,4,"MART","Lenis_C_PS_W_OM_WT_U","PATT","source_specification",1000,TRUE,"strict",1000,0,1000,0,1000,0,0,1000,0,0,0,1000,TRUE,TRUE,TRUE,TRUE,TRUE,TRUE,TRUE,TRUE
1,5,"MART","Lenis_C_PS_W_OM_WT_U","PATT","source_specification",1000,TRUE,"strict",1000,0,1000,0,1000,0,0,1000,0,0,0,1000,TRUE,TRUE,TRUE,TRUE,TRUE,TRUE,TRUE,TRUE
2,5,"MART","Lenis_C_PS_W_OM_WT_U","PATT","source_specification",1000,TRUE,"strict",1000,0,1000,0,1000,0,0,1000,0,0,0,1000,TRUE,TRUE,TRUE,TRUE,TRUE,TRUE,TRUE,TRUE
3,5,"MART","Lenis_C_PS_W_OM_WT_U","PATT","source_specification",1000,TRUE,"strict",1000,0,1000,0,1000,0,0,1000,0,0,0,1000,TRUE,TRUE,TRUE,TRUE,TRUE,TRUE,TRUE,TRUE
1,6,"MART","Lenis_C_PS_W_OM_WT_U","PATT","source_specification",1000,TRUE,"strict",1000,0,1000,0,1000,0,0,1000,0,0,0,1000,TRUE,TRUE,TRUE,TRUE,TRUE,TRUE,TRUE,TRUE
2,6,"MART","Lenis_C_PS_W_OM_WT_U","PATT","source_specification",1000,TRUE,"strict",1000,0,1000,0,1000,0,0,1000,0,0,0,1000,TRUE,TRUE,TRUE,TRUE,TRUE,TRUE,TRUE,TRUE
3,6,"MART","Lenis_C_PS_W_OM_WT_U","PATT","source_specification",1000,TRUE,"strict",1000,0,1000,0,1000,0,0,1000,0,0,0,1000,TRUE,TRUE,TRUE,TRUE,TRUE,TRUE,TRUE,TRUE
1,1,"No","Lenis_C_PS_W_OM_OW_U","PATT","source_specification",1000,TRUE,"strict",1000,0,1000,0,1000,0,0,1000,0,0,0,1000,TRUE,TRUE,TRUE,TRUE,TRUE,TRUE,TRUE,TRUE
2,1,"No","Lenis_C_PS_W_OM_OW_U","PATT","source_specification",1000,TRUE,"strict",1000,0,1000,0,1000,0,0,1000,0,0,0,1000,TRUE,TRUE,TRUE,TRUE,TRUE,TRUE,TRUE,TRUE
3,1,"No","Lenis_C_PS_W_OM_OW_U","PATT","source_specification",1000,TRUE,"strict",1000,0,1000,0,1000,0,0,1000,0,0,0,1000,TRUE,TRUE,TRUE,TRUE,TRUE,TRUE,TRUE,TRUE
1,2,"No","Lenis_C_PS_W_OM_OW_U","PATT","source_specification",1000,TRUE,"strict",1000,0,1000,0,1000,0,0,1000,0,0,0,1000,TRUE,TRUE,TRUE,TRUE,TRUE,TRUE,TRUE,TRUE
2,2,"No","Lenis_C_PS_W_OM_OW_U","PATT","source_specification",1000,TRUE,"strict",1000,0,1000,0,1000,0,0,1000,0,0,0,1000,TRUE,TRUE,TRUE,TRUE,TRUE,TRUE,TRUE,TRUE
3,2,"No","Lenis_C_PS_W_OM_OW_U","PATT","source_specification",1000,TRUE,"strict",1000,0,1000,0,1000,0,0,1000,0,0,0,1000,TRUE,TRUE,TRUE,TRUE,TRUE,TRUE,TRUE,TRUE
1,3,"No","Lenis_C_PS_W_OM_OW_U","PATT","source_specification",1000,TRUE,"strict",1000,0,1000,0,1000,0,0,1000,0,0,0,1000,TRUE,TRUE,TRUE,TRUE,TRUE,TRUE,TRUE,TRUE
2,3,"No","Lenis_C_PS_W_OM_OW_U","PATT","source_specification",1000,TRUE,"strict",1000,0,1000,0,1000,0,0,1000,0,0,0,1000,TRUE,TRUE,TRUE,TRUE,TRUE,TRUE,TRUE,TRUE
3,3,"No","Lenis_C_PS_W_OM_OW_U","PATT","source_specification",1000,TRUE,"strict",1000,0,1000,0,1000,0,0,1000,0,0,0,1000,TRUE,TRUE,TRUE,TRUE,TRUE,TRUE,TRUE,TRUE
1,4,"No","Lenis_C_PS_W_OM_OW_U","PATT","source_specification",1000,TRUE,"strict",1000,0,1000,0,1000,0,0,1000,0,0,0,1000,TRUE,TRUE,TRUE,TRUE,TRUE,TRUE,TRUE,TRUE
2,4,"No","Lenis_C_PS_W_OM_OW_U","PATT","source_specification",1000,TRUE,"strict",1000,0,1000,0,1000,0,0,1000,0,0,0,1000,TRUE,TRUE,TRUE,TRUE,TRUE,TRUE,TRUE,TRUE
3,4,"No","Lenis_C_PS_W_OM_OW_U","PATT","source_specification",1000,TRUE,"strict",1000,0,1000,0,1000,0,0,1000,0,0,0,1000,TRUE,TRUE,TRUE,TRUE,TRUE,TRUE,TRUE,TRUE
1,5,"No","Lenis_C_PS_W_OM_OW_U","PATT","source_specification",1000,TRUE,"strict",1000,0,1000,0,1000,0,0,1000,0,0,0,1000,TRUE,TRUE,TRUE,TRUE,TRUE,TRUE,TRUE,TRUE
2,5,"No","Lenis_C_PS_W_OM_OW_U","PATT","source_specification",1000,TRUE,"strict",1000,0,1000,0,1000,0,0,1000,0,0,0,1000,TRUE,TRUE,TRUE,TRUE,TRUE,TRUE,TRUE,TRUE
3,5,"No","Lenis_C_PS_W_OM_OW_U","PATT","source_specification",1000,TRUE,"strict",1000,0,1000,0,1000,0,0,1000,0,0,0,1000,TRUE,TRUE,TRUE,TRUE,TRUE,TRUE,TRUE,TRUE
1,6,"No","Lenis_C_PS_W_OM_OW_U","PATT","source_specification",1000,TRUE,"strict",1000,0,1000,0,1000,0,0,1000,0,0,0,1000,TRUE,TRUE,TRUE,TRUE,TRUE,TRUE,TRUE,TRUE
2,6,"No","Lenis_C_PS_W_OM_OW_U","PATT","source_specification",1000,TRUE,"strict",1000,0,1000,0,1000,0,0,1000,0,0,0,1000,TRUE,TRUE,TRUE,TRUE,TRUE,TRUE,TRUE,TRUE
3,6,"No","Lenis_C_PS_W_OM_OW_U","PATT","source_specification",1000,TRUE,"strict",1000,0,1000,0,1000,0,0,1000,0,0,0,1000,TRUE,TRUE,TRUE,TRUE,TRUE,TRUE,TRUE,TRUE
1,1,"MAR","Lenis_C_PS_W_OM_OW_U","PATT","source_specification",1000,TRUE,"strict",1000,0,1000,0,1000,0,0,1000,0,0,0,1000,TRUE,TRUE,TRUE,TRUE,TRUE,TRUE,TRUE,TRUE
2,1,"MAR","Lenis_C_PS_W_OM_OW_U","PATT","source_specification",1000,TRUE,"strict",1000,0,1000,0,1000,0,0,1000,0,0,0,1000,TRUE,TRUE,TRUE,TRUE,TRUE,TRUE,TRUE,TRUE
3,1,"MAR","Lenis_C_PS_W_OM_OW_U","PATT","source_specification",1000,TRUE,"strict",1000,0,1000,0,1000,0,0,1000,0,0,0,1000,TRUE,TRUE,TRUE,TRUE,TRUE,TRUE,TRUE,TRUE
1,2,"MAR","Lenis_C_PS_W_OM_OW_U","PATT","source_specification",1000,TRUE,"strict",1000,0,1000,0,1000,0,0,1000,0,0,0,1000,TRUE,TRUE,TRUE,TRUE,TRUE,TRUE,TRUE,TRUE
2,2,"MAR","Lenis_C_PS_W_OM_OW_U","PATT","source_specification",1000,TRUE,"strict",1000,0,1000,0,1000,0,0,1000,0,0,0,1000,TRUE,TRUE,TRUE,TRUE,TRUE,TRUE,TRUE,TRUE
3,2,"MAR","Lenis_C_PS_W_OM_OW_U","PATT","source_specification",1000,TRUE,"strict",1000,0,1000,0,1000,0,0,1000,0,0,0,1000,TRUE,TRUE,TRUE,TRUE,TRUE,TRUE,TRUE,TRUE
1,3,"MAR","Lenis_C_PS_W_OM_OW_U","PATT","source_specification",1000,TRUE,"strict",1000,0,1000,0,1000,0,0,1000,0,0,0,1000,TRUE,TRUE,TRUE,TRUE,TRUE,TRUE,TRUE,TRUE
2,3,"MAR","Lenis_C_PS_W_OM_OW_U","PATT","source_specification",1000,TRUE,"strict",1000,0,1000,0,1000,0,0,1000,0,0,0,1000,TRUE,TRUE,TRUE,TRUE,TRUE,TRUE,TRUE,TRUE
3,3,"MAR","Lenis_C_PS_W_OM_OW_U","PATT","source_specification",1000,TRUE,"strict",1000,0,1000,0,1000,0,0,1000,0,0,0,1000,TRUE,TRUE,TRUE,TRUE,TRUE,TRUE,TRUE,TRUE
1,4,"MAR","Lenis_C_PS_W_OM_OW_U","PATT","source_specification",1000,TRUE,"strict",1000,0,1000,0,1000,0,0,1000,0,0,0,1000,TRUE,TRUE,TRUE,TRUE,TRUE,TRUE,TRUE,TRUE
2,4,"MAR","Lenis_C_PS_W_OM_OW_U","PATT","source_specification",1000,TRUE,"strict",1000,0,1000,0,1000,0,0,1000,0,0,0,1000,TRUE,TRUE,TRUE,TRUE,TRUE,TRUE,TRUE,TRUE
3,4,"MAR","Lenis_C_PS_W_OM_OW_U","PATT","source_specification",1000,TRUE,"strict",1000,0,1000,0,1000,0,0,1000,0,0,0,1000,TRUE,TRUE,TRUE,TRUE,TRUE,TRUE,TRUE,TRUE
1,5,"MAR","Lenis_C_PS_W_OM_OW_U","PATT","source_specification",1000,TRUE,"strict",1000,0,1000,0,1000,0,0,1000,0,0,0,1000,TRUE,TRUE,TRUE,TRUE,TRUE,TRUE,TRUE,TRUE
2,5,"MAR","Lenis_C_PS_W_OM_OW_U","PATT","source_specification",1000,TRUE,"strict",1000,0,1000,0,1000,0,0,1000,0,0,0,1000,TRUE,TRUE,TRUE,TRUE,TRUE,TRUE,TRUE,TRUE
3,5,"MAR","Lenis_C_PS_W_OM_OW_U","PATT","source_specification",1000,TRUE,"strict",1000,0,1000,0,1000,0,0,1000,0,0,0,1000,TRUE,TRUE,TRUE,TRUE,TRUE,TRUE,TRUE,TRUE
1,6,"MAR","Lenis_C_PS_W_OM_OW_U","PATT","source_specification",1000,TRUE,"strict",1000,0,1000,0,1000,0,0,1000,0,0,0,1000,TRUE,TRUE,TRUE,TRUE,TRUE,TRUE,TRUE,TRUE
2,6,"MAR","Lenis_C_PS_W_OM_OW_U","PATT","source_specification",1000,TRUE,"strict",1000,0,1000,0,1000,0,0,1000,0,0,0,1000,TRUE,TRUE,TRUE,TRUE,TRUE,TRUE,TRUE,TRUE
3,6,"MAR","Lenis_C_PS_W_OM_OW_U","PATT","source_specification",1000,TRUE,"strict",1000,0,1000,0,1000,0,0,1000,0,0,0,1000,TRUE,TRUE,TRUE,TRUE,TRUE,TRUE,TRUE,TRUE
1,1,"MARX","Lenis_C_PS_W_OM_OW_U","PATT","source_specification",1000,TRUE,"strict",1000,0,1000,0,1000,0,0,1000,0,0,0,1000,TRUE,TRUE,TRUE,TRUE,TRUE,TRUE,TRUE,TRUE
2,1,"MARX","Lenis_C_PS_W_OM_OW_U","PATT","source_specification",1000,TRUE,"strict",1000,0,1000,0,1000,0,0,1000,0,0,0,1000,TRUE,TRUE,TRUE,TRUE,TRUE,TRUE,TRUE,TRUE
3,1,"MARX","Lenis_C_PS_W_OM_OW_U","PATT","source_specification",1000,TRUE,"strict",1000,0,1000,0,1000,0,0,1000,0,0,0,1000,TRUE,TRUE,TRUE,TRUE,TRUE,TRUE,TRUE,TRUE
1,2,"MARX","Lenis_C_PS_W_OM_OW_U","PATT","source_specification",1000,TRUE,"strict",1000,0,1000,0,1000,0,0,1000,0,0,0,1000,TRUE,TRUE,TRUE,TRUE,TRUE,TRUE,TRUE,TRUE
2,2,"MARX","Lenis_C_PS_W_OM_OW_U","PATT","source_specification",1000,TRUE,"strict",1000,0,1000,0,1000,0,0,1000,0,0,0,1000,TRUE,TRUE,TRUE,TRUE,TRUE,TRUE,TRUE,TRUE
3,2,"MARX","Lenis_C_PS_W_OM_OW_U","PATT","source_specification",1000,TRUE,"strict",1000,0,1000,0,1000,0,0,1000,0,0,0,1000,TRUE,TRUE,TRUE,TRUE,TRUE,TRUE,TRUE,TRUE
1,3,"MARX","Lenis_C_PS_W_OM_OW_U","PATT","source_specification",1000,TRUE,"strict",1000,0,1000,0,1000,0,0,1000,0,0,0,1000,TRUE,TRUE,TRUE,TRUE,TRUE,TRUE,TRUE,TRUE
2,3,"MARX","Lenis_C_PS_W_OM_OW_U","PATT","source_specification",1000,TRUE,"strict",1000,0,1000,0,1000,0,0,1000,0,0,0,1000,TRUE,TRUE,TRUE,TRUE,TRUE,TRUE,TRUE,TRUE
3,3,"MARX","Lenis_C_PS_W_OM_OW_U","PATT","source_specification",1000,TRUE,"strict",1000,0,1000,0,1000,0,0,1000,0,0,0,1000,TRUE,TRUE,TRUE,TRUE,TRUE,TRUE,TRUE,TRUE
1,4,"MARX","Lenis_C_PS_W_OM_OW_U","PATT","source_specification",1000,TRUE,"strict",1000,0,1000,0,1000,0,0,1000,0,0,0,1000,TRUE,TRUE,TRUE,TRUE,TRUE,TRUE,TRUE,TRUE
2,4,"MARX","Lenis_C_PS_W_OM_OW_U","PATT","source_specification",1000,TRUE,"strict",1000,0,1000,0,1000,0,0,1000,0,0,0,1000,TRUE,TRUE,TRUE,TRUE,TRUE,TRUE,TRUE,TRUE
3,4,"MARX","Lenis_C_PS_W_OM_OW_U","PATT","source_specification",1000,TRUE,"strict",1000,0,1000,0,1000,0,0,1000,0,0,0,1000,TRUE,TRUE,TRUE,TRUE,TRUE,TRUE,TRUE,TRUE
1,5,"MARX","Lenis_C_PS_W_OM_OW_U","PATT","source_specification",1000,TRUE,"strict",1000,0,1000,0,1000,0,0,1000,0,0,0,1000,TRUE,TRUE,TRUE,TRUE,TRUE,TRUE,TRUE,TRUE
2,5,"MARX","Lenis_C_PS_W_OM_OW_U","PATT","source_specification",1000,TRUE,"strict",1000,0,1000,0,1000,0,0,1000,0,0,0,1000,TRUE,TRUE,TRUE,TRUE,TRUE,TRUE,TRUE,TRUE
3,5,"MARX","Lenis_C_PS_W_OM_OW_U","PATT","source_specification",1000,TRUE,"strict",1000,0,1000,0,1000,0,0,1000,0,0,0,1000,TRUE,TRUE,TRUE,TRUE,TRUE,TRUE,TRUE,TRUE
1,6,"MARX","Lenis_C_PS_W_OM_OW_U","PATT","source_specification",1000,TRUE,"strict",1000,0,1000,0,1000,0,0,1000,0,0,0,1000,TRUE,TRUE,TRUE,TRUE,TRUE,TRUE,TRUE,TRUE
2,6,"MARX","Lenis_C_PS_W_OM_OW_U","PATT","source_specification",1000,TRUE,"strict",1000,0,1000,0,1000,0,0,1000,0,0,0,1000,TRUE,TRUE,TRUE,TRUE,TRUE,TRUE,TRUE,TRUE
3,6,"MARX","Lenis_C_PS_W_OM_OW_U","PATT","source_specification",1000,TRUE,"strict",1000,0,1000,0,1000,0,0,1000,0,0,0,1000,TRUE,TRUE,TRUE,TRUE,TRUE,TRUE,TRUE,TRUE
1,1,"MART","Lenis_C_PS_W_OM_OW_U","PATT","source_specification",1000,TRUE,"strict",1000,0,1000,0,1000,0,0,1000,0,0,0,1000,TRUE,TRUE,TRUE,TRUE,TRUE,TRUE,TRUE,TRUE
2,1,"MART","Lenis_C_PS_W_OM_OW_U","PATT","source_specification",1000,TRUE,"strict",1000,0,1000,0,1000,0,0,1000,0,0,0,1000,TRUE,TRUE,TRUE,TRUE,TRUE,TRUE,TRUE,TRUE
3,1,"MART","Lenis_C_PS_W_OM_OW_U","PATT","source_specification",1000,TRUE,"strict",1000,0,1000,0,1000,0,0,1000,0,0,0,1000,TRUE,TRUE,TRUE,TRUE,TRUE,TRUE,TRUE,TRUE
1,2,"MART","Lenis_C_PS_W_OM_OW_U","PATT","source_specification",1000,TRUE,"strict",1000,0,1000,0,1000,0,0,1000,0,0,0,1000,TRUE,TRUE,TRUE,TRUE,TRUE,TRUE,TRUE,TRUE
2,2,"MART","Lenis_C_PS_W_OM_OW_U","PATT","source_specification",1000,TRUE,"strict",1000,0,1000,0,1000,0,0,1000,0,0,0,1000,TRUE,TRUE,TRUE,TRUE,TRUE,TRUE,TRUE,TRUE
3,2,"MART","Lenis_C_PS_W_OM_OW_U","PATT","source_specification",1000,TRUE,"strict",1000,0,1000,0,1000,0,0,1000,0,0,0,1000,TRUE,TRUE,TRUE,TRUE,TRUE,TRUE,TRUE,TRUE
1,3,"MART","Lenis_C_PS_W_OM_OW_U","PATT","source_specification",1000,TRUE,"strict",1000,0,1000,0,1000,0,0,1000,0,0,0,1000,TRUE,TRUE,TRUE,TRUE,TRUE,TRUE,TRUE,TRUE
2,3,"MART","Lenis_C_PS_W_OM_OW_U","PATT","source_specification",1000,TRUE,"strict",1000,0,1000,0,1000,0,0,1000,0,0,0,1000,TRUE,TRUE,TRUE,TRUE,TRUE,TRUE,TRUE,TRUE
3,3,"MART","Lenis_C_PS_W_OM_OW_U","PATT","source_specification",1000,TRUE,"strict",1000,0,1000,0,1000,0,0,1000,0,0,0,1000,TRUE,TRUE,TRUE,TRUE,TRUE,TRUE,TRUE,TRUE
1,4,"MART","Lenis_C_PS_W_OM_OW_U","PATT","source_specification",1000,TRUE,"strict",1000,0,1000,0,1000,0,0,1000,0,0,0,1000,TRUE,TRUE,TRUE,TRUE,TRUE,TRUE,TRUE,TRUE
2,4,"MART","Lenis_C_PS_W_OM_OW_U","PATT","source_specification",1000,TRUE,"strict",1000,0,1000,0,1000,0,0,1000,0,0,0,1000,TRUE,TRUE,TRUE,TRUE,TRUE,TRUE,TRUE,TRUE
3,4,"MART","Lenis_C_PS_W_OM_OW_U","PATT","source_specification",1000,TRUE,"strict",1000,0,1000,0,1000,0,0,1000,0,0,0,1000,TRUE,TRUE,TRUE,TRUE,TRUE,TRUE,TRUE,TRUE
1,5,"MART","Lenis_C_PS_W_OM_OW_U","PATT","source_specification",1000,TRUE,"strict",1000,0,1000,0,1000,0,0,1000,0,0,0,1000,TRUE,TRUE,TRUE,TRUE,TRUE,TRUE,TRUE,TRUE
2,5,"MART","Lenis_C_PS_W_OM_OW_U","PATT","source_specification",1000,TRUE,"strict",1000,0,1000,0,1000,0,0,1000,0,0,0,1000,TRUE,TRUE,TRUE,TRUE,TRUE,TRUE,TRUE,TRUE
3,5,"MART","Lenis_C_PS_W_OM_OW_U","PATT","source_specification",1000,TRUE,"strict",1000,0,1000,0,1000,0,0,1000,0,0,0,1000,TRUE,TRUE,TRUE,TRUE,TRUE,TRUE,TRUE,TRUE
1,6,"MART","Lenis_C_PS_W_OM_OW_U","PATT","source_specification",1000,TRUE,"strict",1000,0,1000,0,1000,0,0,1000,0,0,0,1000,TRUE,TRUE,TRUE,TRUE,TRUE,TRUE,TRUE,TRUE
2,6,"MART","Lenis_C_PS_W_OM_OW_U","PATT","source_specification",1000,TRUE,"strict",1000,0,1000,0,1000,0,0,1000,0,0,0,1000,TRUE,TRUE,TRUE,TRUE,TRUE,TRUE,TRUE,TRUE
3,6,"MART","Lenis_C_PS_W_OM_OW_U","PATT","source_specification",1000,TRUE,"strict",1000,0,1000,0,1000,0,0,1000,0,0,0,1000,TRUE,TRUE,TRUE,TRUE,TRUE,TRUE,TRUE,TRUE
1,1,"No","MatchIt_quick_weighted_PS","PATT","source_specification",1000,TRUE,"inclusive",1000,0,1000,0,1000,0,0,1000,0,0,0,0,TRUE,TRUE,TRUE,TRUE,TRUE,TRUE,TRUE,TRUE
2,1,"No","MatchIt_quick_weighted_PS","PATT","source_specification",1000,TRUE,"inclusive",1000,0,1000,0,1000,0,0,1000,0,0,0,0,TRUE,TRUE,TRUE,TRUE,TRUE,TRUE,TRUE,TRUE
3,1,"No","MatchIt_quick_weighted_PS","PATT","source_specification",1000,TRUE,"inclusive",1000,0,1000,0,1000,0,0,1000,0,0,0,0,TRUE,TRUE,TRUE,TRUE,TRUE,TRUE,TRUE,TRUE
1,2,"No","MatchIt_quick_weighted_PS","PATT","source_specification",1000,TRUE,"inclusive",1000,0,1000,0,1000,0,0,1000,0,0,0,0,TRUE,TRUE,TRUE,TRUE,TRUE,TRUE,TRUE,TRUE
2,2,"No","MatchIt_quick_weighted_PS","PATT","source_specification",1000,TRUE,"inclusive",1000,0,1000,0,1000,0,0,1000,0,0,0,0,TRUE,TRUE,TRUE,TRUE,TRUE,TRUE,TRUE,TRUE
3,2,"No","MatchIt_quick_weighted_PS","PATT","source_specification",1000,TRUE,"inclusive",1000,0,1000,0,1000,0,0,1000,0,0,0,0,TRUE,TRUE,TRUE,TRUE,TRUE,TRUE,TRUE,TRUE
1,3,"No","MatchIt_quick_weighted_PS","PATT","source_specification",1000,TRUE,"inclusive",1000,0,1000,0,1000,0,0,1000,0,0,0,0,TRUE,TRUE,TRUE,TRUE,TRUE,TRUE,TRUE,TRUE
2,3,"No","MatchIt_quick_weighted_PS","PATT","source_specification",1000,TRUE,"inclusive",1000,0,1000,0,1000,0,0,1000,0,0,0,0,TRUE,TRUE,TRUE,TRUE,TRUE,TRUE,TRUE,TRUE
3,3,"No","MatchIt_quick_weighted_PS","PATT","source_specification",1000,TRUE,"inclusive",1000,0,1000,0,1000,0,0,1000,0,0,0,0,TRUE,TRUE,TRUE,TRUE,TRUE,TRUE,TRUE,TRUE
1,4,"No","MatchIt_quick_weighted_PS","PATT","source_specification",1000,TRUE,"inclusive",1000,0,1000,0,1000,0,0,1000,0,0,0,0,TRUE,TRUE,TRUE,TRUE,TRUE,TRUE,TRUE,TRUE
2,4,"No","MatchIt_quick_weighted_PS","PATT","source_specification",1000,TRUE,"inclusive",1000,0,1000,0,1000,0,0,1000,0,0,0,0,TRUE,TRUE,TRUE,TRUE,TRUE,TRUE,TRUE,TRUE
3,4,"No","MatchIt_quick_weighted_PS","PATT","source_specification",1000,TRUE,"inclusive",1000,0,1000,0,1000,0,0,1000,0,0,0,0,TRUE,TRUE,TRUE,TRUE,TRUE,TRUE,TRUE,TRUE
1,5,"No","MatchIt_quick_weighted_PS","PATT","source_specification",1000,TRUE,"inclusive",1000,0,1000,0,1000,0,0,1000,0,0,0,0,TRUE,TRUE,TRUE,TRUE,TRUE,TRUE,TRUE,TRUE
2,5,"No","MatchIt_quick_weighted_PS","PATT","source_specification",1000,TRUE,"inclusive",1000,0,1000,0,1000,0,0,1000,0,0,0,0,TRUE,TRUE,TRUE,TRUE,TRUE,TRUE,TRUE,TRUE
3,5,"No","MatchIt_quick_weighted_PS","PATT","source_specification",1000,TRUE,"inclusive",1000,0,1000,0,1000,0,0,1000,0,0,0,0,TRUE,TRUE,TRUE,TRUE,TRUE,TRUE,TRUE,TRUE
1,6,"No","MatchIt_quick_weighted_PS","PATT","source_specification",1000,TRUE,"inclusive",1000,0,1000,0,1000,0,0,1000,0,0,0,0,TRUE,TRUE,TRUE,TRUE,TRUE,TRUE,TRUE,TRUE
2,6,"No","MatchIt_quick_weighted_PS","PATT","source_specification",1000,TRUE,"inclusive",1000,0,1000,0,1000,0,0,1000,0,0,0,0,TRUE,TRUE,TRUE,TRUE,TRUE,TRUE,TRUE,TRUE
3,6,"No","MatchIt_quick_weighted_PS","PATT","source_specification",1000,TRUE,"inclusive",1000,0,1000,0,1000,0,0,1000,0,0,0,0,TRUE,TRUE,TRUE,TRUE,TRUE,TRUE,TRUE,TRUE
1,1,"MAR","MatchIt_quick_weighted_PS","PATT","source_specification",1000,TRUE,"inclusive",1000,0,1000,0,1000,0,0,1000,0,0,0,1000,TRUE,TRUE,TRUE,TRUE,TRUE,TRUE,TRUE,TRUE
2,1,"MAR","MatchIt_quick_weighted_PS","PATT","source_specification",1000,TRUE,"inclusive",1000,0,1000,0,1000,0,0,1000,0,0,0,1000,TRUE,TRUE,TRUE,TRUE,TRUE,TRUE,TRUE,TRUE
3,1,"MAR","MatchIt_quick_weighted_PS","PATT","source_specification",1000,TRUE,"inclusive",1000,0,1000,0,1000,0,0,1000,0,0,0,1000,TRUE,TRUE,TRUE,TRUE,TRUE,TRUE,TRUE,TRUE
1,2,"MAR","MatchIt_quick_weighted_PS","PATT","source_specification",1000,TRUE,"inclusive",1000,0,1000,0,1000,0,0,1000,0,0,0,1000,TRUE,TRUE,TRUE,TRUE,TRUE,TRUE,TRUE,TRUE
2,2,"MAR","MatchIt_quick_weighted_PS","PATT","source_specification",1000,TRUE,"inclusive",1000,0,1000,0,1000,0,0,1000,0,0,0,1000,TRUE,TRUE,TRUE,TRUE,TRUE,TRUE,TRUE,TRUE
3,2,"MAR","MatchIt_quick_weighted_PS","PATT","source_specification",1000,TRUE,"inclusive",1000,0,1000,0,1000,0,0,1000,0,0,0,1000,TRUE,TRUE,TRUE,TRUE,TRUE,TRUE,TRUE,TRUE
1,3,"MAR","MatchIt_quick_weighted_PS","PATT","source_specification",1000,TRUE,"inclusive",1000,0,1000,0,1000,0,0,1000,0,0,0,1000,TRUE,TRUE,TRUE,TRUE,TRUE,TRUE,TRUE,TRUE
2,3,"MAR","MatchIt_quick_weighted_PS","PATT","source_specification",1000,TRUE,"inclusive",1000,0,1000,0,1000,0,0,1000,0,0,0,1000,TRUE,TRUE,TRUE,TRUE,TRUE,TRUE,TRUE,TRUE
3,3,"MAR","MatchIt_quick_weighted_PS","PATT","source_specification",1000,TRUE,"inclusive",1000,0,1000,0,1000,0,0,1000,0,0,0,1000,TRUE,TRUE,TRUE,TRUE,TRUE,TRUE,TRUE,TRUE
1,4,"MAR","MatchIt_quick_weighted_PS","PATT","source_specification",1000,TRUE,"inclusive",1000,0,1000,0,1000,0,0,1000,0,0,0,1000,TRUE,TRUE,TRUE,TRUE,TRUE,TRUE,TRUE,TRUE
2,4,"MAR","MatchIt_quick_weighted_PS","PATT","source_specification",1000,TRUE,"inclusive",1000,0,1000,0,1000,0,0,1000,0,0,0,1000,TRUE,TRUE,TRUE,TRUE,TRUE,TRUE,TRUE,TRUE
3,4,"MAR","MatchIt_quick_weighted_PS","PATT","source_specification",1000,TRUE,"inclusive",1000,0,1000,0,1000,0,0,1000,0,0,0,1000,TRUE,TRUE,TRUE,TRUE,TRUE,TRUE,TRUE,TRUE
1,5,"MAR","MatchIt_quick_weighted_PS","PATT","source_specification",1000,TRUE,"inclusive",1000,0,1000,0,1000,0,0,1000,0,0,0,1000,TRUE,TRUE,TRUE,TRUE,TRUE,TRUE,TRUE,TRUE
2,5,"MAR","MatchIt_quick_weighted_PS","PATT","source_specification",1000,TRUE,"inclusive",1000,0,1000,0,1000,0,0,1000,0,0,0,1000,TRUE,TRUE,TRUE,TRUE,TRUE,TRUE,TRUE,TRUE
3,5,"MAR","MatchIt_quick_weighted_PS","PATT","source_specification",1000,TRUE,"inclusive",1000,0,1000,0,1000,0,0,1000,0,0,0,1000,TRUE,TRUE,TRUE,TRUE,TRUE,TRUE,TRUE,TRUE
1,6,"MAR","MatchIt_quick_weighted_PS","PATT","source_specification",1000,TRUE,"inclusive",1000,0,1000,0,1000,0,0,1000,0,0,0,1000,TRUE,TRUE,TRUE,TRUE,TRUE,TRUE,TRUE,TRUE
2,6,"MAR","MatchIt_quick_weighted_PS","PATT","source_specification",1000,TRUE,"inclusive",1000,0,1000,0,1000,0,0,1000,0,0,0,1000,TRUE,TRUE,TRUE,TRUE,TRUE,TRUE,TRUE,TRUE
3,6,"MAR","MatchIt_quick_weighted_PS","PATT","source_specification",1000,TRUE,"inclusive",1000,0,1000,0,1000,0,0,1000,0,0,0,1000,TRUE,TRUE,TRUE,TRUE,TRUE,TRUE,TRUE,TRUE
1,1,"MARX","MatchIt_quick_weighted_PS","PATT","source_specification",1000,TRUE,"inclusive",1000,0,1000,0,1000,0,0,1000,0,0,0,1000,TRUE,TRUE,TRUE,TRUE,TRUE,TRUE,TRUE,TRUE
2,1,"MARX","MatchIt_quick_weighted_PS","PATT","source_specification",1000,TRUE,"inclusive",1000,0,1000,0,1000,0,0,1000,0,0,0,1000,TRUE,TRUE,TRUE,TRUE,TRUE,TRUE,TRUE,TRUE
3,1,"MARX","MatchIt_quick_weighted_PS","PATT","source_specification",1000,TRUE,"inclusive",1000,0,1000,0,1000,0,0,1000,0,0,0,1000,TRUE,TRUE,TRUE,TRUE,TRUE,TRUE,TRUE,TRUE
1,2,"MARX","MatchIt_quick_weighted_PS","PATT","source_specification",1000,TRUE,"inclusive",1000,0,1000,0,1000,0,0,1000,0,0,0,1000,TRUE,TRUE,TRUE,TRUE,TRUE,TRUE,TRUE,TRUE
2,2,"MARX","MatchIt_quick_weighted_PS","PATT","source_specification",1000,TRUE,"inclusive",1000,0,1000,0,1000,0,0,1000,0,0,0,1000,TRUE,TRUE,TRUE,TRUE,TRUE,TRUE,TRUE,TRUE
3,2,"MARX","MatchIt_quick_weighted_PS","PATT","source_specification",1000,TRUE,"inclusive",1000,0,1000,0,1000,0,0,1000,0,0,0,1000,TRUE,TRUE,TRUE,TRUE,TRUE,TRUE,TRUE,TRUE
1,3,"MARX","MatchIt_quick_weighted_PS","PATT","source_specification",1000,TRUE,"inclusive",1000,0,1000,0,1000,0,0,1000,0,0,0,1000,TRUE,TRUE,TRUE,TRUE,TRUE,TRUE,TRUE,TRUE
2,3,"MARX","MatchIt_quick_weighted_PS","PATT","source_specification",1000,TRUE,"inclusive",1000,0,1000,0,1000,0,0,1000,0,0,0,1000,TRUE,TRUE,TRUE,TRUE,TRUE,TRUE,TRUE,TRUE
3,3,"MARX","MatchIt_quick_weighted_PS","PATT","source_specification",1000,TRUE,"inclusive",1000,0,1000,0,1000,0,0,1000,0,0,0,1000,TRUE,TRUE,TRUE,TRUE,TRUE,TRUE,TRUE,TRUE
1,4,"MARX","MatchIt_quick_weighted_PS","PATT","source_specification",1000,TRUE,"inclusive",1000,0,1000,0,1000,0,0,1000,0,0,0,1000,TRUE,TRUE,TRUE,TRUE,TRUE,TRUE,TRUE,TRUE
2,4,"MARX","MatchIt_quick_weighted_PS","PATT","source_specification",1000,TRUE,"inclusive",1000,0,1000,0,1000,0,0,1000,0,0,0,1000,TRUE,TRUE,TRUE,TRUE,TRUE,TRUE,TRUE,TRUE
3,4,"MARX","MatchIt_quick_weighted_PS","PATT","source_specification",1000,TRUE,"inclusive",1000,0,1000,0,1000,0,0,1000,0,0,0,1000,TRUE,TRUE,TRUE,TRUE,TRUE,TRUE,TRUE,TRUE
1,5,"MARX","MatchIt_quick_weighted_PS","PATT","source_specification",1000,TRUE,"inclusive",1000,0,1000,0,1000,0,0,1000,0,0,0,1000,TRUE,TRUE,TRUE,TRUE,TRUE,TRUE,TRUE,TRUE
2,5,"MARX","MatchIt_quick_weighted_PS","PATT","source_specification",1000,TRUE,"inclusive",1000,0,1000,0,1000,0,0,1000,0,0,0,1000,TRUE,TRUE,TRUE,TRUE,TRUE,TRUE,TRUE,TRUE
3,5,"MARX","MatchIt_quick_weighted_PS","PATT","source_specification",1000,TRUE,"inclusive",1000,0,1000,0,1000,0,0,1000,0,0,0,1000,TRUE,TRUE,TRUE,TRUE,TRUE,TRUE,TRUE,TRUE
1,6,"MARX","MatchIt_quick_weighted_PS","PATT","source_specification",1000,TRUE,"inclusive",1000,0,1000,0,1000,0,0,1000,0,0,0,1000,TRUE,TRUE,TRUE,TRUE,TRUE,TRUE,TRUE,TRUE
2,6,"MARX","MatchIt_quick_weighted_PS","PATT","source_specification",1000,TRUE,"inclusive",1000,0,1000,0,1000,0,0,1000,0,0,0,1000,TRUE,TRUE,TRUE,TRUE,TRUE,TRUE,TRUE,TRUE
3,6,"MARX","MatchIt_quick_weighted_PS","PATT","source_specification",1000,TRUE,"inclusive",1000,0,1000,0,1000,0,0,1000,0,0,0,1000,TRUE,TRUE,TRUE,TRUE,TRUE,TRUE,TRUE,TRUE
1,1,"MART","MatchIt_quick_weighted_PS","PATT","source_specification",1000,TRUE,"inclusive",1000,0,1000,0,1000,0,0,1000,0,0,0,1000,TRUE,TRUE,TRUE,TRUE,TRUE,TRUE,TRUE,TRUE
2,1,"MART","MatchIt_quick_weighted_PS","PATT","source_specification",1000,TRUE,"inclusive",1000,0,1000,0,1000,0,0,1000,0,0,0,1000,TRUE,TRUE,TRUE,TRUE,TRUE,TRUE,TRUE,TRUE
3,1,"MART","MatchIt_quick_weighted_PS","PATT","source_specification",1000,TRUE,"inclusive",1000,0,1000,0,1000,0,0,1000,0,0,0,1000,TRUE,TRUE,TRUE,TRUE,TRUE,TRUE,TRUE,TRUE
1,2,"MART","MatchIt_quick_weighted_PS","PATT","source_specification",1000,TRUE,"inclusive",1000,0,1000,0,1000,0,0,1000,0,0,0,1000,TRUE,TRUE,TRUE,TRUE,TRUE,TRUE,TRUE,TRUE
2,2,"MART","MatchIt_quick_weighted_PS","PATT","source_specification",1000,TRUE,"inclusive",1000,0,1000,0,1000,0,0,1000,0,0,0,1000,TRUE,TRUE,TRUE,TRUE,TRUE,TRUE,TRUE,TRUE
3,2,"MART","MatchIt_quick_weighted_PS","PATT","source_specification",1000,TRUE,"inclusive",1000,0,1000,0,1000,0,0,1000,0,0,0,1000,TRUE,TRUE,TRUE,TRUE,TRUE,TRUE,TRUE,TRUE
1,3,"MART","MatchIt_quick_weighted_PS","PATT","source_specification",1000,TRUE,"inclusive",1000,0,1000,0,1000,0,0,1000,0,0,0,1000,TRUE,TRUE,TRUE,TRUE,TRUE,TRUE,TRUE,TRUE
2,3,"MART","MatchIt_quick_weighted_PS","PATT","source_specification",1000,TRUE,"inclusive",1000,0,1000,0,1000,0,0,1000,0,0,0,1000,TRUE,TRUE,TRUE,TRUE,TRUE,TRUE,TRUE,TRUE
3,3,"MART","MatchIt_quick_weighted_PS","PATT","source_specification",1000,TRUE,"inclusive",1000,0,1000,0,1000,0,0,1000,0,0,0,1000,TRUE,TRUE,TRUE,TRUE,TRUE,TRUE,TRUE,TRUE
1,4,"MART","MatchIt_quick_weighted_PS","PATT","source_specification",1000,TRUE,"inclusive",1000,0,1000,0,1000,0,0,1000,0,0,0,1000,TRUE,TRUE,TRUE,TRUE,TRUE,TRUE,TRUE,TRUE
2,4,"MART","MatchIt_quick_weighted_PS","PATT","source_specification",1000,TRUE,"inclusive",1000,0,1000,0,1000,0,0,1000,0,0,0,1000,TRUE,TRUE,TRUE,TRUE,TRUE,TRUE,TRUE,TRUE
3,4,"MART","MatchIt_quick_weighted_PS","PATT","source_specification",1000,TRUE,"inclusive",1000,0,1000,0,1000,0,0,1000,0,0,0,1000,TRUE,TRUE,TRUE,TRUE,TRUE,TRUE,TRUE,TRUE
1,5,"MART","MatchIt_quick_weighted_PS","PATT","source_specification",1000,TRUE,"inclusive",1000,0,1000,0,1000,0,0,1000,0,0,0,1000,TRUE,TRUE,TRUE,TRUE,TRUE,TRUE,TRUE,TRUE
2,5,"MART","MatchIt_quick_weighted_PS","PATT","source_specification",1000,TRUE,"inclusive",1000,0,1000,0,1000,0,0,1000,0,0,0,1000,TRUE,TRUE,TRUE,TRUE,TRUE,TRUE,TRUE,TRUE
3,5,"MART","MatchIt_quick_weighted_PS","PATT","source_specification",1000,TRUE,"inclusive",1000,0,1000,0,1000,0,0,1000,0,0,0,1000,TRUE,TRUE,TRUE,TRUE,TRUE,TRUE,TRUE,TRUE
1,6,"MART","MatchIt_quick_weighted_PS","PATT","source_specification",1000,TRUE,"inclusive",1000,0,1000,0,1000,0,0,1000,0,0,0,1000,TRUE,TRUE,TRUE,TRUE,TRUE,TRUE,TRUE,TRUE
2,6,"MART","MatchIt_quick_weighted_PS","PATT","source_specification",1000,TRUE,"inclusive",1000,0,1000,0,1000,0,0,1000,0,0,0,1000,TRUE,TRUE,TRUE,TRUE,TRUE,TRUE,TRUE,TRUE
3,6,"MART","MatchIt_quick_weighted_PS","PATT","source_specification",1000,TRUE,"inclusive",1000,0,1000,0,1000,0,0,1000,0,0,0,1000,TRUE,TRUE,TRUE,TRUE,TRUE,TRUE,TRUE,TRUE
1,1,"No","MatchIt_quick_unit_PS","PATT","source_specification",1000,TRUE,"inclusive",1000,0,1000,0,1000,0,0,1000,0,0,0,0,TRUE,TRUE,TRUE,TRUE,TRUE,TRUE,TRUE,TRUE
2,1,"No","MatchIt_quick_unit_PS","PATT","source_specification",1000,TRUE,"inclusive",1000,0,1000,0,1000,0,0,1000,0,0,0,0,TRUE,TRUE,TRUE,TRUE,TRUE,TRUE,TRUE,TRUE
3,1,"No","MatchIt_quick_unit_PS","PATT","source_specification",1000,TRUE,"inclusive",1000,0,1000,0,1000,0,0,1000,0,0,0,0,TRUE,TRUE,TRUE,TRUE,TRUE,TRUE,TRUE,TRUE
1,2,"No","MatchIt_quick_unit_PS","PATT","source_specification",1000,TRUE,"inclusive",1000,0,1000,0,1000,0,0,1000,0,0,0,0,TRUE,TRUE,TRUE,TRUE,TRUE,TRUE,TRUE,TRUE
2,2,"No","MatchIt_quick_unit_PS","PATT","source_specification",1000,TRUE,"inclusive",1000,0,1000,0,1000,0,0,1000,0,0,0,0,TRUE,TRUE,TRUE,TRUE,TRUE,TRUE,TRUE,TRUE
3,2,"No","MatchIt_quick_unit_PS","PATT","source_specification",1000,TRUE,"inclusive",1000,0,1000,0,1000,0,0,1000,0,0,0,0,TRUE,TRUE,TRUE,TRUE,TRUE,TRUE,TRUE,TRUE
1,3,"No","MatchIt_quick_unit_PS","PATT","source_specification",1000,TRUE,"inclusive",1000,0,1000,0,1000,0,0,1000,0,0,0,0,TRUE,TRUE,TRUE,TRUE,TRUE,TRUE,TRUE,TRUE
2,3,"No","MatchIt_quick_unit_PS","PATT","source_specification",1000,TRUE,"inclusive",1000,0,1000,0,1000,0,0,1000,0,0,0,0,TRUE,TRUE,TRUE,TRUE,TRUE,TRUE,TRUE,TRUE
3,3,"No","MatchIt_quick_unit_PS","PATT","source_specification",1000,TRUE,"inclusive",1000,0,1000,0,1000,0,0,1000,0,0,0,0,TRUE,TRUE,TRUE,TRUE,TRUE,TRUE,TRUE,TRUE
1,4,"No","MatchIt_quick_unit_PS","PATT","source_specification",1000,TRUE,"inclusive",1000,0,1000,0,1000,0,0,1000,0,0,0,0,TRUE,TRUE,TRUE,TRUE,TRUE,TRUE,TRUE,TRUE
2,4,"No","MatchIt_quick_unit_PS","PATT","source_specification",1000,TRUE,"inclusive",1000,0,1000,0,1000,0,0,1000,0,0,0,0,TRUE,TRUE,TRUE,TRUE,TRUE,TRUE,TRUE,TRUE
3,4,"No","MatchIt_quick_unit_PS","PATT","source_specification",1000,TRUE,"inclusive",1000,0,1000,0,1000,0,0,1000,0,0,0,0,TRUE,TRUE,TRUE,TRUE,TRUE,TRUE,TRUE,TRUE
1,5,"No","MatchIt_quick_unit_PS","PATT","source_specification",1000,TRUE,"inclusive",1000,0,1000,0,1000,0,0,1000,0,0,0,0,TRUE,TRUE,TRUE,TRUE,TRUE,TRUE,TRUE,TRUE
2,5,"No","MatchIt_quick_unit_PS","PATT","source_specification",1000,TRUE,"inclusive",1000,0,1000,0,1000,0,0,1000,0,0,0,0,TRUE,TRUE,TRUE,TRUE,TRUE,TRUE,TRUE,TRUE
3,5,"No","MatchIt_quick_unit_PS","PATT","source_specification",1000,TRUE,"inclusive",1000,0,1000,0,1000,0,0,1000,0,0,0,0,TRUE,TRUE,TRUE,TRUE,TRUE,TRUE,TRUE,TRUE
1,6,"No","MatchIt_quick_unit_PS","PATT","source_specification",1000,TRUE,"inclusive",1000,0,1000,0,1000,0,0,1000,0,0,0,0,TRUE,TRUE,TRUE,TRUE,TRUE,TRUE,TRUE,TRUE
2,6,"No","MatchIt_quick_unit_PS","PATT","source_specification",1000,TRUE,"inclusive",1000,0,1000,0,1000,0,0,1000,0,0,0,0,TRUE,TRUE,TRUE,TRUE,TRUE,TRUE,TRUE,TRUE
3,6,"No","MatchIt_quick_unit_PS","PATT","source_specification",1000,TRUE,"inclusive",1000,0,1000,0,1000,0,0,1000,0,0,0,0,TRUE,TRUE,TRUE,TRUE,TRUE,TRUE,TRUE,TRUE
1,1,"MAR","MatchIt_quick_unit_PS","PATT","source_specification",1000,TRUE,"inclusive",1000,0,1000,0,1000,0,0,1000,0,0,0,1000,TRUE,TRUE,TRUE,TRUE,TRUE,TRUE,TRUE,TRUE
2,1,"MAR","MatchIt_quick_unit_PS","PATT","source_specification",1000,TRUE,"inclusive",1000,0,1000,0,1000,0,0,1000,0,0,0,1000,TRUE,TRUE,TRUE,TRUE,TRUE,TRUE,TRUE,TRUE
3,1,"MAR","MatchIt_quick_unit_PS","PATT","source_specification",1000,TRUE,"inclusive",1000,0,1000,0,1000,0,0,1000,0,0,0,1000,TRUE,TRUE,TRUE,TRUE,TRUE,TRUE,TRUE,TRUE
1,2,"MAR","MatchIt_quick_unit_PS","PATT","source_specification",1000,TRUE,"inclusive",1000,0,1000,0,1000,0,0,1000,0,0,0,1000,TRUE,TRUE,TRUE,TRUE,TRUE,TRUE,TRUE,TRUE
2,2,"MAR","MatchIt_quick_unit_PS","PATT","source_specification",1000,TRUE,"inclusive",1000,0,1000,0,1000,0,0,1000,0,0,0,1000,TRUE,TRUE,TRUE,TRUE,TRUE,TRUE,TRUE,TRUE
3,2,"MAR","MatchIt_quick_unit_PS","PATT","source_specification",1000,TRUE,"inclusive",1000,0,1000,0,1000,0,0,1000,0,0,0,1000,TRUE,TRUE,TRUE,TRUE,TRUE,TRUE,TRUE,TRUE
1,3,"MAR","MatchIt_quick_unit_PS","PATT","source_specification",1000,TRUE,"inclusive",1000,0,1000,0,1000,0,0,1000,0,0,0,1000,TRUE,TRUE,TRUE,TRUE,TRUE,TRUE,TRUE,TRUE
2,3,"MAR","MatchIt_quick_unit_PS","PATT","source_specification",1000,TRUE,"inclusive",1000,0,1000,0,1000,0,0,1000,0,0,0,1000,TRUE,TRUE,TRUE,TRUE,TRUE,TRUE,TRUE,TRUE
3,3,"MAR","MatchIt_quick_unit_PS","PATT","source_specification",1000,TRUE,"inclusive",1000,0,1000,0,1000,0,0,1000,0,0,0,1000,TRUE,TRUE,TRUE,TRUE,TRUE,TRUE,TRUE,TRUE
1,4,"MAR","MatchIt_quick_unit_PS","PATT","source_specification",1000,TRUE,"inclusive",1000,0,1000,0,1000,0,0,1000,0,0,0,1000,TRUE,TRUE,TRUE,TRUE,TRUE,TRUE,TRUE,TRUE
2,4,"MAR","MatchIt_quick_unit_PS","PATT","source_specification",1000,TRUE,"inclusive",1000,0,1000,0,1000,0,0,1000,0,0,0,1000,TRUE,TRUE,TRUE,TRUE,TRUE,TRUE,TRUE,TRUE
3,4,"MAR","MatchIt_quick_unit_PS","PATT","source_specification",1000,TRUE,"inclusive",1000,0,1000,0,1000,0,0,1000,0,0,0,1000,TRUE,TRUE,TRUE,TRUE,TRUE,TRUE,TRUE,TRUE
1,5,"MAR","MatchIt_quick_unit_PS","PATT","source_specification",1000,TRUE,"inclusive",1000,0,1000,0,1000,0,0,1000,0,0,0,1000,TRUE,TRUE,TRUE,TRUE,TRUE,TRUE,TRUE,TRUE
2,5,"MAR","MatchIt_quick_unit_PS","PATT","source_specification",1000,TRUE,"inclusive",1000,0,1000,0,1000,0,0,1000,0,0,0,1000,TRUE,TRUE,TRUE,TRUE,TRUE,TRUE,TRUE,TRUE
3,5,"MAR","MatchIt_quick_unit_PS","PATT","source_specification",1000,TRUE,"inclusive",1000,0,1000,0,1000,0,0,1000,0,0,0,1000,TRUE,TRUE,TRUE,TRUE,TRUE,TRUE,TRUE,TRUE
1,6,"MAR","MatchIt_quick_unit_PS","PATT","source_specification",1000,TRUE,"inclusive",1000,0,1000,0,1000,0,0,1000,0,0,0,1000,TRUE,TRUE,TRUE,TRUE,TRUE,TRUE,TRUE,TRUE
2,6,"MAR","MatchIt_quick_unit_PS","PATT","source_specification",1000,TRUE,"inclusive",1000,0,1000,0,1000,0,0,1000,0,0,0,1000,TRUE,TRUE,TRUE,TRUE,TRUE,TRUE,TRUE,TRUE
3,6,"MAR","MatchIt_quick_unit_PS","PATT","source_specification",1000,TRUE,"inclusive",1000,0,1000,0,1000,0,0,1000,0,0,0,1000,TRUE,TRUE,TRUE,TRUE,TRUE,TRUE,TRUE,TRUE
1,1,"MARX","MatchIt_quick_unit_PS","PATT","source_specification",1000,TRUE,"inclusive",1000,0,1000,0,1000,0,0,1000,0,0,0,1000,TRUE,TRUE,TRUE,TRUE,TRUE,TRUE,TRUE,TRUE
2,1,"MARX","MatchIt_quick_unit_PS","PATT","source_specification",1000,TRUE,"inclusive",1000,0,1000,0,1000,0,0,1000,0,0,0,1000,TRUE,TRUE,TRUE,TRUE,TRUE,TRUE,TRUE,TRUE
3,1,"MARX","MatchIt_quick_unit_PS","PATT","source_specification",1000,TRUE,"inclusive",1000,0,1000,0,1000,0,0,1000,0,0,0,1000,TRUE,TRUE,TRUE,TRUE,TRUE,TRUE,TRUE,TRUE
1,2,"MARX","MatchIt_quick_unit_PS","PATT","source_specification",1000,TRUE,"inclusive",1000,0,1000,0,1000,0,0,1000,0,0,0,1000,TRUE,TRUE,TRUE,TRUE,TRUE,TRUE,TRUE,TRUE
2,2,"MARX","MatchIt_quick_unit_PS","PATT","source_specification",1000,TRUE,"inclusive",1000,0,1000,0,1000,0,0,1000,0,0,0,1000,TRUE,TRUE,TRUE,TRUE,TRUE,TRUE,TRUE,TRUE
3,2,"MARX","MatchIt_quick_unit_PS","PATT","source_specification",1000,TRUE,"inclusive",1000,0,1000,0,1000,0,0,1000,0,0,0,1000,TRUE,TRUE,TRUE,TRUE,TRUE,TRUE,TRUE,TRUE
1,3,"MARX","MatchIt_quick_unit_PS","PATT","source_specification",1000,TRUE,"inclusive",1000,0,1000,0,1000,0,0,1000,0,0,0,1000,TRUE,TRUE,TRUE,TRUE,TRUE,TRUE,TRUE,TRUE
2,3,"MARX","MatchIt_quick_unit_PS","PATT","source_specification",1000,TRUE,"inclusive",1000,0,1000,0,1000,0,0,1000,0,0,0,1000,TRUE,TRUE,TRUE,TRUE,TRUE,TRUE,TRUE,TRUE
3,3,"MARX","MatchIt_quick_unit_PS","PATT","source_specification",1000,TRUE,"inclusive",1000,0,1000,0,1000,0,0,1000,0,0,0,1000,TRUE,TRUE,TRUE,TRUE,TRUE,TRUE,TRUE,TRUE
1,4,"MARX","MatchIt_quick_unit_PS","PATT","source_specification",1000,TRUE,"inclusive",1000,0,1000,0,1000,0,0,1000,0,0,0,1000,TRUE,TRUE,TRUE,TRUE,TRUE,TRUE,TRUE,TRUE
2,4,"MARX","MatchIt_quick_unit_PS","PATT","source_specification",1000,TRUE,"inclusive",1000,0,1000,0,1000,0,0,1000,0,0,0,1000,TRUE,TRUE,TRUE,TRUE,TRUE,TRUE,TRUE,TRUE
3,4,"MARX","MatchIt_quick_unit_PS","PATT","source_specification",1000,TRUE,"inclusive",1000,0,1000,0,1000,0,0,1000,0,0,0,1000,TRUE,TRUE,TRUE,TRUE,TRUE,TRUE,TRUE,TRUE
1,5,"MARX","MatchIt_quick_unit_PS","PATT","source_specification",1000,TRUE,"inclusive",1000,0,1000,0,1000,0,0,1000,0,0,0,1000,TRUE,TRUE,TRUE,TRUE,TRUE,TRUE,TRUE,TRUE
2,5,"MARX","MatchIt_quick_unit_PS","PATT","source_specification",1000,TRUE,"inclusive",1000,0,1000,0,1000,0,0,1000,0,0,0,1000,TRUE,TRUE,TRUE,TRUE,TRUE,TRUE,TRUE,TRUE
3,5,"MARX","MatchIt_quick_unit_PS","PATT","source_specification",1000,TRUE,"inclusive",1000,0,1000,0,1000,0,0,1000,0,0,0,1000,TRUE,TRUE,TRUE,TRUE,TRUE,TRUE,TRUE,TRUE
1,6,"MARX","MatchIt_quick_unit_PS","PATT","source_specification",1000,TRUE,"inclusive",1000,0,1000,0,1000,0,0,1000,0,0,0,1000,TRUE,TRUE,TRUE,TRUE,TRUE,TRUE,TRUE,TRUE
2,6,"MARX","MatchIt_quick_unit_PS","PATT","source_specification",1000,TRUE,"inclusive",1000,0,1000,0,1000,0,0,1000,0,0,0,1000,TRUE,TRUE,TRUE,TRUE,TRUE,TRUE,TRUE,TRUE
3,6,"MARX","MatchIt_quick_unit_PS","PATT","source_specification",1000,TRUE,"inclusive",1000,0,1000,0,1000,0,0,1000,0,0,0,1000,TRUE,TRUE,TRUE,TRUE,TRUE,TRUE,TRUE,TRUE
1,1,"MART","MatchIt_quick_unit_PS","PATT","source_specification",1000,TRUE,"inclusive",1000,0,1000,0,1000,0,0,1000,0,0,0,1000,TRUE,TRUE,TRUE,TRUE,TRUE,TRUE,TRUE,TRUE
2,1,"MART","MatchIt_quick_unit_PS","PATT","source_specification",1000,TRUE,"inclusive",1000,0,1000,0,1000,0,0,1000,0,0,0,1000,TRUE,TRUE,TRUE,TRUE,TRUE,TRUE,TRUE,TRUE
3,1,"MART","MatchIt_quick_unit_PS","PATT","source_specification",1000,TRUE,"inclusive",1000,0,1000,0,1000,0,0,1000,0,0,0,1000,TRUE,TRUE,TRUE,TRUE,TRUE,TRUE,TRUE,TRUE
1,2,"MART","MatchIt_quick_unit_PS","PATT","source_specification",1000,TRUE,"inclusive",1000,0,1000,0,1000,0,0,1000,0,0,0,1000,TRUE,TRUE,TRUE,TRUE,TRUE,TRUE,TRUE,TRUE
2,2,"MART","MatchIt_quick_unit_PS","PATT","source_specification",1000,TRUE,"inclusive",1000,0,1000,0,1000,0,0,1000,0,0,0,1000,TRUE,TRUE,TRUE,TRUE,TRUE,TRUE,TRUE,TRUE
3,2,"MART","MatchIt_quick_unit_PS","PATT","source_specification",1000,TRUE,"inclusive",1000,0,1000,0,1000,0,0,1000,0,0,0,1000,TRUE,TRUE,TRUE,TRUE,TRUE,TRUE,TRUE,TRUE
1,3,"MART","MatchIt_quick_unit_PS","PATT","source_specification",1000,TRUE,"inclusive",1000,0,1000,0,1000,0,0,1000,0,0,0,1000,TRUE,TRUE,TRUE,TRUE,TRUE,TRUE,TRUE,TRUE
2,3,"MART","MatchIt_quick_unit_PS","PATT","source_specification",1000,TRUE,"inclusive",1000,0,1000,0,1000,0,0,1000,0,0,0,1000,TRUE,TRUE,TRUE,TRUE,TRUE,TRUE,TRUE,TRUE
3,3,"MART","MatchIt_quick_unit_PS","PATT","source_specification",1000,TRUE,"inclusive",1000,0,1000,0,1000,0,0,1000,0,0,0,1000,TRUE,TRUE,TRUE,TRUE,TRUE,TRUE,TRUE,TRUE
1,4,"MART","MatchIt_quick_unit_PS","PATT","source_specification",1000,TRUE,"inclusive",1000,0,1000,0,1000,0,0,1000,0,0,0,1000,TRUE,TRUE,TRUE,TRUE,TRUE,TRUE,TRUE,TRUE
2,4,"MART","MatchIt_quick_unit_PS","PATT","source_specification",1000,TRUE,"inclusive",1000,0,1000,0,1000,0,0,1000,0,0,0,1000,TRUE,TRUE,TRUE,TRUE,TRUE,TRUE,TRUE,TRUE
3,4,"MART","MatchIt_quick_unit_PS","PATT","source_specification",1000,TRUE,"inclusive",1000,0,1000,0,1000,0,0,1000,0,0,0,1000,TRUE,TRUE,TRUE,TRUE,TRUE,TRUE,TRUE,TRUE
1,5,"MART","MatchIt_quick_unit_PS","PATT","source_specification",1000,TRUE,"inclusive",1000,0,1000,0,1000,0,0,1000,0,0,0,1000,TRUE,TRUE,TRUE,TRUE,TRUE,TRUE,TRUE,TRUE
2,5,"MART","MatchIt_quick_unit_PS","PATT","source_specification",1000,TRUE,"inclusive",1000,0,1000,0,1000,0,0,1000,0,0,0,1000,TRUE,TRUE,TRUE,TRUE,TRUE,TRUE,TRUE,TRUE
3,5,"MART","MatchIt_quick_unit_PS","PATT","source_specification",1000,TRUE,"inclusive",1000,0,1000,0,1000,0,0,1000,0,0,0,1000,TRUE,TRUE,TRUE,TRUE,TRUE,TRUE,TRUE,TRUE
1,6,"MART","MatchIt_quick_unit_PS","PATT","source_specification",1000,TRUE,"inclusive",1000,0,1000,0,1000,0,0,1000,0,0,0,1000,TRUE,TRUE,TRUE,TRUE,TRUE,TRUE,TRUE,TRUE
2,6,"MART","MatchIt_quick_unit_PS","PATT","source_specification",1000,TRUE,"inclusive",1000,0,1000,0,1000,0,0,1000,0,0,0,1000,TRUE,TRUE,TRUE,TRUE,TRUE,TRUE,TRUE,TRUE
3,6,"MART","MatchIt_quick_unit_PS","PATT","source_specification",1000,TRUE,"inclusive",1000,0,1000,0,1000,0,0,1000,0,0,0,1000,TRUE,TRUE,TRUE,TRUE,TRUE,TRUE,TRUE,TRUE
1,1,"No","WM_PS_M1","PATT","source_specification",1000,TRUE,"inclusive",1000,0,1000,0,1000,0,0,1000,0,0,0,0,TRUE,TRUE,TRUE,TRUE,TRUE,TRUE,TRUE,TRUE
2,1,"No","WM_PS_M1","PATT","source_specification",1000,TRUE,"inclusive",1000,0,1000,0,1000,0,0,1000,0,0,0,0,TRUE,TRUE,TRUE,TRUE,TRUE,TRUE,TRUE,TRUE
3,1,"No","WM_PS_M1","PATT","source_specification",1000,TRUE,"inclusive",1000,0,1000,0,1000,0,0,1000,0,0,0,0,TRUE,TRUE,TRUE,TRUE,TRUE,TRUE,TRUE,TRUE
1,2,"No","WM_PS_M1","PATT","source_specification",1000,TRUE,"inclusive",1000,0,1000,0,1000,0,0,1000,0,0,0,0,TRUE,TRUE,TRUE,TRUE,TRUE,TRUE,TRUE,TRUE
2,2,"No","WM_PS_M1","PATT","source_specification",1000,TRUE,"inclusive",1000,0,1000,0,1000,0,0,1000,0,0,0,0,TRUE,TRUE,TRUE,TRUE,TRUE,TRUE,TRUE,TRUE
3,2,"No","WM_PS_M1","PATT","source_specification",1000,TRUE,"inclusive",1000,0,1000,0,1000,0,0,1000,0,0,0,0,TRUE,TRUE,TRUE,TRUE,TRUE,TRUE,TRUE,TRUE
1,3,"No","WM_PS_M1","PATT","source_specification",1000,TRUE,"inclusive",1000,0,1000,0,1000,0,0,1000,0,0,0,0,TRUE,TRUE,TRUE,TRUE,TRUE,TRUE,TRUE,TRUE
2,3,"No","WM_PS_M1","PATT","source_specification",1000,TRUE,"inclusive",1000,0,1000,0,1000,0,0,1000,0,0,0,0,TRUE,TRUE,TRUE,TRUE,TRUE,TRUE,TRUE,TRUE
3,3,"No","WM_PS_M1","PATT","source_specification",1000,TRUE,"inclusive",1000,0,1000,0,1000,0,0,1000,0,0,0,0,TRUE,TRUE,TRUE,TRUE,TRUE,TRUE,TRUE,TRUE
1,4,"No","WM_PS_M1","PATT","source_specification",1000,TRUE,"inclusive",1000,0,1000,0,1000,0,0,1000,0,0,0,0,TRUE,TRUE,TRUE,TRUE,TRUE,TRUE,TRUE,TRUE
2,4,"No","WM_PS_M1","PATT","source_specification",1000,TRUE,"inclusive",1000,0,1000,0,1000,0,0,1000,0,0,0,0,TRUE,TRUE,TRUE,TRUE,TRUE,TRUE,TRUE,TRUE
3,4,"No","WM_PS_M1","PATT","source_specification",1000,TRUE,"inclusive",1000,0,1000,0,1000,0,0,1000,0,0,0,0,TRUE,TRUE,TRUE,TRUE,TRUE,TRUE,TRUE,TRUE
1,5,"No","WM_PS_M1","PATT","source_specification",1000,TRUE,"inclusive",1000,0,1000,0,1000,0,0,1000,0,0,0,0,TRUE,TRUE,TRUE,TRUE,TRUE,TRUE,TRUE,TRUE
2,5,"No","WM_PS_M1","PATT","source_specification",1000,TRUE,"inclusive",1000,0,1000,0,1000,0,0,1000,0,0,0,0,TRUE,TRUE,TRUE,TRUE,TRUE,TRUE,TRUE,TRUE
3,5,"No","WM_PS_M1","PATT","source_specification",1000,TRUE,"inclusive",1000,0,1000,0,1000,0,0,1000,0,0,0,0,TRUE,TRUE,TRUE,TRUE,TRUE,TRUE,TRUE,TRUE
1,6,"No","WM_PS_M1","PATT","source_specification",1000,TRUE,"inclusive",1000,0,1000,0,1000,0,0,1000,0,0,0,0,TRUE,TRUE,TRUE,TRUE,TRUE,TRUE,TRUE,TRUE
2,6,"No","WM_PS_M1","PATT","source_specification",1000,TRUE,"inclusive",1000,0,1000,0,1000,0,0,1000,0,0,0,0,TRUE,TRUE,TRUE,TRUE,TRUE,TRUE,TRUE,TRUE
3,6,"No","WM_PS_M1","PATT","source_specification",1000,TRUE,"inclusive",1000,0,1000,0,1000,0,0,1000,0,0,0,0,TRUE,TRUE,TRUE,TRUE,TRUE,TRUE,TRUE,TRUE
1,1,"MAR","WM_PS_M1","PATT","source_specification",1000,TRUE,"inclusive",1000,0,1000,0,1000,0,0,1000,0,0,0,1000,TRUE,TRUE,TRUE,TRUE,TRUE,TRUE,TRUE,TRUE
2,1,"MAR","WM_PS_M1","PATT","source_specification",1000,TRUE,"inclusive",1000,0,1000,0,1000,0,0,1000,0,0,0,1000,TRUE,TRUE,TRUE,TRUE,TRUE,TRUE,TRUE,TRUE
3,1,"MAR","WM_PS_M1","PATT","source_specification",1000,TRUE,"inclusive",1000,0,1000,0,1000,0,0,1000,0,0,0,1000,TRUE,TRUE,TRUE,TRUE,TRUE,TRUE,TRUE,TRUE
1,2,"MAR","WM_PS_M1","PATT","source_specification",1000,TRUE,"inclusive",1000,0,1000,0,1000,0,0,1000,0,0,0,1000,TRUE,TRUE,TRUE,TRUE,TRUE,TRUE,TRUE,TRUE
2,2,"MAR","WM_PS_M1","PATT","source_specification",1000,TRUE,"inclusive",1000,0,1000,0,1000,0,0,1000,0,0,0,1000,TRUE,TRUE,TRUE,TRUE,TRUE,TRUE,TRUE,TRUE
3,2,"MAR","WM_PS_M1","PATT","source_specification",1000,TRUE,"inclusive",1000,0,1000,0,1000,0,0,1000,0,0,0,1000,TRUE,TRUE,TRUE,TRUE,TRUE,TRUE,TRUE,TRUE
1,3,"MAR","WM_PS_M1","PATT","source_specification",1000,TRUE,"inclusive",1000,0,1000,0,1000,0,0,1000,0,0,0,1000,TRUE,TRUE,TRUE,TRUE,TRUE,TRUE,TRUE,TRUE
2,3,"MAR","WM_PS_M1","PATT","source_specification",1000,TRUE,"inclusive",1000,0,1000,0,1000,0,0,1000,0,0,0,1000,TRUE,TRUE,TRUE,TRUE,TRUE,TRUE,TRUE,TRUE
3,3,"MAR","WM_PS_M1","PATT","source_specification",1000,TRUE,"inclusive",1000,0,1000,0,1000,0,0,1000,0,0,0,1000,TRUE,TRUE,TRUE,TRUE,TRUE,TRUE,TRUE,TRUE
1,4,"MAR","WM_PS_M1","PATT","source_specification",1000,TRUE,"inclusive",1000,0,1000,0,1000,0,0,1000,0,0,0,1000,TRUE,TRUE,TRUE,TRUE,TRUE,TRUE,TRUE,TRUE
2,4,"MAR","WM_PS_M1","PATT","source_specification",1000,TRUE,"inclusive",1000,0,1000,0,1000,0,0,1000,0,0,0,1000,TRUE,TRUE,TRUE,TRUE,TRUE,TRUE,TRUE,TRUE
3,4,"MAR","WM_PS_M1","PATT","source_specification",1000,TRUE,"inclusive",1000,0,1000,0,1000,0,0,1000,0,0,0,1000,TRUE,TRUE,TRUE,TRUE,TRUE,TRUE,TRUE,TRUE
1,5,"MAR","WM_PS_M1","PATT","source_specification",1000,TRUE,"inclusive",1000,0,1000,0,1000,0,0,1000,0,0,0,1000,TRUE,TRUE,TRUE,TRUE,TRUE,TRUE,TRUE,TRUE
2,5,"MAR","WM_PS_M1","PATT","source_specification",1000,TRUE,"inclusive",1000,0,1000,0,1000,0,0,1000,0,0,0,1000,TRUE,TRUE,TRUE,TRUE,TRUE,TRUE,TRUE,TRUE
3,5,"MAR","WM_PS_M1","PATT","source_specification",1000,TRUE,"inclusive",1000,0,1000,0,1000,0,0,1000,0,0,0,1000,TRUE,TRUE,TRUE,TRUE,TRUE,TRUE,TRUE,TRUE
1,6,"MAR","WM_PS_M1","PATT","source_specification",1000,TRUE,"inclusive",1000,0,1000,0,1000,0,0,1000,0,0,0,1000,TRUE,TRUE,TRUE,TRUE,TRUE,TRUE,TRUE,TRUE
2,6,"MAR","WM_PS_M1","PATT","source_specification",1000,TRUE,"inclusive",1000,0,1000,0,1000,0,0,1000,0,0,0,1000,TRUE,TRUE,TRUE,TRUE,TRUE,TRUE,TRUE,TRUE
3,6,"MAR","WM_PS_M1","PATT","source_specification",1000,TRUE,"inclusive",1000,0,1000,0,1000,0,0,1000,0,0,0,1000,TRUE,TRUE,TRUE,TRUE,TRUE,TRUE,TRUE,TRUE
1,1,"MARX","WM_PS_M1","PATT","source_specification",1000,TRUE,"inclusive",1000,0,1000,0,1000,0,0,1000,0,0,0,1000,TRUE,TRUE,TRUE,TRUE,TRUE,TRUE,TRUE,TRUE
2,1,"MARX","WM_PS_M1","PATT","source_specification",1000,TRUE,"inclusive",1000,0,1000,0,1000,0,0,1000,0,0,0,1000,TRUE,TRUE,TRUE,TRUE,TRUE,TRUE,TRUE,TRUE
3,1,"MARX","WM_PS_M1","PATT","source_specification",1000,TRUE,"inclusive",1000,0,1000,0,1000,0,0,1000,0,0,0,1000,TRUE,TRUE,TRUE,TRUE,TRUE,TRUE,TRUE,TRUE
1,2,"MARX","WM_PS_M1","PATT","source_specification",1000,TRUE,"inclusive",1000,0,1000,0,1000,0,0,1000,0,0,0,1000,TRUE,TRUE,TRUE,TRUE,TRUE,TRUE,TRUE,TRUE
2,2,"MARX","WM_PS_M1","PATT","source_specification",1000,TRUE,"inclusive",1000,0,1000,0,1000,0,0,1000,0,0,0,1000,TRUE,TRUE,TRUE,TRUE,TRUE,TRUE,TRUE,TRUE
3,2,"MARX","WM_PS_M1","PATT","source_specification",1000,TRUE,"inclusive",1000,0,1000,0,1000,0,0,1000,0,0,0,1000,TRUE,TRUE,TRUE,TRUE,TRUE,TRUE,TRUE,TRUE
1,3,"MARX","WM_PS_M1","PATT","source_specification",1000,TRUE,"inclusive",1000,0,1000,0,1000,0,0,1000,0,0,0,1000,TRUE,TRUE,TRUE,TRUE,TRUE,TRUE,TRUE,TRUE
2,3,"MARX","WM_PS_M1","PATT","source_specification",1000,TRUE,"inclusive",1000,0,1000,0,1000,0,0,1000,0,0,0,1000,TRUE,TRUE,TRUE,TRUE,TRUE,TRUE,TRUE,TRUE
3,3,"MARX","WM_PS_M1","PATT","source_specification",1000,TRUE,"inclusive",1000,0,1000,0,1000,0,0,1000,0,0,0,1000,TRUE,TRUE,TRUE,TRUE,TRUE,TRUE,TRUE,TRUE
1,4,"MARX","WM_PS_M1","PATT","source_specification",1000,TRUE,"inclusive",1000,0,1000,0,1000,0,0,1000,0,0,0,1000,TRUE,TRUE,TRUE,TRUE,TRUE,TRUE,TRUE,TRUE
2,4,"MARX","WM_PS_M1","PATT","source_specification",1000,TRUE,"inclusive",1000,0,1000,0,1000,0,0,1000,0,0,0,1000,TRUE,TRUE,TRUE,TRUE,TRUE,TRUE,TRUE,TRUE
3,4,"MARX","WM_PS_M1","PATT","source_specification",1000,TRUE,"inclusive",1000,0,1000,0,1000,0,0,1000,0,0,0,1000,TRUE,TRUE,TRUE,TRUE,TRUE,TRUE,TRUE,TRUE
1,5,"MARX","WM_PS_M1","PATT","source_specification",1000,TRUE,"inclusive",1000,0,1000,0,1000,0,0,1000,0,0,0,1000,TRUE,TRUE,TRUE,TRUE,TRUE,TRUE,TRUE,TRUE
2,5,"MARX","WM_PS_M1","PATT","source_specification",1000,TRUE,"inclusive",1000,0,1000,0,1000,0,0,1000,0,0,0,1000,TRUE,TRUE,TRUE,TRUE,TRUE,TRUE,TRUE,TRUE
3,5,"MARX","WM_PS_M1","PATT","source_specification",1000,TRUE,"inclusive",1000,0,1000,0,1000,0,0,1000,0,0,0,1000,TRUE,TRUE,TRUE,TRUE,TRUE,TRUE,TRUE,TRUE
1,6,"MARX","WM_PS_M1","PATT","source_specification",1000,TRUE,"inclusive",1000,0,1000,0,1000,0,0,1000,0,0,0,1000,TRUE,TRUE,TRUE,TRUE,TRUE,TRUE,TRUE,TRUE
2,6,"MARX","WM_PS_M1","PATT","source_specification",1000,TRUE,"inclusive",1000,0,1000,0,1000,0,0,1000,0,0,0,1000,TRUE,TRUE,TRUE,TRUE,TRUE,TRUE,TRUE,TRUE
3,6,"MARX","WM_PS_M1","PATT","source_specification",1000,TRUE,"inclusive",1000,0,1000,0,1000,0,0,1000,0,0,0,1000,TRUE,TRUE,TRUE,TRUE,TRUE,TRUE,TRUE,TRUE
1,1,"MART","WM_PS_M1","PATT","source_specification",1000,TRUE,"inclusive",1000,0,1000,0,1000,0,0,1000,0,0,0,1000,TRUE,TRUE,TRUE,TRUE,TRUE,TRUE,TRUE,TRUE
2,1,"MART","WM_PS_M1","PATT","source_specification",1000,TRUE,"inclusive",1000,0,1000,0,1000,0,0,1000,0,0,0,1000,TRUE,TRUE,TRUE,TRUE,TRUE,TRUE,TRUE,TRUE
3,1,"MART","WM_PS_M1","PATT","source_specification",1000,TRUE,"inclusive",1000,0,1000,0,1000,0,0,1000,0,0,0,1000,TRUE,TRUE,TRUE,TRUE,TRUE,TRUE,TRUE,TRUE
1,2,"MART","WM_PS_M1","PATT","source_specification",1000,TRUE,"inclusive",1000,0,1000,0,1000,0,0,1000,0,0,0,1000,TRUE,TRUE,TRUE,TRUE,TRUE,TRUE,TRUE,TRUE
2,2,"MART","WM_PS_M1","PATT","source_specification",1000,TRUE,"inclusive",1000,0,1000,0,1000,0,0,1000,0,0,0,1000,TRUE,TRUE,TRUE,TRUE,TRUE,TRUE,TRUE,TRUE
3,2,"MART","WM_PS_M1","PATT","source_specification",1000,TRUE,"inclusive",1000,0,1000,0,1000,0,0,1000,0,0,0,1000,TRUE,TRUE,TRUE,TRUE,TRUE,TRUE,TRUE,TRUE
1,3,"MART","WM_PS_M1","PATT","source_specification",1000,TRUE,"inclusive",1000,0,1000,0,1000,0,0,1000,0,0,0,1000,TRUE,TRUE,TRUE,TRUE,TRUE,TRUE,TRUE,TRUE
2,3,"MART","WM_PS_M1","PATT","source_specification",1000,TRUE,"inclusive",1000,0,1000,0,1000,0,0,1000,0,0,0,1000,TRUE,TRUE,TRUE,TRUE,TRUE,TRUE,TRUE,TRUE
3,3,"MART","WM_PS_M1","PATT","source_specification",1000,TRUE,"inclusive",1000,0,1000,0,1000,0,0,1000,0,0,0,1000,TRUE,TRUE,TRUE,TRUE,TRUE,TRUE,TRUE,TRUE
1,4,"MART","WM_PS_M1","PATT","source_specification",1000,TRUE,"inclusive",1000,0,1000,0,1000,0,0,1000,0,0,0,1000,TRUE,TRUE,TRUE,TRUE,TRUE,TRUE,TRUE,TRUE
2,4,"MART","WM_PS_M1","PATT","source_specification",1000,TRUE,"inclusive",1000,0,1000,0,1000,0,0,1000,0,0,0,1000,TRUE,TRUE,TRUE,TRUE,TRUE,TRUE,TRUE,TRUE
3,4,"MART","WM_PS_M1","PATT","source_specification",1000,TRUE,"inclusive",1000,0,1000,0,1000,0,0,1000,0,0,0,1000,TRUE,TRUE,TRUE,TRUE,TRUE,TRUE,TRUE,TRUE
1,5,"MART","WM_PS_M1","PATT","source_specification",1000,TRUE,"inclusive",1000,0,1000,0,1000,0,0,1000,0,0,0,1000,TRUE,TRUE,TRUE,TRUE,TRUE,TRUE,TRUE,TRUE
2,5,"MART","WM_PS_M1","PATT","source_specification",1000,TRUE,"inclusive",1000,0,1000,0,1000,0,0,1000,0,0,0,1000,TRUE,TRUE,TRUE,TRUE,TRUE,TRUE,TRUE,TRUE
3,5,"MART","WM_PS_M1","PATT","source_specification",1000,TRUE,"inclusive",1000,0,1000,0,1000,0,0,1000,0,0,0,1000,TRUE,TRUE,TRUE,TRUE,TRUE,TRUE,TRUE,TRUE
1,6,"MART","WM_PS_M1","PATT","source_specification",1000,TRUE,"inclusive",1000,0,1000,0,1000,0,0,1000,0,0,0,1000,TRUE,TRUE,TRUE,TRUE,TRUE,TRUE,TRUE,TRUE
2,6,"MART","WM_PS_M1","PATT","source_specification",1000,TRUE,"inclusive",1000,0,1000,0,1000,0,0,1000,0,0,0,1000,TRUE,TRUE,TRUE,TRUE,TRUE,TRUE,TRUE,TRUE
3,6,"MART","WM_PS_M1","PATT","source_specification",1000,TRUE,"inclusive",1000,0,1000,0,1000,0,0,1000,0,0,0,1000,TRUE,TRUE,TRUE,TRUE,TRUE,TRUE,TRUE,TRUE
1,1,"No","WM_DSM_M1","PATT","source_specification",1000,TRUE,"inclusive",1000,0,1000,0,1000,0,0,1000,0,0,0,0,TRUE,TRUE,TRUE,TRUE,TRUE,TRUE,TRUE,TRUE
2,1,"No","WM_DSM_M1","PATT","source_specification",1000,TRUE,"inclusive",1000,0,1000,0,1000,0,0,1000,0,0,0,0,TRUE,TRUE,TRUE,TRUE,TRUE,TRUE,TRUE,TRUE
3,1,"No","WM_DSM_M1","PATT","source_specification",1000,TRUE,"inclusive",1000,0,1000,0,1000,0,0,1000,0,0,0,0,TRUE,TRUE,TRUE,TRUE,TRUE,TRUE,TRUE,TRUE
1,2,"No","WM_DSM_M1","PATT","source_specification",1000,TRUE,"inclusive",1000,0,1000,0,1000,0,0,1000,0,0,0,0,TRUE,TRUE,TRUE,TRUE,TRUE,TRUE,TRUE,TRUE
2,2,"No","WM_DSM_M1","PATT","source_specification",1000,TRUE,"inclusive",1000,0,1000,0,1000,0,0,1000,0,0,0,0,TRUE,TRUE,TRUE,TRUE,TRUE,TRUE,TRUE,TRUE
3,2,"No","WM_DSM_M1","PATT","source_specification",1000,TRUE,"inclusive",1000,0,1000,0,1000,0,0,1000,0,0,0,0,TRUE,TRUE,TRUE,TRUE,TRUE,TRUE,TRUE,TRUE
1,3,"No","WM_DSM_M1","PATT","source_specification",1000,TRUE,"inclusive",1000,0,1000,0,1000,0,0,1000,0,0,0,0,TRUE,TRUE,TRUE,TRUE,TRUE,TRUE,TRUE,TRUE
2,3,"No","WM_DSM_M1","PATT","source_specification",1000,TRUE,"inclusive",1000,0,1000,0,1000,0,0,1000,0,0,0,0,TRUE,TRUE,TRUE,TRUE,TRUE,TRUE,TRUE,TRUE
3,3,"No","WM_DSM_M1","PATT","source_specification",1000,TRUE,"inclusive",1000,0,1000,0,1000,0,0,1000,0,0,0,0,TRUE,TRUE,TRUE,TRUE,TRUE,TRUE,TRUE,TRUE
1,4,"No","WM_DSM_M1","PATT","source_specification",1000,TRUE,"inclusive",1000,0,1000,0,1000,0,0,1000,0,0,0,0,TRUE,TRUE,TRUE,TRUE,TRUE,TRUE,TRUE,TRUE
2,4,"No","WM_DSM_M1","PATT","source_specification",1000,TRUE,"inclusive",1000,0,1000,0,1000,0,0,1000,0,0,0,0,TRUE,TRUE,TRUE,TRUE,TRUE,TRUE,TRUE,TRUE
3,4,"No","WM_DSM_M1","PATT","source_specification",1000,TRUE,"inclusive",1000,0,1000,0,1000,0,0,1000,0,0,0,0,TRUE,TRUE,TRUE,TRUE,TRUE,TRUE,TRUE,TRUE
1,5,"No","WM_DSM_M1","PATT","source_specification",1000,TRUE,"inclusive",1000,0,1000,0,1000,0,0,1000,0,0,0,0,TRUE,TRUE,TRUE,TRUE,TRUE,TRUE,TRUE,TRUE
2,5,"No","WM_DSM_M1","PATT","source_specification",1000,TRUE,"inclusive",1000,0,1000,0,1000,0,0,1000,0,0,0,0,TRUE,TRUE,TRUE,TRUE,TRUE,TRUE,TRUE,TRUE
3,5,"No","WM_DSM_M1","PATT","source_specification",1000,TRUE,"inclusive",1000,0,1000,0,1000,0,0,1000,0,0,0,0,TRUE,TRUE,TRUE,TRUE,TRUE,TRUE,TRUE,TRUE
1,6,"No","WM_DSM_M1","PATT","source_specification",1000,TRUE,"inclusive",1000,0,1000,0,1000,0,0,1000,0,0,0,0,TRUE,TRUE,TRUE,TRUE,TRUE,TRUE,TRUE,TRUE
2,6,"No","WM_DSM_M1","PATT","source_specification",1000,TRUE,"inclusive",1000,0,1000,0,1000,0,0,1000,0,0,0,0,TRUE,TRUE,TRUE,TRUE,TRUE,TRUE,TRUE,TRUE
3,6,"No","WM_DSM_M1","PATT","source_specification",1000,TRUE,"inclusive",1000,0,1000,0,1000,0,0,1000,0,0,0,0,TRUE,TRUE,TRUE,TRUE,TRUE,TRUE,TRUE,TRUE
1,1,"MAR","WM_DSM_M1","PATT","source_specification",1000,TRUE,"inclusive",1000,0,1000,0,1000,0,0,1000,0,0,0,1000,TRUE,TRUE,TRUE,TRUE,TRUE,TRUE,TRUE,TRUE
2,1,"MAR","WM_DSM_M1","PATT","source_specification",1000,TRUE,"inclusive",1000,0,1000,0,1000,0,0,1000,0,0,0,1000,TRUE,TRUE,TRUE,TRUE,TRUE,TRUE,TRUE,TRUE
3,1,"MAR","WM_DSM_M1","PATT","source_specification",1000,TRUE,"inclusive",1000,0,1000,0,1000,0,0,1000,0,0,0,1000,TRUE,TRUE,TRUE,TRUE,TRUE,TRUE,TRUE,TRUE
1,2,"MAR","WM_DSM_M1","PATT","source_specification",1000,TRUE,"inclusive",1000,0,1000,0,1000,0,0,1000,0,0,0,1000,TRUE,TRUE,TRUE,TRUE,TRUE,TRUE,TRUE,TRUE
2,2,"MAR","WM_DSM_M1","PATT","source_specification",1000,TRUE,"inclusive",1000,0,1000,0,1000,0,0,1000,0,0,0,1000,TRUE,TRUE,TRUE,TRUE,TRUE,TRUE,TRUE,TRUE
3,2,"MAR","WM_DSM_M1","PATT","source_specification",1000,TRUE,"inclusive",1000,0,1000,0,1000,0,0,1000,0,0,0,1000,TRUE,TRUE,TRUE,TRUE,TRUE,TRUE,TRUE,TRUE
1,3,"MAR","WM_DSM_M1","PATT","source_specification",1000,TRUE,"inclusive",1000,0,1000,0,1000,0,0,1000,0,0,0,1000,TRUE,TRUE,TRUE,TRUE,TRUE,TRUE,TRUE,TRUE
2,3,"MAR","WM_DSM_M1","PATT","source_specification",1000,TRUE,"inclusive",1000,0,1000,0,1000,0,0,1000,0,0,0,1000,TRUE,TRUE,TRUE,TRUE,TRUE,TRUE,TRUE,TRUE
3,3,"MAR","WM_DSM_M1","PATT","source_specification",1000,TRUE,"inclusive",1000,0,1000,0,1000,0,0,1000,0,0,0,1000,TRUE,TRUE,TRUE,TRUE,TRUE,TRUE,TRUE,TRUE
1,4,"MAR","WM_DSM_M1","PATT","source_specification",1000,TRUE,"inclusive",1000,0,1000,0,1000,0,0,1000,0,0,0,1000,TRUE,TRUE,TRUE,TRUE,TRUE,TRUE,TRUE,TRUE
2,4,"MAR","WM_DSM_M1","PATT","source_specification",1000,TRUE,"inclusive",1000,0,1000,0,1000,0,0,1000,0,0,0,1000,TRUE,TRUE,TRUE,TRUE,TRUE,TRUE,TRUE,TRUE
3,4,"MAR","WM_DSM_M1","PATT","source_specification",1000,TRUE,"inclusive",1000,0,1000,0,1000,0,0,1000,0,0,0,1000,TRUE,TRUE,TRUE,TRUE,TRUE,TRUE,TRUE,TRUE
1,5,"MAR","WM_DSM_M1","PATT","source_specification",1000,TRUE,"inclusive",1000,0,1000,0,1000,0,0,1000,0,0,0,1000,TRUE,TRUE,TRUE,TRUE,TRUE,TRUE,TRUE,TRUE
2,5,"MAR","WM_DSM_M1","PATT","source_specification",1000,TRUE,"inclusive",1000,0,1000,0,1000,0,0,1000,0,0,0,1000,TRUE,TRUE,TRUE,TRUE,TRUE,TRUE,TRUE,TRUE
3,5,"MAR","WM_DSM_M1","PATT","source_specification",1000,TRUE,"inclusive",1000,0,1000,0,1000,0,0,1000,0,0,0,1000,TRUE,TRUE,TRUE,TRUE,TRUE,TRUE,TRUE,TRUE
1,6,"MAR","WM_DSM_M1","PATT","source_specification",1000,TRUE,"inclusive",1000,0,1000,0,1000,0,0,1000,0,0,0,1000,TRUE,TRUE,TRUE,TRUE,TRUE,TRUE,TRUE,TRUE
2,6,"MAR","WM_DSM_M1","PATT","source_specification",1000,TRUE,"inclusive",1000,0,1000,0,1000,0,0,1000,0,0,0,1000,TRUE,TRUE,TRUE,TRUE,TRUE,TRUE,TRUE,TRUE
3,6,"MAR","WM_DSM_M1","PATT","source_specification",1000,TRUE,"inclusive",1000,0,1000,0,1000,0,0,1000,0,0,0,1000,TRUE,TRUE,TRUE,TRUE,TRUE,TRUE,TRUE,TRUE
1,1,"MARX","WM_DSM_M1","PATT","source_specification",1000,TRUE,"inclusive",1000,0,1000,0,1000,0,0,1000,0,0,0,1000,TRUE,TRUE,TRUE,TRUE,TRUE,TRUE,TRUE,TRUE
2,1,"MARX","WM_DSM_M1","PATT","source_specification",1000,TRUE,"inclusive",1000,0,1000,0,1000,0,0,1000,0,0,0,1000,TRUE,TRUE,TRUE,TRUE,TRUE,TRUE,TRUE,TRUE
3,1,"MARX","WM_DSM_M1","PATT","source_specification",1000,TRUE,"inclusive",1000,0,1000,0,1000,0,0,1000,0,0,0,1000,TRUE,TRUE,TRUE,TRUE,TRUE,TRUE,TRUE,TRUE
1,2,"MARX","WM_DSM_M1","PATT","source_specification",1000,TRUE,"inclusive",1000,0,1000,0,1000,0,0,1000,0,0,0,1000,TRUE,TRUE,TRUE,TRUE,TRUE,TRUE,TRUE,TRUE
2,2,"MARX","WM_DSM_M1","PATT","source_specification",1000,TRUE,"inclusive",1000,0,1000,0,1000,0,0,1000,0,0,0,1000,TRUE,TRUE,TRUE,TRUE,TRUE,TRUE,TRUE,TRUE
3,2,"MARX","WM_DSM_M1","PATT","source_specification",1000,TRUE,"inclusive",1000,0,1000,0,1000,0,0,1000,0,0,0,1000,TRUE,TRUE,TRUE,TRUE,TRUE,TRUE,TRUE,TRUE
1,3,"MARX","WM_DSM_M1","PATT","source_specification",1000,TRUE,"inclusive",1000,0,1000,0,1000,0,0,1000,0,0,0,1000,TRUE,TRUE,TRUE,TRUE,TRUE,TRUE,TRUE,TRUE
2,3,"MARX","WM_DSM_M1","PATT","source_specification",1000,TRUE,"inclusive",1000,0,1000,0,1000,0,0,1000,0,0,0,1000,TRUE,TRUE,TRUE,TRUE,TRUE,TRUE,TRUE,TRUE
3,3,"MARX","WM_DSM_M1","PATT","source_specification",1000,TRUE,"inclusive",1000,0,1000,0,1000,0,0,1000,0,0,0,1000,TRUE,TRUE,TRUE,TRUE,TRUE,TRUE,TRUE,TRUE
1,4,"MARX","WM_DSM_M1","PATT","source_specification",1000,TRUE,"inclusive",1000,0,1000,0,1000,0,0,1000,0,0,0,1000,TRUE,TRUE,TRUE,TRUE,TRUE,TRUE,TRUE,TRUE
2,4,"MARX","WM_DSM_M1","PATT","source_specification",1000,TRUE,"inclusive",1000,0,1000,0,1000,0,0,1000,0,0,0,1000,TRUE,TRUE,TRUE,TRUE,TRUE,TRUE,TRUE,TRUE
3,4,"MARX","WM_DSM_M1","PATT","source_specification",1000,TRUE,"inclusive",1000,0,1000,0,1000,0,0,1000,0,0,0,1000,TRUE,TRUE,TRUE,TRUE,TRUE,TRUE,TRUE,TRUE
1,5,"MARX","WM_DSM_M1","PATT","source_specification",1000,TRUE,"inclusive",1000,0,1000,0,1000,0,0,1000,0,0,0,1000,TRUE,TRUE,TRUE,TRUE,TRUE,TRUE,TRUE,TRUE
2,5,"MARX","WM_DSM_M1","PATT","source_specification",1000,TRUE,"inclusive",1000,0,1000,0,1000,0,0,1000,0,0,0,1000,TRUE,TRUE,TRUE,TRUE,TRUE,TRUE,TRUE,TRUE
3,5,"MARX","WM_DSM_M1","PATT","source_specification",1000,TRUE,"inclusive",1000,0,1000,0,1000,0,0,1000,0,0,0,1000,TRUE,TRUE,TRUE,TRUE,TRUE,TRUE,TRUE,TRUE
1,6,"MARX","WM_DSM_M1","PATT","source_specification",1000,TRUE,"inclusive",1000,0,1000,0,1000,0,0,1000,0,0,0,1000,TRUE,TRUE,TRUE,TRUE,TRUE,TRUE,TRUE,TRUE
2,6,"MARX","WM_DSM_M1","PATT","source_specification",1000,TRUE,"inclusive",1000,0,1000,0,1000,0,0,1000,0,0,0,1000,TRUE,TRUE,TRUE,TRUE,TRUE,TRUE,TRUE,TRUE
3,6,"MARX","WM_DSM_M1","PATT","source_specification",1000,TRUE,"inclusive",1000,0,1000,0,1000,0,0,1000,0,0,0,1000,TRUE,TRUE,TRUE,TRUE,TRUE,TRUE,TRUE,TRUE
1,1,"MART","WM_DSM_M1","PATT","source_specification",1000,TRUE,"inclusive",1000,0,1000,0,1000,0,0,1000,0,0,0,1000,TRUE,TRUE,TRUE,TRUE,TRUE,TRUE,TRUE,TRUE
2,1,"MART","WM_DSM_M1","PATT","source_specification",1000,TRUE,"inclusive",1000,0,1000,0,1000,0,0,1000,0,0,0,1000,TRUE,TRUE,TRUE,TRUE,TRUE,TRUE,TRUE,TRUE
3,1,"MART","WM_DSM_M1","PATT","source_specification",1000,TRUE,"inclusive",1000,0,1000,0,1000,0,0,1000,0,0,0,1000,TRUE,TRUE,TRUE,TRUE,TRUE,TRUE,TRUE,TRUE
1,2,"MART","WM_DSM_M1","PATT","source_specification",1000,TRUE,"inclusive",1000,0,1000,0,1000,0,0,1000,0,0,0,1000,TRUE,TRUE,TRUE,TRUE,TRUE,TRUE,TRUE,TRUE
2,2,"MART","WM_DSM_M1","PATT","source_specification",1000,TRUE,"inclusive",1000,0,1000,0,1000,0,0,1000,0,0,0,1000,TRUE,TRUE,TRUE,TRUE,TRUE,TRUE,TRUE,TRUE
3,2,"MART","WM_DSM_M1","PATT","source_specification",1000,TRUE,"inclusive",1000,0,1000,0,1000,0,0,1000,0,0,0,1000,TRUE,TRUE,TRUE,TRUE,TRUE,TRUE,TRUE,TRUE
1,3,"MART","WM_DSM_M1","PATT","source_specification",1000,TRUE,"inclusive",1000,0,1000,0,1000,0,0,1000,0,0,0,1000,TRUE,TRUE,TRUE,TRUE,TRUE,TRUE,TRUE,TRUE
2,3,"MART","WM_DSM_M1","PATT","source_specification",1000,TRUE,"inclusive",1000,0,1000,0,1000,0,0,1000,0,0,0,1000,TRUE,TRUE,TRUE,TRUE,TRUE,TRUE,TRUE,TRUE
3,3,"MART","WM_DSM_M1","PATT","source_specification",1000,TRUE,"inclusive",1000,0,1000,0,1000,0,0,1000,0,0,0,1000,TRUE,TRUE,TRUE,TRUE,TRUE,TRUE,TRUE,TRUE
1,4,"MART","WM_DSM_M1","PATT","source_specification",1000,TRUE,"inclusive",1000,0,1000,0,1000,0,0,1000,0,0,0,1000,TRUE,TRUE,TRUE,TRUE,TRUE,TRUE,TRUE,TRUE
2,4,"MART","WM_DSM_M1","PATT","source_specification",1000,TRUE,"inclusive",1000,0,1000,0,1000,0,0,1000,0,0,0,1000,TRUE,TRUE,TRUE,TRUE,TRUE,TRUE,TRUE,TRUE
3,4,"MART","WM_DSM_M1","PATT","source_specification",1000,TRUE,"inclusive",1000,0,1000,0,1000,0,0,1000,0,0,0,1000,TRUE,TRUE,TRUE,TRUE,TRUE,TRUE,TRUE,TRUE
1,5,"MART","WM_DSM_M1","PATT","source_specification",1000,TRUE,"inclusive",1000,0,1000,0,1000,0,0,1000,0,0,0,1000,TRUE,TRUE,TRUE,TRUE,TRUE,TRUE,TRUE,TRUE
2,5,"MART","WM_DSM_M1","PATT","source_specification",1000,TRUE,"inclusive",1000,0,1000,0,1000,0,0,1000,0,0,0,1000,TRUE,TRUE,TRUE,TRUE,TRUE,TRUE,TRUE,TRUE
3,5,"MART","WM_DSM_M1","PATT","source_specification",1000,TRUE,"inclusive",1000,0,1000,0,1000,0,0,1000,0,0,0,1000,TRUE,TRUE,TRUE,TRUE,TRUE,TRUE,TRUE,TRUE
1,6,"MART","WM_DSM_M1","PATT","source_specification",1000,TRUE,"inclusive",1000,0,1000,0,1000,0,0,1000,0,0,0,1000,TRUE,TRUE,TRUE,TRUE,TRUE,TRUE,TRUE,TRUE
2,6,"MART","WM_DSM_M1","PATT","source_specification",1000,TRUE,"inclusive",1000,0,1000,0,1000,0,0,1000,0,0,0,1000,TRUE,TRUE,TRUE,TRUE,TRUE,TRUE,TRUE,TRUE
3,6,"MART","WM_DSM_M1","PATT","source_specification",1000,TRUE,"inclusive",1000,0,1000,0,1000,0,0,1000,0,0,0,1000,TRUE,TRUE,TRUE,TRUE,TRUE,TRUE,TRUE,TRUE
1,1,"No","WM_X6_M1","PATT","source_specification",1000,TRUE,"inclusive",1000,0,1000,0,1000,0,0,1000,0,0,0,0,TRUE,TRUE,TRUE,TRUE,TRUE,TRUE,TRUE,TRUE
2,1,"No","WM_X6_M1","PATT","source_specification",1000,TRUE,"inclusive",1000,0,1000,0,1000,0,0,1000,0,0,0,0,TRUE,TRUE,TRUE,TRUE,TRUE,TRUE,TRUE,TRUE
3,1,"No","WM_X6_M1","PATT","source_specification",1000,TRUE,"inclusive",1000,0,1000,0,1000,0,0,1000,0,0,0,0,TRUE,TRUE,TRUE,TRUE,TRUE,TRUE,TRUE,TRUE
1,2,"No","WM_X6_M1","PATT","source_specification",1000,TRUE,"inclusive",1000,0,1000,0,1000,0,0,1000,0,0,0,0,TRUE,TRUE,TRUE,TRUE,TRUE,TRUE,TRUE,TRUE
2,2,"No","WM_X6_M1","PATT","source_specification",1000,TRUE,"inclusive",1000,0,1000,0,1000,0,0,1000,0,0,0,0,TRUE,TRUE,TRUE,TRUE,TRUE,TRUE,TRUE,TRUE
3,2,"No","WM_X6_M1","PATT","source_specification",1000,TRUE,"inclusive",1000,0,1000,0,1000,0,0,1000,0,0,0,0,TRUE,TRUE,TRUE,TRUE,TRUE,TRUE,TRUE,TRUE
1,3,"No","WM_X6_M1","PATT","source_specification",1000,TRUE,"inclusive",1000,0,1000,0,1000,0,0,1000,0,0,0,0,TRUE,TRUE,TRUE,TRUE,TRUE,TRUE,TRUE,TRUE
2,3,"No","WM_X6_M1","PATT","source_specification",1000,TRUE,"inclusive",1000,0,1000,0,1000,0,0,1000,0,0,0,0,TRUE,TRUE,TRUE,TRUE,TRUE,TRUE,TRUE,TRUE
3,3,"No","WM_X6_M1","PATT","source_specification",1000,TRUE,"inclusive",1000,0,1000,0,1000,0,0,1000,0,0,0,0,TRUE,TRUE,TRUE,TRUE,TRUE,TRUE,TRUE,TRUE
1,4,"No","WM_X6_M1","PATT","source_specification",1000,TRUE,"inclusive",1000,0,1000,0,1000,0,0,1000,0,0,0,0,TRUE,TRUE,TRUE,TRUE,TRUE,TRUE,TRUE,TRUE
2,4,"No","WM_X6_M1","PATT","source_specification",1000,TRUE,"inclusive",1000,0,1000,0,1000,0,0,1000,0,0,0,0,TRUE,TRUE,TRUE,TRUE,TRUE,TRUE,TRUE,TRUE
3,4,"No","WM_X6_M1","PATT","source_specification",1000,TRUE,"inclusive",1000,0,1000,0,1000,0,0,1000,0,0,0,0,TRUE,TRUE,TRUE,TRUE,TRUE,TRUE,TRUE,TRUE
1,5,"No","WM_X6_M1","PATT","source_specification",1000,TRUE,"inclusive",1000,0,1000,0,1000,0,0,1000,0,0,0,0,TRUE,TRUE,TRUE,TRUE,TRUE,TRUE,TRUE,TRUE
2,5,"No","WM_X6_M1","PATT","source_specification",1000,TRUE,"inclusive",1000,0,1000,0,1000,0,0,1000,0,0,0,0,TRUE,TRUE,TRUE,TRUE,TRUE,TRUE,TRUE,TRUE
3,5,"No","WM_X6_M1","PATT","source_specification",1000,TRUE,"inclusive",1000,0,1000,0,1000,0,0,1000,0,0,0,0,TRUE,TRUE,TRUE,TRUE,TRUE,TRUE,TRUE,TRUE
1,6,"No","WM_X6_M1","PATT","source_specification",1000,TRUE,"inclusive",1000,0,1000,0,1000,0,0,1000,0,0,0,0,TRUE,TRUE,TRUE,TRUE,TRUE,TRUE,TRUE,TRUE
2,6,"No","WM_X6_M1","PATT","source_specification",1000,TRUE,"inclusive",1000,0,1000,0,1000,0,0,1000,0,0,0,0,TRUE,TRUE,TRUE,TRUE,TRUE,TRUE,TRUE,TRUE
3,6,"No","WM_X6_M1","PATT","source_specification",1000,TRUE,"inclusive",1000,0,1000,0,1000,0,0,1000,0,0,0,0,TRUE,TRUE,TRUE,TRUE,TRUE,TRUE,TRUE,TRUE
1,1,"MAR","WM_X6_M1","PATT","source_specification",1000,TRUE,"inclusive",1000,0,1000,0,1000,0,0,1000,0,0,0,1000,TRUE,TRUE,TRUE,TRUE,TRUE,TRUE,TRUE,TRUE
2,1,"MAR","WM_X6_M1","PATT","source_specification",1000,TRUE,"inclusive",1000,0,1000,0,1000,0,0,1000,0,0,0,1000,TRUE,TRUE,TRUE,TRUE,TRUE,TRUE,TRUE,TRUE
3,1,"MAR","WM_X6_M1","PATT","source_specification",1000,TRUE,"inclusive",1000,0,1000,0,1000,0,0,1000,0,0,0,1000,TRUE,TRUE,TRUE,TRUE,TRUE,TRUE,TRUE,TRUE
1,2,"MAR","WM_X6_M1","PATT","source_specification",1000,TRUE,"inclusive",1000,0,1000,0,1000,0,0,1000,0,0,0,1000,TRUE,TRUE,TRUE,TRUE,TRUE,TRUE,TRUE,TRUE
2,2,"MAR","WM_X6_M1","PATT","source_specification",1000,TRUE,"inclusive",1000,0,1000,0,1000,0,0,1000,0,0,0,1000,TRUE,TRUE,TRUE,TRUE,TRUE,TRUE,TRUE,TRUE
3,2,"MAR","WM_X6_M1","PATT","source_specification",1000,TRUE,"inclusive",1000,0,1000,0,1000,0,0,1000,0,0,0,1000,TRUE,TRUE,TRUE,TRUE,TRUE,TRUE,TRUE,TRUE
1,3,"MAR","WM_X6_M1","PATT","source_specification",1000,TRUE,"inclusive",1000,0,1000,0,1000,0,0,1000,0,0,0,1000,TRUE,TRUE,TRUE,TRUE,TRUE,TRUE,TRUE,TRUE
2,3,"MAR","WM_X6_M1","PATT","source_specification",1000,TRUE,"inclusive",1000,0,1000,0,1000,0,0,1000,0,0,0,1000,TRUE,TRUE,TRUE,TRUE,TRUE,TRUE,TRUE,TRUE
3,3,"MAR","WM_X6_M1","PATT","source_specification",1000,TRUE,"inclusive",1000,0,1000,0,1000,0,0,1000,0,0,0,1000,TRUE,TRUE,TRUE,TRUE,TRUE,TRUE,TRUE,TRUE
1,4,"MAR","WM_X6_M1","PATT","source_specification",1000,TRUE,"inclusive",1000,0,1000,0,1000,0,0,1000,0,0,0,1000,TRUE,TRUE,TRUE,TRUE,TRUE,TRUE,TRUE,TRUE
2,4,"MAR","WM_X6_M1","PATT","source_specification",1000,TRUE,"inclusive",1000,0,1000,0,1000,0,0,1000,0,0,0,1000,TRUE,TRUE,TRUE,TRUE,TRUE,TRUE,TRUE,TRUE
3,4,"MAR","WM_X6_M1","PATT","source_specification",1000,TRUE,"inclusive",1000,0,1000,0,1000,0,0,1000,0,0,0,1000,TRUE,TRUE,TRUE,TRUE,TRUE,TRUE,TRUE,TRUE
1,5,"MAR","WM_X6_M1","PATT","source_specification",1000,TRUE,"inclusive",1000,0,1000,0,1000,0,0,1000,0,0,0,1000,TRUE,TRUE,TRUE,TRUE,TRUE,TRUE,TRUE,TRUE
2,5,"MAR","WM_X6_M1","PATT","source_specification",1000,TRUE,"inclusive",1000,0,1000,0,1000,0,0,1000,0,0,0,1000,TRUE,TRUE,TRUE,TRUE,TRUE,TRUE,TRUE,TRUE
3,5,"MAR","WM_X6_M1","PATT","source_specification",1000,TRUE,"inclusive",1000,0,1000,0,1000,0,0,1000,0,0,0,1000,TRUE,TRUE,TRUE,TRUE,TRUE,TRUE,TRUE,TRUE
1,6,"MAR","WM_X6_M1","PATT","source_specification",1000,TRUE,"inclusive",1000,0,1000,0,1000,0,0,1000,0,0,0,1000,TRUE,TRUE,TRUE,TRUE,TRUE,TRUE,TRUE,TRUE
2,6,"MAR","WM_X6_M1","PATT","source_specification",1000,TRUE,"inclusive",1000,0,1000,0,1000,0,0,1000,0,0,0,1000,TRUE,TRUE,TRUE,TRUE,TRUE,TRUE,TRUE,TRUE
3,6,"MAR","WM_X6_M1","PATT","source_specification",1000,TRUE,"inclusive",1000,0,1000,0,1000,0,0,1000,0,0,0,1000,TRUE,TRUE,TRUE,TRUE,TRUE,TRUE,TRUE,TRUE
1,1,"MARX","WM_X6_M1","PATT","source_specification",1000,TRUE,"inclusive",1000,0,1000,0,1000,0,0,1000,0,0,0,1000,TRUE,TRUE,TRUE,TRUE,TRUE,TRUE,TRUE,TRUE
2,1,"MARX","WM_X6_M1","PATT","source_specification",1000,TRUE,"inclusive",1000,0,1000,0,1000,0,0,1000,0,0,0,1000,TRUE,TRUE,TRUE,TRUE,TRUE,TRUE,TRUE,TRUE
3,1,"MARX","WM_X6_M1","PATT","source_specification",1000,TRUE,"inclusive",1000,0,1000,0,1000,0,0,1000,0,0,0,1000,TRUE,TRUE,TRUE,TRUE,TRUE,TRUE,TRUE,TRUE
1,2,"MARX","WM_X6_M1","PATT","source_specification",1000,TRUE,"inclusive",1000,0,1000,0,1000,0,0,1000,0,0,0,1000,TRUE,TRUE,TRUE,TRUE,TRUE,TRUE,TRUE,TRUE
2,2,"MARX","WM_X6_M1","PATT","source_specification",1000,TRUE,"inclusive",1000,0,1000,0,1000,0,0,1000,0,0,0,1000,TRUE,TRUE,TRUE,TRUE,TRUE,TRUE,TRUE,TRUE
3,2,"MARX","WM_X6_M1","PATT","source_specification",1000,TRUE,"inclusive",1000,0,1000,0,1000,0,0,1000,0,0,0,1000,TRUE,TRUE,TRUE,TRUE,TRUE,TRUE,TRUE,TRUE
1,3,"MARX","WM_X6_M1","PATT","source_specification",1000,TRUE,"inclusive",1000,0,1000,0,1000,0,0,1000,0,0,0,1000,TRUE,TRUE,TRUE,TRUE,TRUE,TRUE,TRUE,TRUE
2,3,"MARX","WM_X6_M1","PATT","source_specification",1000,TRUE,"inclusive",1000,0,1000,0,1000,0,0,1000,0,0,0,1000,TRUE,TRUE,TRUE,TRUE,TRUE,TRUE,TRUE,TRUE
3,3,"MARX","WM_X6_M1","PATT","source_specification",1000,TRUE,"inclusive",1000,0,1000,0,1000,0,0,1000,0,0,0,1000,TRUE,TRUE,TRUE,TRUE,TRUE,TRUE,TRUE,TRUE
1,4,"MARX","WM_X6_M1","PATT","source_specification",1000,TRUE,"inclusive",1000,0,1000,0,1000,0,0,1000,0,0,0,1000,TRUE,TRUE,TRUE,TRUE,TRUE,TRUE,TRUE,TRUE
2,4,"MARX","WM_X6_M1","PATT","source_specification",1000,TRUE,"inclusive",1000,0,1000,0,1000,0,0,1000,0,0,0,1000,TRUE,TRUE,TRUE,TRUE,TRUE,TRUE,TRUE,TRUE
3,4,"MARX","WM_X6_M1","PATT","source_specification",1000,TRUE,"inclusive",1000,0,1000,0,1000,0,0,1000,0,0,0,1000,TRUE,TRUE,TRUE,TRUE,TRUE,TRUE,TRUE,TRUE
1,5,"MARX","WM_X6_M1","PATT","source_specification",1000,TRUE,"inclusive",1000,0,1000,0,1000,0,0,1000,0,0,0,1000,TRUE,TRUE,TRUE,TRUE,TRUE,TRUE,TRUE,TRUE
2,5,"MARX","WM_X6_M1","PATT","source_specification",1000,TRUE,"inclusive",1000,0,1000,0,1000,0,0,1000,0,0,0,1000,TRUE,TRUE,TRUE,TRUE,TRUE,TRUE,TRUE,TRUE
3,5,"MARX","WM_X6_M1","PATT","source_specification",1000,TRUE,"inclusive",1000,0,1000,0,1000,0,0,1000,0,0,0,1000,TRUE,TRUE,TRUE,TRUE,TRUE,TRUE,TRUE,TRUE
1,6,"MARX","WM_X6_M1","PATT","source_specification",1000,TRUE,"inclusive",1000,0,1000,0,1000,0,0,1000,0,0,0,1000,TRUE,TRUE,TRUE,TRUE,TRUE,TRUE,TRUE,TRUE
2,6,"MARX","WM_X6_M1","PATT","source_specification",1000,TRUE,"inclusive",1000,0,1000,0,1000,0,0,1000,0,0,0,1000,TRUE,TRUE,TRUE,TRUE,TRUE,TRUE,TRUE,TRUE
3,6,"MARX","WM_X6_M1","PATT","source_specification",1000,TRUE,"inclusive",1000,0,1000,0,1000,0,0,1000,0,0,0,1000,TRUE,TRUE,TRUE,TRUE,TRUE,TRUE,TRUE,TRUE
1,1,"MART","WM_X6_M1","PATT","source_specification",1000,TRUE,"inclusive",1000,0,1000,0,1000,0,0,1000,0,0,0,1000,TRUE,TRUE,TRUE,TRUE,TRUE,TRUE,TRUE,TRUE
2,1,"MART","WM_X6_M1","PATT","source_specification",1000,TRUE,"inclusive",1000,0,1000,0,1000,0,0,1000,0,0,0,1000,TRUE,TRUE,TRUE,TRUE,TRUE,TRUE,TRUE,TRUE
3,1,"MART","WM_X6_M1","PATT","source_specification",1000,TRUE,"inclusive",1000,0,1000,0,1000,0,0,1000,0,0,0,1000,TRUE,TRUE,TRUE,TRUE,TRUE,TRUE,TRUE,TRUE
1,2,"MART","WM_X6_M1","PATT","source_specification",1000,TRUE,"inclusive",1000,0,1000,0,1000,0,0,1000,0,0,0,1000,TRUE,TRUE,TRUE,TRUE,TRUE,TRUE,TRUE,TRUE
2,2,"MART","WM_X6_M1","PATT","source_specification",1000,TRUE,"inclusive",1000,0,1000,0,1000,0,0,1000,0,0,0,1000,TRUE,TRUE,TRUE,TRUE,TRUE,TRUE,TRUE,TRUE
3,2,"MART","WM_X6_M1","PATT","source_specification",1000,TRUE,"inclusive",1000,0,1000,0,1000,0,0,1000,0,0,0,1000,TRUE,TRUE,TRUE,TRUE,TRUE,TRUE,TRUE,TRUE
1,3,"MART","WM_X6_M1","PATT","source_specification",1000,TRUE,"inclusive",1000,0,1000,0,1000,0,0,1000,0,0,0,1000,TRUE,TRUE,TRUE,TRUE,TRUE,TRUE,TRUE,TRUE
2,3,"MART","WM_X6_M1","PATT","source_specification",1000,TRUE,"inclusive",1000,0,1000,0,1000,0,0,1000,0,0,0,1000,TRUE,TRUE,TRUE,TRUE,TRUE,TRUE,TRUE,TRUE
3,3,"MART","WM_X6_M1","PATT","source_specification",1000,TRUE,"inclusive",1000,0,1000,0,1000,0,0,1000,0,0,0,1000,TRUE,TRUE,TRUE,TRUE,TRUE,TRUE,TRUE,TRUE
1,4,"MART","WM_X6_M1","PATT","source_specification",1000,TRUE,"inclusive",1000,0,1000,0,1000,0,0,1000,0,0,0,1000,TRUE,TRUE,TRUE,TRUE,TRUE,TRUE,TRUE,TRUE
2,4,"MART","WM_X6_M1","PATT","source_specification",1000,TRUE,"inclusive",1000,0,1000,0,1000,0,0,1000,0,0,0,1000,TRUE,TRUE,TRUE,TRUE,TRUE,TRUE,TRUE,TRUE
3,4,"MART","WM_X6_M1","PATT","source_specification",1000,TRUE,"inclusive",1000,0,1000,0,1000,0,0,1000,0,0,0,1000,TRUE,TRUE,TRUE,TRUE,TRUE,TRUE,TRUE,TRUE
1,5,"MART","WM_X6_M1","PATT","source_specification",1000,TRUE,"inclusive",1000,0,1000,0,1000,0,0,1000,0,0,0,1000,TRUE,TRUE,TRUE,TRUE,TRUE,TRUE,TRUE,TRUE
2,5,"MART","WM_X6_M1","PATT","source_specification",1000,TRUE,"inclusive",1000,0,1000,0,1000,0,0,1000,0,0,0,1000,TRUE,TRUE,TRUE,TRUE,TRUE,TRUE,TRUE,TRUE
3,5,"MART","WM_X6_M1","PATT","source_specification",1000,TRUE,"inclusive",1000,0,1000,0,1000,0,0,1000,0,0,0,1000,TRUE,TRUE,TRUE,TRUE,TRUE,TRUE,TRUE,TRUE
1,6,"MART","WM_X6_M1","PATT","source_specification",1000,TRUE,"inclusive",1000,0,1000,0,1000,0,0,1000,0,0,0,1000,TRUE,TRUE,TRUE,TRUE,TRUE,TRUE,TRUE,TRUE
2,6,"MART","WM_X6_M1","PATT","source_specification",1000,TRUE,"inclusive",1000,0,1000,0,1000,0,0,1000,0,0,0,1000,TRUE,TRUE,TRUE,TRUE,TRUE,TRUE,TRUE,TRUE
3,6,"MART","WM_X6_M1","PATT","source_specification",1000,TRUE,"inclusive",1000,0,1000,0,1000,0,0,1000,0,0,0,1000,TRUE,TRUE,TRUE,TRUE,TRUE,TRUE,TRUE,TRUE
1,1,"No","WM_PS_M3","PATT","source_specification",1000,TRUE,"inclusive",1000,0,1000,0,1000,0,0,1000,0,0,0,0,TRUE,TRUE,TRUE,TRUE,TRUE,TRUE,TRUE,TRUE
2,1,"No","WM_PS_M3","PATT","source_specification",1000,TRUE,"inclusive",1000,0,1000,0,1000,0,0,1000,0,0,0,0,TRUE,TRUE,TRUE,TRUE,TRUE,TRUE,TRUE,TRUE
3,1,"No","WM_PS_M3","PATT","source_specification",1000,TRUE,"inclusive",1000,0,1000,0,1000,0,0,1000,0,0,0,0,TRUE,TRUE,TRUE,TRUE,TRUE,TRUE,TRUE,TRUE
1,2,"No","WM_PS_M3","PATT","source_specification",1000,TRUE,"inclusive",1000,0,1000,0,1000,0,0,1000,0,0,0,0,TRUE,TRUE,TRUE,TRUE,TRUE,TRUE,TRUE,TRUE
2,2,"No","WM_PS_M3","PATT","source_specification",1000,TRUE,"inclusive",1000,0,1000,0,1000,0,0,1000,0,0,0,0,TRUE,TRUE,TRUE,TRUE,TRUE,TRUE,TRUE,TRUE
3,2,"No","WM_PS_M3","PATT","source_specification",1000,TRUE,"inclusive",1000,0,1000,0,1000,0,0,1000,0,0,0,0,TRUE,TRUE,TRUE,TRUE,TRUE,TRUE,TRUE,TRUE
1,3,"No","WM_PS_M3","PATT","source_specification",1000,TRUE,"inclusive",1000,0,1000,0,1000,0,0,1000,0,0,0,0,TRUE,TRUE,TRUE,TRUE,TRUE,TRUE,TRUE,TRUE
2,3,"No","WM_PS_M3","PATT","source_specification",1000,TRUE,"inclusive",1000,0,1000,0,1000,0,0,1000,0,0,0,0,TRUE,TRUE,TRUE,TRUE,TRUE,TRUE,TRUE,TRUE
3,3,"No","WM_PS_M3","PATT","source_specification",1000,TRUE,"inclusive",1000,0,1000,0,1000,0,0,1000,0,0,0,0,TRUE,TRUE,TRUE,TRUE,TRUE,TRUE,TRUE,TRUE
1,4,"No","WM_PS_M3","PATT","source_specification",1000,TRUE,"inclusive",1000,0,1000,0,1000,0,0,1000,0,0,0,0,TRUE,TRUE,TRUE,TRUE,TRUE,TRUE,TRUE,TRUE
2,4,"No","WM_PS_M3","PATT","source_specification",1000,TRUE,"inclusive",1000,0,1000,0,1000,0,0,1000,0,0,0,0,TRUE,TRUE,TRUE,TRUE,TRUE,TRUE,TRUE,TRUE
3,4,"No","WM_PS_M3","PATT","source_specification",1000,TRUE,"inclusive",1000,0,1000,0,1000,0,0,1000,0,0,0,0,TRUE,TRUE,TRUE,TRUE,TRUE,TRUE,TRUE,TRUE
1,5,"No","WM_PS_M3","PATT","source_specification",1000,TRUE,"inclusive",1000,0,1000,0,1000,0,0,1000,0,0,0,0,TRUE,TRUE,TRUE,TRUE,TRUE,TRUE,TRUE,TRUE
2,5,"No","WM_PS_M3","PATT","source_specification",1000,TRUE,"inclusive",1000,0,1000,0,1000,0,0,1000,0,0,0,0,TRUE,TRUE,TRUE,TRUE,TRUE,TRUE,TRUE,TRUE
3,5,"No","WM_PS_M3","PATT","source_specification",1000,TRUE,"inclusive",1000,0,1000,0,1000,0,0,1000,0,0,0,0,TRUE,TRUE,TRUE,TRUE,TRUE,TRUE,TRUE,TRUE
1,6,"No","WM_PS_M3","PATT","source_specification",1000,TRUE,"inclusive",1000,0,1000,0,1000,0,0,1000,0,0,0,0,TRUE,TRUE,TRUE,TRUE,TRUE,TRUE,TRUE,TRUE
2,6,"No","WM_PS_M3","PATT","source_specification",1000,TRUE,"inclusive",1000,0,1000,0,1000,0,0,1000,0,0,0,0,TRUE,TRUE,TRUE,TRUE,TRUE,TRUE,TRUE,TRUE
3,6,"No","WM_PS_M3","PATT","source_specification",1000,TRUE,"inclusive",1000,0,1000,0,1000,0,0,1000,0,0,0,0,TRUE,TRUE,TRUE,TRUE,TRUE,TRUE,TRUE,TRUE
1,1,"MAR","WM_PS_M3","PATT","source_specification",1000,TRUE,"inclusive",1000,0,1000,0,1000,0,0,1000,0,0,0,1000,TRUE,TRUE,TRUE,TRUE,TRUE,TRUE,TRUE,TRUE
2,1,"MAR","WM_PS_M3","PATT","source_specification",1000,TRUE,"inclusive",1000,0,1000,0,1000,0,0,1000,0,0,0,1000,TRUE,TRUE,TRUE,TRUE,TRUE,TRUE,TRUE,TRUE
3,1,"MAR","WM_PS_M3","PATT","source_specification",1000,TRUE,"inclusive",1000,0,1000,0,1000,0,0,1000,0,0,0,1000,TRUE,TRUE,TRUE,TRUE,TRUE,TRUE,TRUE,TRUE
1,2,"MAR","WM_PS_M3","PATT","source_specification",1000,TRUE,"inclusive",1000,0,1000,0,1000,0,0,1000,0,0,0,1000,TRUE,TRUE,TRUE,TRUE,TRUE,TRUE,TRUE,TRUE
2,2,"MAR","WM_PS_M3","PATT","source_specification",1000,TRUE,"inclusive",1000,0,1000,0,1000,0,0,1000,0,0,0,1000,TRUE,TRUE,TRUE,TRUE,TRUE,TRUE,TRUE,TRUE
3,2,"MAR","WM_PS_M3","PATT","source_specification",1000,TRUE,"inclusive",1000,0,1000,0,1000,0,0,1000,0,0,0,1000,TRUE,TRUE,TRUE,TRUE,TRUE,TRUE,TRUE,TRUE
1,3,"MAR","WM_PS_M3","PATT","source_specification",1000,TRUE,"inclusive",1000,0,1000,0,1000,0,0,1000,0,0,0,1000,TRUE,TRUE,TRUE,TRUE,TRUE,TRUE,TRUE,TRUE
2,3,"MAR","WM_PS_M3","PATT","source_specification",1000,TRUE,"inclusive",1000,0,1000,0,1000,0,0,1000,0,0,0,1000,TRUE,TRUE,TRUE,TRUE,TRUE,TRUE,TRUE,TRUE
3,3,"MAR","WM_PS_M3","PATT","source_specification",1000,TRUE,"inclusive",1000,0,1000,0,1000,0,0,1000,0,0,0,1000,TRUE,TRUE,TRUE,TRUE,TRUE,TRUE,TRUE,TRUE
1,4,"MAR","WM_PS_M3","PATT","source_specification",1000,TRUE,"inclusive",1000,0,1000,0,1000,0,0,1000,0,0,0,1000,TRUE,TRUE,TRUE,TRUE,TRUE,TRUE,TRUE,TRUE
2,4,"MAR","WM_PS_M3","PATT","source_specification",1000,TRUE,"inclusive",1000,0,1000,0,1000,0,0,1000,0,0,0,1000,TRUE,TRUE,TRUE,TRUE,TRUE,TRUE,TRUE,TRUE
3,4,"MAR","WM_PS_M3","PATT","source_specification",1000,TRUE,"inclusive",1000,0,1000,0,1000,0,0,1000,0,0,0,1000,TRUE,TRUE,TRUE,TRUE,TRUE,TRUE,TRUE,TRUE
1,5,"MAR","WM_PS_M3","PATT","source_specification",1000,TRUE,"inclusive",1000,0,1000,0,1000,0,0,1000,0,0,0,1000,TRUE,TRUE,TRUE,TRUE,TRUE,TRUE,TRUE,TRUE
2,5,"MAR","WM_PS_M3","PATT","source_specification",1000,TRUE,"inclusive",1000,0,1000,0,1000,0,0,1000,0,0,0,1000,TRUE,TRUE,TRUE,TRUE,TRUE,TRUE,TRUE,TRUE
3,5,"MAR","WM_PS_M3","PATT","source_specification",1000,TRUE,"inclusive",1000,0,1000,0,1000,0,0,1000,0,0,0,1000,TRUE,TRUE,TRUE,TRUE,TRUE,TRUE,TRUE,TRUE
1,6,"MAR","WM_PS_M3","PATT","source_specification",1000,TRUE,"inclusive",1000,0,1000,0,1000,0,0,1000,0,0,0,1000,TRUE,TRUE,TRUE,TRUE,TRUE,TRUE,TRUE,TRUE
2,6,"MAR","WM_PS_M3","PATT","source_specification",1000,TRUE,"inclusive",1000,0,1000,0,1000,0,0,1000,0,0,0,1000,TRUE,TRUE,TRUE,TRUE,TRUE,TRUE,TRUE,TRUE
3,6,"MAR","WM_PS_M3","PATT","source_specification",1000,TRUE,"inclusive",1000,0,1000,0,1000,0,0,1000,0,0,0,1000,TRUE,TRUE,TRUE,TRUE,TRUE,TRUE,TRUE,TRUE
1,1,"MARX","WM_PS_M3","PATT","source_specification",1000,TRUE,"inclusive",1000,0,1000,0,1000,0,0,1000,0,0,0,1000,TRUE,TRUE,TRUE,TRUE,TRUE,TRUE,TRUE,TRUE
2,1,"MARX","WM_PS_M3","PATT","source_specification",1000,TRUE,"inclusive",1000,0,1000,0,1000,0,0,1000,0,0,0,1000,TRUE,TRUE,TRUE,TRUE,TRUE,TRUE,TRUE,TRUE
3,1,"MARX","WM_PS_M3","PATT","source_specification",1000,TRUE,"inclusive",1000,0,1000,0,1000,0,0,1000,0,0,0,1000,TRUE,TRUE,TRUE,TRUE,TRUE,TRUE,TRUE,TRUE
1,2,"MARX","WM_PS_M3","PATT","source_specification",1000,TRUE,"inclusive",1000,0,1000,0,1000,0,0,1000,0,0,0,1000,TRUE,TRUE,TRUE,TRUE,TRUE,TRUE,TRUE,TRUE
2,2,"MARX","WM_PS_M3","PATT","source_specification",1000,TRUE,"inclusive",1000,0,1000,0,1000,0,0,1000,0,0,0,1000,TRUE,TRUE,TRUE,TRUE,TRUE,TRUE,TRUE,TRUE
3,2,"MARX","WM_PS_M3","PATT","source_specification",1000,TRUE,"inclusive",1000,0,1000,0,1000,0,0,1000,0,0,0,1000,TRUE,TRUE,TRUE,TRUE,TRUE,TRUE,TRUE,TRUE
1,3,"MARX","WM_PS_M3","PATT","source_specification",1000,TRUE,"inclusive",1000,0,1000,0,1000,0,0,1000,0,0,0,1000,TRUE,TRUE,TRUE,TRUE,TRUE,TRUE,TRUE,TRUE
2,3,"MARX","WM_PS_M3","PATT","source_specification",1000,TRUE,"inclusive",1000,0,1000,0,1000,0,0,1000,0,0,0,1000,TRUE,TRUE,TRUE,TRUE,TRUE,TRUE,TRUE,TRUE
3,3,"MARX","WM_PS_M3","PATT","source_specification",1000,TRUE,"inclusive",1000,0,1000,0,1000,0,0,1000,0,0,0,1000,TRUE,TRUE,TRUE,TRUE,TRUE,TRUE,TRUE,TRUE
1,4,"MARX","WM_PS_M3","PATT","source_specification",1000,TRUE,"inclusive",1000,0,1000,0,1000,0,0,1000,0,0,0,1000,TRUE,TRUE,TRUE,TRUE,TRUE,TRUE,TRUE,TRUE
2,4,"MARX","WM_PS_M3","PATT","source_specification",1000,TRUE,"inclusive",1000,0,1000,0,1000,0,0,1000,0,0,0,1000,TRUE,TRUE,TRUE,TRUE,TRUE,TRUE,TRUE,TRUE
3,4,"MARX","WM_PS_M3","PATT","source_specification",1000,TRUE,"inclusive",1000,0,1000,0,1000,0,0,1000,0,0,0,1000,TRUE,TRUE,TRUE,TRUE,TRUE,TRUE,TRUE,TRUE
1,5,"MARX","WM_PS_M3","PATT","source_specification",1000,TRUE,"inclusive",1000,0,1000,0,1000,0,0,1000,0,0,0,1000,TRUE,TRUE,TRUE,TRUE,TRUE,TRUE,TRUE,TRUE
2,5,"MARX","WM_PS_M3","PATT","source_specification",1000,TRUE,"inclusive",1000,0,1000,0,1000,0,0,1000,0,0,0,1000,TRUE,TRUE,TRUE,TRUE,TRUE,TRUE,TRUE,TRUE
3,5,"MARX","WM_PS_M3","PATT","source_specification",1000,TRUE,"inclusive",1000,0,1000,0,1000,0,0,1000,0,0,0,1000,TRUE,TRUE,TRUE,TRUE,TRUE,TRUE,TRUE,TRUE
1,6,"MARX","WM_PS_M3","PATT","source_specification",1000,TRUE,"inclusive",1000,0,1000,0,1000,0,0,1000,0,0,0,1000,TRUE,TRUE,TRUE,TRUE,TRUE,TRUE,TRUE,TRUE
2,6,"MARX","WM_PS_M3","PATT","source_specification",1000,TRUE,"inclusive",1000,0,1000,0,1000,0,0,1000,0,0,0,1000,TRUE,TRUE,TRUE,TRUE,TRUE,TRUE,TRUE,TRUE
3,6,"MARX","WM_PS_M3","PATT","source_specification",1000,TRUE,"inclusive",1000,0,1000,0,1000,0,0,1000,0,0,0,1000,TRUE,TRUE,TRUE,TRUE,TRUE,TRUE,TRUE,TRUE
1,1,"MART","WM_PS_M3","PATT","source_specification",1000,TRUE,"inclusive",1000,0,1000,0,1000,0,0,1000,0,0,0,1000,TRUE,TRUE,TRUE,TRUE,TRUE,TRUE,TRUE,TRUE
2,1,"MART","WM_PS_M3","PATT","source_specification",1000,TRUE,"inclusive",1000,0,1000,0,1000,0,0,1000,0,0,0,1000,TRUE,TRUE,TRUE,TRUE,TRUE,TRUE,TRUE,TRUE
3,1,"MART","WM_PS_M3","PATT","source_specification",1000,TRUE,"inclusive",1000,0,1000,0,1000,0,0,1000,0,0,0,1000,TRUE,TRUE,TRUE,TRUE,TRUE,TRUE,TRUE,TRUE
1,2,"MART","WM_PS_M3","PATT","source_specification",1000,TRUE,"inclusive",1000,0,1000,0,1000,0,0,1000,0,0,0,1000,TRUE,TRUE,TRUE,TRUE,TRUE,TRUE,TRUE,TRUE
2,2,"MART","WM_PS_M3","PATT","source_specification",1000,TRUE,"inclusive",1000,0,1000,0,1000,0,0,1000,0,0,0,1000,TRUE,TRUE,TRUE,TRUE,TRUE,TRUE,TRUE,TRUE
3,2,"MART","WM_PS_M3","PATT","source_specification",1000,TRUE,"inclusive",1000,0,1000,0,1000,0,0,1000,0,0,0,1000,TRUE,TRUE,TRUE,TRUE,TRUE,TRUE,TRUE,TRUE
1,3,"MART","WM_PS_M3","PATT","source_specification",1000,TRUE,"inclusive",1000,0,1000,0,1000,0,0,1000,0,0,0,1000,TRUE,TRUE,TRUE,TRUE,TRUE,TRUE,TRUE,TRUE
2,3,"MART","WM_PS_M3","PATT","source_specification",1000,TRUE,"inclusive",1000,0,1000,0,1000,0,0,1000,0,0,0,1000,TRUE,TRUE,TRUE,TRUE,TRUE,TRUE,TRUE,TRUE
3,3,"MART","WM_PS_M3","PATT","source_specification",1000,TRUE,"inclusive",1000,0,1000,0,1000,0,0,1000,0,0,0,1000,TRUE,TRUE,TRUE,TRUE,TRUE,TRUE,TRUE,TRUE
1,4,"MART","WM_PS_M3","PATT","source_specification",1000,TRUE,"inclusive",1000,0,1000,0,1000,0,0,1000,0,0,0,1000,TRUE,TRUE,TRUE,TRUE,TRUE,TRUE,TRUE,TRUE
2,4,"MART","WM_PS_M3","PATT","source_specification",1000,TRUE,"inclusive",1000,0,1000,0,1000,0,0,1000,0,0,0,1000,TRUE,TRUE,TRUE,TRUE,TRUE,TRUE,TRUE,TRUE
3,4,"MART","WM_PS_M3","PATT","source_specification",1000,TRUE,"inclusive",1000,0,1000,0,1000,0,0,1000,0,0,0,1000,TRUE,TRUE,TRUE,TRUE,TRUE,TRUE,TRUE,TRUE
1,5,"MART","WM_PS_M3","PATT","source_specification",1000,TRUE,"inclusive",1000,0,1000,0,1000,0,0,1000,0,0,0,1000,TRUE,TRUE,TRUE,TRUE,TRUE,TRUE,TRUE,TRUE
2,5,"MART","WM_PS_M3","PATT","source_specification",1000,TRUE,"inclusive",1000,0,1000,0,1000,0,0,1000,0,0,0,1000,TRUE,TRUE,TRUE,TRUE,TRUE,TRUE,TRUE,TRUE
3,5,"MART","WM_PS_M3","PATT","source_specification",1000,TRUE,"inclusive",1000,0,1000,0,1000,0,0,1000,0,0,0,1000,TRUE,TRUE,TRUE,TRUE,TRUE,TRUE,TRUE,TRUE
1,6,"MART","WM_PS_M3","PATT","source_specification",1000,TRUE,"inclusive",1000,0,1000,0,1000,0,0,1000,0,0,0,1000,TRUE,TRUE,TRUE,TRUE,TRUE,TRUE,TRUE,TRUE
2,6,"MART","WM_PS_M3","PATT","source_specification",1000,TRUE,"inclusive",1000,0,1000,0,1000,0,0,1000,0,0,0,1000,TRUE,TRUE,TRUE,TRUE,TRUE,TRUE,TRUE,TRUE
3,6,"MART","WM_PS_M3","PATT","source_specification",1000,TRUE,"inclusive",1000,0,1000,0,1000,0,0,1000,0,0,0,1000,TRUE,TRUE,TRUE,TRUE,TRUE,TRUE,TRUE,TRUE
1,1,"No","WM_DSM_M3","PATT","source_specification",1000,TRUE,"inclusive",1000,0,1000,0,1000,0,0,1000,0,0,0,0,TRUE,TRUE,TRUE,TRUE,TRUE,TRUE,TRUE,TRUE
2,1,"No","WM_DSM_M3","PATT","source_specification",1000,TRUE,"inclusive",1000,0,1000,0,1000,0,0,1000,0,0,0,0,TRUE,TRUE,TRUE,TRUE,TRUE,TRUE,TRUE,TRUE
3,1,"No","WM_DSM_M3","PATT","source_specification",1000,TRUE,"inclusive",1000,0,1000,0,1000,0,0,1000,0,0,0,0,TRUE,TRUE,TRUE,TRUE,TRUE,TRUE,TRUE,TRUE
1,2,"No","WM_DSM_M3","PATT","source_specification",1000,TRUE,"inclusive",1000,0,1000,0,1000,0,0,1000,0,0,0,0,TRUE,TRUE,TRUE,TRUE,TRUE,TRUE,TRUE,TRUE
2,2,"No","WM_DSM_M3","PATT","source_specification",1000,TRUE,"inclusive",1000,0,1000,0,1000,0,0,1000,0,0,0,0,TRUE,TRUE,TRUE,TRUE,TRUE,TRUE,TRUE,TRUE
3,2,"No","WM_DSM_M3","PATT","source_specification",1000,TRUE,"inclusive",1000,0,1000,0,1000,0,0,1000,0,0,0,0,TRUE,TRUE,TRUE,TRUE,TRUE,TRUE,TRUE,TRUE
1,3,"No","WM_DSM_M3","PATT","source_specification",1000,TRUE,"inclusive",1000,0,1000,0,1000,0,0,1000,0,0,0,0,TRUE,TRUE,TRUE,TRUE,TRUE,TRUE,TRUE,TRUE
2,3,"No","WM_DSM_M3","PATT","source_specification",1000,TRUE,"inclusive",1000,0,1000,0,1000,0,0,1000,0,0,0,0,TRUE,TRUE,TRUE,TRUE,TRUE,TRUE,TRUE,TRUE
3,3,"No","WM_DSM_M3","PATT","source_specification",1000,TRUE,"inclusive",1000,0,1000,0,1000,0,0,1000,0,0,0,0,TRUE,TRUE,TRUE,TRUE,TRUE,TRUE,TRUE,TRUE
1,4,"No","WM_DSM_M3","PATT","source_specification",1000,TRUE,"inclusive",1000,0,1000,0,1000,0,0,1000,0,0,0,0,TRUE,TRUE,TRUE,TRUE,TRUE,TRUE,TRUE,TRUE
2,4,"No","WM_DSM_M3","PATT","source_specification",1000,TRUE,"inclusive",1000,0,1000,0,1000,0,0,1000,0,0,0,0,TRUE,TRUE,TRUE,TRUE,TRUE,TRUE,TRUE,TRUE
3,4,"No","WM_DSM_M3","PATT","source_specification",1000,TRUE,"inclusive",1000,0,1000,0,1000,0,0,1000,0,0,0,0,TRUE,TRUE,TRUE,TRUE,TRUE,TRUE,TRUE,TRUE
1,5,"No","WM_DSM_M3","PATT","source_specification",1000,TRUE,"inclusive",1000,0,1000,0,1000,0,0,1000,0,0,0,0,TRUE,TRUE,TRUE,TRUE,TRUE,TRUE,TRUE,TRUE
2,5,"No","WM_DSM_M3","PATT","source_specification",1000,TRUE,"inclusive",1000,0,1000,0,1000,0,0,1000,0,0,0,0,TRUE,TRUE,TRUE,TRUE,TRUE,TRUE,TRUE,TRUE
3,5,"No","WM_DSM_M3","PATT","source_specification",1000,TRUE,"inclusive",1000,0,1000,0,1000,0,0,1000,0,0,0,0,TRUE,TRUE,TRUE,TRUE,TRUE,TRUE,TRUE,TRUE
1,6,"No","WM_DSM_M3","PATT","source_specification",1000,TRUE,"inclusive",1000,0,1000,0,1000,0,0,1000,0,0,0,0,TRUE,TRUE,TRUE,TRUE,TRUE,TRUE,TRUE,TRUE
2,6,"No","WM_DSM_M3","PATT","source_specification",1000,TRUE,"inclusive",1000,0,1000,0,1000,0,0,1000,0,0,0,0,TRUE,TRUE,TRUE,TRUE,TRUE,TRUE,TRUE,TRUE
3,6,"No","WM_DSM_M3","PATT","source_specification",1000,TRUE,"inclusive",1000,0,1000,0,1000,0,0,1000,0,0,0,0,TRUE,TRUE,TRUE,TRUE,TRUE,TRUE,TRUE,TRUE
1,1,"MAR","WM_DSM_M3","PATT","source_specification",1000,TRUE,"inclusive",1000,0,1000,0,1000,0,0,1000,0,0,0,1000,TRUE,TRUE,TRUE,TRUE,TRUE,TRUE,TRUE,TRUE
2,1,"MAR","WM_DSM_M3","PATT","source_specification",1000,TRUE,"inclusive",1000,0,1000,0,1000,0,0,1000,0,0,0,1000,TRUE,TRUE,TRUE,TRUE,TRUE,TRUE,TRUE,TRUE
3,1,"MAR","WM_DSM_M3","PATT","source_specification",1000,TRUE,"inclusive",1000,0,1000,0,1000,0,0,1000,0,0,0,1000,TRUE,TRUE,TRUE,TRUE,TRUE,TRUE,TRUE,TRUE
1,2,"MAR","WM_DSM_M3","PATT","source_specification",1000,TRUE,"inclusive",1000,0,1000,0,1000,0,0,1000,0,0,0,1000,TRUE,TRUE,TRUE,TRUE,TRUE,TRUE,TRUE,TRUE
2,2,"MAR","WM_DSM_M3","PATT","source_specification",1000,TRUE,"inclusive",1000,0,1000,0,1000,0,0,1000,0,0,0,1000,TRUE,TRUE,TRUE,TRUE,TRUE,TRUE,TRUE,TRUE
3,2,"MAR","WM_DSM_M3","PATT","source_specification",1000,TRUE,"inclusive",1000,0,1000,0,1000,0,0,1000,0,0,0,1000,TRUE,TRUE,TRUE,TRUE,TRUE,TRUE,TRUE,TRUE
1,3,"MAR","WM_DSM_M3","PATT","source_specification",1000,TRUE,"inclusive",1000,0,1000,0,1000,0,0,1000,0,0,0,1000,TRUE,TRUE,TRUE,TRUE,TRUE,TRUE,TRUE,TRUE
2,3,"MAR","WM_DSM_M3","PATT","source_specification",1000,TRUE,"inclusive",1000,0,1000,0,1000,0,0,1000,0,0,0,1000,TRUE,TRUE,TRUE,TRUE,TRUE,TRUE,TRUE,TRUE
3,3,"MAR","WM_DSM_M3","PATT","source_specification",1000,TRUE,"inclusive",1000,0,1000,0,1000,0,0,1000,0,0,0,1000,TRUE,TRUE,TRUE,TRUE,TRUE,TRUE,TRUE,TRUE
1,4,"MAR","WM_DSM_M3","PATT","source_specification",1000,TRUE,"inclusive",1000,0,1000,0,1000,0,0,1000,0,0,0,1000,TRUE,TRUE,TRUE,TRUE,TRUE,TRUE,TRUE,TRUE
2,4,"MAR","WM_DSM_M3","PATT","source_specification",1000,TRUE,"inclusive",1000,0,1000,0,1000,0,0,1000,0,0,0,1000,TRUE,TRUE,TRUE,TRUE,TRUE,TRUE,TRUE,TRUE
3,4,"MAR","WM_DSM_M3","PATT","source_specification",1000,TRUE,"inclusive",1000,0,1000,0,1000,0,0,1000,0,0,0,1000,TRUE,TRUE,TRUE,TRUE,TRUE,TRUE,TRUE,TRUE
1,5,"MAR","WM_DSM_M3","PATT","source_specification",1000,TRUE,"inclusive",1000,0,1000,0,1000,0,0,1000,0,0,0,1000,TRUE,TRUE,TRUE,TRUE,TRUE,TRUE,TRUE,TRUE
2,5,"MAR","WM_DSM_M3","PATT","source_specification",1000,TRUE,"inclusive",1000,0,1000,0,1000,0,0,1000,0,0,0,1000,TRUE,TRUE,TRUE,TRUE,TRUE,TRUE,TRUE,TRUE
3,5,"MAR","WM_DSM_M3","PATT","source_specification",1000,TRUE,"inclusive",1000,0,1000,0,1000,0,0,1000,0,0,0,1000,TRUE,TRUE,TRUE,TRUE,TRUE,TRUE,TRUE,TRUE
1,6,"MAR","WM_DSM_M3","PATT","source_specification",1000,TRUE,"inclusive",1000,0,1000,0,1000,0,0,1000,0,0,0,1000,TRUE,TRUE,TRUE,TRUE,TRUE,TRUE,TRUE,TRUE
2,6,"MAR","WM_DSM_M3","PATT","source_specification",1000,TRUE,"inclusive",1000,0,1000,0,1000,0,0,1000,0,0,0,1000,TRUE,TRUE,TRUE,TRUE,TRUE,TRUE,TRUE,TRUE
3,6,"MAR","WM_DSM_M3","PATT","source_specification",1000,TRUE,"inclusive",1000,0,1000,0,1000,0,0,1000,0,0,0,1000,TRUE,TRUE,TRUE,TRUE,TRUE,TRUE,TRUE,TRUE
1,1,"MARX","WM_DSM_M3","PATT","source_specification",1000,TRUE,"inclusive",1000,0,1000,0,1000,0,0,1000,0,0,0,1000,TRUE,TRUE,TRUE,TRUE,TRUE,TRUE,TRUE,TRUE
2,1,"MARX","WM_DSM_M3","PATT","source_specification",1000,TRUE,"inclusive",1000,0,1000,0,1000,0,0,1000,0,0,0,1000,TRUE,TRUE,TRUE,TRUE,TRUE,TRUE,TRUE,TRUE
3,1,"MARX","WM_DSM_M3","PATT","source_specification",1000,TRUE,"inclusive",1000,0,1000,0,1000,0,0,1000,0,0,0,1000,TRUE,TRUE,TRUE,TRUE,TRUE,TRUE,TRUE,TRUE
1,2,"MARX","WM_DSM_M3","PATT","source_specification",1000,TRUE,"inclusive",1000,0,1000,0,1000,0,0,1000,0,0,0,1000,TRUE,TRUE,TRUE,TRUE,TRUE,TRUE,TRUE,TRUE
2,2,"MARX","WM_DSM_M3","PATT","source_specification",1000,TRUE,"inclusive",1000,0,1000,0,1000,0,0,1000,0,0,0,1000,TRUE,TRUE,TRUE,TRUE,TRUE,TRUE,TRUE,TRUE
3,2,"MARX","WM_DSM_M3","PATT","source_specification",1000,TRUE,"inclusive",1000,0,1000,0,1000,0,0,1000,0,0,0,1000,TRUE,TRUE,TRUE,TRUE,TRUE,TRUE,TRUE,TRUE
1,3,"MARX","WM_DSM_M3","PATT","source_specification",1000,TRUE,"inclusive",1000,0,1000,0,1000,0,0,1000,0,0,0,1000,TRUE,TRUE,TRUE,TRUE,TRUE,TRUE,TRUE,TRUE
2,3,"MARX","WM_DSM_M3","PATT","source_specification",1000,TRUE,"inclusive",1000,0,1000,0,1000,0,0,1000,0,0,0,1000,TRUE,TRUE,TRUE,TRUE,TRUE,TRUE,TRUE,TRUE
3,3,"MARX","WM_DSM_M3","PATT","source_specification",1000,TRUE,"inclusive",1000,0,1000,0,1000,0,0,1000,0,0,0,1000,TRUE,TRUE,TRUE,TRUE,TRUE,TRUE,TRUE,TRUE
1,4,"MARX","WM_DSM_M3","PATT","source_specification",1000,TRUE,"inclusive",1000,0,1000,0,1000,0,0,1000,0,0,0,1000,TRUE,TRUE,TRUE,TRUE,TRUE,TRUE,TRUE,TRUE
2,4,"MARX","WM_DSM_M3","PATT","source_specification",1000,TRUE,"inclusive",1000,0,1000,0,1000,0,0,1000,0,0,0,1000,TRUE,TRUE,TRUE,TRUE,TRUE,TRUE,TRUE,TRUE
3,4,"MARX","WM_DSM_M3","PATT","source_specification",1000,TRUE,"inclusive",1000,0,1000,0,1000,0,0,1000,0,0,0,1000,TRUE,TRUE,TRUE,TRUE,TRUE,TRUE,TRUE,TRUE
1,5,"MARX","WM_DSM_M3","PATT","source_specification",1000,TRUE,"inclusive",1000,0,1000,0,1000,0,0,1000,0,0,0,1000,TRUE,TRUE,TRUE,TRUE,TRUE,TRUE,TRUE,TRUE
2,5,"MARX","WM_DSM_M3","PATT","source_specification",1000,TRUE,"inclusive",1000,0,1000,0,1000,0,0,1000,0,0,0,1000,TRUE,TRUE,TRUE,TRUE,TRUE,TRUE,TRUE,TRUE
3,5,"MARX","WM_DSM_M3","PATT","source_specification",1000,TRUE,"inclusive",1000,0,1000,0,1000,0,0,1000,0,0,0,1000,TRUE,TRUE,TRUE,TRUE,TRUE,TRUE,TRUE,TRUE
1,6,"MARX","WM_DSM_M3","PATT","source_specification",1000,TRUE,"inclusive",1000,0,1000,0,1000,0,0,1000,0,0,0,1000,TRUE,TRUE,TRUE,TRUE,TRUE,TRUE,TRUE,TRUE
2,6,"MARX","WM_DSM_M3","PATT","source_specification",1000,TRUE,"inclusive",1000,0,1000,0,1000,0,0,1000,0,0,0,1000,TRUE,TRUE,TRUE,TRUE,TRUE,TRUE,TRUE,TRUE
3,6,"MARX","WM_DSM_M3","PATT","source_specification",1000,TRUE,"inclusive",1000,0,1000,0,1000,0,0,1000,0,0,0,1000,TRUE,TRUE,TRUE,TRUE,TRUE,TRUE,TRUE,TRUE
1,1,"MART","WM_DSM_M3","PATT","source_specification",1000,TRUE,"inclusive",1000,0,1000,0,1000,0,0,1000,0,0,0,1000,TRUE,TRUE,TRUE,TRUE,TRUE,TRUE,TRUE,TRUE
2,1,"MART","WM_DSM_M3","PATT","source_specification",1000,TRUE,"inclusive",1000,0,1000,0,1000,0,0,1000,0,0,0,1000,TRUE,TRUE,TRUE,TRUE,TRUE,TRUE,TRUE,TRUE
3,1,"MART","WM_DSM_M3","PATT","source_specification",1000,TRUE,"inclusive",1000,0,1000,0,1000,0,0,1000,0,0,0,1000,TRUE,TRUE,TRUE,TRUE,TRUE,TRUE,TRUE,TRUE
1,2,"MART","WM_DSM_M3","PATT","source_specification",1000,TRUE,"inclusive",1000,0,1000,0,1000,0,0,1000,0,0,0,1000,TRUE,TRUE,TRUE,TRUE,TRUE,TRUE,TRUE,TRUE
2,2,"MART","WM_DSM_M3","PATT","source_specification",1000,TRUE,"inclusive",1000,0,1000,0,1000,0,0,1000,0,0,0,1000,TRUE,TRUE,TRUE,TRUE,TRUE,TRUE,TRUE,TRUE
3,2,"MART","WM_DSM_M3","PATT","source_specification",1000,TRUE,"inclusive",1000,0,1000,0,1000,0,0,1000,0,0,0,1000,TRUE,TRUE,TRUE,TRUE,TRUE,TRUE,TRUE,TRUE
1,3,"MART","WM_DSM_M3","PATT","source_specification",1000,TRUE,"inclusive",1000,0,1000,0,1000,0,0,1000,0,0,0,1000,TRUE,TRUE,TRUE,TRUE,TRUE,TRUE,TRUE,TRUE
2,3,"MART","WM_DSM_M3","PATT","source_specification",1000,TRUE,"inclusive",1000,0,1000,0,1000,0,0,1000,0,0,0,1000,TRUE,TRUE,TRUE,TRUE,TRUE,TRUE,TRUE,TRUE
3,3,"MART","WM_DSM_M3","PATT","source_specification",1000,TRUE,"inclusive",1000,0,1000,0,1000,0,0,1000,0,0,0,1000,TRUE,TRUE,TRUE,TRUE,TRUE,TRUE,TRUE,TRUE
1,4,"MART","WM_DSM_M3","PATT","source_specification",1000,TRUE,"inclusive",1000,0,1000,0,1000,0,0,1000,0,0,0,1000,TRUE,TRUE,TRUE,TRUE,TRUE,TRUE,TRUE,TRUE
2,4,"MART","WM_DSM_M3","PATT","source_specification",1000,TRUE,"inclusive",1000,0,1000,0,1000,0,0,1000,0,0,0,1000,TRUE,TRUE,TRUE,TRUE,TRUE,TRUE,TRUE,TRUE
3,4,"MART","WM_DSM_M3","PATT","source_specification",1000,TRUE,"inclusive",1000,0,1000,0,1000,0,0,1000,0,0,0,1000,TRUE,TRUE,TRUE,TRUE,TRUE,TRUE,TRUE,TRUE
1,5,"MART","WM_DSM_M3","PATT","source_specification",1000,TRUE,"inclusive",1000,0,1000,0,1000,0,0,1000,0,0,0,1000,TRUE,TRUE,TRUE,TRUE,TRUE,TRUE,TRUE,TRUE
2,5,"MART","WM_DSM_M3","PATT","source_specification",1000,TRUE,"inclusive",1000,0,1000,0,1000,0,0,1000,0,0,0,1000,TRUE,TRUE,TRUE,TRUE,TRUE,TRUE,TRUE,TRUE
3,5,"MART","WM_DSM_M3","PATT","source_specification",1000,TRUE,"inclusive",1000,0,1000,0,1000,0,0,1000,0,0,0,1000,TRUE,TRUE,TRUE,TRUE,TRUE,TRUE,TRUE,TRUE
1,6,"MART","WM_DSM_M3","PATT","source_specification",1000,TRUE,"inclusive",1000,0,1000,0,1000,0,0,1000,0,0,0,1000,TRUE,TRUE,TRUE,TRUE,TRUE,TRUE,TRUE,TRUE
2,6,"MART","WM_DSM_M3","PATT","source_specification",1000,TRUE,"inclusive",1000,0,1000,0,1000,0,0,1000,0,0,0,1000,TRUE,TRUE,TRUE,TRUE,TRUE,TRUE,TRUE,TRUE
3,6,"MART","WM_DSM_M3","PATT","source_specification",1000,TRUE,"inclusive",1000,0,1000,0,1000,0,0,1000,0,0,0,1000,TRUE,TRUE,TRUE,TRUE,TRUE,TRUE,TRUE,TRUE
1,1,"No","WM_X6_M3","PATT","source_specification",1000,TRUE,"inclusive",1000,0,1000,0,1000,0,0,1000,0,0,0,0,TRUE,TRUE,TRUE,TRUE,TRUE,TRUE,TRUE,TRUE
2,1,"No","WM_X6_M3","PATT","source_specification",1000,TRUE,"inclusive",1000,0,1000,0,1000,0,0,1000,0,0,0,0,TRUE,TRUE,TRUE,TRUE,TRUE,TRUE,TRUE,TRUE
3,1,"No","WM_X6_M3","PATT","source_specification",1000,TRUE,"inclusive",1000,0,1000,0,1000,0,0,1000,0,0,0,0,TRUE,TRUE,TRUE,TRUE,TRUE,TRUE,TRUE,TRUE
1,2,"No","WM_X6_M3","PATT","source_specification",1000,TRUE,"inclusive",1000,0,1000,0,1000,0,0,1000,0,0,0,0,TRUE,TRUE,TRUE,TRUE,TRUE,TRUE,TRUE,TRUE
2,2,"No","WM_X6_M3","PATT","source_specification",1000,TRUE,"inclusive",1000,0,1000,0,1000,0,0,1000,0,0,0,0,TRUE,TRUE,TRUE,TRUE,TRUE,TRUE,TRUE,TRUE
3,2,"No","WM_X6_M3","PATT","source_specification",1000,TRUE,"inclusive",1000,0,1000,0,1000,0,0,1000,0,0,0,0,TRUE,TRUE,TRUE,TRUE,TRUE,TRUE,TRUE,TRUE
1,3,"No","WM_X6_M3","PATT","source_specification",1000,TRUE,"inclusive",1000,0,1000,0,1000,0,0,1000,0,0,0,0,TRUE,TRUE,TRUE,TRUE,TRUE,TRUE,TRUE,TRUE
2,3,"No","WM_X6_M3","PATT","source_specification",1000,TRUE,"inclusive",1000,0,1000,0,1000,0,0,1000,0,0,0,0,TRUE,TRUE,TRUE,TRUE,TRUE,TRUE,TRUE,TRUE
3,3,"No","WM_X6_M3","PATT","source_specification",1000,TRUE,"inclusive",1000,0,1000,0,1000,0,0,1000,0,0,0,0,TRUE,TRUE,TRUE,TRUE,TRUE,TRUE,TRUE,TRUE
1,4,"No","WM_X6_M3","PATT","source_specification",1000,TRUE,"inclusive",1000,0,1000,0,1000,0,0,1000,0,0,0,0,TRUE,TRUE,TRUE,TRUE,TRUE,TRUE,TRUE,TRUE
2,4,"No","WM_X6_M3","PATT","source_specification",1000,TRUE,"inclusive",1000,0,1000,0,1000,0,0,1000,0,0,0,0,TRUE,TRUE,TRUE,TRUE,TRUE,TRUE,TRUE,TRUE
3,4,"No","WM_X6_M3","PATT","source_specification",1000,TRUE,"inclusive",1000,0,1000,0,1000,0,0,1000,0,0,0,0,TRUE,TRUE,TRUE,TRUE,TRUE,TRUE,TRUE,TRUE
1,5,"No","WM_X6_M3","PATT","source_specification",1000,TRUE,"inclusive",1000,0,1000,0,1000,0,0,1000,0,0,0,0,TRUE,TRUE,TRUE,TRUE,TRUE,TRUE,TRUE,TRUE
2,5,"No","WM_X6_M3","PATT","source_specification",1000,TRUE,"inclusive",1000,0,1000,0,1000,0,0,1000,0,0,0,0,TRUE,TRUE,TRUE,TRUE,TRUE,TRUE,TRUE,TRUE
3,5,"No","WM_X6_M3","PATT","source_specification",1000,TRUE,"inclusive",1000,0,1000,0,1000,0,0,1000,0,0,0,0,TRUE,TRUE,TRUE,TRUE,TRUE,TRUE,TRUE,TRUE
1,6,"No","WM_X6_M3","PATT","source_specification",1000,TRUE,"inclusive",1000,0,1000,0,1000,0,0,1000,0,0,0,0,TRUE,TRUE,TRUE,TRUE,TRUE,TRUE,TRUE,TRUE
2,6,"No","WM_X6_M3","PATT","source_specification",1000,TRUE,"inclusive",1000,0,1000,0,1000,0,0,1000,0,0,0,0,TRUE,TRUE,TRUE,TRUE,TRUE,TRUE,TRUE,TRUE
3,6,"No","WM_X6_M3","PATT","source_specification",1000,TRUE,"inclusive",1000,0,1000,0,1000,0,0,1000,0,0,0,0,TRUE,TRUE,TRUE,TRUE,TRUE,TRUE,TRUE,TRUE
1,1,"MAR","WM_X6_M3","PATT","source_specification",1000,TRUE,"inclusive",1000,0,1000,0,1000,0,0,1000,0,0,0,1000,TRUE,TRUE,TRUE,TRUE,TRUE,TRUE,TRUE,TRUE
2,1,"MAR","WM_X6_M3","PATT","source_specification",1000,TRUE,"inclusive",1000,0,1000,0,1000,0,0,1000,0,0,0,1000,TRUE,TRUE,TRUE,TRUE,TRUE,TRUE,TRUE,TRUE
3,1,"MAR","WM_X6_M3","PATT","source_specification",1000,TRUE,"inclusive",1000,0,1000,0,1000,0,0,1000,0,0,0,1000,TRUE,TRUE,TRUE,TRUE,TRUE,TRUE,TRUE,TRUE
1,2,"MAR","WM_X6_M3","PATT","source_specification",1000,TRUE,"inclusive",1000,0,1000,0,1000,0,0,1000,0,0,0,1000,TRUE,TRUE,TRUE,TRUE,TRUE,TRUE,TRUE,TRUE
2,2,"MAR","WM_X6_M3","PATT","source_specification",1000,TRUE,"inclusive",1000,0,1000,0,1000,0,0,1000,0,0,0,1000,TRUE,TRUE,TRUE,TRUE,TRUE,TRUE,TRUE,TRUE
3,2,"MAR","WM_X6_M3","PATT","source_specification",1000,TRUE,"inclusive",1000,0,1000,0,1000,0,0,1000,0,0,0,1000,TRUE,TRUE,TRUE,TRUE,TRUE,TRUE,TRUE,TRUE
1,3,"MAR","WM_X6_M3","PATT","source_specification",1000,TRUE,"inclusive",1000,0,1000,0,1000,0,0,1000,0,0,0,1000,TRUE,TRUE,TRUE,TRUE,TRUE,TRUE,TRUE,TRUE
2,3,"MAR","WM_X6_M3","PATT","source_specification",1000,TRUE,"inclusive",1000,0,1000,0,1000,0,0,1000,0,0,0,1000,TRUE,TRUE,TRUE,TRUE,TRUE,TRUE,TRUE,TRUE
3,3,"MAR","WM_X6_M3","PATT","source_specification",1000,TRUE,"inclusive",1000,0,1000,0,1000,0,0,1000,0,0,0,1000,TRUE,TRUE,TRUE,TRUE,TRUE,TRUE,TRUE,TRUE
1,4,"MAR","WM_X6_M3","PATT","source_specification",1000,TRUE,"inclusive",1000,0,1000,0,1000,0,0,1000,0,0,0,1000,TRUE,TRUE,TRUE,TRUE,TRUE,TRUE,TRUE,TRUE
2,4,"MAR","WM_X6_M3","PATT","source_specification",1000,TRUE,"inclusive",1000,0,1000,0,1000,0,0,1000,0,0,0,1000,TRUE,TRUE,TRUE,TRUE,TRUE,TRUE,TRUE,TRUE
3,4,"MAR","WM_X6_M3","PATT","source_specification",1000,TRUE,"inclusive",1000,0,1000,0,1000,0,0,1000,0,0,0,1000,TRUE,TRUE,TRUE,TRUE,TRUE,TRUE,TRUE,TRUE
1,5,"MAR","WM_X6_M3","PATT","source_specification",1000,TRUE,"inclusive",1000,0,1000,0,1000,0,0,1000,0,0,0,1000,TRUE,TRUE,TRUE,TRUE,TRUE,TRUE,TRUE,TRUE
2,5,"MAR","WM_X6_M3","PATT","source_specification",1000,TRUE,"inclusive",1000,0,1000,0,1000,0,0,1000,0,0,0,1000,TRUE,TRUE,TRUE,TRUE,TRUE,TRUE,TRUE,TRUE
3,5,"MAR","WM_X6_M3","PATT","source_specification",1000,TRUE,"inclusive",1000,0,1000,0,1000,0,0,1000,0,0,0,1000,TRUE,TRUE,TRUE,TRUE,TRUE,TRUE,TRUE,TRUE
1,6,"MAR","WM_X6_M3","PATT","source_specification",1000,TRUE,"inclusive",1000,0,1000,0,1000,0,0,1000,0,0,0,1000,TRUE,TRUE,TRUE,TRUE,TRUE,TRUE,TRUE,TRUE
2,6,"MAR","WM_X6_M3","PATT","source_specification",1000,TRUE,"inclusive",1000,0,1000,0,1000,0,0,1000,0,0,0,1000,TRUE,TRUE,TRUE,TRUE,TRUE,TRUE,TRUE,TRUE
3,6,"MAR","WM_X6_M3","PATT","source_specification",1000,TRUE,"inclusive",1000,0,1000,0,1000,0,0,1000,0,0,0,1000,TRUE,TRUE,TRUE,TRUE,TRUE,TRUE,TRUE,TRUE
1,1,"MARX","WM_X6_M3","PATT","source_specification",1000,TRUE,"inclusive",1000,0,1000,0,1000,0,0,1000,0,0,0,1000,TRUE,TRUE,TRUE,TRUE,TRUE,TRUE,TRUE,TRUE
2,1,"MARX","WM_X6_M3","PATT","source_specification",1000,TRUE,"inclusive",1000,0,1000,0,1000,0,0,1000,0,0,0,1000,TRUE,TRUE,TRUE,TRUE,TRUE,TRUE,TRUE,TRUE
3,1,"MARX","WM_X6_M3","PATT","source_specification",1000,TRUE,"inclusive",1000,0,1000,0,1000,0,0,1000,0,0,0,1000,TRUE,TRUE,TRUE,TRUE,TRUE,TRUE,TRUE,TRUE
1,2,"MARX","WM_X6_M3","PATT","source_specification",1000,TRUE,"inclusive",1000,0,1000,0,1000,0,0,1000,0,0,0,1000,TRUE,TRUE,TRUE,TRUE,TRUE,TRUE,TRUE,TRUE
2,2,"MARX","WM_X6_M3","PATT","source_specification",1000,TRUE,"inclusive",1000,0,1000,0,1000,0,0,1000,0,0,0,1000,TRUE,TRUE,TRUE,TRUE,TRUE,TRUE,TRUE,TRUE
3,2,"MARX","WM_X6_M3","PATT","source_specification",1000,TRUE,"inclusive",1000,0,1000,0,1000,0,0,1000,0,0,0,1000,TRUE,TRUE,TRUE,TRUE,TRUE,TRUE,TRUE,TRUE
1,3,"MARX","WM_X6_M3","PATT","source_specification",1000,TRUE,"inclusive",1000,0,1000,0,1000,0,0,1000,0,0,0,1000,TRUE,TRUE,TRUE,TRUE,TRUE,TRUE,TRUE,TRUE
2,3,"MARX","WM_X6_M3","PATT","source_specification",1000,TRUE,"inclusive",1000,0,1000,0,1000,0,0,1000,0,0,0,1000,TRUE,TRUE,TRUE,TRUE,TRUE,TRUE,TRUE,TRUE
3,3,"MARX","WM_X6_M3","PATT","source_specification",1000,TRUE,"inclusive",1000,0,1000,0,1000,0,0,1000,0,0,0,1000,TRUE,TRUE,TRUE,TRUE,TRUE,TRUE,TRUE,TRUE
1,4,"MARX","WM_X6_M3","PATT","source_specification",1000,TRUE,"inclusive",1000,0,1000,0,1000,0,0,1000,0,0,0,1000,TRUE,TRUE,TRUE,TRUE,TRUE,TRUE,TRUE,TRUE
2,4,"MARX","WM_X6_M3","PATT","source_specification",1000,TRUE,"inclusive",1000,0,1000,0,1000,0,0,1000,0,0,0,1000,TRUE,TRUE,TRUE,TRUE,TRUE,TRUE,TRUE,TRUE
3,4,"MARX","WM_X6_M3","PATT","source_specification",1000,TRUE,"inclusive",1000,0,1000,0,1000,0,0,1000,0,0,0,1000,TRUE,TRUE,TRUE,TRUE,TRUE,TRUE,TRUE,TRUE
1,5,"MARX","WM_X6_M3","PATT","source_specification",1000,TRUE,"inclusive",1000,0,1000,0,1000,0,0,1000,0,0,0,1000,TRUE,TRUE,TRUE,TRUE,TRUE,TRUE,TRUE,TRUE
2,5,"MARX","WM_X6_M3","PATT","source_specification",1000,TRUE,"inclusive",1000,0,1000,0,1000,0,0,1000,0,0,0,1000,TRUE,TRUE,TRUE,TRUE,TRUE,TRUE,TRUE,TRUE
3,5,"MARX","WM_X6_M3","PATT","source_specification",1000,TRUE,"inclusive",1000,0,1000,0,1000,0,0,1000,0,0,0,1000,TRUE,TRUE,TRUE,TRUE,TRUE,TRUE,TRUE,TRUE
1,6,"MARX","WM_X6_M3","PATT","source_specification",1000,TRUE,"inclusive",1000,0,1000,0,1000,0,0,1000,0,0,0,1000,TRUE,TRUE,TRUE,TRUE,TRUE,TRUE,TRUE,TRUE
2,6,"MARX","WM_X6_M3","PATT","source_specification",1000,TRUE,"inclusive",1000,0,1000,0,1000,0,0,1000,0,0,0,1000,TRUE,TRUE,TRUE,TRUE,TRUE,TRUE,TRUE,TRUE
3,6,"MARX","WM_X6_M3","PATT","source_specification",1000,TRUE,"inclusive",1000,0,1000,0,1000,0,0,1000,0,0,0,1000,TRUE,TRUE,TRUE,TRUE,TRUE,TRUE,TRUE,TRUE
1,1,"MART","WM_X6_M3","PATT","source_specification",1000,TRUE,"inclusive",1000,0,1000,0,1000,0,0,1000,0,0,0,1000,TRUE,TRUE,TRUE,TRUE,TRUE,TRUE,TRUE,TRUE
2,1,"MART","WM_X6_M3","PATT","source_specification",1000,TRUE,"inclusive",1000,0,1000,0,1000,0,0,1000,0,0,0,1000,TRUE,TRUE,TRUE,TRUE,TRUE,TRUE,TRUE,TRUE
3,1,"MART","WM_X6_M3","PATT","source_specification",1000,TRUE,"inclusive",1000,0,1000,0,1000,0,0,1000,0,0,0,1000,TRUE,TRUE,TRUE,TRUE,TRUE,TRUE,TRUE,TRUE
1,2,"MART","WM_X6_M3","PATT","source_specification",1000,TRUE,"inclusive",1000,0,1000,0,1000,0,0,1000,0,0,0,1000,TRUE,TRUE,TRUE,TRUE,TRUE,TRUE,TRUE,TRUE
2,2,"MART","WM_X6_M3","PATT","source_specification",1000,TRUE,"inclusive",1000,0,1000,0,1000,0,0,1000,0,0,0,1000,TRUE,TRUE,TRUE,TRUE,TRUE,TRUE,TRUE,TRUE
3,2,"MART","WM_X6_M3","PATT","source_specification",1000,TRUE,"inclusive",1000,0,1000,0,1000,0,0,1000,0,0,0,1000,TRUE,TRUE,TRUE,TRUE,TRUE,TRUE,TRUE,TRUE
1,3,"MART","WM_X6_M3","PATT","source_specification",1000,TRUE,"inclusive",1000,0,1000,0,1000,0,0,1000,0,0,0,1000,TRUE,TRUE,TRUE,TRUE,TRUE,TRUE,TRUE,TRUE
2,3,"MART","WM_X6_M3","PATT","source_specification",1000,TRUE,"inclusive",1000,0,1000,0,1000,0,0,1000,0,0,0,1000,TRUE,TRUE,TRUE,TRUE,TRUE,TRUE,TRUE,TRUE
3,3,"MART","WM_X6_M3","PATT","source_specification",1000,TRUE,"inclusive",1000,0,1000,0,1000,0,0,1000,0,0,0,1000,TRUE,TRUE,TRUE,TRUE,TRUE,TRUE,TRUE,TRUE
1,4,"MART","WM_X6_M3","PATT","source_specification",1000,TRUE,"inclusive",1000,0,1000,0,1000,0,0,1000,0,0,0,1000,TRUE,TRUE,TRUE,TRUE,TRUE,TRUE,TRUE,TRUE
2,4,"MART","WM_X6_M3","PATT","source_specification",1000,TRUE,"inclusive",1000,0,1000,0,1000,0,0,1000,0,0,0,1000,TRUE,TRUE,TRUE,TRUE,TRUE,TRUE,TRUE,TRUE
3,4,"MART","WM_X6_M3","PATT","source_specification",1000,TRUE,"inclusive",1000,0,1000,0,1000,0,0,1000,0,0,0,1000,TRUE,TRUE,TRUE,TRUE,TRUE,TRUE,TRUE,TRUE
1,5,"MART","WM_X6_M3","PATT","source_specification",1000,TRUE,"inclusive",1000,0,1000,0,1000,0,0,1000,0,0,0,1000,TRUE,TRUE,TRUE,TRUE,TRUE,TRUE,TRUE,TRUE
2,5,"MART","WM_X6_M3","PATT","source_specification",1000,TRUE,"inclusive",1000,0,1000,0,1000,0,0,1000,0,0,0,1000,TRUE,TRUE,TRUE,TRUE,TRUE,TRUE,TRUE,TRUE
3,5,"MART","WM_X6_M3","PATT","source_specification",1000,TRUE,"inclusive",1000,0,1000,0,1000,0,0,1000,0,0,0,1000,TRUE,TRUE,TRUE,TRUE,TRUE,TRUE,TRUE,TRUE
1,6,"MART","WM_X6_M3","PATT","source_specification",1000,TRUE,"inclusive",1000,0,1000,0,1000,0,0,1000,0,0,0,1000,TRUE,TRUE,TRUE,TRUE,TRUE,TRUE,TRUE,TRUE
2,6,"MART","WM_X6_M3","PATT","source_specification",1000,TRUE,"inclusive",1000,0,1000,0,1000,0,0,1000,0,0,0,1000,TRUE,TRUE,TRUE,TRUE,TRUE,TRUE,TRUE,TRUE
3,6,"MART","WM_X6_M3","PATT","source_specification",1000,TRUE,"inclusive",1000,0,1000,0,1000,0,0,1000,0,0,0,1000,TRUE,TRUE,TRUE,TRUE,TRUE,TRUE,TRUE,TRUE
1,1,"No","WM_PS_M5","PATT","source_specification",1000,TRUE,"inclusive",1000,0,1000,0,1000,0,0,1000,0,0,0,0,TRUE,TRUE,TRUE,TRUE,TRUE,TRUE,TRUE,TRUE
2,1,"No","WM_PS_M5","PATT","source_specification",1000,TRUE,"inclusive",1000,0,1000,0,1000,0,0,1000,0,0,0,0,TRUE,TRUE,TRUE,TRUE,TRUE,TRUE,TRUE,TRUE
3,1,"No","WM_PS_M5","PATT","source_specification",1000,TRUE,"inclusive",1000,0,1000,0,1000,0,0,1000,0,0,0,0,TRUE,TRUE,TRUE,TRUE,TRUE,TRUE,TRUE,TRUE
1,2,"No","WM_PS_M5","PATT","source_specification",1000,TRUE,"inclusive",1000,0,1000,0,1000,0,0,1000,0,0,0,0,TRUE,TRUE,TRUE,TRUE,TRUE,TRUE,TRUE,TRUE
2,2,"No","WM_PS_M5","PATT","source_specification",1000,TRUE,"inclusive",1000,0,1000,0,1000,0,0,1000,0,0,0,0,TRUE,TRUE,TRUE,TRUE,TRUE,TRUE,TRUE,TRUE
3,2,"No","WM_PS_M5","PATT","source_specification",1000,TRUE,"inclusive",1000,0,1000,0,1000,0,0,1000,0,0,0,0,TRUE,TRUE,TRUE,TRUE,TRUE,TRUE,TRUE,TRUE
1,3,"No","WM_PS_M5","PATT","source_specification",1000,TRUE,"inclusive",1000,0,1000,0,1000,0,0,1000,0,0,0,0,TRUE,TRUE,TRUE,TRUE,TRUE,TRUE,TRUE,TRUE
2,3,"No","WM_PS_M5","PATT","source_specification",1000,TRUE,"inclusive",1000,0,1000,0,1000,0,0,1000,0,0,0,0,TRUE,TRUE,TRUE,TRUE,TRUE,TRUE,TRUE,TRUE
3,3,"No","WM_PS_M5","PATT","source_specification",1000,TRUE,"inclusive",1000,0,1000,0,1000,0,0,1000,0,0,0,0,TRUE,TRUE,TRUE,TRUE,TRUE,TRUE,TRUE,TRUE
1,4,"No","WM_PS_M5","PATT","source_specification",1000,TRUE,"inclusive",1000,0,1000,0,1000,0,0,1000,0,0,0,0,TRUE,TRUE,TRUE,TRUE,TRUE,TRUE,TRUE,TRUE
2,4,"No","WM_PS_M5","PATT","source_specification",1000,TRUE,"inclusive",1000,0,1000,0,1000,0,0,1000,0,0,0,0,TRUE,TRUE,TRUE,TRUE,TRUE,TRUE,TRUE,TRUE
3,4,"No","WM_PS_M5","PATT","source_specification",1000,TRUE,"inclusive",1000,0,1000,0,1000,0,0,1000,0,0,0,0,TRUE,TRUE,TRUE,TRUE,TRUE,TRUE,TRUE,TRUE
1,5,"No","WM_PS_M5","PATT","source_specification",1000,TRUE,"inclusive",1000,0,1000,0,1000,0,0,1000,0,0,0,0,TRUE,TRUE,TRUE,TRUE,TRUE,TRUE,TRUE,TRUE
2,5,"No","WM_PS_M5","PATT","source_specification",1000,TRUE,"inclusive",1000,0,1000,0,1000,0,0,1000,0,0,0,0,TRUE,TRUE,TRUE,TRUE,TRUE,TRUE,TRUE,TRUE
3,5,"No","WM_PS_M5","PATT","source_specification",1000,TRUE,"inclusive",1000,0,1000,0,1000,0,0,1000,0,0,0,0,TRUE,TRUE,TRUE,TRUE,TRUE,TRUE,TRUE,TRUE
1,6,"No","WM_PS_M5","PATT","source_specification",1000,TRUE,"inclusive",1000,0,1000,0,1000,0,0,1000,0,0,0,0,TRUE,TRUE,TRUE,TRUE,TRUE,TRUE,TRUE,TRUE
2,6,"No","WM_PS_M5","PATT","source_specification",1000,TRUE,"inclusive",1000,0,1000,0,1000,0,0,1000,0,0,0,0,TRUE,TRUE,TRUE,TRUE,TRUE,TRUE,TRUE,TRUE
3,6,"No","WM_PS_M5","PATT","source_specification",1000,TRUE,"inclusive",1000,0,1000,0,1000,0,0,1000,0,0,0,0,TRUE,TRUE,TRUE,TRUE,TRUE,TRUE,TRUE,TRUE
1,1,"MAR","WM_PS_M5","PATT","source_specification",1000,TRUE,"inclusive",1000,0,1000,0,1000,0,0,1000,0,0,0,1000,TRUE,TRUE,TRUE,TRUE,TRUE,TRUE,TRUE,TRUE
2,1,"MAR","WM_PS_M5","PATT","source_specification",1000,TRUE,"inclusive",1000,0,1000,0,1000,0,0,1000,0,0,0,1000,TRUE,TRUE,TRUE,TRUE,TRUE,TRUE,TRUE,TRUE
3,1,"MAR","WM_PS_M5","PATT","source_specification",1000,TRUE,"inclusive",1000,0,1000,0,1000,0,0,1000,0,0,0,1000,TRUE,TRUE,TRUE,TRUE,TRUE,TRUE,TRUE,TRUE
1,2,"MAR","WM_PS_M5","PATT","source_specification",1000,TRUE,"inclusive",1000,0,1000,0,1000,0,0,1000,0,0,0,1000,TRUE,TRUE,TRUE,TRUE,TRUE,TRUE,TRUE,TRUE
2,2,"MAR","WM_PS_M5","PATT","source_specification",1000,TRUE,"inclusive",1000,0,1000,0,1000,0,0,1000,0,0,0,1000,TRUE,TRUE,TRUE,TRUE,TRUE,TRUE,TRUE,TRUE
3,2,"MAR","WM_PS_M5","PATT","source_specification",1000,TRUE,"inclusive",1000,0,1000,0,1000,0,0,1000,0,0,0,1000,TRUE,TRUE,TRUE,TRUE,TRUE,TRUE,TRUE,TRUE
1,3,"MAR","WM_PS_M5","PATT","source_specification",1000,TRUE,"inclusive",1000,0,1000,0,1000,0,0,1000,0,0,0,1000,TRUE,TRUE,TRUE,TRUE,TRUE,TRUE,TRUE,TRUE
2,3,"MAR","WM_PS_M5","PATT","source_specification",1000,TRUE,"inclusive",1000,0,1000,0,1000,0,0,1000,0,0,0,1000,TRUE,TRUE,TRUE,TRUE,TRUE,TRUE,TRUE,TRUE
3,3,"MAR","WM_PS_M5","PATT","source_specification",1000,TRUE,"inclusive",1000,0,1000,0,1000,0,0,1000,0,0,0,1000,TRUE,TRUE,TRUE,TRUE,TRUE,TRUE,TRUE,TRUE
1,4,"MAR","WM_PS_M5","PATT","source_specification",1000,TRUE,"inclusive",1000,0,1000,0,1000,0,0,1000,0,0,0,1000,TRUE,TRUE,TRUE,TRUE,TRUE,TRUE,TRUE,TRUE
2,4,"MAR","WM_PS_M5","PATT","source_specification",1000,TRUE,"inclusive",1000,0,1000,0,1000,0,0,1000,0,0,0,1000,TRUE,TRUE,TRUE,TRUE,TRUE,TRUE,TRUE,TRUE
3,4,"MAR","WM_PS_M5","PATT","source_specification",1000,TRUE,"inclusive",1000,0,1000,0,1000,0,0,1000,0,0,0,1000,TRUE,TRUE,TRUE,TRUE,TRUE,TRUE,TRUE,TRUE
1,5,"MAR","WM_PS_M5","PATT","source_specification",1000,TRUE,"inclusive",1000,0,1000,0,1000,0,0,1000,0,0,0,1000,TRUE,TRUE,TRUE,TRUE,TRUE,TRUE,TRUE,TRUE
2,5,"MAR","WM_PS_M5","PATT","source_specification",1000,TRUE,"inclusive",1000,0,1000,0,1000,0,0,1000,0,0,0,1000,TRUE,TRUE,TRUE,TRUE,TRUE,TRUE,TRUE,TRUE
3,5,"MAR","WM_PS_M5","PATT","source_specification",1000,TRUE,"inclusive",1000,0,1000,0,1000,0,0,1000,0,0,0,1000,TRUE,TRUE,TRUE,TRUE,TRUE,TRUE,TRUE,TRUE
1,6,"MAR","WM_PS_M5","PATT","source_specification",1000,TRUE,"inclusive",1000,0,1000,0,1000,0,0,1000,0,0,0,1000,TRUE,TRUE,TRUE,TRUE,TRUE,TRUE,TRUE,TRUE
2,6,"MAR","WM_PS_M5","PATT","source_specification",1000,TRUE,"inclusive",1000,0,1000,0,1000,0,0,1000,0,0,0,1000,TRUE,TRUE,TRUE,TRUE,TRUE,TRUE,TRUE,TRUE
3,6,"MAR","WM_PS_M5","PATT","source_specification",1000,TRUE,"inclusive",1000,0,1000,0,1000,0,0,1000,0,0,0,1000,TRUE,TRUE,TRUE,TRUE,TRUE,TRUE,TRUE,TRUE
1,1,"MARX","WM_PS_M5","PATT","source_specification",1000,TRUE,"inclusive",1000,0,1000,0,1000,0,0,1000,0,0,0,1000,TRUE,TRUE,TRUE,TRUE,TRUE,TRUE,TRUE,TRUE
2,1,"MARX","WM_PS_M5","PATT","source_specification",1000,TRUE,"inclusive",1000,0,1000,0,1000,0,0,1000,0,0,0,1000,TRUE,TRUE,TRUE,TRUE,TRUE,TRUE,TRUE,TRUE
3,1,"MARX","WM_PS_M5","PATT","source_specification",1000,TRUE,"inclusive",1000,0,1000,0,1000,0,0,1000,0,0,0,1000,TRUE,TRUE,TRUE,TRUE,TRUE,TRUE,TRUE,TRUE
1,2,"MARX","WM_PS_M5","PATT","source_specification",1000,TRUE,"inclusive",1000,0,1000,0,1000,0,0,1000,0,0,0,1000,TRUE,TRUE,TRUE,TRUE,TRUE,TRUE,TRUE,TRUE
2,2,"MARX","WM_PS_M5","PATT","source_specification",1000,TRUE,"inclusive",1000,0,1000,0,1000,0,0,1000,0,0,0,1000,TRUE,TRUE,TRUE,TRUE,TRUE,TRUE,TRUE,TRUE
3,2,"MARX","WM_PS_M5","PATT","source_specification",1000,TRUE,"inclusive",1000,0,1000,0,1000,0,0,1000,0,0,0,1000,TRUE,TRUE,TRUE,TRUE,TRUE,TRUE,TRUE,TRUE
1,3,"MARX","WM_PS_M5","PATT","source_specification",1000,TRUE,"inclusive",1000,0,1000,0,1000,0,0,1000,0,0,0,1000,TRUE,TRUE,TRUE,TRUE,TRUE,TRUE,TRUE,TRUE
2,3,"MARX","WM_PS_M5","PATT","source_specification",1000,TRUE,"inclusive",1000,0,1000,0,1000,0,0,1000,0,0,0,1000,TRUE,TRUE,TRUE,TRUE,TRUE,TRUE,TRUE,TRUE
3,3,"MARX","WM_PS_M5","PATT","source_specification",1000,TRUE,"inclusive",1000,0,1000,0,1000,0,0,1000,0,0,0,1000,TRUE,TRUE,TRUE,TRUE,TRUE,TRUE,TRUE,TRUE
1,4,"MARX","WM_PS_M5","PATT","source_specification",1000,TRUE,"inclusive",1000,0,1000,0,1000,0,0,1000,0,0,0,1000,TRUE,TRUE,TRUE,TRUE,TRUE,TRUE,TRUE,TRUE
2,4,"MARX","WM_PS_M5","PATT","source_specification",1000,TRUE,"inclusive",1000,0,1000,0,1000,0,0,1000,0,0,0,1000,TRUE,TRUE,TRUE,TRUE,TRUE,TRUE,TRUE,TRUE
3,4,"MARX","WM_PS_M5","PATT","source_specification",1000,TRUE,"inclusive",1000,0,1000,0,1000,0,0,1000,0,0,0,1000,TRUE,TRUE,TRUE,TRUE,TRUE,TRUE,TRUE,TRUE
1,5,"MARX","WM_PS_M5","PATT","source_specification",1000,TRUE,"inclusive",1000,0,1000,0,1000,0,0,1000,0,0,0,1000,TRUE,TRUE,TRUE,TRUE,TRUE,TRUE,TRUE,TRUE
2,5,"MARX","WM_PS_M5","PATT","source_specification",1000,TRUE,"inclusive",1000,0,1000,0,1000,0,0,1000,0,0,0,1000,TRUE,TRUE,TRUE,TRUE,TRUE,TRUE,TRUE,TRUE
3,5,"MARX","WM_PS_M5","PATT","source_specification",1000,TRUE,"inclusive",1000,0,1000,0,1000,0,0,1000,0,0,0,1000,TRUE,TRUE,TRUE,TRUE,TRUE,TRUE,TRUE,TRUE
1,6,"MARX","WM_PS_M5","PATT","source_specification",1000,TRUE,"inclusive",1000,0,1000,0,1000,0,0,1000,0,0,0,1000,TRUE,TRUE,TRUE,TRUE,TRUE,TRUE,TRUE,TRUE
2,6,"MARX","WM_PS_M5","PATT","source_specification",1000,TRUE,"inclusive",1000,0,1000,0,1000,0,0,1000,0,0,0,1000,TRUE,TRUE,TRUE,TRUE,TRUE,TRUE,TRUE,TRUE
3,6,"MARX","WM_PS_M5","PATT","source_specification",1000,TRUE,"inclusive",1000,0,1000,0,1000,0,0,1000,0,0,0,1000,TRUE,TRUE,TRUE,TRUE,TRUE,TRUE,TRUE,TRUE
1,1,"MART","WM_PS_M5","PATT","source_specification",1000,TRUE,"inclusive",1000,0,1000,0,1000,0,0,1000,0,0,0,1000,TRUE,TRUE,TRUE,TRUE,TRUE,TRUE,TRUE,TRUE
2,1,"MART","WM_PS_M5","PATT","source_specification",1000,TRUE,"inclusive",1000,0,1000,0,1000,0,0,1000,0,0,0,1000,TRUE,TRUE,TRUE,TRUE,TRUE,TRUE,TRUE,TRUE
3,1,"MART","WM_PS_M5","PATT","source_specification",1000,TRUE,"inclusive",1000,0,1000,0,1000,0,0,1000,0,0,0,1000,TRUE,TRUE,TRUE,TRUE,TRUE,TRUE,TRUE,TRUE
1,2,"MART","WM_PS_M5","PATT","source_specification",1000,TRUE,"inclusive",1000,0,1000,0,1000,0,0,1000,0,0,0,1000,TRUE,TRUE,TRUE,TRUE,TRUE,TRUE,TRUE,TRUE
2,2,"MART","WM_PS_M5","PATT","source_specification",1000,TRUE,"inclusive",1000,0,1000,0,1000,0,0,1000,0,0,0,1000,TRUE,TRUE,TRUE,TRUE,TRUE,TRUE,TRUE,TRUE
3,2,"MART","WM_PS_M5","PATT","source_specification",1000,TRUE,"inclusive",1000,0,1000,0,1000,0,0,1000,0,0,0,1000,TRUE,TRUE,TRUE,TRUE,TRUE,TRUE,TRUE,TRUE
1,3,"MART","WM_PS_M5","PATT","source_specification",1000,TRUE,"inclusive",1000,0,1000,0,1000,0,0,1000,0,0,0,1000,TRUE,TRUE,TRUE,TRUE,TRUE,TRUE,TRUE,TRUE
2,3,"MART","WM_PS_M5","PATT","source_specification",1000,TRUE,"inclusive",1000,0,1000,0,1000,0,0,1000,0,0,0,1000,TRUE,TRUE,TRUE,TRUE,TRUE,TRUE,TRUE,TRUE
3,3,"MART","WM_PS_M5","PATT","source_specification",1000,TRUE,"inclusive",1000,0,1000,0,1000,0,0,1000,0,0,0,1000,TRUE,TRUE,TRUE,TRUE,TRUE,TRUE,TRUE,TRUE
1,4,"MART","WM_PS_M5","PATT","source_specification",1000,TRUE,"inclusive",1000,0,1000,0,1000,0,0,1000,0,0,0,1000,TRUE,TRUE,TRUE,TRUE,TRUE,TRUE,TRUE,TRUE
2,4,"MART","WM_PS_M5","PATT","source_specification",1000,TRUE,"inclusive",1000,0,1000,0,1000,0,0,1000,0,0,0,1000,TRUE,TRUE,TRUE,TRUE,TRUE,TRUE,TRUE,TRUE
3,4,"MART","WM_PS_M5","PATT","source_specification",1000,TRUE,"inclusive",1000,0,1000,0,1000,0,0,1000,0,0,0,1000,TRUE,TRUE,TRUE,TRUE,TRUE,TRUE,TRUE,TRUE
1,5,"MART","WM_PS_M5","PATT","source_specification",1000,TRUE,"inclusive",1000,0,1000,0,1000,0,0,1000,0,0,0,1000,TRUE,TRUE,TRUE,TRUE,TRUE,TRUE,TRUE,TRUE
2,5,"MART","WM_PS_M5","PATT","source_specification",1000,TRUE,"inclusive",1000,0,1000,0,1000,0,0,1000,0,0,0,1000,TRUE,TRUE,TRUE,TRUE,TRUE,TRUE,TRUE,TRUE
3,5,"MART","WM_PS_M5","PATT","source_specification",1000,TRUE,"inclusive",1000,0,1000,0,1000,0,0,1000,0,0,0,1000,TRUE,TRUE,TRUE,TRUE,TRUE,TRUE,TRUE,TRUE
1,6,"MART","WM_PS_M5","PATT","source_specification",1000,TRUE,"inclusive",1000,0,1000,0,1000,0,0,1000,0,0,0,1000,TRUE,TRUE,TRUE,TRUE,TRUE,TRUE,TRUE,TRUE
2,6,"MART","WM_PS_M5","PATT","source_specification",1000,TRUE,"inclusive",1000,0,1000,0,1000,0,0,1000,0,0,0,1000,TRUE,TRUE,TRUE,TRUE,TRUE,TRUE,TRUE,TRUE
3,6,"MART","WM_PS_M5","PATT","source_specification",1000,TRUE,"inclusive",1000,0,1000,0,1000,0,0,1000,0,0,0,1000,TRUE,TRUE,TRUE,TRUE,TRUE,TRUE,TRUE,TRUE
1,1,"No","WM_DSM_M5","PATT","source_specification",1000,TRUE,"inclusive",1000,0,1000,0,1000,0,0,1000,0,0,0,0,TRUE,TRUE,TRUE,TRUE,TRUE,TRUE,TRUE,TRUE
2,1,"No","WM_DSM_M5","PATT","source_specification",1000,TRUE,"inclusive",1000,0,1000,0,1000,0,0,1000,0,0,0,0,TRUE,TRUE,TRUE,TRUE,TRUE,TRUE,TRUE,TRUE
3,1,"No","WM_DSM_M5","PATT","source_specification",1000,TRUE,"inclusive",1000,0,1000,0,1000,0,0,1000,0,0,0,0,TRUE,TRUE,TRUE,TRUE,TRUE,TRUE,TRUE,TRUE
1,2,"No","WM_DSM_M5","PATT","source_specification",1000,TRUE,"inclusive",1000,0,1000,0,1000,0,0,1000,0,0,0,0,TRUE,TRUE,TRUE,TRUE,TRUE,TRUE,TRUE,TRUE
2,2,"No","WM_DSM_M5","PATT","source_specification",1000,TRUE,"inclusive",1000,0,1000,0,1000,0,0,1000,0,0,0,0,TRUE,TRUE,TRUE,TRUE,TRUE,TRUE,TRUE,TRUE
3,2,"No","WM_DSM_M5","PATT","source_specification",1000,TRUE,"inclusive",1000,0,1000,0,1000,0,0,1000,0,0,0,0,TRUE,TRUE,TRUE,TRUE,TRUE,TRUE,TRUE,TRUE
1,3,"No","WM_DSM_M5","PATT","source_specification",1000,TRUE,"inclusive",1000,0,1000,0,1000,0,0,1000,0,0,0,0,TRUE,TRUE,TRUE,TRUE,TRUE,TRUE,TRUE,TRUE
2,3,"No","WM_DSM_M5","PATT","source_specification",1000,TRUE,"inclusive",1000,0,1000,0,1000,0,0,1000,0,0,0,0,TRUE,TRUE,TRUE,TRUE,TRUE,TRUE,TRUE,TRUE
3,3,"No","WM_DSM_M5","PATT","source_specification",1000,TRUE,"inclusive",1000,0,1000,0,1000,0,0,1000,0,0,0,0,TRUE,TRUE,TRUE,TRUE,TRUE,TRUE,TRUE,TRUE
1,4,"No","WM_DSM_M5","PATT","source_specification",1000,TRUE,"inclusive",1000,0,1000,0,1000,0,0,1000,0,0,0,0,TRUE,TRUE,TRUE,TRUE,TRUE,TRUE,TRUE,TRUE
2,4,"No","WM_DSM_M5","PATT","source_specification",1000,TRUE,"inclusive",1000,0,1000,0,1000,0,0,1000,0,0,0,0,TRUE,TRUE,TRUE,TRUE,TRUE,TRUE,TRUE,TRUE
3,4,"No","WM_DSM_M5","PATT","source_specification",1000,TRUE,"inclusive",1000,0,1000,0,1000,0,0,1000,0,0,0,0,TRUE,TRUE,TRUE,TRUE,TRUE,TRUE,TRUE,TRUE
1,5,"No","WM_DSM_M5","PATT","source_specification",1000,TRUE,"inclusive",1000,0,1000,0,1000,0,0,1000,0,0,0,0,TRUE,TRUE,TRUE,TRUE,TRUE,TRUE,TRUE,TRUE
2,5,"No","WM_DSM_M5","PATT","source_specification",1000,TRUE,"inclusive",1000,0,1000,0,1000,0,0,1000,0,0,0,0,TRUE,TRUE,TRUE,TRUE,TRUE,TRUE,TRUE,TRUE
3,5,"No","WM_DSM_M5","PATT","source_specification",1000,TRUE,"inclusive",1000,0,1000,0,1000,0,0,1000,0,0,0,0,TRUE,TRUE,TRUE,TRUE,TRUE,TRUE,TRUE,TRUE
1,6,"No","WM_DSM_M5","PATT","source_specification",1000,TRUE,"inclusive",1000,0,1000,0,1000,0,0,1000,0,0,0,0,TRUE,TRUE,TRUE,TRUE,TRUE,TRUE,TRUE,TRUE
2,6,"No","WM_DSM_M5","PATT","source_specification",1000,TRUE,"inclusive",1000,0,1000,0,1000,0,0,1000,0,0,0,0,TRUE,TRUE,TRUE,TRUE,TRUE,TRUE,TRUE,TRUE
3,6,"No","WM_DSM_M5","PATT","source_specification",1000,TRUE,"inclusive",1000,0,1000,0,1000,0,0,1000,0,0,0,0,TRUE,TRUE,TRUE,TRUE,TRUE,TRUE,TRUE,TRUE
1,1,"MAR","WM_DSM_M5","PATT","source_specification",1000,TRUE,"inclusive",1000,0,1000,0,1000,0,0,1000,0,0,0,1000,TRUE,TRUE,TRUE,TRUE,TRUE,TRUE,TRUE,TRUE
2,1,"MAR","WM_DSM_M5","PATT","source_specification",1000,TRUE,"inclusive",1000,0,1000,0,1000,0,0,1000,0,0,0,1000,TRUE,TRUE,TRUE,TRUE,TRUE,TRUE,TRUE,TRUE
3,1,"MAR","WM_DSM_M5","PATT","source_specification",1000,TRUE,"inclusive",1000,0,1000,0,1000,0,0,1000,0,0,0,1000,TRUE,TRUE,TRUE,TRUE,TRUE,TRUE,TRUE,TRUE
1,2,"MAR","WM_DSM_M5","PATT","source_specification",1000,TRUE,"inclusive",1000,0,1000,0,1000,0,0,1000,0,0,0,1000,TRUE,TRUE,TRUE,TRUE,TRUE,TRUE,TRUE,TRUE
2,2,"MAR","WM_DSM_M5","PATT","source_specification",1000,TRUE,"inclusive",1000,0,1000,0,1000,0,0,1000,0,0,0,1000,TRUE,TRUE,TRUE,TRUE,TRUE,TRUE,TRUE,TRUE
3,2,"MAR","WM_DSM_M5","PATT","source_specification",1000,TRUE,"inclusive",1000,0,1000,0,1000,0,0,1000,0,0,0,1000,TRUE,TRUE,TRUE,TRUE,TRUE,TRUE,TRUE,TRUE
1,3,"MAR","WM_DSM_M5","PATT","source_specification",1000,TRUE,"inclusive",1000,0,1000,0,1000,0,0,1000,0,0,0,1000,TRUE,TRUE,TRUE,TRUE,TRUE,TRUE,TRUE,TRUE
2,3,"MAR","WM_DSM_M5","PATT","source_specification",1000,TRUE,"inclusive",1000,0,1000,0,1000,0,0,1000,0,0,0,1000,TRUE,TRUE,TRUE,TRUE,TRUE,TRUE,TRUE,TRUE
3,3,"MAR","WM_DSM_M5","PATT","source_specification",1000,TRUE,"inclusive",1000,0,1000,0,1000,0,0,1000,0,0,0,1000,TRUE,TRUE,TRUE,TRUE,TRUE,TRUE,TRUE,TRUE
1,4,"MAR","WM_DSM_M5","PATT","source_specification",1000,TRUE,"inclusive",1000,0,1000,0,1000,0,0,1000,0,0,0,1000,TRUE,TRUE,TRUE,TRUE,TRUE,TRUE,TRUE,TRUE
2,4,"MAR","WM_DSM_M5","PATT","source_specification",1000,TRUE,"inclusive",1000,0,1000,0,1000,0,0,1000,0,0,0,1000,TRUE,TRUE,TRUE,TRUE,TRUE,TRUE,TRUE,TRUE
3,4,"MAR","WM_DSM_M5","PATT","source_specification",1000,TRUE,"inclusive",1000,0,1000,0,1000,0,0,1000,0,0,0,1000,TRUE,TRUE,TRUE,TRUE,TRUE,TRUE,TRUE,TRUE
1,5,"MAR","WM_DSM_M5","PATT","source_specification",1000,TRUE,"inclusive",1000,0,1000,0,1000,0,0,1000,0,0,0,1000,TRUE,TRUE,TRUE,TRUE,TRUE,TRUE,TRUE,TRUE
2,5,"MAR","WM_DSM_M5","PATT","source_specification",1000,TRUE,"inclusive",1000,0,1000,0,1000,0,0,1000,0,0,0,1000,TRUE,TRUE,TRUE,TRUE,TRUE,TRUE,TRUE,TRUE
3,5,"MAR","WM_DSM_M5","PATT","source_specification",1000,TRUE,"inclusive",1000,0,1000,0,1000,0,0,1000,0,0,0,1000,TRUE,TRUE,TRUE,TRUE,TRUE,TRUE,TRUE,TRUE
1,6,"MAR","WM_DSM_M5","PATT","source_specification",1000,TRUE,"inclusive",1000,0,1000,0,1000,0,0,1000,0,0,0,1000,TRUE,TRUE,TRUE,TRUE,TRUE,TRUE,TRUE,TRUE
2,6,"MAR","WM_DSM_M5","PATT","source_specification",1000,TRUE,"inclusive",1000,0,1000,0,1000,0,0,1000,0,0,0,1000,TRUE,TRUE,TRUE,TRUE,TRUE,TRUE,TRUE,TRUE
3,6,"MAR","WM_DSM_M5","PATT","source_specification",1000,TRUE,"inclusive",1000,0,1000,0,1000,0,0,1000,0,0,0,1000,TRUE,TRUE,TRUE,TRUE,TRUE,TRUE,TRUE,TRUE
1,1,"MARX","WM_DSM_M5","PATT","source_specification",1000,TRUE,"inclusive",1000,0,1000,0,1000,0,0,1000,0,0,0,1000,TRUE,TRUE,TRUE,TRUE,TRUE,TRUE,TRUE,TRUE
2,1,"MARX","WM_DSM_M5","PATT","source_specification",1000,TRUE,"inclusive",1000,0,1000,0,1000,0,0,1000,0,0,0,1000,TRUE,TRUE,TRUE,TRUE,TRUE,TRUE,TRUE,TRUE
3,1,"MARX","WM_DSM_M5","PATT","source_specification",1000,TRUE,"inclusive",1000,0,1000,0,1000,0,0,1000,0,0,0,1000,TRUE,TRUE,TRUE,TRUE,TRUE,TRUE,TRUE,TRUE
1,2,"MARX","WM_DSM_M5","PATT","source_specification",1000,TRUE,"inclusive",1000,0,1000,0,1000,0,0,1000,0,0,0,1000,TRUE,TRUE,TRUE,TRUE,TRUE,TRUE,TRUE,TRUE
2,2,"MARX","WM_DSM_M5","PATT","source_specification",1000,TRUE,"inclusive",1000,0,1000,0,1000,0,0,1000,0,0,0,1000,TRUE,TRUE,TRUE,TRUE,TRUE,TRUE,TRUE,TRUE
3,2,"MARX","WM_DSM_M5","PATT","source_specification",1000,TRUE,"inclusive",1000,0,1000,0,1000,0,0,1000,0,0,0,1000,TRUE,TRUE,TRUE,TRUE,TRUE,TRUE,TRUE,TRUE
1,3,"MARX","WM_DSM_M5","PATT","source_specification",1000,TRUE,"inclusive",1000,0,1000,0,1000,0,0,1000,0,0,0,1000,TRUE,TRUE,TRUE,TRUE,TRUE,TRUE,TRUE,TRUE
2,3,"MARX","WM_DSM_M5","PATT","source_specification",1000,TRUE,"inclusive",1000,0,1000,0,1000,0,0,1000,0,0,0,1000,TRUE,TRUE,TRUE,TRUE,TRUE,TRUE,TRUE,TRUE
3,3,"MARX","WM_DSM_M5","PATT","source_specification",1000,TRUE,"inclusive",1000,0,1000,0,1000,0,0,1000,0,0,0,1000,TRUE,TRUE,TRUE,TRUE,TRUE,TRUE,TRUE,TRUE
1,4,"MARX","WM_DSM_M5","PATT","source_specification",1000,TRUE,"inclusive",1000,0,1000,0,1000,0,0,1000,0,0,0,1000,TRUE,TRUE,TRUE,TRUE,TRUE,TRUE,TRUE,TRUE
2,4,"MARX","WM_DSM_M5","PATT","source_specification",1000,TRUE,"inclusive",1000,0,1000,0,1000,0,0,1000,0,0,0,1000,TRUE,TRUE,TRUE,TRUE,TRUE,TRUE,TRUE,TRUE
3,4,"MARX","WM_DSM_M5","PATT","source_specification",1000,TRUE,"inclusive",1000,0,1000,0,1000,0,0,1000,0,0,0,1000,TRUE,TRUE,TRUE,TRUE,TRUE,TRUE,TRUE,TRUE
1,5,"MARX","WM_DSM_M5","PATT","source_specification",1000,TRUE,"inclusive",1000,0,1000,0,1000,0,0,1000,0,0,0,1000,TRUE,TRUE,TRUE,TRUE,TRUE,TRUE,TRUE,TRUE
2,5,"MARX","WM_DSM_M5","PATT","source_specification",1000,TRUE,"inclusive",1000,0,1000,0,1000,0,0,1000,0,0,0,1000,TRUE,TRUE,TRUE,TRUE,TRUE,TRUE,TRUE,TRUE
3,5,"MARX","WM_DSM_M5","PATT","source_specification",1000,TRUE,"inclusive",1000,0,1000,0,1000,0,0,1000,0,0,0,1000,TRUE,TRUE,TRUE,TRUE,TRUE,TRUE,TRUE,TRUE
1,6,"MARX","WM_DSM_M5","PATT","source_specification",1000,TRUE,"inclusive",1000,0,1000,0,1000,0,0,1000,0,0,0,1000,TRUE,TRUE,TRUE,TRUE,TRUE,TRUE,TRUE,TRUE
2,6,"MARX","WM_DSM_M5","PATT","source_specification",1000,TRUE,"inclusive",1000,0,1000,0,1000,0,0,1000,0,0,0,1000,TRUE,TRUE,TRUE,TRUE,TRUE,TRUE,TRUE,TRUE
3,6,"MARX","WM_DSM_M5","PATT","source_specification",1000,TRUE,"inclusive",1000,0,1000,0,1000,0,0,1000,0,0,0,1000,TRUE,TRUE,TRUE,TRUE,TRUE,TRUE,TRUE,TRUE
1,1,"MART","WM_DSM_M5","PATT","source_specification",1000,TRUE,"inclusive",1000,0,1000,0,1000,0,0,1000,0,0,0,1000,TRUE,TRUE,TRUE,TRUE,TRUE,TRUE,TRUE,TRUE
2,1,"MART","WM_DSM_M5","PATT","source_specification",1000,TRUE,"inclusive",1000,0,1000,0,1000,0,0,1000,0,0,0,1000,TRUE,TRUE,TRUE,TRUE,TRUE,TRUE,TRUE,TRUE
3,1,"MART","WM_DSM_M5","PATT","source_specification",1000,TRUE,"inclusive",1000,0,1000,0,1000,0,0,1000,0,0,0,1000,TRUE,TRUE,TRUE,TRUE,TRUE,TRUE,TRUE,TRUE
1,2,"MART","WM_DSM_M5","PATT","source_specification",1000,TRUE,"inclusive",1000,0,1000,0,1000,0,0,1000,0,0,0,1000,TRUE,TRUE,TRUE,TRUE,TRUE,TRUE,TRUE,TRUE
2,2,"MART","WM_DSM_M5","PATT","source_specification",1000,TRUE,"inclusive",1000,0,1000,0,1000,0,0,1000,0,0,0,1000,TRUE,TRUE,TRUE,TRUE,TRUE,TRUE,TRUE,TRUE
3,2,"MART","WM_DSM_M5","PATT","source_specification",1000,TRUE,"inclusive",1000,0,1000,0,1000,0,0,1000,0,0,0,1000,TRUE,TRUE,TRUE,TRUE,TRUE,TRUE,TRUE,TRUE
1,3,"MART","WM_DSM_M5","PATT","source_specification",1000,TRUE,"inclusive",1000,0,1000,0,1000,0,0,1000,0,0,0,1000,TRUE,TRUE,TRUE,TRUE,TRUE,TRUE,TRUE,TRUE
2,3,"MART","WM_DSM_M5","PATT","source_specification",1000,TRUE,"inclusive",1000,0,1000,0,1000,0,0,1000,0,0,0,1000,TRUE,TRUE,TRUE,TRUE,TRUE,TRUE,TRUE,TRUE
3,3,"MART","WM_DSM_M5","PATT","source_specification",1000,TRUE,"inclusive",1000,0,1000,0,1000,0,0,1000,0,0,0,1000,TRUE,TRUE,TRUE,TRUE,TRUE,TRUE,TRUE,TRUE
1,4,"MART","WM_DSM_M5","PATT","source_specification",1000,TRUE,"inclusive",1000,0,1000,0,1000,0,0,1000,0,0,0,1000,TRUE,TRUE,TRUE,TRUE,TRUE,TRUE,TRUE,TRUE
2,4,"MART","WM_DSM_M5","PATT","source_specification",1000,TRUE,"inclusive",1000,0,1000,0,1000,0,0,1000,0,0,0,1000,TRUE,TRUE,TRUE,TRUE,TRUE,TRUE,TRUE,TRUE
3,4,"MART","WM_DSM_M5","PATT","source_specification",1000,TRUE,"inclusive",1000,0,1000,0,1000,0,0,1000,0,0,0,1000,TRUE,TRUE,TRUE,TRUE,TRUE,TRUE,TRUE,TRUE
1,5,"MART","WM_DSM_M5","PATT","source_specification",1000,TRUE,"inclusive",1000,0,1000,0,1000,0,0,1000,0,0,0,1000,TRUE,TRUE,TRUE,TRUE,TRUE,TRUE,TRUE,TRUE
2,5,"MART","WM_DSM_M5","PATT","source_specification",1000,TRUE,"inclusive",1000,0,1000,0,1000,0,0,1000,0,0,0,1000,TRUE,TRUE,TRUE,TRUE,TRUE,TRUE,TRUE,TRUE
3,5,"MART","WM_DSM_M5","PATT","source_specification",1000,TRUE,"inclusive",1000,0,1000,0,1000,0,0,1000,0,0,0,1000,TRUE,TRUE,TRUE,TRUE,TRUE,TRUE,TRUE,TRUE
1,6,"MART","WM_DSM_M5","PATT","source_specification",1000,TRUE,"inclusive",1000,0,1000,0,1000,0,0,1000,0,0,0,1000,TRUE,TRUE,TRUE,TRUE,TRUE,TRUE,TRUE,TRUE
2,6,"MART","WM_DSM_M5","PATT","source_specification",1000,TRUE,"inclusive",1000,0,1000,0,1000,0,0,1000,0,0,0,1000,TRUE,TRUE,TRUE,TRUE,TRUE,TRUE,TRUE,TRUE
3,6,"MART","WM_DSM_M5","PATT","source_specification",1000,TRUE,"inclusive",1000,0,1000,0,1000,0,0,1000,0,0,0,1000,TRUE,TRUE,TRUE,TRUE,TRUE,TRUE,TRUE,TRUE
1,1,"No","WM_X6_M5","PATT","source_specification",1000,TRUE,"inclusive",1000,0,1000,0,1000,0,0,1000,0,0,0,0,TRUE,TRUE,TRUE,TRUE,TRUE,TRUE,TRUE,TRUE
2,1,"No","WM_X6_M5","PATT","source_specification",1000,TRUE,"inclusive",1000,0,1000,0,1000,0,0,1000,0,0,0,0,TRUE,TRUE,TRUE,TRUE,TRUE,TRUE,TRUE,TRUE
3,1,"No","WM_X6_M5","PATT","source_specification",1000,TRUE,"inclusive",1000,0,1000,0,1000,0,0,1000,0,0,0,0,TRUE,TRUE,TRUE,TRUE,TRUE,TRUE,TRUE,TRUE
1,2,"No","WM_X6_M5","PATT","source_specification",1000,TRUE,"inclusive",1000,0,1000,0,1000,0,0,1000,0,0,0,0,TRUE,TRUE,TRUE,TRUE,TRUE,TRUE,TRUE,TRUE
2,2,"No","WM_X6_M5","PATT","source_specification",1000,TRUE,"inclusive",1000,0,1000,0,1000,0,0,1000,0,0,0,0,TRUE,TRUE,TRUE,TRUE,TRUE,TRUE,TRUE,TRUE
3,2,"No","WM_X6_M5","PATT","source_specification",1000,TRUE,"inclusive",1000,0,1000,0,1000,0,0,1000,0,0,0,0,TRUE,TRUE,TRUE,TRUE,TRUE,TRUE,TRUE,TRUE
1,3,"No","WM_X6_M5","PATT","source_specification",1000,TRUE,"inclusive",1000,0,1000,0,1000,0,0,1000,0,0,0,0,TRUE,TRUE,TRUE,TRUE,TRUE,TRUE,TRUE,TRUE
2,3,"No","WM_X6_M5","PATT","source_specification",1000,TRUE,"inclusive",1000,0,1000,0,1000,0,0,1000,0,0,0,0,TRUE,TRUE,TRUE,TRUE,TRUE,TRUE,TRUE,TRUE
3,3,"No","WM_X6_M5","PATT","source_specification",1000,TRUE,"inclusive",1000,0,1000,0,1000,0,0,1000,0,0,0,0,TRUE,TRUE,TRUE,TRUE,TRUE,TRUE,TRUE,TRUE
1,4,"No","WM_X6_M5","PATT","source_specification",1000,TRUE,"inclusive",1000,0,1000,0,1000,0,0,1000,0,0,0,0,TRUE,TRUE,TRUE,TRUE,TRUE,TRUE,TRUE,TRUE
2,4,"No","WM_X6_M5","PATT","source_specification",1000,TRUE,"inclusive",1000,0,1000,0,1000,0,0,1000,0,0,0,0,TRUE,TRUE,TRUE,TRUE,TRUE,TRUE,TRUE,TRUE
3,4,"No","WM_X6_M5","PATT","source_specification",1000,TRUE,"inclusive",1000,0,1000,0,1000,0,0,1000,0,0,0,0,TRUE,TRUE,TRUE,TRUE,TRUE,TRUE,TRUE,TRUE
1,5,"No","WM_X6_M5","PATT","source_specification",1000,TRUE,"inclusive",1000,0,1000,0,1000,0,0,1000,0,0,0,0,TRUE,TRUE,TRUE,TRUE,TRUE,TRUE,TRUE,TRUE
2,5,"No","WM_X6_M5","PATT","source_specification",1000,TRUE,"inclusive",1000,0,1000,0,1000,0,0,1000,0,0,0,0,TRUE,TRUE,TRUE,TRUE,TRUE,TRUE,TRUE,TRUE
3,5,"No","WM_X6_M5","PATT","source_specification",1000,TRUE,"inclusive",1000,0,1000,0,1000,0,0,1000,0,0,0,0,TRUE,TRUE,TRUE,TRUE,TRUE,TRUE,TRUE,TRUE
1,6,"No","WM_X6_M5","PATT","source_specification",1000,TRUE,"inclusive",1000,0,1000,0,1000,0,0,1000,0,0,0,0,TRUE,TRUE,TRUE,TRUE,TRUE,TRUE,TRUE,TRUE
2,6,"No","WM_X6_M5","PATT","source_specification",1000,TRUE,"inclusive",1000,0,1000,0,1000,0,0,1000,0,0,0,0,TRUE,TRUE,TRUE,TRUE,TRUE,TRUE,TRUE,TRUE
3,6,"No","WM_X6_M5","PATT","source_specification",1000,TRUE,"inclusive",1000,0,1000,0,1000,0,0,1000,0,0,0,0,TRUE,TRUE,TRUE,TRUE,TRUE,TRUE,TRUE,TRUE
1,1,"MAR","WM_X6_M5","PATT","source_specification",1000,TRUE,"inclusive",1000,0,1000,0,1000,0,0,1000,0,0,0,1000,TRUE,TRUE,TRUE,TRUE,TRUE,TRUE,TRUE,TRUE
2,1,"MAR","WM_X6_M5","PATT","source_specification",1000,TRUE,"inclusive",1000,0,1000,0,1000,0,0,1000,0,0,0,1000,TRUE,TRUE,TRUE,TRUE,TRUE,TRUE,TRUE,TRUE
3,1,"MAR","WM_X6_M5","PATT","source_specification",1000,TRUE,"inclusive",1000,0,1000,0,1000,0,0,1000,0,0,0,1000,TRUE,TRUE,TRUE,TRUE,TRUE,TRUE,TRUE,TRUE
1,2,"MAR","WM_X6_M5","PATT","source_specification",1000,TRUE,"inclusive",1000,0,1000,0,1000,0,0,1000,0,0,0,1000,TRUE,TRUE,TRUE,TRUE,TRUE,TRUE,TRUE,TRUE
2,2,"MAR","WM_X6_M5","PATT","source_specification",1000,TRUE,"inclusive",1000,0,1000,0,1000,0,0,1000,0,0,0,1000,TRUE,TRUE,TRUE,TRUE,TRUE,TRUE,TRUE,TRUE
3,2,"MAR","WM_X6_M5","PATT","source_specification",1000,TRUE,"inclusive",1000,0,1000,0,1000,0,0,1000,0,0,0,1000,TRUE,TRUE,TRUE,TRUE,TRUE,TRUE,TRUE,TRUE
1,3,"MAR","WM_X6_M5","PATT","source_specification",1000,TRUE,"inclusive",1000,0,1000,0,1000,0,0,1000,0,0,0,1000,TRUE,TRUE,TRUE,TRUE,TRUE,TRUE,TRUE,TRUE
2,3,"MAR","WM_X6_M5","PATT","source_specification",1000,TRUE,"inclusive",1000,0,1000,0,1000,0,0,1000,0,0,0,1000,TRUE,TRUE,TRUE,TRUE,TRUE,TRUE,TRUE,TRUE
3,3,"MAR","WM_X6_M5","PATT","source_specification",1000,TRUE,"inclusive",1000,0,1000,0,1000,0,0,1000,0,0,0,1000,TRUE,TRUE,TRUE,TRUE,TRUE,TRUE,TRUE,TRUE
1,4,"MAR","WM_X6_M5","PATT","source_specification",1000,TRUE,"inclusive",1000,0,1000,0,1000,0,0,1000,0,0,0,1000,TRUE,TRUE,TRUE,TRUE,TRUE,TRUE,TRUE,TRUE
2,4,"MAR","WM_X6_M5","PATT","source_specification",1000,TRUE,"inclusive",1000,0,1000,0,1000,0,0,1000,0,0,0,1000,TRUE,TRUE,TRUE,TRUE,TRUE,TRUE,TRUE,TRUE
3,4,"MAR","WM_X6_M5","PATT","source_specification",1000,TRUE,"inclusive",1000,0,1000,0,1000,0,0,1000,0,0,0,1000,TRUE,TRUE,TRUE,TRUE,TRUE,TRUE,TRUE,TRUE
1,5,"MAR","WM_X6_M5","PATT","source_specification",1000,TRUE,"inclusive",1000,0,1000,0,1000,0,0,1000,0,0,0,1000,TRUE,TRUE,TRUE,TRUE,TRUE,TRUE,TRUE,TRUE
2,5,"MAR","WM_X6_M5","PATT","source_specification",1000,TRUE,"inclusive",1000,0,1000,0,1000,0,0,1000,0,0,0,1000,TRUE,TRUE,TRUE,TRUE,TRUE,TRUE,TRUE,TRUE
3,5,"MAR","WM_X6_M5","PATT","source_specification",1000,TRUE,"inclusive",1000,0,1000,0,1000,0,0,1000,0,0,0,1000,TRUE,TRUE,TRUE,TRUE,TRUE,TRUE,TRUE,TRUE
1,6,"MAR","WM_X6_M5","PATT","source_specification",1000,TRUE,"inclusive",1000,0,1000,0,1000,0,0,1000,0,0,0,1000,TRUE,TRUE,TRUE,TRUE,TRUE,TRUE,TRUE,TRUE
2,6,"MAR","WM_X6_M5","PATT","source_specification",1000,TRUE,"inclusive",1000,0,1000,0,1000,0,0,1000,0,0,0,1000,TRUE,TRUE,TRUE,TRUE,TRUE,TRUE,TRUE,TRUE
3,6,"MAR","WM_X6_M5","PATT","source_specification",1000,TRUE,"inclusive",1000,0,1000,0,1000,0,0,1000,0,0,0,1000,TRUE,TRUE,TRUE,TRUE,TRUE,TRUE,TRUE,TRUE
1,1,"MARX","WM_X6_M5","PATT","source_specification",1000,TRUE,"inclusive",1000,0,1000,0,1000,0,0,1000,0,0,0,1000,TRUE,TRUE,TRUE,TRUE,TRUE,TRUE,TRUE,TRUE
2,1,"MARX","WM_X6_M5","PATT","source_specification",1000,TRUE,"inclusive",1000,0,1000,0,1000,0,0,1000,0,0,0,1000,TRUE,TRUE,TRUE,TRUE,TRUE,TRUE,TRUE,TRUE
3,1,"MARX","WM_X6_M5","PATT","source_specification",1000,TRUE,"inclusive",1000,0,1000,0,1000,0,0,1000,0,0,0,1000,TRUE,TRUE,TRUE,TRUE,TRUE,TRUE,TRUE,TRUE
1,2,"MARX","WM_X6_M5","PATT","source_specification",1000,TRUE,"inclusive",1000,0,1000,0,1000,0,0,1000,0,0,0,1000,TRUE,TRUE,TRUE,TRUE,TRUE,TRUE,TRUE,TRUE
2,2,"MARX","WM_X6_M5","PATT","source_specification",1000,TRUE,"inclusive",1000,0,1000,0,1000,0,0,1000,0,0,0,1000,TRUE,TRUE,TRUE,TRUE,TRUE,TRUE,TRUE,TRUE
3,2,"MARX","WM_X6_M5","PATT","source_specification",1000,TRUE,"inclusive",1000,0,1000,0,1000,0,0,1000,0,0,0,1000,TRUE,TRUE,TRUE,TRUE,TRUE,TRUE,TRUE,TRUE
1,3,"MARX","WM_X6_M5","PATT","source_specification",1000,TRUE,"inclusive",1000,0,1000,0,1000,0,0,1000,0,0,0,1000,TRUE,TRUE,TRUE,TRUE,TRUE,TRUE,TRUE,TRUE
2,3,"MARX","WM_X6_M5","PATT","source_specification",1000,TRUE,"inclusive",1000,0,1000,0,1000,0,0,1000,0,0,0,1000,TRUE,TRUE,TRUE,TRUE,TRUE,TRUE,TRUE,TRUE
3,3,"MARX","WM_X6_M5","PATT","source_specification",1000,TRUE,"inclusive",1000,0,1000,0,1000,0,0,1000,0,0,0,1000,TRUE,TRUE,TRUE,TRUE,TRUE,TRUE,TRUE,TRUE
1,4,"MARX","WM_X6_M5","PATT","source_specification",1000,TRUE,"inclusive",1000,0,1000,0,1000,0,0,1000,0,0,0,1000,TRUE,TRUE,TRUE,TRUE,TRUE,TRUE,TRUE,TRUE
2,4,"MARX","WM_X6_M5","PATT","source_specification",1000,TRUE,"inclusive",1000,0,1000,0,1000,0,0,1000,0,0,0,1000,TRUE,TRUE,TRUE,TRUE,TRUE,TRUE,TRUE,TRUE
3,4,"MARX","WM_X6_M5","PATT","source_specification",1000,TRUE,"inclusive",1000,0,1000,0,1000,0,0,1000,0,0,0,1000,TRUE,TRUE,TRUE,TRUE,TRUE,TRUE,TRUE,TRUE
1,5,"MARX","WM_X6_M5","PATT","source_specification",1000,TRUE,"inclusive",1000,0,1000,0,1000,0,0,1000,0,0,0,1000,TRUE,TRUE,TRUE,TRUE,TRUE,TRUE,TRUE,TRUE
2,5,"MARX","WM_X6_M5","PATT","source_specification",1000,TRUE,"inclusive",1000,0,1000,0,1000,0,0,1000,0,0,0,1000,TRUE,TRUE,TRUE,TRUE,TRUE,TRUE,TRUE,TRUE
3,5,"MARX","WM_X6_M5","PATT","source_specification",1000,TRUE,"inclusive",1000,0,1000,0,1000,0,0,1000,0,0,0,1000,TRUE,TRUE,TRUE,TRUE,TRUE,TRUE,TRUE,TRUE
1,6,"MARX","WM_X6_M5","PATT","source_specification",1000,TRUE,"inclusive",1000,0,1000,0,1000,0,0,1000,0,0,0,1000,TRUE,TRUE,TRUE,TRUE,TRUE,TRUE,TRUE,TRUE
2,6,"MARX","WM_X6_M5","PATT","source_specification",1000,TRUE,"inclusive",1000,0,1000,0,1000,0,0,1000,0,0,0,1000,TRUE,TRUE,TRUE,TRUE,TRUE,TRUE,TRUE,TRUE
3,6,"MARX","WM_X6_M5","PATT","source_specification",1000,TRUE,"inclusive",1000,0,1000,0,1000,0,0,1000,0,0,0,1000,TRUE,TRUE,TRUE,TRUE,TRUE,TRUE,TRUE,TRUE
1,1,"MART","WM_X6_M5","PATT","source_specification",1000,TRUE,"inclusive",1000,0,1000,0,1000,0,0,1000,0,0,0,1000,TRUE,TRUE,TRUE,TRUE,TRUE,TRUE,TRUE,TRUE
2,1,"MART","WM_X6_M5","PATT","source_specification",1000,TRUE,"inclusive",1000,0,1000,0,1000,0,0,1000,0,0,0,1000,TRUE,TRUE,TRUE,TRUE,TRUE,TRUE,TRUE,TRUE
3,1,"MART","WM_X6_M5","PATT","source_specification",1000,TRUE,"inclusive",1000,0,1000,0,1000,0,0,1000,0,0,0,1000,TRUE,TRUE,TRUE,TRUE,TRUE,TRUE,TRUE,TRUE
1,2,"MART","WM_X6_M5","PATT","source_specification",1000,TRUE,"inclusive",1000,0,1000,0,1000,0,0,1000,0,0,0,1000,TRUE,TRUE,TRUE,TRUE,TRUE,TRUE,TRUE,TRUE
2,2,"MART","WM_X6_M5","PATT","source_specification",1000,TRUE,"inclusive",1000,0,1000,0,1000,0,0,1000,0,0,0,1000,TRUE,TRUE,TRUE,TRUE,TRUE,TRUE,TRUE,TRUE
3,2,"MART","WM_X6_M5","PATT","source_specification",1000,TRUE,"inclusive",1000,0,1000,0,1000,0,0,1000,0,0,0,1000,TRUE,TRUE,TRUE,TRUE,TRUE,TRUE,TRUE,TRUE
1,3,"MART","WM_X6_M5","PATT","source_specification",1000,TRUE,"inclusive",1000,0,1000,0,1000,0,0,1000,0,0,0,1000,TRUE,TRUE,TRUE,TRUE,TRUE,TRUE,TRUE,TRUE
2,3,"MART","WM_X6_M5","PATT","source_specification",1000,TRUE,"inclusive",1000,0,1000,0,1000,0,0,1000,0,0,0,1000,TRUE,TRUE,TRUE,TRUE,TRUE,TRUE,TRUE,TRUE
3,3,"MART","WM_X6_M5","PATT","source_specification",1000,TRUE,"inclusive",1000,0,1000,0,1000,0,0,1000,0,0,0,1000,TRUE,TRUE,TRUE,TRUE,TRUE,TRUE,TRUE,TRUE
1,4,"MART","WM_X6_M5","PATT","source_specification",1000,TRUE,"inclusive",1000,0,1000,0,1000,0,0,1000,0,0,0,1000,TRUE,TRUE,TRUE,TRUE,TRUE,TRUE,TRUE,TRUE
2,4,"MART","WM_X6_M5","PATT","source_specification",1000,TRUE,"inclusive",1000,0,1000,0,1000,0,0,1000,0,0,0,1000,TRUE,TRUE,TRUE,TRUE,TRUE,TRUE,TRUE,TRUE
3,4,"MART","WM_X6_M5","PATT","source_specification",1000,TRUE,"inclusive",1000,0,1000,0,1000,0,0,1000,0,0,0,1000,TRUE,TRUE,TRUE,TRUE,TRUE,TRUE,TRUE,TRUE
1,5,"MART","WM_X6_M5","PATT","source_specification",1000,TRUE,"inclusive",1000,0,1000,0,1000,0,0,1000,0,0,0,1000,TRUE,TRUE,TRUE,TRUE,TRUE,TRUE,TRUE,TRUE
2,5,"MART","WM_X6_M5","PATT","source_specification",1000,TRUE,"inclusive",1000,0,1000,0,1000,0,0,1000,0,0,0,1000,TRUE,TRUE,TRUE,TRUE,TRUE,TRUE,TRUE,TRUE
3,5,"MART","WM_X6_M5","PATT","source_specification",1000,TRUE,"inclusive",1000,0,1000,0,1000,0,0,1000,0,0,0,1000,TRUE,TRUE,TRUE,TRUE,TRUE,TRUE,TRUE,TRUE
1,6,"MART","WM_X6_M5","PATT","source_specification",1000,TRUE,"inclusive",1000,0,1000,0,1000,0,0,1000,0,0,0,1000,TRUE,TRUE,TRUE,TRUE,TRUE,TRUE,TRUE,TRUE
2,6,"MART","WM_X6_M5","PATT","source_specification",1000,TRUE,"inclusive",1000,0,1000,0,1000,0,0,1000,0,0,0,1000,TRUE,TRUE,TRUE,TRUE,TRUE,TRUE,TRUE,TRUE
3,6,"MART","WM_X6_M5","PATT","source_specification",1000,TRUE,"inclusive",1000,0,1000,0,1000,0,0,1000,0,0,0,1000,TRUE,TRUE,TRUE,TRUE,TRUE,TRUE,TRUE,TRUE
