"scenario","estimand","comparison","branch","n","m","d","M","base_seed","target","inference_status","requested","completed","failed","failure_rate","independent_replications","records_per_replication","mean_estimate","bias","bias_mcse","empirical_variance","empirical_variance_mcse_asymptotic","empirical_root_n_variance","empirical_root_n_variance_mcse_asymptotic","mean_root_n_variance","mean_root_n_variance_mcse","variance_ratio","variance_ratio_mcse_delta","intervals","coverage","coverage_mcse","coverage_exact95_lower","coverage_exact95_upper","mean_interval_width","mean_interval_width_mcse","paired_variance_requested","paired_variance_completed","paired_variance_failed","adjusted_minus_naive_root_n_variance","adjusted_minus_naive_root_n_variance_mcse","warning_records"
"estimated_weights_d1_m3_n200","PATE","fitted_adjusted","estimated_weights",200,200,1,3,936008,1.5,"within_declared_parametric_scope",1000,1000,0,0,1000,6,1.50108541422367,0.00108541422366895,0.00147398271994142,0.0021726250586859,9.6505684778312e-05,0.43452501173718,0.0193011369556624,0.43934677961306,0.00180084291197467,1.0110966405745,0.0452294743432714,1000,0.949,0.00695693898205238,0.933486538405065,0.961794763225314,0.183349147357625,0.000371320993582619,1000,1000,0,-0.0175232766608175,0.000619455795399934,0
"estimated_weights_d1_m3_n200","PATE","fitted_naive","estimated_weights",200,200,1,3,936008,1.5,"first_stage_omission_diagnostic",1000,1000,0,0,1000,6,1.50108541422367,0.00108541422366895,0.00147398271994142,0.0021726250586859,9.6505684778312e-05,0.43452501173718,0.0193011369556624,0.456870056273877,0.00222318143175195,1.05142406980755,0.0470179592439364,1000,0.952,0.00675988165576884,0.936859884598491,0.964399734657117,0.186823141563018,0.000445266426312555,1000,1000,0,-0.0175232766608175,0.000619455795399934,0
"estimated_weights_d1_m3_n200","PATE","known_first_stage","estimated_weights",200,200,1,3,936008,1.5,"within_declared_parametric_scope",1000,1000,0,0,1000,6,1.50126561757698,0.00126561757698254,0.00147624673120613,0.00217930441139679,9.72858554531128e-05,0.435860882279357,0.0194571710906226,0.450858480286683,0.00166441243393397,1.03440913974407,0.0464383676153491,1000,0.945,0.00720936890441875,0.929008484457942,0.958301204920464,0.185798952895278,0.000343442535854325,1000,1000,0,-0.0175232766608175,0.000619455795399934,0
"estimated_weights_d1_m3_n200","PATT","fitted_adjusted","estimated_weights",200,200,1,3,936008,1.5,"within_declared_parametric_scope",1000,1000,0,0,1000,6,1.50129164989,0.00129164989000394,0.00153366045693507,0.00235211439716629,0.000102941181838388,0.470422879433258,0.0205882363676776,0.485103684119637,0.00218443201205111,1.03120767574924,0.0452823707492804,1000,0.955,0.00655553201502365,0.940247167306592,0.966990374568851,0.192592995814835,0.000422176174174637,1000,1000,0,-0.131301467091524,0.00195200401698834,0
"estimated_weights_d1_m3_n200","PATT","fitted_naive","estimated_weights",200,200,1,3,936008,1.5,"first_stage_omission_diagnostic",1000,1000,0,0,1000,6,1.50129164989,0.00129164989000394,0.00153366045693507,0.00235211439716629,0.000102941181838388,0.470422879433258,0.0205882363676776,0.616405151211161,0.00351943166245241,1.31032136862428,0.0577397551875444,1000,0.977,0.00474035863622153,0.965687662387146,0.985365417674823,0.216792154359004,0.00059951758485004,1000,1000,0,-0.131301467091524,0.00195200401698834,0
"estimated_weights_d1_m3_n200","PATT","known_first_stage","estimated_weights",200,200,1,3,936008,1.5,"within_declared_parametric_scope",1000,1000,0,0,1000,6,1.50226543052642,0.00226543052642245,0.00174360245164957,0.0030401495093984,0.000141782083592469,0.60802990187968,0.0283564167184939,0.607032099387687,0.00268239539171156,0.998358958187897,0.0467196162194128,1000,0.951,0.00682634602111555,0.93573394685983,0.963532940827952,0.215440325917353,0.000472721574563232,1000,1000,0,-0.131301467091524,0.00195200401698834,0
"estimated_weights_d1_m3_n2000","PATE","fitted_adjusted","estimated_weights",2000,2000,1,3,936034,1.5,"within_declared_parametric_scope",1000,1000,0,0,1000,6,1.49918916283158,-0.00081083716842415,0.00045530570798848,0.000207303287726891,9.0028952376327e-06,0.414606575453782,0.0180057904752654,0.441087862489973,0.000558929898742989,1.06387088050209,0.0463433062271497,1000,0.953,0.00669260786241059,0.937987369306695,0.965264937733204,0.0582021012622552,3.68576623227033e-05,1000,1000,0,-0.0153608532671254,0.00015730957171852,0
"estimated_weights_d1_m3_n2000","PATE","fitted_naive","estimated_weights",2000,2000,1,3,936034,1.5,"first_stage_omission_diagnostic",1000,1000,0,0,1000,6,1.49918916283158,-0.00081083716842415,0.00045530570798848,0.000207303287726891,9.0028952376327e-06,0.414606575453782,0.0180057904752654,0.456448715757098,0.000675763469621351,1.1009201078336,0.0479546169968785,1000,0.957,0.00641490451994416,0.942513742038028,0.968708829543907,0.0592025655569742,4.37725734858378e-05,1000,1000,0,-0.0153608532671254,0.00015730957171852,0
"estimated_weights_d1_m3_n2000","PATE","known_first_stage","estimated_weights",2000,2000,1,3,936034,1.5,"within_declared_parametric_scope",1000,1000,0,0,1000,6,1.49917082120835,-0.000829178791650189,0.000468610386470243,0.00021959569430779,9.56422636784644e-06,0.43919138861558,0.0191284527356929,0.455752591118274,0.000569554403307544,1.03770839531917,0.0452970579053481,1000,0.955,0.00655553201502365,0.940247167306592,0.966990374568851,0.0591620047153559,3.69890343188706e-05,1000,1000,0,-0.0153608532671254,0.00015730957171852,0
"estimated_weights_d1_m3_n2000","PATT","fitted_adjusted","estimated_weights",2000,2000,1,3,936034,1.5,"within_declared_parametric_scope",1000,1000,0,0,1000,6,1.49895223230143,-0.00104776769856592,0.000482738501464892,0.00023303646079657,1.01927587879519e-05,0.466072921593139,0.0203855175759038,0.4816021000532,0.000630423949816993,1.03331920337053,0.0452774885777091,1000,0.953,0.00669260786241059,0.937987369306695,0.965264937733204,0.0608155689517447,3.9716761260942e-05,1000,1000,0,-0.128639948054621,0.00053326385989048,0
"estimated_weights_d1_m3_n2000","PATT","fitted_naive","estimated_weights",2000,2000,1,3,936034,1.5,"first_stage_omission_diagnostic",1000,1000,0,0,1000,6,1.49895223230143,-0.00104776769856592,0.000482738501464892,0.00023303646079657,1.01927587879519e-05,0.466072921593139,0.0203855175759038,0.610242048107821,0.000964749642174883,1.30932740314945,0.0573935448664967,1000,0.973,0.00512552436341883,0.96095825319403,0.98213309407475,0.0684509267708852,5.397160425127e-05,1000,1000,0,-0.128639948054621,0.00053326385989048,0
"estimated_weights_d1_m3_n2000","PATT","known_first_stage","estimated_weights",2000,2000,1,3,936034,1.5,"within_declared_parametric_scope",1000,1000,0,0,1000,6,1.49911804116782,-0.000881958832181051,0.00054550298189946,0.000297573503261202,1.33690565188752e-05,0.595147006522404,0.0267381130377503,0.609380203405352,0.000816499093452495,1.02391543051878,0.0460727741037955,1000,0.954,0.00662449998113065,0.939116447286257,0.966128501452322,0.0684085019797513,4.57915801310409e-05,1000,1000,0,-0.128639948054621,0.00053326385989048,0
"estimated_weights_d1_m3_n800","PATE","fitted_adjusted","estimated_weights",800,800,1,3,936021,1.5,"within_declared_parametric_scope",1000,1000,0,0,1000,6,1.49968478360438,-0.00031521639561998,0.000731367282489007,0.000534898101895356,2.45706089655401e-05,0.427918481516284,0.019656487172432,0.443567123378694,0.000892997725432021,1.03656921245131,0.0477099151730699,1000,0.952,0.00675988165576884,0.936859884598491,0.964399734657117,0.0922558269651321,9.27101910477734e-05,1000,1000,0,-0.0157780540924862,0.00024782717305102,0
"estimated_weights_d1_m3_n800","PATE","fitted_naive","estimated_weights",800,800,1,3,936021,1.5,"first_stage_omission_diagnostic",1000,1000,0,0,1000,6,1.49968478360438,-0.00031521639561998,0.000731367282489007,0.000534898101895356,2.45706089655401e-05,0.427918481516284,0.019656487172432,0.45934517747118,0.00106940859235665,1.0734408475267,0.0493926844072479,1000,0.955,0.00655553201502365,0.940247167306592,0.966990374568851,0.0938664927346364,0.000108955641111658,1000,1000,0,-0.0157780540924862,0.00024782717305102,0
"estimated_weights_d1_m3_n800","PATE","known_first_stage","estimated_weights",800,800,1,3,936021,1.5,"within_declared_parametric_scope",1000,1000,0,0,1000,6,1.49967468996571,-0.00032531003428777,0.000745826306136766,0.000556256878925613,2.5338097973874e-05,0.445005503140491,0.0202704783790992,0.456789092428384,0.000843555480151433,1.02647964846442,0.0468289818261915,1000,0.956,0.00648567652600714,0.941379580793669,0.967850502989129,0.0936279218646488,8.66151893588982e-05,1000,1000,0,-0.0157780540924862,0.00024782717305102,0
"estimated_weights_d1_m3_n800","PATT","fitted_adjusted","estimated_weights",800,800,1,3,936021,1.5,"within_declared_parametric_scope",1000,1000,0,0,1000,6,1.49939904753444,-0.000600952465556363,0.0007674171704037,0.000588929113430422,2.67760347175388e-05,0.471143290744338,0.0214208277740311,0.484823383773964,0.00106321884200244,1.02903594999308,0.0467820047977136,1000,0.949,0.00695693898205238,0.933486538405065,0.961794763225314,0.0964422777215718,0.000105087733314734,1000,1000,0,-0.12938447393512,0.000882084971141437,0
"estimated_weights_d1_m3_n800","PATT","fitted_naive","estimated_weights",800,800,1,3,936021,1.5,"first_stage_omission_diagnostic",1000,1000,0,0,1000,6,1.49939904753444,-0.000600952465556363,0.0007674171704037,0.000588929113430422,2.67760347175388e-05,0.471143290744338,0.0214208277740311,0.614207857709084,0.0016297270638216,1.30365404702829,0.0593261436037842,1000,0.972,0.0052168956286282,0.959785112626157,0.981315313804462,0.108520972679666,0.000143143083250721,1000,1000,0,-0.12938447393512,0.000882084971141437,0
"estimated_weights_d1_m3_n800","PATT","known_first_stage","estimated_weights",800,800,1,3,936021,1.5,"within_declared_parametric_scope",1000,1000,0,0,1000,6,1.50048242987172,0.000482429871719501,0.000879241366485803,0.000773065380539822,3.42667307036976e-05,0.618452304431858,0.0274133845629581,0.610914882995411,0.00131855265952167,0.987812445062565,0.0437717260558095,1000,0.942,0.00739161687318817,0.925663504617648,0.955667139747179,0.108260776381531,0.00011678941268461,1000,1000,0,-0.12938447393512,0.000882084971141437,0
"estimated_weights_d2_m3_n200","PATE","fitted_adjusted","estimated_weights",200,200,2,3,936009,1.5,"within_declared_parametric_scope",1000,997,3,0.003,1000,6,1.49998668634379,-1.33136562119526e-05,0.00145507672428204,0.0021108965287267,9.63687616163305e-05,0.422179305745341,0.0192737523232661,0.433073755515663,0.00169759431815812,1.02580526715086,0.0470294322873944,997,0.950852557673019,0.00684635589249618,0.935542132129529,0.963422545509454,0.182074283440658,0.000349490840648445,1000,997,3,-0.0175482563294203,0.00057057768182948,0
"estimated_weights_d2_m3_n200","PATE","fitted_naive","estimated_weights",200,200,2,3,936009,1.5,"first_stage_omission_diagnostic",1000,997,3,0.003,1000,6,1.49998668634379,-1.33136562119526e-05,0.00145507672428204,0.0021108965287267,9.63687616163305e-05,0.422179305745341,0.0192737523232661,0.450622011845083,0.00208219565447462,1.06737115181316,0.0489670417500735,997,0.955867602808425,0.00650474163213284,0.941204548848623,0.967753215528753,0.185596980000173,0.000418784647718327,1000,997,3,-0.0175482563294203,0.00057057768182948,0
"estimated_weights_d2_m3_n200","PATE","known_first_stage","estimated_weights",200,200,2,3,936009,1.5,"within_declared_parametric_scope",1000,1000,0,0,1000,6,1.49956861162674,-0.000431388373262229,0.00148898628435535,0.00221708015499836,0.000100001551189081,0.443416030999672,0.0200003102378161,0.443095618373692,0.0015053912044719,0.99927739954449,0.0453692254366863,1000,0.947,0.00708456067798138,0.931244816710037,0.960050747639981,0.184242158466561,0.000312403700210367,1000,997,3,-0.0175482563294203,0.00057057768182948,0
"estimated_weights_d2_m3_n200","PATT","fitted_adjusted","estimated_weights",200,200,2,3,936009,1.5,"within_declared_parametric_scope",1000,997,3,0.003,1000,6,1.49996134744584,-3.86525541627976e-05,0.00149217784284558,0.00221991493053524,0.000101290283665243,0.443982986107047,0.0202580567330486,0.474050665182268,0.00205634225821195,1.0677225930184,0.0487807920312723,997,0.956870611835506,0.00643377216833111,0.942342082875117,0.968614146965958,0.190429877616931,0.000397512212445797,1000,997,3,-0.131536184012252,0.0018973822312713,0
"estimated_weights_d2_m3_n200","PATT","fitted_naive","estimated_weights",200,200,2,3,936009,1.5,"first_stage_omission_diagnostic",1000,997,3,0.003,1000,6,1.49996134744584,-3.86525541627976e-05,0.00149217784284558,0.00221991493053524,0.000101290283665243,0.443982986107047,0.0202580567330486,0.60558684919452,0.00341148994072128,1.36398661242507,0.0624496494312081,997,0.974924774322969,0.00495176925862353,0.963205456967128,0.983708395564236,0.21492245322872,0.000580020399206453,1000,997,3,-0.131536184012252,0.0018973822312713,0
"estimated_weights_d2_m3_n200","PATT","known_first_stage","estimated_weights",200,200,2,3,936009,1.5,"within_declared_parametric_scope",1000,1000,0,0,1000,6,1.50143799926251,0.0014379992625141,0.00171105699485192,0.00292771603963169,0.000132199186178762,0.585543207926339,0.0264398372357525,0.595113046761375,0.0024883588570046,1.01634352291256,0.04604490267292,1000,0.953,0.00669260786241059,0.937987369306695,0.965264937733204,0.213371091067431,0.000441608163757486,1000,997,3,-0.131536184012252,0.0018973822312713,0
"estimated_weights_d2_m3_n2000","PATE","fitted_adjusted","estimated_weights",2000,2000,2,3,936035,1.5,"within_declared_parametric_scope",1000,1000,0,0,1000,6,1.49946628103111,-0.000533718968885536,0.000471318161337524,0.000222140809206584,9.48391030211593e-06,0.444281618413169,0.0189678206042319,0.43602942207374,0.000527470477501169,0.981425753401856,0.0419962194008279,1000,0.955,0.00655553201502365,0.940247167306592,0.966990374568851,0.0578684484919955,3.49575481706931e-05,1000,1000,0,-0.0154035313349485,0.000152620304759891,0
"estimated_weights_d2_m3_n2000","PATE","fitted_naive","estimated_weights",2000,2000,2,3,936035,1.5,"first_stage_omission_diagnostic",1000,1000,0,0,1000,6,1.49946628103111,-0.000533718968885536,0.000471318161337524,0.000222140809206584,9.48391030211593e-06,0.444281618413169,0.0189678206042319,0.451432953408688,0.00064291438535645,1.0160964007943,0.0435035046069092,1000,0.959,0.00627048642451286,0.944787540684701,0.970419831465964,0.0588776019049864,4.1856272087417e-05,1000,1000,0,-0.0154035313349485,0.000152620304759891,0
"estimated_weights_d2_m3_n2000","PATE","known_first_stage","estimated_weights",2000,2000,2,3,936035,1.5,"within_declared_parametric_scope",1000,1000,0,0,1000,6,1.49944609144925,-0.000553908550748844,0.000477200997602645,0.00022772079211296,9.43344649845998e-06,0.45544158422592,0.01886689299692,0.450474540282997,0.000534155089197713,0.989094004335671,0.0410922231997494,1000,0.952,0.00675988165576884,0.936859884598491,0.964399734657117,0.0588195928830693,3.48640374537424e-05,1000,1000,0,-0.0154035313349485,0.000152620304759891,0
"estimated_weights_d2_m3_n2000","PATT","fitted_adjusted","estimated_weights",2000,2000,2,3,936035,1.5,"within_declared_parametric_scope",1000,1000,0,0,1000,6,1.49943467737548,-0.000565322624517792,0.00048945538860934,0.00023956657743872,1.02805396282718e-05,0.479133154877439,0.0205610792565436,0.472205518201786,0.000608997355412702,0.985541312252905,0.0423480116879014,1000,0.948,0.00702111102319284,0.932364985949493,0.96092346505602,0.0602197328514389,3.87476817049721e-05,1000,1000,0,-0.128307086752903,0.00056169371320849,0
"estimated_weights_d2_m3_n2000","PATT","fitted_naive","estimated_weights",2000,2000,2,3,936035,1.5,"first_stage_omission_diagnostic",1000,1000,0,0,1000,6,1.49943467737548,-0.000565322624517792,0.00048945538860934,0.00023956657743872,1.02805396282718e-05,0.479133154877439,0.0205610792565436,0.600512604954689,0.000996712933966863,1.25333135234254,0.0538508834714233,1000,0.973,0.00512552436341883,0.96095825319403,0.98213309407475,0.0679008676810377,5.62513898802124e-05,1000,1000,0,-0.128307086752903,0.00056169371320849,0
"estimated_weights_d2_m3_n2000","PATT","known_first_stage","estimated_weights",2000,2000,2,3,936035,1.5,"within_declared_parametric_scope",1000,1000,0,0,1000,6,1.49979388336623,-0.000206116633771649,0.000558494004224801,0.000311915552755052,1.31701129099342e-05,0.623831105510104,0.0263402258198685,0.599195576621513,0.000837328750622723,0.960509297034097,0.0405879409267418,1000,0.941,0.00745110730026082,0.924550926915759,0.954786645597203,0.0678330737625016,4.73984895861202e-05,1000,1000,0,-0.128307086752903,0.00056169371320849,0
"estimated_weights_d2_m3_n800","PATE","fitted_adjusted","estimated_weights",800,800,2,3,936022,1.5,"within_declared_parametric_scope",1000,1000,0,0,1000,6,1.50072816281229,0.000728162812289979,0.000729838159652774,0.000532663739285347,2.47915180814169e-05,0.426130991428278,0.0198332144651335,0.435815142778212,0.000828292671558797,1.02272576166656,0.0475973678492571,1000,0.959,0.00627048642451286,0.944787540684701,0.970419831465964,0.0914512290885463,8.6659275969099e-05,1000,1000,0,-0.016016630063894,0.000244779857954463,0
"estimated_weights_d2_m3_n800","PATE","fitted_naive","estimated_weights",800,800,2,3,936022,1.5,"first_stage_omission_diagnostic",1000,1000,0,0,1000,6,1.50072816281229,0.000728162812289979,0.000729838159652774,0.000532663739285347,2.47915180814169e-05,0.426130991428278,0.0198332144651335,0.451831772842106,0.00101111567481419,1.06031192739042,0.0493260766868306,1000,0.961,0.00612200947402077,0.947069064214555,0.972122851204664,0.093100553108625,0.000103747388687997,1000,1000,0,-0.016016630063894,0.000244779857954463,0
"estimated_weights_d2_m3_n800","PATE","known_first_stage","estimated_weights",800,800,2,3,936022,1.5,"within_declared_parametric_scope",1000,1000,0,0,1000,6,1.50081176880068,0.000811768800675586,0.000742688429654524,0.000551586103542703,2.50097132494058e-05,0.441268882834162,0.0200077705995246,0.450250038761321,0.000829892181875159,1.02035302346605,0.0462734696987355,1000,0.956,0.00648567652600714,0.941379580793669,0.967850502989129,0.0929556583602846,8.56611418615677e-05,1000,1000,0,-0.016016630063894,0.000244779857954463,0
"estimated_weights_d2_m3_n800","PATT","fitted_adjusted","estimated_weights",800,800,2,3,936022,1.5,"within_declared_parametric_scope",1000,1000,0,0,1000,6,1.50093772814254,0.000937728142536421,0.000755174749556636,0.000570288902367929,2.62637682686083e-05,0.456231121894343,0.0210110146148867,0.473550083747191,0.000953819912215021,1.03796093914185,0.047687488145045,1000,0.957,0.00641490451994416,0.942513742038028,0.968708829543907,0.0953230343937532,9.5624208295018e-05,1000,1000,0,-0.12896549721551,0.000866656494453117,0
"estimated_weights_d2_m3_n800","PATT","fitted_naive","estimated_weights",800,800,2,3,936022,1.5,"first_stage_omission_diagnostic",1000,1000,0,0,1000,6,1.50093772814254,0.000937728142536421,0.000755174749556636,0.000570288902367929,2.62637682686083e-05,0.456231121894343,0.0210110146148867,0.602515580962701,0.00151208526138842,1.32063673881116,0.0606282410740611,1000,0.977,0.00474035863622153,0.965687662387146,0.985365417674823,0.107492608355598,0.000134354626082123,1000,1000,0,-0.12896549721551,0.000866656494453117,0
"estimated_weights_d2_m3_n800","PATT","known_first_stage","estimated_weights",800,800,2,3,936022,1.5,"within_declared_parametric_scope",1000,1000,0,0,1000,6,1.50122602263234,0.00122602263234298,0.000857392074454376,0.000735121169337179,3.45219870777369e-05,0.588096935469743,0.0276175896621895,0.600516387907044,0.00125714167582958,1.02111803631043,0.0478525987039786,1000,0.943,0.00733150734842434,0.926777270539338,0.956546418063041,0.107339078144018,0.000112382425166203,1000,1000,0,-0.12896549721551,0.000866656494453117,0
"estimated_weights_d3_m3_n200","PATE","fitted_adjusted","estimated_weights",200,200,3,3,936010,1.5,"within_declared_parametric_scope",1000,997,3,0.003,1000,6,1.50062529013807,0.000625290138067599,0.00151138829095831,0.00227744168234773,9.64047286175205e-05,0.455488336469547,0.0192809457235041,0.425589771058293,0.00157606996723128,0.934359317204487,0.0397943160504391,997,0.944834503510532,0.00723042888021967,0.928796690227309,0.958174916147549,0.180526178678025,0.0003293086534669,1000,997,3,-0.0174137214449458,0.000552843917508322,0
"estimated_weights_d3_m3_n200","PATE","fitted_naive","estimated_weights",200,200,3,3,936010,1.5,"first_stage_omission_diagnostic",1000,997,3,0.003,1000,6,1.50062529013807,0.000625290138067599,0.00151138829095831,0.00227744168234773,9.64047286175205e-05,0.455488336469547,0.0192809457235041,0.443003492503239,0.00193936245684754,0.972590200523955,0.0414384530899346,997,0.945837512537613,0.00716819793247027,0.929917519025027,0.959053020363417,0.184064909352421,0.00039538327521493,1000,997,3,-0.0174137214449458,0.000552843917508322,0
"estimated_weights_d3_m3_n200","PATE","known_first_stage","estimated_weights",200,200,3,3,936010,1.5,"within_declared_parametric_scope",1000,1000,0,0,1000,6,1.50088495173889,0.000884951738885764,0.00152744478547925,0.00233308757268775,9.90419954768388e-05,0.46661751453755,0.0198083990953678,0.437480474772709,0.00144753954481134,0.937556909337795,0.0400182781170109,1000,0.944,0.00727076337120113,0.927892253716747,0.957424450313383,0.183083323416079,0.000303072786602408,1000,997,3,-0.0174137214449458,0.000552843917508322,0
"estimated_weights_d3_m3_n200","PATT","fitted_adjusted","estimated_weights",200,200,3,3,936010,1.5,"within_declared_parametric_scope",1000,997,3,0.003,1000,6,1.50140604619247,0.00140604619246922,0.00160198491999763,0.00255865661684811,0.000109065572977507,0.511731323369622,0.0218131145955015,0.467206315713476,0.00190454042354834,0.912991435890693,0.038790454552201,997,0.947843530591775,0.00704165654429105,0.932163161183557,0.960805143794794,0.189086899365368,0.000376547596448583,1000,997,3,-0.128393980025281,0.00181635211960328,0
"estimated_weights_d3_m3_n200","PATT","fitted_naive","estimated_weights",200,200,3,3,936010,1.5,"first_stage_omission_diagnostic",1000,997,3,0.003,1000,6,1.50140604619247,0.00140604619246922,0.00160198491999763,0.00255865661684811,0.000109065572977507,0.511731323369622,0.0218131145955015,0.595600295738757,0.00319954470954978,1.16389259077767,0.0496289836162304,997,0.9679037111334,0.00558207809827822,0.954989968422083,0.977944677361788,0.213200039600689,0.000553578453477669,1000,997,3,-0.128393980025281,0.00181635211960328,0
"estimated_weights_d3_m3_n200","PATT","known_first_stage","estimated_weights",200,200,3,3,936010,1.5,"within_declared_parametric_scope",1000,1000,0,0,1000,6,1.50229777139051,0.00229777139051331,0.0017425542300042,0.00303649524450555,0.000131107582257502,0.60729904890111,0.0262215164515005,0.587581069029398,0.00242246868579641,0.967531679973168,0.0418853294144966,1000,0.953,0.00669260786241059,0.937987369306695,0.965264937733204,0.212026964263515,0.000433732820148995,1000,997,3,-0.128393980025281,0.00181635211960328,0
"estimated_weights_d3_m3_n2000","PATE","fitted_adjusted","estimated_weights",2000,2000,3,3,936036,1.5,"within_declared_parametric_scope",1000,1000,0,0,1000,6,1.49965747776716,-0.00034252223283585,0.000464564352871509,0.000215820037958924,9.69478175619773e-06,0.431640075917848,0.0193895635123955,0.431985065164534,0.00050840790919432,1.00079925212216,0.0449817928340269,1000,0.948,0.00702111102319284,0.932364985949493,0.96092346505602,0.0576000167744069,3.38362298040742e-05,1000,1000,0,-0.0151021560532566,0.000144134989250246,0
"estimated_weights_d3_m3_n2000","PATE","fitted_naive","estimated_weights",2000,2000,3,3,936036,1.5,"first_stage_omission_diagnostic",1000,1000,0,0,1000,6,1.49965747776716,-0.00034252223283585,0.000464564352871509,0.000215820037958924,9.69478175619773e-06,0.431640075917848,0.0193895635123955,0.447087221217791,0.00061317331351324,1.03578709707873,0.0465502591192821,1000,0.951,0.00682634602111555,0.93573394685983,0.963532940827952,0.058594598463989,4.01115808245363e-05,1000,1000,0,-0.0151021560532566,0.000144134989250246,0
"estimated_weights_d3_m3_n2000","PATE","known_first_stage","estimated_weights",2000,2000,3,3,936036,1.5,"within_declared_parametric_scope",1000,1000,0,0,1000,6,1.4997087920506,-0.000291207949404937,0.000473432801741866,0.000224138617765153,9.92644020722282e-06,0.448277235530306,0.0198528804144456,0.4463371871116,0.000486650406455925,0.995672212941149,0.0441280521365596,1000,0.952,0.00675988165576884,0.936859884598491,0.964399734657117,0.0585504334914288,3.19312768227119e-05,1000,1000,0,-0.0151021560532566,0.000144134989250246,0
"estimated_weights_d3_m3_n2000","PATT","fitted_adjusted","estimated_weights",2000,2000,3,3,936036,1.5,"within_declared_parametric_scope",1000,1000,0,0,1000,6,1.49976495240205,-0.000235047597951666,0.000484659765749278,0.000234895088536146,1.05369545007205e-05,0.469790177072291,0.0210739090014411,0.467323955154296,0.000583711557983353,0.994750375724405,0.0445962598746948,1000,0.944,0.00727076337120113,0.927892253716747,0.957424450313383,0.0599084172642332,3.73415932625792e-05,1000,1000,0,-0.127896097484325,0.00051511361505421,0
"estimated_weights_d3_m3_n2000","PATT","fitted_naive","estimated_weights",2000,2000,3,3,936036,1.5,"first_stage_omission_diagnostic",1000,1000,0,0,1000,6,1.49976495240205,-0.000235047597951666,0.000484659765749278,0.000234895088536146,1.05369545007205e-05,0.469790177072291,0.0210739090014411,0.595220052638621,0.000932447498794242,1.26699126905548,0.0567994199882119,1000,0.974,0.00503229569878401,0.962134877521079,0.98294721365437,0.067603533301514,5.28367277203775e-05,1000,1000,0,-0.127896097484325,0.00051511361505421,0
"estimated_weights_d3_m3_n2000","PATT","known_first_stage","estimated_weights",2000,2000,3,3,936036,1.5,"within_declared_parametric_scope",1000,1000,0,0,1000,6,1.49999094200164,-9.05799835885032e-06,0.000541527651298997,0.000293252197121408,1.31438769440744e-05,0.586504394242817,0.0262877538881488,0.594199100752815,0.000765301470106318,1.01311960589815,0.0453949596444174,1000,0.948,0.00702111102319284,0.932364985949493,0.96092346505602,0.0675521570437271,4.34824462701958e-05,1000,1000,0,-0.127896097484325,0.00051511361505421,0
"estimated_weights_d3_m3_n800","PATE","fitted_adjusted","estimated_weights",800,800,3,3,936023,1.5,"within_declared_parametric_scope",1000,1000,0,0,1000,6,1.50031093328459,0.000310933284588904,0.000747623435976715,0.000558940802021629,2.3726708281852e-05,0.447152641617303,0.0189813666254816,0.429669903130422,0.000814437000125108,0.960902079380214,0.0408972537279826,1000,0.941,0.00745110730026082,0.924550926915759,0.954786645597203,0.0908045067096348,8.57035772813626e-05,1000,1000,0,-0.0156492822367098,0.000250879833641222,0
"estimated_weights_d3_m3_n800","PATE","fitted_naive","estimated_weights",800,800,3,3,936023,1.5,"first_stage_omission_diagnostic",1000,1000,0,0,1000,6,1.50031093328459,0.000310933284588904,0.000747623435976715,0.000558940802021629,2.3726708281852e-05,0.447152641617303,0.0189813666254816,0.445319185367132,0.00100539449053889,0.99589970833329,0.0423867361460764,1000,0.948,0.00702111102319284,0.932364985949493,0.96092346505602,0.0924262993023818,0.000103761876708574,1000,1000,0,-0.0156492822367098,0.000250879833641222,0
"estimated_weights_d3_m3_n800","PATE","known_first_stage","estimated_weights",800,800,3,3,936023,1.5,"within_declared_parametric_scope",1000,1000,0,0,1000,6,1.50036712846031,0.000367128460314664,0.000755016247919863,0.000570049534622988,2.46009060785311e-05,0.45603962769839,0.0196807248628249,0.443615957844428,0.000780832467969255,0.972757477422161,0.042061844036793,1000,0.947,0.00708456067798138,0.931244816710037,0.960050747639981,0.0922716895669822,8.12654898778052e-05,1000,1000,0,-0.0156492822367098,0.000250879833641222,0
"estimated_weights_d3_m3_n800","PATT","fitted_adjusted","estimated_weights",800,800,3,3,936023,1.5,"within_declared_parametric_scope",1000,1000,0,0,1000,6,1.50045752741108,0.00045752741107704,0.000781549043316856,0.000610818907109493,2.53453375671511e-05,0.488655125687594,0.0202762700537209,0.466558532615818,0.000939524960192382,0.954780801612008,0.0396474316913745,1000,0.943,0.00733150734842434,0.926777270539338,0.956546418063041,0.094616880214337,9.47729542347034e-05,1000,1000,0,-0.128620178992838,0.000874431832919004,0
"estimated_weights_d3_m3_n800","PATT","fitted_naive","estimated_weights",800,800,3,3,936023,1.5,"first_stage_omission_diagnostic",1000,1000,0,0,1000,6,1.50045752741108,0.00045752741107704,0.000781549043316856,0.000610818907109493,2.53453375671511e-05,0.488655125687594,0.0202762700537209,0.595178711608655,0.00157733103088943,1.21799338699491,0.0505975003343649,1000,0.974,0.00503229569878401,0.962134877521079,0.98294721365437,0.10682687144457,0.000140754777057983,1000,1000,0,-0.128620178992838,0.000874431832919004,0
"estimated_weights_d3_m3_n800","PATT","known_first_stage","estimated_weights",800,800,3,3,936023,1.5,"within_declared_parametric_scope",1000,1000,0,0,1000,6,1.50078904348189,0.00078904348188667,0.000889253593477596,0.000790771953512817,3.34264603275976e-05,0.632617562810254,0.0267411682620781,0.59267760977136,0.00126129404834184,0.936865563988661,0.0395789334371271,1000,0.942,0.00739161687318817,0.925663504617648,0.955667139747179,0.106634304638008,0.000113450891992648,1000,1000,0,-0.128620178992838,0.000874431832919004,0
"estimated_weights_d5_m3_n200","PATE","fitted_adjusted","estimated_weights",200,200,5,3,936011,1.5,"within_declared_parametric_scope",1000,999,1,0.001,1000,6,1.49936254350691,-0.000637456493091387,0.00150214734082989,0.00225419018692875,9.99858749903744e-05,0.450838037385751,0.0199971749980749,0.424507593363305,0.00153702857553362,0.941596667009008,0.0419126385998902,999,0.946946946946947,0.00709145368243586,0.931176568358426,0.960010504675394,0.180306307333105,0.000323130224097601,1000,999,1,-0.0190168442416496,0.000547626808827958,0
"estimated_weights_d5_m3_n200","PATE","fitted_naive","estimated_weights",200,200,5,3,936011,1.5,"first_stage_omission_diagnostic",1000,999,1,0.001,1000,6,1.49936254350691,-0.000637456493091387,0.00150214734082989,0.00225419018692875,9.99858749903744e-05,0.450838037385751,0.0199971749980749,0.443524437604955,0.00191022592374966,0.983777766793581,0.0437477990605534,999,0.953953953953954,0.00663097108024447,0.939055980679688,0.96609439879515,0.184181215174651,0.000391412371671413,1000,999,1,-0.0190168442416496,0.000547626808827958,0
"estimated_weights_d5_m3_n200","PATE","known_first_stage","estimated_weights",200,200,5,3,936011,1.5,"within_declared_parametric_scope",1000,1000,0,0,1000,6,1.49939580083963,-0.000604199160369291,0.00150699593462315,0.00227103674697071,0.000100771458417009,0.454207349394143,0.0201542916834019,0.436586701948534,0.00144346558277619,0.961205719218078,0.04284463146412,1000,0.947,0.00708456067798138,0.931244816710037,0.960050747639981,0.182896205472123,0.000302764651655677,1000,999,1,-0.0190168442416496,0.000547626808827958,0
"estimated_weights_d5_m3_n200","PATT","fitted_adjusted","estimated_weights",200,200,5,3,936011,1.5,"within_declared_parametric_scope",1000,999,1,0.001,1000,6,1.50019569684664,0.000195696846636884,0.00155633759963093,0.00241976453730093,0.000111371274553296,0.483952907460185,0.0222742549106593,0.469230733108863,0.00191863469718236,0.969579324507863,0.0445476687082709,999,0.947947947947948,0.00702794621188721,0.932297844577343,0.960884104096555,0.189491563107636,0.000379270320237112,1000,999,1,-0.136050618907222,0.00187705063161339,0
"estimated_weights_d5_m3_n200","PATT","fitted_naive","estimated_weights",200,200,5,3,936011,1.5,"first_stage_omission_diagnostic",1000,999,1,0.001,1000,6,1.50019569684664,0.000195696846636884,0.00155633759963093,0.00241976453730093,0.000111371274553296,0.483952907460185,0.0222742549106593,0.605281352016084,0.00331620523520836,1.25070299751403,0.0576556461820546,999,0.970970970970971,0.00531173785702218,0.958574120117005,0.980474451965907,0.214885768539902,0.000572739306945175,1000,999,1,-0.136050618907222,0.00187705063161339,0
"estimated_weights_d5_m3_n200","PATT","known_first_stage","estimated_weights",200,200,5,3,936011,1.5,"within_declared_parametric_scope",1000,1000,0,0,1000,6,1.50154087865481,0.00154087865481312,0.00180691424662803,0.00326493909466734,0.000145205783621127,0.652987818933468,0.0290411567242253,0.593303517355491,0.00245672951182298,0.908598139433199,0.0404950452948905,1000,0.937,0.00768316341099159,0.920111958126645,0.951253072443419,0.21304869172093,0.000439851141761734,1000,999,1,-0.136050618907222,0.00187705063161339,0
"estimated_weights_d5_m3_n2000","PATE","fitted_adjusted","estimated_weights",2000,2000,5,3,936037,1.5,"within_declared_parametric_scope",1000,1000,0,0,1000,6,1.50030460282246,0.000304602822461881,0.000451074502587784,0.000203468206884816,9.19366201452691e-06,0.406936413769633,0.0183873240290538,0.42782835066423,0.000472763471570099,1.05133956113946,0.0475785224807084,1000,0.96,0.00619677335393187,0.945927303180632,0.971272374714109,0.0573233896391658,3.16225088139183e-05,1000,1000,0,-0.0154049789671972,0.000142049907165556,0
"estimated_weights_d5_m3_n2000","PATE","fitted_naive","estimated_weights",2000,2000,5,3,936037,1.5,"first_stage_omission_diagnostic",1000,1000,0,0,1000,6,1.50030460282246,0.000304602822461881,0.000451074502587784,0.000203468206884816,9.19366201452691e-06,0.406936413769633,0.0183873240290538,0.443233329631427,0.00057783182235918,1.08919554661024,0.0492980222797709,1000,0.962,0.00604615580348373,0.948212896378036,0.972971184017016,0.0583428224148985,3.79694854057288e-05,1000,1000,0,-0.0154049789671972,0.000142049907165556,0
"estimated_weights_d5_m3_n2000","PATE","known_first_stage","estimated_weights",2000,2000,5,3,936037,1.5,"within_declared_parametric_scope",1000,1000,0,0,1000,6,1.50026779521538,0.000267795215379316,0.000458701386592535,0.000210406962061914,9.52083861922743e-06,0.420813924123828,0.0190416772384549,0.442649184504626,0.000462670617010137,1.05188816036984,0.0476688586188639,1000,0.961,0.00612200947402077,0.947069064214555,0.972122851204664,0.0583087401981484,3.04790757012929e-05,1000,1000,0,-0.0154049789671972,0.000142049907165556,0
"estimated_weights_d5_m3_n2000","PATT","fitted_adjusted","estimated_weights",2000,2000,5,3,936037,1.5,"within_declared_parametric_scope",1000,1000,0,0,1000,6,1.50047370497141,0.000473704971411155,0.000465021654506081,0.000216245139159573,9.69176804470873e-06,0.432490278319146,0.0193835360894175,0.463797965287711,0.000543634733640813,1.07238934269284,0.0480842303278161,1000,0.964,0.00589101010014412,0.950507088281988,0.974661085070162,0.0596833713247671,3.48994961817912e-05,1000,1000,0,-0.128377621275676,0.000524367313581137,0
"estimated_weights_d5_m3_n2000","PATT","fitted_naive","estimated_weights",2000,2000,5,3,936037,1.5,"first_stage_omission_diagnostic",1000,1000,0,0,1000,6,1.50047370497141,0.000473704971411155,0.000465021654506081,0.000216245139159573,9.69176804470873e-06,0.432490278319146,0.0193835360894175,0.592175586563387,0.000907736299042753,1.3692228848816,0.0613772124557358,1000,0.977,0.00474035863622153,0.965687662387146,0.985365417674823,0.0674313281390113,5.15257325748979e-05,1000,1000,0,-0.128377621275676,0.000524367313581137,0
"estimated_weights_d5_m3_n2000","PATT","known_first_stage","estimated_weights",2000,2000,5,3,936037,1.5,"within_declared_parametric_scope",1000,1000,0,0,1000,6,1.50042765124012,0.000427651240123574,0.000538535415627587,0.000290020393885177,1.27880306871798e-05,0.580040787770355,0.0255760613743595,0.591320637560989,0.000729324470001049,1.01944664931925,0.0449400130103818,1000,0.953,0.00669260786241059,0.937987369306695,0.965264937733204,0.0673895193420116,4.14989523963102e-05,1000,1000,0,-0.128377621275676,0.000524367313581137,0
"estimated_weights_d5_m3_n800","PATE","fitted_adjusted","estimated_weights",800,800,5,3,936024,1.5,"within_declared_parametric_scope",1000,1000,0,0,1000,6,1.499441564817,-0.000558435182996795,0.000746325107169931,0.000557001165592209,2.50362164595482e-05,0.445600932473767,0.0200289731676385,0.427272961589696,0.000751128413462258,0.958869092166565,0.0431494848178439,1000,0.942,0.00739161687318817,0.925663504617648,0.955667139747179,0.0905563751136988,7.94145367667952e-05,1000,1000,0,-0.0158580730682956,0.000247137905437174,0
"estimated_weights_d5_m3_n800","PATE","fitted_naive","estimated_weights",800,800,5,3,936024,1.5,"first_stage_omission_diagnostic",1000,1000,0,0,1000,6,1.499441564817,-0.000558435182996795,0.000746325107169931,0.000557001165592209,2.50362164595482e-05,0.445600932473767,0.0200289731676385,0.443131034657991,0.000927193042432605,0.994457152946104,0.0447439477944753,1000,0.946,0.00714730718522718,0.930125994422933,0.959176648874369,0.0922069425389724,9.6109800539194e-05,1000,1000,0,-0.0158580730682956,0.000247137905437174,0
"estimated_weights_d5_m3_n800","PATE","known_first_stage","estimated_weights",800,800,5,3,936024,1.5,"within_declared_parametric_scope",1000,1000,0,0,1000,6,1.49950332296063,-0.000496677039374039,0.000757014651880301,0.000573071183161453,2.60719929582978e-05,0.458456946529162,0.0208575943666382,0.441238957416608,0.000738410110791675,0.962443607316006,0.0438513377667536,1000,0.942,0.00739161687318817,0.925663504617648,0.955667139747179,0.0920275776181092,7.70540075043813e-05,1000,1000,0,-0.0158580730682956,0.000247137905437174,0
"estimated_weights_d5_m3_n800","PATT","fitted_adjusted","estimated_weights",800,800,5,3,936024,1.5,"within_declared_parametric_scope",1000,1000,0,0,1000,6,1.49908621420349,-0.000913785796513242,0.000777624655557835,0.000604700104931442,2.74886106755292e-05,0.483760083945154,0.0219908885404234,0.465485718270627,0.000882204522998639,0.962224320937155,0.043711308029155,1000,0.944,0.00727076337120113,0.927892253716747,0.957424450313383,0.094513355611247,8.91888869125141e-05,1000,1000,0,-0.128529275690941,0.000857018439075283,0
"estimated_weights_d5_m3_n800","PATT","fitted_naive","estimated_weights",800,800,5,3,936024,1.5,"first_stage_omission_diagnostic",1000,1000,0,0,1000,6,1.49908621420349,-0.000913785796513242,0.000777624655557835,0.000604700104931442,2.74886106755292e-05,0.483760083945154,0.0219908885404234,0.594014993961568,0.00149226784317129,1.22791237573233,0.0558869323679823,1000,0.967,0.00564898220921256,0.953966018182977,0.97717761665054,0.106731963855316,0.000133140184720778,1000,1000,0,-0.128529275690941,0.000857018439075283,0
"estimated_weights_d5_m3_n800","PATT","known_first_stage","estimated_weights",800,800,5,3,936024,1.5,"within_declared_parametric_scope",1000,1000,0,0,1000,6,1.49943146080619,-0.000568539193807183,0.000860263177479934,0.000740052734527872,3.55759563613191e-05,0.592042187622298,0.0284607650890553,0.591619578561943,0.00122595625731156,0.999286184212561,0.0480891630612672,1000,0.939,0.00756828910652864,0.922329225950876,0.95302212445892,0.10654247372414,0.000110112034817628,1000,1000,0,-0.128529275690941,0.000857018439075283,0
"gaussian_same_sample_d1_m1_n200","PATE","fitted_adjusted","gaussian_same_sample",200,200,1,1,936012,1,"within_declared_parametric_scope",1000,1000,0,0,1000,6,1.00189297522879,0.00189297522879329,0.00123010057841947,0.00151314743302791,7.24876228160869e-05,0.302629486605583,0.0144975245632174,0.281943047158053,0.00214862008056192,0.931644336182978,0.0439979342132138,1000,0.944,0.00727076337120113,0.927892253716747,0.957424450313383,0.146184777744103,0.000540143147045571,1000,1000,0,-0.076003243297814,0.0010594025342939,0
"gaussian_same_sample_d1_m1_n200","PATE","fitted_naive","gaussian_same_sample",200,200,1,1,936012,1,"first_stage_omission_diagnostic",1000,1000,0,0,1000,6,1.00189297522879,0.00189297522879329,0.00123010057841947,0.00151314743302791,7.24876228160869e-05,0.302629486605583,0.0144975245632174,0.357946290455867,0.00221334866112793,1.18278722430765,0.0559346552992368,1000,0.964,0.00589101010014412,0.950507088281988,0.974661085070162,0.165094291684147,0.000494811466951114,1000,1000,0,-0.076003243297814,0.0010594025342939,0
"gaussian_same_sample_d1_m1_n200","PATE","known_first_stage","gaussian_same_sample",200,200,1,1,936012,1,"within_declared_parametric_scope",1000,1000,0,0,1000,6,1.0007465619832,0.000746561983196091,0.00135835657815565,0.00184513259341873,8.44860774969707e-05,0.369026518683746,0.0168972154993941,0.357656929206033,0.00224769138529295,0.96919031857584,0.0438704544554169,1000,0.953,0.00669260786241059,0.937987369306695,0.965264937733204,0.164993422787136,0.000505879096487885,1000,1000,0,-0.076003243297814,0.0010594025342939,0
"gaussian_same_sample_d1_m1_n200","PATT","fitted_adjusted","gaussian_same_sample",200,200,1,1,936012,1,"within_declared_parametric_scope",1000,1000,0,0,1000,6,1.00144118977708,0.00144118977708358,0.00138822112894513,0.00192715790284969,9.18350608940346e-05,0.385431580569937,0.0183670121788069,0.370519480965953,0.00366572738042069,0.961310644078687,0.0442060503053337,1000,0.95,0.00689202437604511,0.934609512084506,0.962664602395338,0.166920742994026,0.000777674033987799,1000,1000,0,-0.0767353596484885,0.00122044440290987,0
"gaussian_same_sample_d1_m1_n200","PATT","fitted_naive","gaussian_same_sample",200,200,1,1,936012,1,"first_stage_omission_diagnostic",1000,1000,0,0,1000,6,1.00144118977708,0.00144118977708358,0.00138822112894513,0.00192715790284969,9.18350608940346e-05,0.385431580569937,0.0183670121788069,0.447254840614441,0.00385499122816335,1.16040008956476,0.053449611836927,1000,0.965,0.00581162627841812,0.951657618385778,0.975502472105241,0.183857173625107,0.000747877047511994,1000,1000,0,-0.0767353596484885,0.00122044440290987,0
"gaussian_same_sample_d1_m1_n200","PATT","known_first_stage","gaussian_same_sample",200,200,1,1,936012,1,"within_declared_parametric_scope",1000,1000,0,0,1000,6,1.00053544357721,0.000535443577207032,0.00150498214210224,0.00226497124804664,0.000103232615365516,0.452994249609327,0.0206465230731032,0.446101248697531,0.00386347549661871,0.984783469287433,0.0433920796730914,1000,0.949,0.00695693898205238,0.933486538405065,0.961794763225314,0.183570703066774,0.000758923233720684,1000,1000,0,-0.0767353596484885,0.00122044440290987,0
"gaussian_same_sample_d1_m1_n2000","PATE","fitted_adjusted","gaussian_same_sample",2000,2000,1,1,936038,1,"within_declared_parametric_scope",1000,1000,0,0,1000,6,0.999400248096064,-0.000599751903935562,0.000360317056225104,0.000129828381006725,6.29733749580736e-06,0.25965676201345,0.0125946749916147,0.278344892607066,0.000667812501250515,1.07197243949552,0.0516035046488701,1000,0.947,0.00708456067798138,0.931244816710037,0.960050747639981,0.0462109817789169,5.52186375030532e-05,1000,1000,0,-0.0748835005548998,0.00035961427601421,0
"gaussian_same_sample_d1_m1_n2000","PATE","fitted_naive","gaussian_same_sample",2000,2000,1,1,936038,1,"first_stage_omission_diagnostic",1000,1000,0,0,1000,6,0.999400248096064,-0.000599751903935572,0.000360317056225104,0.000129828381006725,6.29733749580737e-06,0.25965676201345,0.0125946749916147,0.353228393161966,0.000681221753543529,1.36036662562891,0.0656314367941451,1000,0.974,0.00503229569878401,0.962134877521079,0.98294721365437,0.0520704262411453,4.99786173371117e-05,1000,1000,0,-0.0748835005548998,0.00035961427601421,0
"gaussian_same_sample_d1_m1_n2000","PATE","known_first_stage","gaussian_same_sample",2000,2000,1,1,936038,1,"within_declared_parametric_scope",1000,1000,0,0,1000,6,0.998926396690703,-0.00107360330929736,0.000423267717648135,0.000179155560803061,8.88432599869568e-06,0.358311121606122,0.0177686519973914,0.353631205649611,0.000662049593883418,0.986938959819238,0.0488062216187359,1000,0.954,0.00662449998113065,0.939116447286257,0.966128501452322,0.0521014166376884,4.86228028165894e-05,1000,1000,0,-0.0748835005548998,0.00035961427601421,0
"gaussian_same_sample_d1_m1_n2000","PATT","fitted_adjusted","gaussian_same_sample",2000,2000,1,1,936038,1,"within_declared_parametric_scope",1000,1000,0,0,1000,6,0.999449061998127,-0.00055093800187271,0.000410668126837537,0.000168648310400251,8.10003373794749e-06,0.337296620800503,0.016200067475895,0.361132652446495,0.00108855156783957,1.07066786376164,0.0508858281427668,1000,0.956,0.00648567652600714,0.941379580793669,0.967850502989129,0.0526154793774144,7.85488776084945e-05,1000,1000,0,-0.0749615750466786,0.000409108298582819,0
"gaussian_same_sample_d1_m1_n2000","PATT","fitted_naive","gaussian_same_sample",2000,2000,1,1,936038,1,"first_stage_omission_diagnostic",1000,1000,0,0,1000,6,0.999449061998127,-0.000550938001872713,0.000410668126837537,0.000168648310400251,8.10003373794749e-06,0.337296620800502,0.016200067475895,0.436094227493174,0.0011376536548186,1.2929101585963,0.0615802442007308,1000,0.97,0.00539444158370447,0.957448597529971,0.97966951431689,0.0578350521685416,7.4755352582202e-05,1000,1000,0,-0.0749615750466786,0.000409108298582819,0
"gaussian_same_sample_d1_m1_n2000","PATT","known_first_stage","gaussian_same_sample",2000,2000,1,1,936038,1,"within_declared_parametric_scope",1000,1000,0,0,1000,6,0.99911983589896,-0.000880164101039877,0.000472092184034851,0.000222871030226796,1.06960503960147e-05,0.445742060453592,0.0213921007920293,0.436833527646348,0.00112266910937346,0.980014152583719,0.0468246083472484,1000,0.946,0.00714730718522718,0.930125994422933,0.959176648874369,0.0578853871065345,7.37795286611768e-05,1000,1000,0,-0.0749615750466786,0.000409108298582819,0
"gaussian_same_sample_d1_m1_n800","PATE","fitted_adjusted","gaussian_same_sample",800,800,1,1,936025,1,"within_declared_parametric_scope",1000,1000,0,0,1000,6,0.999911305323573,-8.86946764266361e-05,0.000590871801960606,0.000349129486352174,1.45921054361553e-05,0.279303589081739,0.0116736843489242,0.278884665256967,0.00104112306882765,0.99850011299121,0.041461179704423,1000,0.958,0.00634318531969546,0.943649708424255,0.96956529373686,0.0730635630595107,0.00013547654217936,1000,1000,0,-0.0747699960831542,0.000541985704992786,0
"gaussian_same_sample_d1_m1_n800","PATE","fitted_naive","gaussian_same_sample",800,800,1,1,936025,1,"first_stage_omission_diagnostic",1000,1000,0,0,1000,6,0.999911305323573,-8.86946764266361e-05,0.000590871801960606,0.000349129486352174,1.45921054361553e-05,0.279303589081739,0.0116736843489242,0.353654661340121,0.00108370088865973,1.26620163565683,0.0525960023610819,1000,0.978,0.00463853425124791,0.966880335485012,0.986162585827926,0.0823223536144684,0.000125678087904005,1000,1000,0,-0.0747699960831542,0.000541985704992786,0
"gaussian_same_sample_d1_m1_n800","PATE","known_first_stage","gaussian_same_sample",800,800,1,1,936025,1,"within_declared_parametric_scope",1000,1000,0,0,1000,6,0.999728519069964,-0.000271480930035726,0.000651642711828154,0.00042463822387875,1.95957698600242e-05,0.339710579103,0.0156766158880194,0.353290310458675,0.00109511632028901,1.03997441407781,0.047932496105474,1000,0.949,0.00695693898205238,0.933486538405065,0.961794763225314,0.0822785847114938,0.000126496625077122,1000,1000,0,-0.0747699960831542,0.000541985704992786,0
"gaussian_same_sample_d1_m1_n800","PATT","fitted_adjusted","gaussian_same_sample",800,800,1,1,936025,1,"within_declared_parametric_scope",1000,1000,0,0,1000,6,1.00001648931035,1.64893103531829e-05,0.000664859017664747,0.000442037513370133,1.85624938848592e-05,0.353630010696106,0.0148499951078873,0.361836529236383,0.00167520355063536,1.02320651045459,0.0426210503851787,1000,0.958,0.00634318531969546,0.943649708424255,0.96956529373686,0.0831495375560748,0.00018997665583684,1000,1000,0,-0.0747588209558609,0.000610116818801811,0
"gaussian_same_sample_d1_m1_n800","PATT","fitted_naive","gaussian_same_sample",800,800,1,1,936025,1,"first_stage_omission_diagnostic",1000,1000,0,0,1000,6,1.00001648931035,1.64893103531811e-05,0.000664859017664747,0.000442037513370133,1.85624938848592e-05,0.353630010696106,0.0148499951078873,0.436595350192244,0.00177725114952938,1.23461057316042,0.051432625606622,1000,0.978,0.00463853425124791,0.966880335485012,0.986162585827926,0.0913889136139565,0.000184162101124199,1000,1000,0,-0.0747588209558609,0.000610116818801811,0
"gaussian_same_sample_d1_m1_n800","PATT","known_first_stage","gaussian_same_sample",800,800,1,1,936025,1,"within_declared_parametric_scope",1000,1000,0,0,1000,6,0.999474194919565,-0.000525805080434664,0.000722379335041396,0.000521831903694849,2.36569944998658e-05,0.417465522955879,0.0189255955998926,0.437286034947171,0.00181346089506587,1.04747820095646,0.0472638821377437,1000,0.955,0.00655553201502365,0.940247167306592,0.966990374568851,0.0914551632537209,0.000187268962913095,1000,1000,0,-0.0747588209558609,0.000610116818801811,0
"gaussian_same_sample_d1_m3_n200","PATE","fitted_adjusted","gaussian_same_sample",200,200,1,3,936013,1,"within_declared_parametric_scope",1000,1000,0,0,1000,6,1.00023835103065,0.000238351030648356,0.00104020033366645,0.0010820167341598,4.84078297225071e-05,0.21640334683196,0.00968156594450143,0.209043610966764,0.00130063637722304,0.965990655999833,0.0429195349661754,1000,0.947,0.00708456067798138,0.931244816710037,0.960050747639981,0.126134610475248,0.000388406185304666,1000,1000,0,-0.0755659824709886,0.000972558726697468,0
"gaussian_same_sample_d1_m3_n200","PATE","fitted_naive","gaussian_same_sample",200,200,1,3,936013,1,"first_stage_omission_diagnostic",1000,1000,0,0,1000,6,1.00023835103065,0.000238351030648356,0.00104020033366645,0.0010820167341598,4.84078297225071e-05,0.21640334683196,0.00968156594450143,0.284609593437753,0.00122449382309094,1.31518110789089,0.0585928262798175,1000,0.972,0.0052168956286282,0.959785112626157,0.981315313804462,0.147539615767311,0.000313816703618714,1000,1000,0,-0.0755659824709886,0.000972558726697468,0
"gaussian_same_sample_d1_m3_n200","PATE","known_first_stage","gaussian_same_sample",200,200,1,3,936013,1,"within_declared_parametric_scope",1000,1000,0,0,1000,6,1.00112053378929,0.00112053378929473,0.00119783986998876,0.00143482035413468,6.02487893409256e-05,0.286964070826936,0.0120497578681851,0.283341002531277,0.00121635379347411,0.987374488084105,0.0414008000694867,1000,0.957,0.00641490451994416,0.942513742038028,0.968708829543907,0.147211011243372,0.000312844864709421,1000,1000,0,-0.0755659824709886,0.000972558726697468,0
"gaussian_same_sample_d1_m3_n200","PATT","fitted_adjusted","gaussian_same_sample",200,200,1,3,936013,1,"within_declared_parametric_scope",1000,1000,0,0,1000,6,1.00063025133838,0.00063025133838302,0.00110616255651228,0.00122359560142979,5.37018444230486e-05,0.244719120285959,0.0107403688846097,0.238129648718533,0.00163990450576125,0.973073327659375,0.0420257695087151,1000,0.951,0.00682634602111555,0.93573394685983,0.963532940827952,0.134505354380281,0.000451462348440191,1000,1000,0,-0.0758174908706625,0.00103704426158665,0
"gaussian_same_sample_d1_m3_n200","PATT","fitted_naive","gaussian_same_sample",200,200,1,3,936013,1,"first_stage_omission_diagnostic",1000,1000,0,0,1000,6,1.00063025133838,0.000630251338383035,0.00110616255651229,0.0012235956014298,5.37018444230488e-05,0.244719120285959,0.0107403688846098,0.313947139589195,0.00164728860789786,1.28288766003385,0.0555181015522007,1000,0.977,0.00474035863622153,0.965687662387146,0.985365417674823,0.154800169499667,0.000396692651893724,1000,1000,0,-0.0758174908706625,0.00103704426158665,0
"gaussian_same_sample_d1_m3_n200","PATT","known_first_stage","gaussian_same_sample",200,200,1,3,936013,1,"within_declared_parametric_scope",1000,1000,0,0,1000,6,1.00144783417556,0.00144783417555863,0.00125537116166535,0.00157595675354102,6.77517219415273e-05,0.315191350708204,0.0135503443883055,0.311588813021888,0.00160668062904709,0.988570315529848,0.0420673890802844,1000,0.953,0.00669260786241059,0.937987369306695,0.965264937733204,0.154232675116783,0.000389288268417833,1000,1000,0,-0.0758174908706625,0.00103704426158665,0
"gaussian_same_sample_d1_m3_n2000","PATE","fitted_adjusted","gaussian_same_sample",2000,2000,1,3,936039,1,"within_declared_parametric_scope",1000,1000,0,0,1000,6,1.00003770836652,3.77083665233421e-05,0.00033150175625953,0.000109893414403153,4.98693368543868e-06,0.219786828806305,0.00997386737087737,0.209357501727259,0.00041460133918154,0.952547988723029,0.0431694986534723,1000,0.94,0.00750999334220744,0.923439509596065,0.953904964577516,0.0400861551964817,3.97263530169936e-05,1000,1000,0,-0.0745436226045126,0.000298383774398882,0
"gaussian_same_sample_d1_m3_n2000","PATE","fitted_naive","gaussian_same_sample",2000,2000,1,3,936039,1,"first_stage_omission_diagnostic",1000,1000,0,0,1000,6,1.00003770836652,3.77083665233295e-05,0.000331501756259529,0.000109893414403152,4.98693368543854e-06,0.219786828806304,0.00997386737087709,0.283901124331772,0.000371306542707591,1.29171127257116,0.0586260773657785,1000,0.973,0.00512552436341883,0.96095825319403,0.98213309407475,0.046693230336828,3.05307939599166e-05,1000,1000,0,-0.0745436226045126,0.000298383774398882,0
"gaussian_same_sample_d1_m3_n2000","PATE","known_first_stage","gaussian_same_sample",2000,2000,1,3,936039,1,"within_declared_parametric_scope",1000,1000,0,0,1000,6,1.00041641103907,0.000416411039073381,0.000383514477492549,0.000147083354446383,7.07917276038508e-06,0.294166708892766,0.0141583455207702,0.284129145955448,0.000367193209526213,0.965877977915658,0.0465088710364255,1000,0.939,0.00756828910652864,0.922329225950876,0.95302212445892,0.0467122083629774,3.01882274497832e-05,1000,1000,0,-0.0745436226045126,0.000298383774398882,0
"gaussian_same_sample_d1_m3_n2000","PATT","fitted_adjusted","gaussian_same_sample",2000,2000,1,3,936039,1,"within_declared_parametric_scope",1000,1000,0,0,1000,6,1.00000314464268,3.14464268116098e-06,0.000351372122906747,0.000123462368755994,5.66024673096955e-06,0.246924737511988,0.0113204934619391,0.236768144711756,0.000512506486214778,0.958867657803062,0.0438966804036062,1000,0.934,0.00785136930732467,0.916793949538597,0.948591433981081,0.0426256912461136,4.60730337632371e-05,1000,1000,0,-0.0747883752853648,0.000322259803178278,0
"gaussian_same_sample_d1_m3_n2000","PATT","fitted_naive","gaussian_same_sample",2000,2000,1,3,936039,1,"first_stage_omission_diagnostic",1000,1000,0,0,1000,6,1.00000314464268,3.1446426811634e-06,0.000351372122906747,0.000123462368755994,5.66024673096955e-06,0.246924737511988,0.0113204934619391,0.31155651999712,0.000498304229840985,1.26174689152801,0.057799052481539,1000,0.966,0.00573096850453743,0.952810561384293,0.976341351892403,0.0489095072865503,3.90474770983956e-05,1000,1000,0,-0.0747883752853648,0.000322259803178278,0
"gaussian_same_sample_d1_m3_n2000","PATT","known_first_stage","gaussian_same_sample",2000,2000,1,3,936039,1,"within_declared_parametric_scope",1000,1000,0,0,1000,6,1.00045012024786,0.00045012024786099,0.00039976684677513,0.00015981353178053,7.65623378188644e-06,0.319627063561061,0.0153124675637729,0.311924654347473,0.000490731264596111,0.97590188663071,0.0466909204536731,1000,0.939,0.00756828910652864,0.922329225950876,0.95302212445892,0.0489388809984262,3.84556254290746e-05,1000,1000,0,-0.0747883752853648,0.000322259803178278,0
"gaussian_same_sample_d1_m3_n800","PATE","fitted_adjusted","gaussian_same_sample",800,800,1,3,936026,1,"within_declared_parametric_scope",1000,1000,0,0,1000,6,0.9999095988588,-9.0401141200332e-05,0.000507566145027644,0.000257623391578223,1.12507197768202e-05,0.206098713262578,0.00900057582145612,0.210169446653483,0.000653654031711359,1.01975137702931,0.0446201535927129,1000,0.947,0.00708456067798138,0.931244816710037,0.960050747639981,0.0634594101972899,9.84851774604943e-05,1000,1000,0,-0.0747275977093308,0.000478453565853612,0
"gaussian_same_sample_d1_m3_n800","PATE","fitted_naive","gaussian_same_sample",800,800,1,3,936026,1,"first_stage_omission_diagnostic",1000,1000,0,0,1000,6,0.9999095988588,-9.04011412003292e-05,0.000507566145027644,0.000257623391578223,1.12507197768202e-05,0.206098713262578,0.00900057582145612,0.284897044362814,0.000597097343275856,1.38233296003087,0.0604889311583095,1000,0.981,0.00431729081716764,0.970487598374902,0.988522963006899,0.0739336108809306,7.699630396362e-05,1000,1000,0,-0.0747275977093308,0.000478453565853612,0
"gaussian_same_sample_d1_m3_n800","PATE","known_first_stage","gaussian_same_sample",800,800,1,3,936026,1,"within_declared_parametric_scope",1000,1000,0,0,1000,6,1.00012918956038,0.000129189560378065,0.00057854196350806,0.000334710803539761,1.39809190571826e-05,0.267768642831809,0.0111847352457461,0.285048358411833,0.000586282781967187,1.06453225963011,0.0445301948528399,1000,0.96,0.00619677335393187,0.945927303180632,0.971272374714109,0.0739544528225217,7.58440094058901e-05,1000,1000,0,-0.0747275977093308,0.000478453565853612,0
"gaussian_same_sample_d1_m3_n800","PATT","fitted_adjusted","gaussian_same_sample",800,800,1,3,936026,1,"within_declared_parametric_scope",1000,1000,0,0,1000,6,0.999883065083299,-0.000116934916700679,0.000533236392367292,0.000284341050144885,1.26562905058763e-05,0.227472840115908,0.010125032404701,0.238440650272584,0.000829292928380444,1.04821591074823,0.0466956153565604,1000,0.95,0.00689202437604511,0.934609512084506,0.962664602395338,0.0675738088715717,0.000116591784619922,1000,1000,0,-0.074796732071419,0.000508331381282489,0
"gaussian_same_sample_d1_m3_n800","PATT","fitted_naive","gaussian_same_sample",800,800,1,3,936026,1,"first_stage_omission_diagnostic",1000,1000,0,0,1000,6,0.999883065083299,-0.000116934916700677,0.000533236392367292,0.000284341050144885,1.26562905058763e-05,0.227472840115908,0.010125032404701,0.313237382344003,0.000806915386664025,1.37703201043427,0.0613316285661365,1000,0.979,0.00453420334788814,0.968077664819584,0.986954807709612,0.0775028685427752,9.87808289904102e-05,1000,1000,0,-0.074796732071419,0.000508331381282489,0
"gaussian_same_sample_d1_m3_n800","PATT","known_first_stage","gaussian_same_sample",800,800,1,3,936026,1,"within_declared_parametric_scope",1000,1000,0,0,1000,6,1.00013599898005,0.000135998980045204,0.00060787489736472,0.000369511890846169,1.58348833355892e-05,0.295609512676935,0.0126679066684714,0.313195948407309,0.000786569954130538,1.05949211705374,0.0453506604745613,1000,0.96,0.00619677335393187,0.945927303180632,0.971272374714109,0.0775003888024139,9.66735451072253e-05,1000,1000,0,-0.074796732071419,0.000508331381282489,0
"independent_training_d1_m3_n200","PATE","fitted_adjusted","independent_training",200,200,1,3,936004,1,"within_declared_parametric_scope",1000,1000,0,0,1000,6,0.999346260243887,-0.000653739756112964,0.00128796464930335,0.00165885293785511,7.72408931401985e-05,0.331770587571023,0.0154481786280397,0.356876507005693,0.000587027000690072,1.07567252907642,0.050240372198095,1000,0.96,0.00619677335393187,0.945927303180632,0.971272374714109,0.165529686900786,0.000135901944713003,1000,1000,0,0.0752748202978646,0.000530539721344508,0
"independent_training_d1_m3_n200","PATE","fitted_naive","independent_training",200,200,1,3,936004,1,"first_stage_omission_diagnostic",1000,1000,0,0,1000,6,0.999346260243887,-0.000653739756112964,0.00128796464930335,0.00165885293785511,7.72408931401985e-05,0.331770587571023,0.0154481786280397,0.281601686707828,0.000266083664723319,0.848784362620888,0.0396235856715893,1000,0.937,0.00768316341099159,0.920111958126645,0.951253072443419,0.147072933452721,6.91570302207533e-05,1000,1000,0,0.0752748202978646,0.000530539721344508,0
"independent_training_d1_m3_n200","PATE","known_first_stage","independent_training",200,200,1,3,936004,1,"within_declared_parametric_scope",1000,1000,0,0,1000,6,1,-2.8123336992536e-17,0.00115496178053313,0.00133393671449227,6.27365124688645e-05,0.266787342898453,0.0125473024937729,0.280414827777778,0.000242602786112337,1.05107995278663,0.0497025133658695,1000,0.953,0.00669260786241059,0.937987369306695,0.965264937733204,0.14676527127443,6.3240964333306e-05,1000,1000,0,0.0752748202978646,0.000530539721344508,0
"independent_training_d1_m3_n200","PATT","fitted_adjusted","independent_training",200,200,1,3,936004,1,"within_declared_parametric_scope",1000,1000,0,0,1000,6,0.999393008653648,-0.000606991346351743,0.00135288828039484,0.00183030669922972,8.33443865268764e-05,0.366061339845944,0.0166688773053753,0.390244619768085,0.000787879913527403,1.06606346338654,0.048418491635279,1000,0.96,0.00619677335393187,0.945927303180632,0.971272374714109,0.173066614269179,0.000173637300272804,1000,1000,0,0.0755813583860235,0.000583584126059961,0
"independent_training_d1_m3_n200","PATT","fitted_naive","independent_training",200,200,1,3,936004,1,"first_stage_omission_diagnostic",1000,1000,0,0,1000,6,0.999393008653648,-0.000606991346351743,0.00135288828039484,0.00183030669922972,8.33443865268764e-05,0.366061339845944,0.0166688773053753,0.314663261382062,0.000537685158087562,0.859591623399748,0.0389335414608301,1000,0.935,0.0077958322198467,0.917898930078629,0.949479690310382,0.155428503929621,0.00013159294279083,1000,1000,0,0.0755813583860235,0.000583584126059961,0
"independent_training_d1_m3_n200","PATT","known_first_stage","independent_training",200,200,1,3,936004,1,"within_declared_parametric_scope",1000,1000,0,0,1000,6,1.00042607949951,0.00042607949950952,0.00121240335530541,0.00146992189595581,6.73623260885968e-05,0.293984379191162,0.0134724652177194,0.31294025661686,0.000494890121602835,1.0644791994658,0.0487654890218125,1000,0.953,0.00669260786241059,0.937987369306695,0.965264937733204,0.15501032738973,0.000121471562481119,1000,1000,0,0.0755813583860235,0.000583584126059961,0
"independent_training_d1_m3_n2000","PATE","fitted_adjusted","independent_training",2000,2000,1,3,936030,1,"within_declared_parametric_scope",1000,1000,0,0,1000,6,1.00039465998435,0.000394659984353596,0.000426176644106908,0.000181626531982226,8.09718087977961e-06,0.363253063964453,0.0161943617595592,0.356365001790288,0.00019239949894458,0.981037841500936,0.0437353061854695,1000,0.952,0.00675988165576884,0.936859884598491,0.964399734657117,0.0523232627054401,1.41187189108584e-05,1000,1000,0,0.0751186865947273,0.00017669102208423,0
"independent_training_d1_m3_n2000","PATE","fitted_naive","independent_training",2000,2000,1,3,936030,1,"first_stage_omission_diagnostic",1000,1000,0,0,1000,6,1.00039465998435,0.000394659984353596,0.000426176644106908,0.000181626531982226,8.09718087977961e-06,0.363253063964453,0.0161943617595592,0.281246315195561,7.08084725993969e-05,0.774243476782024,0.0345197498749792,1000,0.924,0.00837997613361756,0.905795676355098,0.939656338820098,0.0464839552357465,5.84948279677637e-06,1000,1000,0,0.0751186865947273,0.00017669102208423,0
"independent_training_d1_m3_n2000","PATE","known_first_stage","independent_training",2000,2000,1,3,936030,1,"within_declared_parametric_scope",1000,1000,0,0,1000,6,1.00028741666667,0.000287416666666613,0.00037871822343742,0.000143427492763596,6.42370216800427e-06,0.286854985527192,0.0128474043360085,0.281105570826389,7.16399836245125e-05,0.979957068934199,0.0439152530190515,1000,0.947,0.00708456067798138,0.931244816710037,0.960050747639981,0.0464723136923066,5.91982455432642e-06,1000,1000,0,0.0751186865947273,0.00017669102208423,0
"independent_training_d1_m3_n2000","PATT","fitted_adjusted","independent_training",2000,2000,1,3,936030,1,"within_declared_parametric_scope",1000,1000,0,0,1000,6,1.00025974871576,0.00025974871576122,0.000446524384921233,0.000199384026329285,9.03084202658207e-06,0.398768052658571,0.0180616840531641,0.387749798175464,0.000244143136587927,0.972369264765198,0.0440227273588349,1000,0.954,0.00662449998113065,0.939116447286257,0.966128501452322,0.0545779723812059,1.71752902139402e-05,1000,1000,0,0.0751577928764236,0.000189059972214073,0
"independent_training_d1_m3_n2000","PATT","fitted_naive","independent_training",2000,2000,1,3,936030,1,"first_stage_omission_diagnostic",1000,1000,0,0,1000,6,1.00025974871576,0.00025974871576122,0.000446524384921233,0.000199384026329285,9.03084202658207e-06,0.398768052658571,0.0180616840531641,0.31259200529904,0.000152082923925054,0.783894304508603,0.0354815833223529,1000,0.916,0.00877177291087725,0.897057001008265,0.932447258029417,0.0490048664246925,1.19096854520232e-05,1000,1000,0,0.0751577928764236,0.000189059972214073,0
"independent_training_d1_m3_n2000","PATT","known_first_stage","independent_training",2000,2000,1,3,936030,1,"within_declared_parametric_scope",1000,1000,0,0,1000,6,1.00007741304368,7.74130436845949e-05,0.000400201169093672,0.000160160975743942,7.27201846436263e-06,0.320321951487884,0.0145440369287253,0.312435931189571,0.000154749971297109,0.975380955748794,0.0442720648239567,1000,0.948,0.00702111102319284,0.932364985949493,0.96092346505602,0.0489925769292673,1.21276729093559e-05,1000,1000,0,0.0751577928764236,0.000189059972214073,0
"independent_training_d1_m3_n800","PATE","fitted_adjusted","independent_training",800,800,1,3,936017,1,"within_declared_parametric_scope",1000,1000,0,0,1000,6,0.999315277612847,-0.000684722387152526,0.000637894558403725,0.000406909467641084,1.89891587282145e-05,0.325527574112867,0.0151913269825716,0.356354043899536,0.000305578209078051,1.09469695423092,0.0510997214210847,1000,0.966,0.00573096850453743,0.952810561384293,0.976341351892403,0.0827244904544469,3.54522503324572e-05,1000,1000,0,0.0749124975401384,0.00027968063089225,0
"independent_training_d1_m3_n800","PATE","fitted_naive","independent_training",800,800,1,3,936017,1,"first_stage_omission_diagnostic",1000,1000,0,0,1000,6,0.999315277612847,-0.000684722387152526,0.000637894558403725,0.000406909467641084,1.89891587282145e-05,0.325527574112867,0.0151913269825716,0.281441546359397,0.000118491156308952,0.864570527170813,0.0403662286133576,1000,0.931,0.00801492358042171,0.913484890654288,0.945920664206744,0.0735220501353654,1.54575771071131e-05,1000,1000,0,0.0749124975401384,0.00027968063089225,0
"independent_training_d1_m3_n800","PATE","known_first_stage","independent_training",800,800,1,3,936017,1,"within_declared_parametric_scope",1000,1000,0,0,1000,6,0.999440625,-0.000559375000000061,0.000581811665827791,0.00033850481449331,1.56734032957674e-05,0.270803851594648,0.012538722636614,0.281012197873264,0.000118523987951726,1.03769645896284,0.0480940738312172,1000,0.952,0.00675988165576884,0.936859884598491,0.964399734657117,0.0734659434056843,1.54702959673563e-05,1000,1000,0,0.0749124975401384,0.00027968063089225,0
"independent_training_d1_m3_n800","PATT","fitted_adjusted","independent_training",800,800,1,3,936017,1,"within_declared_parametric_scope",1000,1000,0,0,1000,6,0.999242471206642,-0.000757528793358017,0.000664635309793563,0.000441740095024386,1.99475050148797e-05,0.353392076019509,0.0159580040119037,0.388072648810321,0.000398159935795684,1.09813624906773,0.0495040964614143,1000,0.961,0.00612200947402077,0.947069064214555,0.972122851204664,0.0863242087386985,4.42543025434213e-05,1000,1000,0,0.0748488888016425,0.000300487790347001,0
"independent_training_d1_m3_n800","PATT","fitted_naive","independent_training",800,800,1,3,936017,1,"first_stage_omission_diagnostic",1000,1000,0,0,1000,6,0.999242471206642,-0.000757528793358017,0.000664635309793563,0.000441740095024386,1.99475050148797e-05,0.353392076019509,0.0159580040119037,0.313223760008678,0.000252564606446043,0.886334983898697,0.0399560133891958,1000,0.937,0.00768316341099159,0.920111958126645,0.951253072443419,0.0775577738696379,3.12019972488067e-05,1000,1000,0,0.0748488888016425,0.000300487790347001,0
"independent_training_d1_m3_n800","PATT","known_first_stage","independent_training",800,800,1,3,936017,1,"within_declared_parametric_scope",1000,1000,0,0,1000,6,0.999427709944109,-0.000572290055890921,0.000607245041295591,0.000368746540178085,1.76072454370933e-05,0.294997232142468,0.0140857963496746,0.312484944305966,0.000253958630563314,1.05928093642266,0.0505149411210349,1000,0.958,0.00634318531969546,0.943649708424255,0.96956529373686,0.0774661648468851,3.13770078744373e-05,1000,1000,0,0.0748488888016425,0.000300487790347001,0
"independent_training_d2_m3_n200","PATE","fitted_adjusted","independent_training",200,200,2,3,936005,1,"within_declared_parametric_scope",1000,1000,0,0,1000,6,1.00184184085391,0.00184184085391066,0.00134157207120811,0.00179981562224562,7.79431079793702e-05,0.359963124449123,0.015588621595874,0.355559519113926,0.000587534350443023,0.987766509855873,0.0427799192562184,1000,0.945,0.00720936890441875,0.929008484457942,0.958301204920464,0.165223380306474,0.000136375283534389,1000,1000,0,0.0766255028356998,0.000551194462200391,0
"independent_training_d2_m3_n200","PATE","fitted_naive","independent_training",200,200,2,3,936005,1,"first_stage_omission_diagnostic",1000,1000,0,0,1000,6,1.00184184085391,0.00184184085391066,0.00134157207120811,0.00179981562224562,7.79431079793702e-05,0.359963124449123,0.015588621595874,0.278934016278226,0.000223105779967378,0.774896086106315,0.0336407054081718,1000,0.911,0.00900438781928011,0.891618999939997,0.92791753546024,0.146379202165673,5.83379904939433e-05,1000,1000,0,0.0766255028356998,0.000551194462200391,0
"independent_training_d2_m3_n200","PATE","known_first_stage","independent_training",200,200,2,3,936005,1,"within_declared_parametric_scope",1000,1000,0,0,1000,6,1.00017,0.000170000000000058,0.00121134836184421,0.00146736485374264,6.58844072932363e-05,0.293472970748528,0.0131768814586473,0.277802268055556,0.000192207593536984,0.946602569044082,0.042711758898814,1000,0.939,0.00756828910652864,0.922329225950876,0.95302212445892,0.146084841490021,5.04092108745353e-05,1000,1000,0,0.0766255028356998,0.000551194462200391,0
"independent_training_d2_m3_n200","PATT","fitted_adjusted","independent_training",200,200,2,3,936005,1,"within_declared_parametric_scope",1000,1000,0,0,1000,6,1.00152037730523,0.00152037730523014,0.00139511666292247,0.00194635050316392,8.35096214141774e-05,0.389270100632785,0.0167019242828355,0.386383029186439,0.000741532269555514,0.992583372209547,0.0422735126826916,1000,0.958,0.00634318531969546,0.943649708424255,0.96956529373686,0.172216009090966,0.000164812890164436,1000,1000,0,0.0768426707136567,0.000586126984893126,0
"independent_training_d2_m3_n200","PATT","fitted_naive","independent_training",200,200,2,3,936005,1,"first_stage_omission_diagnostic",1000,1000,0,0,1000,6,1.00152037730523,0.00152037730523014,0.00139511666292247,0.00194635050316392,8.35096214141774e-05,0.389270100632785,0.0167019242828355,0.309540358472783,0.000452910613869097,0.795181438208595,0.0338777029185151,1000,0.916,0.00877177291087725,0.897057001008265,0.932447258029417,0.154172639160715,0.00011198519199008,1000,1000,0,0.0768426707136567,0.000586126984893126,0
"independent_training_d2_m3_n200","PATT","known_first_stage","independent_training",200,200,2,3,936005,1,"within_declared_parametric_scope",1000,1000,0,0,1000,6,1.0000809789085,8.09789084997379e-05,0.00127986224855186,0.00163804737526822,7.34454880741804e-05,0.327609475053645,0.0146890976148361,0.307858454011038,0.000407539164708128,0.939711691673838,0.0420167533644591,1000,0.94,0.00750999334220744,0.923439509596065,0.953904964577516,0.153760496906952,0.000101149868720642,1000,1000,0,0.0768426707136567,0.000586126984893126,0
"independent_training_d2_m3_n2000","PATE","fitted_adjusted","independent_training",2000,2000,2,3,936031,1,"within_declared_parametric_scope",1000,1000,0,0,1000,6,0.999732007669871,-0.000267992330128833,0.000413644306012279,0.00017110161189638,7.80749831523012e-06,0.34220322379276,0.0156149966304602,0.352524828186768,0.000178674323525714,1.03016220677178,0.0470199808492963,1000,0.95,0.00689202437604511,0.934609512084506,0.962664602395338,0.0520408064046954,1.31857543050618e-05,1000,1000,0,0.0750205897878408,0.000169471360531124,0
"independent_training_d2_m3_n2000","PATE","fitted_naive","independent_training",2000,2000,2,3,936031,1,"first_stage_omission_diagnostic",1000,1000,0,0,1000,6,0.999732007669871,-0.000267992330128833,0.000413644306012279,0.00017110161189638,7.80749831523012e-06,0.34220322379276,0.0156149966304602,0.277504238398927,5.58930187587751e-05,0.810934027222916,0.0370138810430317,1000,0.922,0.00848033018225116,0.903606366597417,0.937858786867286,0.0461738089010829,4.6477869283312e-06,1000,1000,0,0.0750205897878408,0.000169471360531124,0
"independent_training_d2_m3_n2000","PATE","known_first_stage","independent_training",2000,2000,2,3,936031,1,"within_declared_parametric_scope",1000,1000,0,0,1000,6,1.0000595,5.94999999999461e-05,0.000363451874872974,0.00013209726534868,5.88885481610671e-06,0.26419453069736,0.0117777096322134,0.277386197958333,5.46980687722642e-05,1.04993164402818,0.0468300432738725,1000,0.957,0.00641490451994416,0.942513742038028,0.968708829543907,0.0461639971541858,4.54985947314593e-06,1000,1000,0,0.0750205897878408,0.000169471360531124,0
"independent_training_d2_m3_n2000","PATT","fitted_adjusted","independent_training",2000,2000,2,3,936031,1,"within_declared_parametric_scope",1000,1000,0,0,1000,6,0.999803666566428,-0.000196333433572221,0.00042479018734133,0.000180446703261482,8.0750167634087e-06,0.360893406522964,0.0161500335268174,0.380180571733578,0.000223673962539601,1.0534428306586,0.0471375021389697,1000,0.946,0.00714730718522718,0.930125994422933,0.959176648874369,0.0540429812820267,1.58886149034161e-05,1000,1000,0,0.0750830700827482,0.000183996460703976,0
"independent_training_d2_m3_n2000","PATT","fitted_naive","independent_training",2000,2000,2,3,936031,1,"first_stage_omission_diagnostic",1000,1000,0,0,1000,6,0.999803666566428,-0.000196333433572221,0.00042479018734133,0.000180446703261482,8.0750167634087e-06,0.360893406522964,0.0161500335268174,0.30509750165083,0.000121819920276988,0.84539505609232,0.0378138301579864,1000,0.926,0.00827792244467173,0.907988263985751,0.941450555739347,0.0484143139153739,9.65811365897435e-06,1000,1000,0,0.0750830700827482,0.000183996460703976,0
"independent_training_d2_m3_n2000","PATT","known_first_stage","independent_training",2000,2000,2,3,936031,1,"within_declared_parametric_scope",1000,1000,0,0,1000,6,1.00010900530324,0.000109005303243843,0.000380834526948981,0.000145034936916454,6.41689655501198e-06,0.290069873832908,0.012833793110024,0.304910732570116,0.00012040573563595,1.05116304751371,0.0464992408015482,1000,0.96,0.00619677335393187,0.945927303180632,0.971272374714109,0.0483995133655253,9.55214820935788e-06,1000,1000,0,0.0750830700827482,0.000183996460703976,0
"independent_training_d2_m3_n800","PATE","fitted_adjusted","independent_training",800,800,2,3,936018,1,"within_declared_parametric_scope",1000,1000,0,0,1000,6,0.999930050410683,-6.99495893166439e-05,0.000657444556970505,0.000432233345490144,1.91304195915156e-05,0.345786676392115,0.0153043356732124,0.35350670831758,0.00028787935801861,1.02232599591753,0.0452486211527542,1000,0.954,0.00662449998113065,0.939116447286257,0.966128501452322,0.0823940874572592,3.350804500645e-05,1000,1000,0,0.0755185580014023,0.000271386997082888,0
"independent_training_d2_m3_n800","PATE","fitted_naive","independent_training",800,800,2,3,936018,1,"first_stage_omission_diagnostic",1000,1000,0,0,1000,6,0.999930050410683,-6.99495893166439e-05,0.000657444556970505,0.000432233345490144,1.91304195915156e-05,0.345786676392115,0.0153043356732124,0.277988150316178,9.47336449245937e-05,0.803929617001625,0.0355957389796541,1000,0.922,0.00848033018225116,0.903606366597417,0.937858786867286,0.0730701411392733,1.24414258984129e-05,1000,1000,0,0.0755185580014023,0.000271386997082888,0
"independent_training_d2_m3_n800","PATE","known_first_stage","independent_training",800,800,2,3,936018,1,"within_declared_parametric_scope",1000,1000,0,0,1000,6,1.00006083333333,6.0833333333352e-05,0.000570189014310008,0.000325115512039818,1.46874267567424e-05,0.260092409631855,0.0117499414053939,0.277639442013889,9.00566979926255e-05,1.06746460770182,0.048270443234566,1000,0.951,0.00682634602111555,0.93573394685983,0.963532940827952,0.0730243963762027,1.1836024119137e-05,1000,1000,0,0.0755185580014023,0.000271386997082888,0
"independent_training_d2_m3_n800","PATT","fitted_adjusted","independent_training",800,800,2,3,936018,1,"within_declared_parametric_scope",1000,1000,0,0,1000,6,0.999958323486399,-4.16765136012231e-05,0.000682674630328302,0.000466044650893884,2.0483675861238e-05,0.372835720715107,0.0163869406889904,0.381819382715867,0.000359561173980418,1.0240954970289,0.0449395855996031,1000,0.95,0.00689202437604511,0.934609512084506,0.962664602395338,0.0856276613574117,4.02791645985969e-05,1000,1000,0,0.0756814921058263,0.000293836559021414,0
"independent_training_d2_m3_n800","PATT","fitted_naive","independent_training",800,800,2,3,936018,1,"first_stage_omission_diagnostic",1000,1000,0,0,1000,6,0.999958323486399,-4.16765136012231e-05,0.000682674630328302,0.000466044650893884,2.0483675861238e-05,0.372835720715107,0.0163869406889904,0.306137890610041,0.000205195993708749,0.821106652610596,0.0360386623960776,1000,0.918,0.00867617427210864,0.899237132584689,0.934254139728168,0.0766773935934306,2.5660696651869e-05,1000,1000,0,0.0756814921058263,0.000293836559021414,0
"independent_training_d2_m3_n800","PATT","known_first_stage","independent_training",800,800,2,3,936018,1,"within_declared_parametric_scope",1000,1000,0,0,1000,6,1.00013246270812,0.000132462708121773,0.000606323681856066,0.000367628407179496,1.64048778584759e-05,0.294102725743597,0.0131239022867808,0.305632927854243,0.000199532861294636,1.03920467612632,0.0463536626825689,1000,0.952,0.00675988165576884,0.936859884598491,0.964399734657117,0.0766143483397775,2.4975693338689e-05,1000,1000,0,0.0756814921058263,0.000293836559021414,0
"independent_training_d3_m3_n200","PATE","fitted_adjusted","independent_training",200,200,3,3,936006,1,"within_declared_parametric_scope",1000,1000,0,0,1000,6,0.999503682918798,-0.000496317081201632,0.00131708588360117,0.00173471522478148,7.5737859319021e-05,0.346943044956296,0.0151475718638042,0.358006258749839,0.00057354342084946,1.03188769440511,0.045095482370773,1000,0.954,0.00662449998113065,0.939116447286257,0.966128501452322,0.165794386157764,0.000132533371005859,1000,1000,0,0.0791357909971202,0.000538566043739284,0
"independent_training_d3_m3_n200","PATE","fitted_naive","independent_training",200,200,3,3,936006,1,"first_stage_omission_diagnostic",1000,1000,0,0,1000,6,0.999503682918798,-0.000496317081201632,0.00131708588360117,0.00173471522478148,7.5737859319021e-05,0.346943044956296,0.0151475718638042,0.278870467752719,0.000208541349953476,0.803793221414333,0.0351221484668972,1000,0.926,0.00827792244467173,0.907988263985751,0.941450555739347,0.146363979212562,5.45612462277103e-05,1000,1000,0,0.0791357909971202,0.000538566043739284,0
"independent_training_d3_m3_n200","PATE","known_first_stage","independent_training",200,200,3,3,936006,1,"within_declared_parametric_scope",1000,1000,0,0,1000,6,0.9994825,-0.000517499999999956,0.00116033763978396,0.00134638343829942,5.71475668915743e-05,0.269276687659883,0.0114295133783149,0.277558584027778,0.000172145829273906,1.03075608378827,0.0439339344736867,1000,0.961,0.00612200947402077,0.947069064214555,0.972122851204664,0.146022453996891,4.51927933616753e-05,1000,1000,0,0.0791357909971202,0.000538566043739284,0
"independent_training_d3_m3_n200","PATT","fitted_adjusted","independent_training",200,200,3,3,936006,1,"within_declared_parametric_scope",1000,1000,0,0,1000,6,0.999409796560918,-0.000590203439082009,0.00136655356834117,0.00186746865514598,7.95928912411874e-05,0.373493731029196,0.0159185782482375,0.388933183444879,0.000739581445402305,1.0413379158283,0.0440893511785139,1000,0.959,0.00627048642451286,0.944787540684701,0.970419831465964,0.172785122941402,0.000163536535436742,1000,1000,0,0.0795655905568563,0.000581448818837322,0
"independent_training_d3_m3_n200","PATT","fitted_naive","independent_training",200,200,3,3,936006,1,"first_stage_omission_diagnostic",1000,1000,0,0,1000,6,0.999409796560918,-0.000590203439082009,0.00136655356834117,0.00186746865514598,7.95928912411874e-05,0.373493731029196,0.0159185782482375,0.309367592888023,0.000448032088152766,0.828307324022635,0.0350169200507728,1000,0.93,0.00806845710157772,0.912383766510715,0.94502847508083,0.15413072579106,0.000110403472681395,1000,1000,0,0.0795655905568563,0.000581448818837322,0
"independent_training_d3_m3_n200","PATT","known_first_stage","independent_training",200,200,3,3,936006,1,"within_declared_parametric_scope",1000,1000,0,0,1000,6,0.999293194345765,-0.000706805654234689,0.00121587724333301,0.00147835747085509,6.24166673509017e-05,0.295671494171018,0.0124833334701803,0.307068423057468,0.00037763794058177,1.03854591704352,0.0437584960032199,1000,0.957,0.00641490451994416,0.942513742038028,0.968708829543907,0.153567606914382,9.38773975489501e-05,1000,1000,0,0.0795655905568563,0.000581448818837322,0
"independent_training_d3_m3_n2000","PATE","fitted_adjusted","independent_training",2000,2000,3,3,936032,1,"within_declared_parametric_scope",1000,1000,0,0,1000,6,1.00050352551197,0.000503525511971874,0.000426733733154045,0.000182101679011588,7.78701238789018e-06,0.364203358023176,0.0155740247757804,0.352144437271106,0.000187033702564781,0.966889594819982,0.0413577059274776,1000,0.951,0.00682634602111555,0.93573394685983,0.963532940827952,0.0520125584202871,1.38082102307831e-05,1000,1000,0,0.0756935514607155,0.000181035709140923,0
"independent_training_d3_m3_n2000","PATE","fitted_naive","independent_training",2000,2000,3,3,936032,1,"first_stage_omission_diagnostic",1000,1000,0,0,1000,6,1.00050352551197,0.000503525511971874,0.000426733733154045,0.000182101679011588,7.78701238789018e-06,0.364203358023176,0.0155740247757804,0.27645088581039,4.81103967345327e-05,0.759056389020987,0.0324634222008542,1000,0.914,0.00886588969026797,0.894879731565673,0.930637469427586,0.046086151231544,4.00852860923428e-06,1000,1000,0,0.0756935514607155,0.000181035709140923,0
"independent_training_d3_m3_n2000","PATE","known_first_stage","independent_training",2000,2000,3,3,936032,1,"within_declared_parametric_scope",1000,1000,0,0,1000,6,1.00039566666667,0.000395666666666675,0.000375834411608884,0.000141251504949396,6.15465847822825e-06,0.282503009898793,0.0123093169564565,0.276337240138889,4.75105172947215e-05,0.978174498876622,0.0426346528887121,1000,0.951,0.00682634602111555,0.93573394685983,0.963532940827952,0.0460766817219373,3.95909147547724e-06,1000,1000,0,0.0756935514607155,0.000181035709140923,0
"independent_training_d3_m3_n2000","PATT","fitted_adjusted","independent_training",2000,2000,3,3,936032,1,"within_declared_parametric_scope",1000,1000,0,0,1000,6,1.00062899571005,0.000628995710046471,0.000439723895482864,0.000193357104258624,8.11756730474313e-06,0.386714208517249,0.0162351346094863,0.378698369392407,0.000222366184286384,0.979271930153339,0.0410695724489229,1000,0.955,0.00655553201502365,0.940247167306592,0.966990374568851,0.0539375377644027,1.58320414684178e-05,1000,1000,0,0.0756456407206589,0.000193780988367977,0
"independent_training_d3_m3_n2000","PATT","fitted_naive","independent_training",2000,2000,3,3,936032,1,"first_stage_omission_diagnostic",1000,1000,0,0,1000,6,1.00062899571005,0.000628995710046471,0.000439723895482864,0.000193357104258624,8.11756730474313e-06,0.386714208517249,0.0162351346094863,0.303052728671748,0.000110513327493059,0.783660703426756,0.0328689343782007,1000,0.917,0.00872416185085994,0.898146703244624,0.933351068191121,0.0482519631783692,8.79102374076437e-06,1000,1000,0,0.0756456407206589,0.000193780988367977,0
"independent_training_d3_m3_n2000","PATT","known_first_stage","independent_training",2000,2000,3,3,936032,1,"within_declared_parametric_scope",1000,1000,0,0,1000,6,1.00050238395778,0.000502383957775371,0.000391407859660803,0.000153200112604251,6.81691290864229e-06,0.306400225208502,0.0136338258172846,0.302869920349458,0.000110947847247343,0.988478125769518,0.0439498281334678,1000,0.947,0.00708456067798138,0.931244816710037,0.960050747639981,0.0482374006370697,8.82676550768977e-06,1000,1000,0,0.0756456407206589,0.000193780988367977,0
"independent_training_d3_m3_n800","PATE","fitted_adjusted","independent_training",800,800,3,3,936019,1,"within_declared_parametric_scope",1000,1000,0,0,1000,6,0.999854283167975,-0.000145716832025161,0.00066734437930703,0.000445348520592685,2.04896138860885e-05,0.356278816474148,0.0163916911088708,0.35341601168693,0.000284842075922378,0.991964706699237,0.0456188112807694,1000,0.951,0.00682634602111555,0.93573394685983,0.963532940827952,0.0823836369935447,3.32074659995274e-05,1000,1000,0,0.0760471578675227,0.000278226040530392,0
"independent_training_d3_m3_n800","PATE","fitted_naive","independent_training",800,800,3,3,936019,1,"first_stage_omission_diagnostic",1000,1000,0,0,1000,6,0.999854283167975,-0.000145716832025161,0.00066734437930703,0.000445348520592685,2.04896138860885e-05,0.356278816474148,0.0163916911088708,0.277368853819407,8.58743607977084e-05,0.7785162658963,0.0358285905608599,1000,0.921,0.00852988862764339,0.902512905093099,0.93695879719054,0.072988889241678,1.12838399050002e-05,1000,1000,0,0.0760471578675227,0.000278226040530392,0
"independent_training_d3_m3_n800","PATE","known_first_stage","independent_training",800,800,3,3,936019,1,"within_declared_parametric_scope",1000,1000,0,0,1000,6,1.00026229166667,0.000262291666666712,0.000595019373597197,0.000354048054956001,1.56128387184253e-05,0.283238443964801,0.0124902709747402,0.276998702473958,7.86779549365504e-05,0.977970005047697,0.0431746423426534,1000,0.952,0.00675988165576884,0.936859884598491,0.964399734657117,0.0729403076980328,1.03520422209246e-05,1000,1000,0,0.0760471578675227,0.000278226040530392,0
"independent_training_d3_m3_n800","PATT","fitted_adjusted","independent_training",800,800,3,3,936019,1,"within_declared_parametric_scope",1000,1000,0,0,1000,6,0.99995673152143,-4.32684785705288e-05,0.000688642908354331,0.000474229055226712,2.10448711088792e-05,0.379383244181369,0.0168358968871033,0.381049621881535,0.000340874474816074,1.0043923334141,0.044436685212129,1000,0.957,0.00641490451994416,0.942513742038028,0.968708829543907,0.0855422183832677,3.82425424925792e-05,1000,1000,0,0.0757981910964588,0.000296080755909744,0
"independent_training_d3_m3_n800","PATT","fitted_naive","independent_training",800,800,3,3,936019,1,"first_stage_omission_diagnostic",1000,1000,0,0,1000,6,0.99995673152143,-4.32684785705288e-05,0.000688642908354331,0.000474229055226712,2.10448711088792e-05,0.379383244181369,0.0168358968871033,0.305251430785076,0.00018670112517361,0.804599136800957,0.03563550717961,1000,0.925,0.00832916562447884,0.906891553038501,0.940553871788737,0.0765670190395426,2.33698125930107e-05,1000,1000,0,0.0757981910964588,0.000296080755909744,0
"independent_training_d3_m3_n800","PATT","known_first_stage","independent_training",800,800,3,3,936019,1,"within_declared_parametric_scope",1000,1000,0,0,1000,6,1.00033940835011,0.000339408350113532,0.000613834847871907,0.000376793220461927,1.6202692977275e-05,0.301434576369542,0.01296215438182,0.304588174450374,0.000175444785939286,1.01046196530874,0.0434392711969516,1000,0.949,0.00695693898205238,0.933486538405065,0.961794763225314,0.0764841887168541,2.20001690817631e-05,1000,1000,0,0.0757981910964588,0.000296080755909744,0
"independent_training_d5_m3_n200","PATE","fitted_adjusted","independent_training",200,200,5,3,936007,1,"within_declared_parametric_scope",1000,1000,0,0,1000,6,1.00003216641464,3.21664146383903e-05,0.00134049914639308,0.00179693796148057,8.39369001925473e-05,0.359387592296115,0.0167873800385095,0.359767969506883,0.000601284309936517,1.00105840384844,0.0467697330905514,1000,0.95,0.00689202437604511,0.934609512084506,0.962664602395338,0.166197252731088,0.00013845270347212,1000,1000,0,0.0789346218372379,0.000568327997738009,0
"independent_training_d5_m3_n200","PATE","fitted_naive","independent_training",200,200,5,3,936007,1,"first_stage_omission_diagnostic",1000,1000,0,0,1000,6,1.00003216641464,3.21664146383903e-05,0.00134049914639308,0.00179693796148057,8.39369001925473e-05,0.359387592296115,0.0167873800385095,0.280833347669646,0.000205404667792156,0.781421934673401,0.036554464108952,1000,0.922,0.00848033018225116,0.903606366597417,0.937858786867286,0.146878634804858,5.35192786463672e-05,1000,1000,0,0.0789346218372379,0.000568327997738009,0
"independent_training_d5_m3_n200","PATE","known_first_stage","independent_training",200,200,5,3,936007,1,"within_declared_parametric_scope",1000,1000,0,0,1000,6,0.999885833333333,-0.000114166666666633,0.00116528059823488,0.00135787887262263,5.84841353944264e-05,0.271575774524526,0.0116968270788853,0.27945811875,0.000172142404574322,1.02902447480551,0.0445799276596497,1000,0.958,0.00634318531969546,0.943649708424255,0.96956529373686,0.146521370090667,4.50248789992966e-05,1000,1000,0,0.0789346218372379,0.000568327997738009,0
"independent_training_d5_m3_n200","PATT","fitted_adjusted","independent_training",200,200,5,3,936007,1,"within_declared_parametric_scope",1000,1000,0,0,1000,6,0.999990672779357,-9.3272206430203e-06,0.00139449946184173,0.00194462874907687,9.10081494814983e-05,0.388925749815373,0.0182016298962997,0.392782894222374,0.000749269776785937,1.00991743130619,0.0469599780258831,1000,0.953,0.00669260786241059,0.937987369306695,0.965264937733204,0.173637525736844,0.0001649943990096,1000,1000,0,0.0793208555906392,0.000596359808501863,0
"independent_training_d5_m3_n200","PATT","fitted_naive","independent_training",200,200,5,3,936007,1,"first_stage_omission_diagnostic",1000,1000,0,0,1000,6,0.999990672779357,-9.3272206430203e-06,0.00139449946184173,0.00194462874907687,9.10081494814983e-05,0.388925749815373,0.0182016298962997,0.313462038631735,0.000429108675570616,0.805968848245555,0.0374610120785718,1000,0.92,0.00857904423581089,0.901420220952098,0.936058017153327,0.155151310733513,0.000105414206446261,1000,1000,0,0.0793208555906392,0.000596359808501863,0
"independent_training_d5_m3_n200","PATT","known_first_stage","independent_training",200,200,5,3,936007,1,"within_declared_parametric_scope",1000,1000,0,0,1000,6,0.99979059784461,-0.000209402155389946,0.0012121918276058,0.00146940902691429,6.2414261541444e-05,0.293881805382859,0.0124828523082888,0.310948546065831,0.000360828587491491,1.05807348522559,0.0449376128587882,1000,0.964,0.00589101010014412,0.950507088281988,0.974661085070162,0.154537774821038,8.94698807068296e-05,1000,1000,0,0.0793208555906392,0.000596359808501863,0
"independent_training_d5_m3_n2000","PATE","fitted_adjusted","independent_training",2000,2000,5,3,936033,1,"within_declared_parametric_scope",1000,1000,0,0,1000,6,0.999637412680504,-0.000362587319496505,0.000438088475265267,0.000191921512160246,8.26666339599048e-06,0.383843024320493,0.016533326791981,0.353607233279003,0.000180805772370587,0.921228759868658,0.0396771887266315,1000,0.931,0.00801492358042171,0.913484890654288,0.945920664206744,0.0521206119919987,1.3312907073859e-05,1000,1000,0,0.0767104377204826,0.000177485114901034,0
"independent_training_d5_m3_n2000","PATE","fitted_naive","independent_training",2000,2000,5,3,936033,1,"first_stage_omission_diagnostic",1000,1000,0,0,1000,6,0.999637412680504,-0.000362587319496505,0.000438088475265267,0.000191921512160246,8.26666339599048e-06,0.383843024320493,0.016533326791981,0.27689679555852,4.23811759078183e-05,0.721380298752865,0.0310781241845021,1000,0.9,0.00948683298050514,0.879712063481307,0.91789466564442,0.0461233436911365,3.52911382151003e-06,1000,1000,0,0.0767104377204826,0.000177485114901034,0
"independent_training_d5_m3_n2000","PATE","known_first_stage","independent_training",2000,2000,5,3,936033,1,"within_declared_parametric_scope",1000,1000,0,0,1000,6,0.99990675,-9.32499999998788e-05,0.000384049892058866,0.000147494319590427,6.45422945070267e-06,0.294988639180854,0.0129084589014053,0.276776206979167,4.08107623123981e-05,0.93826056402626,0.0410736092749322,1000,0.938,0.00762600813007697,0.921220050338967,0.952138151886639,0.0461133089217116,3.39928856182932e-06,1000,1000,0,0.0767104377204826,0.000177485114901034,0
"independent_training_d5_m3_n2000","PATT","fitted_adjusted","independent_training",2000,2000,5,3,936033,1,"within_declared_parametric_scope",1000,1000,0,0,1000,6,0.999617843243618,-0.000382156756381601,0.000450823589882978,0.000203241909194976,8.93251551878374e-06,0.406483818389952,0.0178650310375675,0.380642119661824,0.000213829465536853,0.936426254726487,0.0411077301402334,1000,0.933,0.00790638982089803,0.915689962897559,0.947702163599955,0.0540759835900072,1.51751528422357e-05,1000,1000,0,0.0766153684063433,0.000188980672916766,0
"independent_training_d5_m3_n2000","PATT","fitted_naive","independent_training",2000,2000,5,3,936033,1,"first_stage_omission_diagnostic",1000,1000,0,0,1000,6,0.999617843243618,-0.000382156756381601,0.000450823589882978,0.000203241909194976,8.93251551878374e-06,0.406483818389952,0.0178650310375675,0.304026751255481,9.94579413794428e-05,0.747943060709539,0.0328452358710118,1000,0.904,0.00931579304192617,0.884033356637123,0.921547963752578,0.0483295989382345,7.9006052713864e-06,1000,1000,0,0.0766153684063433,0.000188980672916766,0
"independent_training_d5_m3_n2000","PATT","known_first_stage","independent_training",2000,2000,5,3,936033,1,"within_declared_parametric_scope",1000,1000,0,0,1000,6,0.999844046783426,-0.000155953216573788,0.000397868852716917,0.000158299623962276,7.07200613803556e-06,0.316599247924551,0.0141440122760711,0.303820759081153,9.72224916748126e-05,0.959638284275257,0.0428484400612822,1000,0.94,0.00750999334220744,0.923439509596065,0.953904964577516,0.0483132511113345,7.72635193456336e-06,1000,1000,0,0.0766153684063433,0.000188980672916766,0
"independent_training_d5_m3_n800","PATE","fitted_adjusted","independent_training",800,800,5,3,936020,1,"within_declared_parametric_scope",1000,1000,0,0,1000,6,0.999833891661119,-0.000166108338881175,0.000661247883685303,0.000437248763678291,1.91052114688493e-05,0.349799010942633,0.0152841691750795,0.356094032780858,0.000297195854357644,1.01799611102748,0.0444749988791531,1000,0.952,0.00675988165576884,0.936859884598491,0.964399734657117,0.0826947115667549,3.44772923493505e-05,1000,1000,0,0.0781533784184859,0.00028761643092773,0
"independent_training_d5_m3_n800","PATE","fitted_naive","independent_training",800,800,5,3,936020,1,"first_stage_omission_diagnostic",1000,1000,0,0,1000,6,0.999833891661119,-0.000166108338881175,0.000661247883685303,0.000437248763678291,1.91052114688493e-05,0.349799010942633,0.0152841691750795,0.277940654362372,7.63666961992463e-05,0.794572442081473,0.0347482933098263,1000,0.916,0.00877177291087725,0.897057001008265,0.932447258029417,0.073064268813303,1.00307049396186e-05,1000,1000,0,0.0781533784184859,0.00028761643092773,0
"independent_training_d5_m3_n800","PATE","known_first_stage","independent_training",800,800,5,3,936020,1,"within_declared_parametric_scope",1000,1000,0,0,1000,6,0.999248541666667,-0.000751458333333278,0.000582966949884266,0.000339850464657365,1.49247300723512e-05,0.271880371725892,0.0119397840578809,0.277616643446181,7.03050900982325e-05,1.02109851359947,0.0448993496703344,1000,0.95,0.00689202437604511,0.934609512084506,0.962664602395338,0.0730217720717309,9.24162328329751e-06,1000,1000,0,0.0781533784184859,0.00028761643092773,0
"independent_training_d5_m3_n800","PATT","fitted_adjusted","independent_training",800,800,5,3,936020,1,"within_declared_parametric_scope",1000,1000,0,0,1000,6,1.00001001018886,1.00101888567746e-05,0.000692637655320228,0.000479746921567502,2.11116232566159e-05,0.383797537254002,0.0168892986052927,0.384494782616078,0.000357517140970862,1.00181670098006,0.0439831359055867,1000,0.949,0.00695693898205238,0.933486538405065,0.961794763225314,0.0859273795517244,3.98924270584887e-05,1000,1000,0,0.0781368622792585,0.000306495342115621,0
"independent_training_d5_m3_n800","PATT","fitted_naive","independent_training",800,800,5,3,936020,1,"first_stage_omission_diagnostic",1000,1000,0,0,1000,6,1.00001001018886,1.00101888567746e-05,0.000692637655320228,0.000479746921567502,2.11116232566159e-05,0.383797537254002,0.0168892986052927,0.306357920336819,0.00017861490096453,0.798227947288957,0.0350727040481073,1000,0.915,0.00881901355027874,0.895968014221623,0.93154272122901,0.0767059859023801,2.23361250731921e-05,1000,1000,0,0.0781368622792585,0.000306495342115621,0
"independent_training_d5_m3_n800","PATT","known_first_stage","independent_training",800,800,5,3,936020,1,"within_declared_parametric_scope",1000,1000,0,0,1000,6,0.99945406187819,-0.000545938121810304,0.000616164250567439,0.000379658383677333,1.66064987687492e-05,0.303726706941867,0.0132851990149993,0.30578398795212,0.000166671336813461,1.00677346102016,0.0440207461975511,1000,0.948,0.00702111102319284,0.932364985949493,0.96092346505602,0.0766345085932706,2.08690419831392e-05,1000,1000,0,0.0781368622792585,0.000306495342115621,0
"same_sample_d2_m3_n200","PATE","fitted_adjusted","same_sample",200,200,2,3,936001,1,"within_declared_parametric_scope",1000,1000,0,0,1000,6,1.00034119951269,0.000341199512692545,0.00102297919540454,0.00104648643423053,4.86823307182876e-05,0.209297286846106,0.00973646614365751,0.200292156828709,0.000577814414321265,0.95697445412172,0.0446687535199724,1000,0.937,0.00768316341099159,0.920111958126645,0.951253072443419,0.123918878177133,0.000180070842000879,1000,1000,0,-0.07707163526856,0.000557951334678508,0
"same_sample_d2_m3_n200","PATE","fitted_naive","same_sample",200,200,2,3,936001,1,"first_stage_omission_diagnostic",1000,1000,0,0,1000,6,1.00034119951269,0.000341199512692545,0.00102297919540454,0.00104648643423053,4.86823307182876e-05,0.209297286846106,0.00973646614365751,0.277363792097269,0.000224540397918629,1.32521446539922,0.0619039606070983,1000,0.969,0.00548078461536303,0.956284914993761,0.978841828029791,0.145966293181372,5.89613873595075e-05,1000,1000,0,-0.07707163526856,0.000557951334678508,0
"same_sample_d2_m3_n200","PATE","known_first_stage","same_sample",200,200,2,3,936001,1,"within_declared_parametric_scope",1000,1000,0,0,1000,6,1.00009833333333,9.83333333333694e-05,0.0011287772498356,0.00127413807974641,5.94084063104874e-05,0.254827615949283,0.0118816812620975,0.278111918055556,0.000202196170522139,1.09137275808799,0.0511535631600114,1000,0.959,0.00627048642451286,0.944787540684701,0.970419831465964,0.146165338077178,5.29751474189512e-05,1000,1000,0,-0.07707163526856,0.000557951334678508,0
"same_sample_d2_m3_n200","PATT","fitted_adjusted","same_sample",200,200,2,3,936001,1,"within_declared_parametric_scope",1000,1000,0,0,1000,6,1.00004683205173,4.68320517333611e-05,0.00111151078996413,0.00123545623620668,5.59046899204929e-05,0.247091247241336,0.0111809379840986,0.229752117423503,0.00070812909939365,0.929827017300627,0.0418746546533895,1000,0.942,0.00739161687318817,0.925663504617648,0.955667139747179,0.132700708933469,0.000205499488047081,1000,1000,0,-0.077064026818355,0.000595055279969802,0
"same_sample_d2_m3_n200","PATT","fitted_naive","same_sample",200,200,2,3,936001,1,"first_stage_omission_diagnostic",1000,1000,0,0,1000,6,1.00004683205173,4.68320517333611e-05,0.00111151078996413,0.00123545623620668,5.59046899204929e-05,0.247091247241336,0.0111809379840986,0.306816144241858,0.000437094813544545,1.24171190872734,0.0561290760057561,1000,0.968,0.00556560868189635,0.955124097164991,0.978011150394358,0.153494707669509,0.00010871158284745,1000,1000,0,-0.077064026818355,0.000595055279969802,0
"same_sample_d2_m3_n200","PATT","known_first_stage","same_sample",200,200,2,3,936001,1,"within_declared_parametric_scope",1000,1000,0,0,1000,6,0.999928215189318,-7.17848106824876e-05,0.00121543938642757,0.00147729290207943,6.73875176690954e-05,0.295458580415887,0.0134775035338191,0.307592602168635,0.000407081174416315,1.04106843583851,0.0474783195181931,1000,0.951,0.00682634602111555,0.93573394685983,0.963532940827952,0.153694085804264,0.000101116313815029,1000,1000,0,-0.077064026818355,0.000595055279969802,0
"same_sample_d2_m3_n2000","PATE","fitted_adjusted","same_sample",2000,2000,2,3,936027,1,"within_declared_parametric_scope",1000,1000,0,0,1000,6,0.999764394647722,-0.000235605352277893,0.000312615524624175,9.77284662360479e-05,4.53812632940124e-06,0.195456932472096,0.00907625265880249,0.202448023963493,0.000176027883132466,1.03576793825103,0.0481168910026093,1000,0.955,0.00655553201502365,0.940247167306592,0.966990374568851,0.0394347237813106,1.71566143064713e-05,1000,1000,0,-0.0749168683008622,0.000169903549913013,0
"same_sample_d2_m3_n2000","PATE","fitted_naive","same_sample",2000,2000,2,3,936027,1,"first_stage_omission_diagnostic",1000,1000,0,0,1000,6,0.999764394647722,-0.000235605352277893,0.000312615524624175,9.77284662360479e-05,4.53812632940124e-06,0.195456932472096,0.00907625265880249,0.277364892264355,5.5807844056922e-05,1.41905886251414,0.0659337274924075,1000,0.977,0.00474035863622153,0.965687662387146,0.985365417674823,0.046162214870794,4.64366944030085e-06,1000,1000,0,-0.0749168683008622,0.000169903549913013,0
"same_sample_d2_m3_n2000","PATE","known_first_stage","same_sample",2000,2000,2,3,936027,1,"within_declared_parametric_scope",1000,1000,0,0,1000,6,0.99967375,-0.00032625000000001,0.000367458250240535,0.000135025565669835,5.95584385856456e-06,0.270051131339671,0.0119116877171291,0.277443537743056,5.53100838168553e-05,1.02737409899641,0.045343773035975,1000,0.951,0.00682634602111555,0.93573394685983,0.963532940827952,0.0461687632728149,4.60104810977926e-06,1000,1000,0,-0.0749168683008622,0.000169903549913013,0
"same_sample_d2_m3_n2000","PATT","fitted_adjusted","same_sample",2000,2000,2,3,936027,1,"within_declared_parametric_scope",1000,1000,0,0,1000,6,0.999730367186065,-0.000269632813934643,0.000330725903700343,0.000109379623378409,5.26522457729254e-06,0.218759246756817,0.0105304491545851,0.229973196793267,0.000217752830823127,1.05126160472163,0.0505950388469661,1000,0.951,0.00682634602111555,0.93573394685983,0.963532940827952,0.0420293851781622,1.9907499683818e-05,1000,1000,0,-0.074942825977101,0.000184532167884663,0
"same_sample_d2_m3_n2000","PATT","fitted_naive","same_sample",2000,2000,2,3,936027,1,"first_stage_omission_diagnostic",1000,1000,0,0,1000,6,0.999730367186065,-0.000269632813934643,0.000330725903700343,0.000109379623378409,5.26522457729254e-06,0.218759246756817,0.0105304491545851,0.304916022770368,0.000123017680338433,1.39384289940131,0.0671237187171189,1000,0.98,0.00442718872423573,0.969279967317391,0.987741732027594,0.0483998915159861,9.76150665526573e-06,1000,1000,0,-0.074942825977101,0.000184532167884663,0
"same_sample_d2_m3_n2000","PATT","known_first_stage","same_sample",2000,2000,2,3,936027,1,"within_declared_parametric_scope",1000,1000,0,0,1000,6,0.999623553246533,-0.000376446753467193,0.000382006615152663,0.000145929054020395,6.67568057824467e-06,0.291858108040789,0.0133513611564893,0.305057361089184,0.000122704626570408,1.04522489759493,0.0478148232748472,1000,0.961,0.00612200947402077,0.947069064214555,0.972122851204664,0.0484111143611625,9.73047481036717e-06,1000,1000,0,-0.074942825977101,0.000184532167884663,0
"same_sample_d2_m3_n800","PATE","fitted_adjusted","same_sample",800,800,2,3,936014,1,"within_declared_parametric_scope",1000,1000,0,0,1000,6,1.00115560024008,0.00115560024007665,0.000501920862916726,0.000251924552631071,1.11688396532909e-05,0.201539642104856,0.00893507172263269,0.202228192680747,0.000271015528884597,1.00341645231032,0.0445436684851775,1000,0.949,0.00695693898205238,0.933486538405065,0.961794763225314,0.0623098068324292,4.17862588563235e-05,1000,1000,0,-0.0752118223686699,0.000256236166597288,0
"same_sample_d2_m3_n800","PATE","fitted_naive","same_sample",800,800,2,3,936014,1,"first_stage_omission_diagnostic",1000,1000,0,0,1000,6,1.00115560024008,0.00115560024007665,0.000501920862916726,0.000251924552631071,1.11688396532909e-05,0.201539642104856,0.00893507172263269,0.277440015049417,9.04915267505425e-05,1.37660269787058,0.0610851889324091,1000,0.972,0.0052168956286282,0.959785112626157,0.981315313804462,0.0729981544452436,1.18976580934816e-05,1000,1000,0,-0.0752118223686699,0.000256236166597288,0
"same_sample_d2_m3_n800","PATE","known_first_stage","same_sample",800,800,2,3,936014,1,"within_declared_parametric_scope",1000,1000,0,0,1000,6,1.00127541666667,0.00127541666666656,0.000589592692441551,0.000347619542980477,1.53118222007946e-05,0.278095634384382,0.0122494577606357,0.277570719444444,8.90306145200026e-05,0.998112466090669,0.0440252614898179,1000,0.944,0.00727076337120113,0.927892253716747,0.957424450313383,0.0730153797671793,1.17003091066963e-05,1000,1000,0,-0.0752118223686699,0.000256236166597288,0
"same_sample_d2_m3_n800","PATT","fitted_adjusted","same_sample",800,800,2,3,936014,1,"within_declared_parametric_scope",1000,1000,0,0,1000,6,1.00104229337909,0.00104229337908786,0.000539901604402699,0.000291493742436608,1.26314270996025e-05,0.233194993949287,0.010105141679682,0.230090138942353,0.000338568925206653,0.986685584650205,0.0427279015964574,1000,0.945,0.00720936890441875,0.929008484457942,0.958301204920464,0.0664606863681053,4.88725380915593e-05,1000,1000,0,-0.0754837335413624,0.000274624646278818,0
"same_sample_d2_m3_n800","PATT","fitted_naive","same_sample",800,800,2,3,936014,1,"first_stage_omission_diagnostic",1000,1000,0,0,1000,6,1.00104229337909,0.00104229337908786,0.000539901604402699,0.000291493742436608,1.26314270996025e-05,0.233194993949287,0.010105141679682,0.305573872483715,0.000194990845541246,1.31037921230063,0.0567730092378447,1000,0.974,0.00503229569878401,0.962134877521079,0.98294721365437,0.0766071285926645,2.4406630281508e-05,1000,1000,0,-0.0754837335413624,0.000274624646278818,0
"same_sample_d2_m3_n800","PATT","known_first_stage","same_sample",800,800,2,3,936014,1,"within_declared_parametric_scope",1000,1000,0,0,1000,6,1.00101162773961,0.00101162773961072,0.000621030298521015,0.000385678631681101,1.67699748462566e-05,0.308542905344881,0.0134159798770053,0.305703374364815,0.000195612592498573,0.990796965573095,0.0430852063107946,1000,0.943,0.00733150734842434,0.926777270539338,0.956546418063041,0.0766233392908429,2.44764144354727e-05,1000,1000,0,-0.0754837335413624,0.000274624646278818,0
"same_sample_d3_m3_n200","PATE","fitted_adjusted","same_sample",200,200,3,3,936002,1,"within_declared_parametric_scope",1000,1000,0,0,1000,6,1.00031782395466,0.000317823954659617,0.00102638987070445,0.0010534761666847,4.74496766844147e-05,0.21069523333694,0.00948993533688294,0.198971987168248,0.000574637577569442,0.94435922453953,0.0426466946688372,1000,0.946,0.00714730718522718,0.930125994422933,0.959176648874369,0.123508929316569,0.000180085294675487,1000,1000,0,-0.0777339986746406,0.000554001299473441,0
"same_sample_d3_m3_n200","PATE","fitted_naive","same_sample",200,200,3,3,936002,1,"first_stage_omission_diagnostic",1000,1000,0,0,1000,6,1.00031782395466,0.000317823954659617,0.00102638987070445,0.0010534761666847,4.74496766844147e-05,0.21069523333694,0.00948993533688294,0.276705985842889,0.000200086017566632,1.31329969577615,0.059379008331852,1000,0.975,0.00493710441453288,0.963315176948077,0.983757464303118,0.145795525689727,5.2539988649531e-05,1000,1000,0,-0.0777339986746406,0.000554001299473441,0
"same_sample_d3_m3_n200","PATE","known_first_stage","same_sample",200,200,3,3,936002,1,"within_declared_parametric_scope",1000,1000,0,0,1000,6,0.998949166666667,-0.00105083333333333,0.0012125409635254,0.00147025558822712,5.97437467757407e-05,0.294051117645423,0.0119487493551481,0.27745969375,0.000182264874507227,0.943576395735962,0.03854916828654,1000,0.951,0.00682634602111555,0.93573394685983,0.963532940827952,0.145995624618886,4.77454776132301e-05,1000,1000,0,-0.0777339986746406,0.000554001299473441,0
"same_sample_d3_m3_n200","PATT","fitted_adjusted","same_sample",200,200,3,3,936002,1,"within_declared_parametric_scope",1000,1000,0,0,1000,6,1.00107752856285,0.00107752856285065,0.00110812987777619,0.00122795182602026,5.42224564640612e-05,0.245590365204053,0.0108444912928122,0.228291243977916,0.00068555641994807,0.929561075363182,0.0408472417354158,1000,0.947,0.00708456067798138,0.931244816710037,0.960050747639981,0.132286210835002,0.000199565795536714,1000,1000,0,-0.0778198359363105,0.000593496524463798,0
"same_sample_d3_m3_n200","PATT","fitted_naive","same_sample",200,200,3,3,936002,1,"first_stage_omission_diagnostic",1000,1000,0,0,1000,6,1.00107752856285,0.00107752856285065,0.00110812987777619,0.00122795182602026,5.42224564640612e-05,0.245590365204053,0.0108444912928122,0.306111079914226,0.000407892352503723,1.24642951550599,0.0549164914341637,1000,0.971,0.00530650544143696,0.958615280883598,0.980494062675615,0.153323315310568,0.000101160152861488,1000,1000,0,-0.0778198359363105,0.000593496524463798,0
"same_sample_d3_m3_n200","PATT","known_first_stage","same_sample",200,200,3,3,936002,1,"within_declared_parametric_scope",1000,1000,0,0,1000,6,0.999831121473705,-0.000168878526295365,0.00127656467872501,0.00162961737896828,6.7839236314636e-05,0.325923475793656,0.0135678472629272,0.307004616398032,0.00038801869011873,0.941953063216586,0.0391413229478884,1000,0.955,0.00655553201502365,0.940247167306592,0.966990374568851,0.153550139667437,9.63105235588448e-05,1000,1000,0,-0.0778198359363105,0.000593496524463798,0
"same_sample_d3_m3_n2000","PATE","fitted_adjusted","same_sample",2000,2000,3,3,936028,1,"within_declared_parametric_scope",1000,1000,0,0,1000,6,0.999591941875342,-0.000408058124658194,0.000309806627175072,9.59801462415941e-05,4.26592412413077e-06,0.191960292483188,0.00853184824826153,0.200217140704269,0.000172532822882033,1.04301331340076,0.0463686900071791,1000,0.953,0.00669260786241059,0.937987369306695,0.965264937733204,0.0392169081223034,1.69176227028785e-05,1000,1000,0,-0.0760376307984497,0.0001662889304818,0
"same_sample_d3_m3_n2000","PATE","fitted_naive","same_sample",2000,2000,3,3,936028,1,"first_stage_omission_diagnostic",1000,1000,0,0,1000,6,0.999591941875342,-0.000408058124658194,0.000309806627175072,9.59801462415941e-05,4.26592412413077e-06,0.191960292483188,0.00853184824826153,0.276254771502718,5.00503845918935e-05,1.4391245602364,0.0639886731209965,1000,0.979,0.00453420334788814,0.968077664819584,0.986954807709612,0.0460697869935379,4.17148261746377e-06,1000,1000,0,-0.0760376307984497,0.0001662889304818,0
"same_sample_d3_m3_n2000","PATE","known_first_stage","same_sample",2000,2000,3,3,936028,1,"within_declared_parametric_scope",1000,1000,0,0,1000,6,0.999557666666667,-0.000442333333333342,0.0003674439422788,0.000135015050717386,5.88885692138676e-06,0.270030101434772,0.0117777138427735,0.27634986875,4.93964521847991e-05,1.02340393638209,0.0446546822327261,1000,0.948,0.00702111102319284,0.932364985949493,0.96092346505602,0.0460777207973087,4.11641650642755e-06,1000,1000,0,-0.0760376307984497,0.0001662889304818,0
"same_sample_d3_m3_n2000","PATT","fitted_adjusted","same_sample",2000,2000,3,3,936028,1,"within_declared_parametric_scope",1000,1000,0,0,1000,6,0.999561966757278,-0.00043803324272153,0.000323035035956719,0.000104351634455559,4.63438886055572e-06,0.208703268911118,0.00926877772111144,0.226657082542732,0.000208423479328864,1.08602555065518,0.0482367032115288,1000,0.959,0.00627048642451286,0.944787540684701,0.970419831465964,0.041725522552199,1.92050668748211e-05,1000,1000,0,-0.0761472131218757,0.000178258852820631,0
"same_sample_d3_m3_n2000","PATT","fitted_naive","same_sample",2000,2000,3,3,936028,1,"first_stage_omission_diagnostic",1000,1000,0,0,1000,6,0.999561966757278,-0.00043803324272153,0.000323035035956719,0.000104351634455559,4.63438886055572e-06,0.208703268911118,0.00926877772111144,0.302804295664607,0.000109823949391768,1.45088429733013,0.0644386896905967,1000,0.98,0.00442718872423573,0.969279967317391,0.987741732027594,0.0482321896876362,8.74181932079691e-06,1000,1000,0,-0.0761472131218757,0.000178258852820631,0
"same_sample_d3_m3_n2000","PATT","known_first_stage","same_sample",2000,2000,3,3,936028,1,"within_declared_parametric_scope",1000,1000,0,0,1000,6,0.999535651571811,-0.000464348428188976,0.000377805858022588,0.000142737266356184,6.19500164256258e-06,0.285474532712369,0.0123900032851252,0.302927462833759,0.0001104490415138,1.06113655728084,0.046047840438133,1000,0.955,0.00655553201502365,0.940247167306592,0.966990374568851,0.0482419896256747,8.78990814751954e-06,1000,1000,0,-0.0761472131218757,0.000178258852820631,0
"same_sample_d3_m3_n800","PATE","fitted_adjusted","same_sample",800,800,3,3,936015,1,"within_declared_parametric_scope",1000,1000,0,0,1000,6,0.999924192164494,-7.5807835506295e-05,0.000500208448090741,0.000250208491541348,1.08523342906961e-05,0.200166793233078,0.00868186743255687,0.20048322346092,0.000265372572053618,1.00158083277816,0.043520084217074,1000,0.952,0.00675988165576884,0.936859884598491,0.964399734657117,0.0620407241249681,4.1115402851665e-05,1000,1000,0,-0.0762546386006551,0.000255060672249507,0
"same_sample_d3_m3_n800","PATE","fitted_naive","same_sample",800,800,3,3,936015,1,"first_stage_omission_diagnostic",1000,1000,0,0,1000,6,0.999924192164494,-7.5807835506295e-05,0.000500208448090741,0.000250208491541348,1.08523342906961e-05,0.200166793233078,0.00868186743255687,0.276737862061575,8.27613681599929e-05,1.38253632179307,0.060028612913655,1000,0.983,0.00408790900094413,0.972920503135149,0.990066487407283,0.0729058778469202,1.08903697116957e-05,1000,1000,0,-0.0762546386006551,0.000255060672249507,0
"same_sample_d3_m3_n800","PATE","known_first_stage","same_sample",800,800,3,3,936015,1,"within_declared_parametric_scope",1000,1000,0,0,1000,6,1.00015354166667,0.000153541666666514,0.000594603834494895,0.000353553719996033,1.58248235530171e-05,0.282842975996826,0.0126598588424136,0.276921758897569,8.16177248252852e-05,0.979065355685823,0.0438919720781547,1000,0.946,0.00714730718522718,0.930125994422933,0.959176648874369,0.0729301206095853,1.07373161132018e-05,1000,1000,0,-0.0762546386006551,0.000255060672249507,0
"same_sample_d3_m3_n800","PATT","fitted_adjusted","same_sample",800,800,3,3,936015,1,"within_declared_parametric_scope",1000,1000,0,0,1000,6,0.999627036827216,-0.000372963172783872,0.000515842396790377,0.000266093378326441,1.18007256194241e-05,0.212874702661153,0.00944058049553925,0.227859678723838,0.000326069102388738,1.07039340924665,0.0474604836306348,1000,0.955,0.00655553201502365,0.940247167306592,0.966990374568851,0.0661387214291752,4.73247389424826e-05,1000,1000,0,-0.0761116285020804,0.000280250793359437,0
"same_sample_d3_m3_n800","PATT","fitted_naive","same_sample",800,800,3,3,936015,1,"first_stage_omission_diagnostic",1000,1000,0,0,1000,6,0.999627036827216,-0.000372963172783872,0.000515842396790377,0.000266093378326441,1.18007256194241e-05,0.212874702661153,0.00944058049553925,0.303971307225918,0.000181494336480771,1.42793532263798,0.0633102827138005,1000,0.984,0.00396787096564392,0.974146750918627,0.990827680730778,0.0764064713666135,2.2758474370361e-05,1000,1000,0,-0.0761116285020804,0.000280250793359437,0
"same_sample_d3_m3_n800","PATT","known_first_stage","same_sample",800,800,3,3,936015,1,"within_declared_parametric_scope",1000,1000,0,0,1000,6,0.999935971498777,-6.40285012233039e-05,0.000613097736451895,0.000375888834442438,1.70076609203244e-05,0.30071106755395,0.0136061287362595,0.304215788675114,0.00017863032708926,1.01165477928588,0.0457723252475737,1000,0.945,0.00720936890441875,0.929008484457942,0.958301204920464,0.076437300774403,2.23981249582928e-05,1000,1000,0,-0.0761116285020804,0.000280250793359437,0
"same_sample_d5_m3_n200","PATE","fitted_adjusted","same_sample",200,200,5,3,936003,1,"within_declared_parametric_scope",1000,1000,0,0,1000,6,0.998203691560003,-0.00179630843999684,0.00098025490881965,0.000960899686265021,4.51772589679403e-05,0.192179937253004,0.00903545179358806,0.199301918261422,0.000577433973568812,1.0370589204587,0.0489018354525821,1000,0.952,0.00675988165576884,0.936859884598491,0.964399734657117,0.123611167482704,0.000180316458816765,1000,1000,0,-0.079224999940528,0.000564138637568151,0
"same_sample_d5_m3_n200","PATE","fitted_naive","same_sample",200,200,5,3,936003,1,"first_stage_omission_diagnostic",1000,1000,0,0,1000,6,0.998203691560003,-0.00179630843999684,0.00098025490881965,0.000960899686265021,4.51772589679403e-05,0.192179937253004,0.00903545179358806,0.27852691820195,0.000199751329965348,1.44930278458396,0.0684490091817775,1000,0.977,0.00474035863622153,0.965687662387146,0.985365417674823,0.146274564143754,5.24248745807355e-05,1000,1000,0,-0.079224999940528,0.000564138637568151,0
"same_sample_d5_m3_n200","PATE","known_first_stage","same_sample",200,200,5,3,936003,1,"within_declared_parametric_scope",1000,1000,0,0,1000,6,0.997973333333333,-0.00202666666666672,0.00114835823096568,0.00131872662662663,5.84248865089278e-05,0.263745325325325,0.0116849773017856,0.2793956375,0.0001714011102442,1.05933872820445,0.0471965774225313,1000,0.956,0.00648567652600714,0.941379580793669,0.967850502989129,0.146505036969963,4.48651096573885e-05,1000,1000,0,-0.079224999940528,0.000564138637568151,0
"same_sample_d5_m3_n200","PATT","fitted_adjusted","same_sample",200,200,5,3,936003,1,"within_declared_parametric_scope",1000,1000,0,0,1000,6,0.998322405709389,-0.00167759429061069,0.00105284952203562,0.00110849211605064,5.20282347922488e-05,0.221698423210128,0.0104056469584498,0.229918692912108,0.000679101428882242,1.03707861148922,0.0485351738720792,1000,0.95,0.00689202437604511,0.934609512084506,0.962664602395338,0.132762206377731,0.000196720805676271,1000,1000,0,-0.0796121850214998,0.000599660601938282,0
"same_sample_d5_m3_n200","PATT","fitted_naive","same_sample",200,200,5,3,936003,1,"first_stage_omission_diagnostic",1000,1000,0,0,1000,6,0.998322405709389,-0.00167759429061069,0.00105284952203562,0.00110849211605064,5.20282347922488e-05,0.221698423210128,0.0104056469584498,0.309530877933608,0.000388793378954352,1.39617988008977,0.0654574802017469,1000,0.977,0.00474035863622153,0.965687662387146,0.985365417674823,0.154180776496993,9.64359112276496e-05,1000,1000,0,-0.0796121850214998,0.000599660601938282,0
"same_sample_d5_m3_n200","PATT","known_first_stage","same_sample",200,200,5,3,936003,1,"within_declared_parametric_scope",1000,1000,0,0,1000,6,0.998017558335323,-0.00198244166467738,0.00120931684477014,0.00146244723104481,6.39454359428404e-05,0.292489446208962,0.0127890871885681,0.310847711796657,0.000363945016686788,1.06276556582004,0.0464701264158798,1000,0.956,0.00648567652600714,0.941379580793669,0.967850502989129,0.154512331105373,9.01185064549341e-05,1000,1000,0,-0.0796121850214998,0.000599660601938282,0
"same_sample_d5_m3_n2000","PATE","fitted_adjusted","same_sample",2000,2000,5,3,936029,1,"within_declared_parametric_scope",1000,1000,0,0,1000,6,1.00001307366556,1.30736655643048e-05,0.000303883424702525,9.23451358089351e-05,4.18478930467242e-06,0.18469027161787,0.00836957860934483,0.199301499232284,0.00016622686004325,1.07911205872633,0.0489232421292291,1000,0.957,0.00641490451994416,0.942513742038028,0.968708829543907,0.0391273630960595,1.63318181550733e-05,1000,1000,0,-0.0774057619437856,0.000162401056341255,0
"same_sample_d5_m3_n2000","PATE","fitted_naive","same_sample",2000,2000,5,3,936029,1,"first_stage_omission_diagnostic",1000,1000,0,0,1000,6,1.00001307366556,1.30736655643048e-05,0.000303883424702525,9.23451358089351e-05,4.18478930467242e-06,0.18469027161787,0.00836957860934483,0.27670726117607,4.18049833475064e-05,1.49822326185423,0.0679140244475057,1000,0.983,0.00408790900094413,0.972920503135149,0.990066487407283,0.0461075588618732,3.48228589584337e-06,1000,1000,0,-0.0774057619437856,0.000162401056341255,0
"same_sample_d5_m3_n2000","PATE","known_first_stage","same_sample",2000,2000,5,3,936029,1,"within_declared_parametric_scope",1000,1000,0,0,1000,6,0.9999925,-7.50000000009849e-06,0.000366141712323935,0.000134059753503503,5.85127372340807e-06,0.268119507007006,0.0117025474468161,0.276781233972222,4.10916212922224e-05,1.03230547102636,0.0450778032427003,1000,0.953,0.00669260786241059,0.937987369306695,0.965264937733204,0.0461137259863181,3.42237663482324e-06,1000,1000,0,-0.0774057619437856,0.000162401056341255,0
"same_sample_d5_m3_n2000","PATT","fitted_adjusted","same_sample",2000,2000,5,3,936029,1,"within_declared_parametric_scope",1000,1000,0,0,1000,6,1.00008544359873,8.54435987261517e-05,0.000323188133143496,0.000104450569404778,4.67787754195104e-06,0.208901138809556,0.00935575508390208,0.2263623094671,0.000189666079521004,1.08358580885221,0.0485128165111765,1000,0.952,0.00675988165576884,0.936859884598491,0.964399734657117,0.0416991345043406,1.74776373370101e-05,1000,1000,0,-0.077381534566004,0.000172910870128277,0
"same_sample_d5_m3_n2000","PATT","fitted_naive","same_sample",2000,2000,5,3,936029,1,"first_stage_omission_diagnostic",1000,1000,0,0,1000,6,1.00008544359873,8.54435987261517e-05,0.000323188133143496,0.000104450569404778,4.67787754195104e-06,0.208901138809556,0.00935575508390208,0.303743844033104,9.58704905240536e-05,1.45400760265846,0.0651028010154361,1000,0.985,0.00384382621875652,0.975380299902959,0.991580950249966,0.048307151955508,7.62009175018467e-06,1000,1000,0,-0.077381534566004,0.000172910870128277,0
"same_sample_d5_m3_n2000","PATT","known_first_stage","same_sample",2000,2000,5,3,936029,1,"within_declared_parametric_scope",1000,1000,0,0,1000,6,1.00007688326594,7.68832659401433e-05,0.000383398024274144,0.000146994045017317,6.1896599847215e-06,0.293988090034634,0.012379319969443,0.303845546610412,9.57206533248074e-05,1.03353012217133,0.0435015181710145,1000,0.958,0.00634318531969546,0.943649708424255,0.96956529373686,0.0483152410109526,7.60619603875137e-06,1000,1000,0,-0.077381534566004,0.000172910870128277,0
"same_sample_d5_m3_n800","PATE","fitted_adjusted","same_sample",800,800,5,3,936016,1,"within_declared_parametric_scope",1000,1000,0,0,1000,6,1.00035908830921,0.000359088309211037,0.00051665703457448,0.000266934491375295,1.18564966685053e-05,0.213547593100236,0.00948519733480421,0.199755286105389,0.000279823446645721,0.935413428010995,0.0415478601300439,1000,0.938,0.00762600813007697,0.921220050338967,0.952138151886639,0.061926335318709,4.34673711684458e-05,1000,1000,0,-0.0775743314898822,0.00027421948083913,0
"same_sample_d5_m3_n800","PATE","fitted_naive","same_sample",800,800,5,3,936016,1,"first_stage_omission_diagnostic",1000,1000,0,0,1000,6,1.00035908830921,0.000359088309211037,0.00051665703457448,0.000266934491375295,1.18564966685053e-05,0.213547593100236,0.00948519733480421,0.277329617595271,7.23676641664361e-05,1.29867826449862,0.0577317818040132,1000,0.977,0.00474035863622153,0.965687662387146,0.985365417674823,0.0729839776170022,9.52000981773147e-06,1000,1000,0,-0.0775743314898822,0.00027421948083913,0
"same_sample_d5_m3_n800","PATE","known_first_stage","same_sample",800,800,5,3,936016,1,"within_declared_parametric_scope",1000,1000,0,0,1000,6,0.999676875,-0.000323125000000047,0.000606843140436929,0.000368258597095354,1.56517488985657e-05,0.294606877676284,0.0125213991188525,0.277565720529514,6.78911988580691e-05,0.942156282021716,0.0400841311914791,1000,0.949,0.00695693898205238,0.933486538405065,0.961794763225314,0.0730151136615612,8.92658531222525e-06,1000,1000,0,-0.0775743314898822,0.00027421948083913,0
"same_sample_d5_m3_n800","PATT","fitted_adjusted","same_sample",800,800,5,3,936016,1,"within_declared_parametric_scope",1000,1000,0,0,1000,6,1.00072148377614,0.00072148377614044,0.000549410584595111,0.000301851990465142,1.40677958442526e-05,0.241481592372113,0.0112542366754021,0.227597871393864,0.000321662750721333,0.942506089835388,0.0438492281047656,1000,0.951,0.00682634602111555,0.93573394685983,0.963532940827952,0.0661010561466583,4.6816891219462e-05,1000,1000,0,-0.077684248959025,0.000287942123222471,0
"same_sample_d5_m3_n800","PATT","fitted_naive","same_sample",800,800,5,3,936016,1,"first_stage_omission_diagnostic",1000,1000,0,0,1000,6,1.00072148377614,0.00072148377614044,0.000549410584595111,0.000301851990465142,1.40677958442526e-05,0.241481592372113,0.0112542366754021,0.305282120352889,0.000170095319227025,1.26420451908592,0.0588777770334592,1000,0.975,0.00493710441453288,0.963315176948077,0.983757464303118,0.0765714671650637,2.13152686896285e-05,1000,1000,0,-0.077684248959025,0.000287942123222471,0
"same_sample_d5_m3_n800","PATT","known_first_stage","same_sample",800,800,5,3,936016,1,"within_declared_parametric_scope",1000,1000,0,0,1000,6,1.00002046211169,2.04621116859495e-05,0.000636041411099605,0.000404548676633577,1.78754067609826e-05,0.323638941306861,0.0143003254087861,0.305632939017861,0.000165532874613882,0.944363919198685,0.0416988709325765,1000,0.948,0.00702111102319284,0.932364985949493,0.96092346505602,0.0766156139765701,2.0733361754587e-05,1000,1000,0,-0.077684248959025,0.000287942123222471,0
