case_id,group_index,overlap,n,replicate,data_seed,count_seed,origin,status,batch_id
g1_GoodOverlap_n1000_rep0001,1,GoodOverlap,1000,1,104100001,204100001,adopted_existing_case1,COMPLETE_FORMAL_CASE,
g1_GoodOverlap_n1000_rep0002,1,GoodOverlap,1000,2,104100002,204100002,remaining_formal_grid,COMPLETE_FORMAL_CASE,0
g1_GoodOverlap_n1000_rep0003,1,GoodOverlap,1000,3,104100003,204100003,remaining_formal_grid,COMPLETE_FORMAL_CASE,0
g1_GoodOverlap_n1000_rep0004,1,GoodOverlap,1000,4,104100004,204100004,remaining_formal_grid,COMPLETE_FORMAL_CASE,0
g1_GoodOverlap_n1000_rep0005,1,GoodOverlap,1000,5,104100005,204100005,remaining_formal_grid,COMPLETE_FORMAL_CASE,0
g1_GoodOverlap_n1000_rep0006,1,GoodOverlap,1000,6,104100006,204100006,remaining_formal_grid,COMPLETE_FORMAL_CASE,0
g1_GoodOverlap_n1000_rep0007,1,GoodOverlap,1000,7,104100007,204100007,remaining_formal_grid,COMPLETE_FORMAL_CASE,1
g1_GoodOverlap_n1000_rep0008,1,GoodOverlap,1000,8,104100008,204100008,remaining_formal_grid,COMPLETE_FORMAL_CASE,1
g1_GoodOverlap_n1000_rep0009,1,GoodOverlap,1000,9,104100009,204100009,remaining_formal_grid,COMPLETE_FORMAL_CASE,1
g1_GoodOverlap_n1000_rep0010,1,GoodOverlap,1000,10,104100010,204100010,remaining_formal_grid,COMPLETE_FORMAL_CASE,1
g1_GoodOverlap_n1000_rep0011,1,GoodOverlap,1000,11,104100011,204100011,remaining_formal_grid,COMPLETE_FORMAL_CASE,1
g1_GoodOverlap_n1000_rep0012,1,GoodOverlap,1000,12,104100012,204100012,remaining_formal_grid,COMPLETE_FORMAL_CASE,2
g1_GoodOverlap_n1000_rep0013,1,GoodOverlap,1000,13,104100013,204100013,remaining_formal_grid,COMPLETE_FORMAL_CASE,2
g1_GoodOverlap_n1000_rep0014,1,GoodOverlap,1000,14,104100014,204100014,remaining_formal_grid,COMPLETE_FORMAL_CASE,2
g1_GoodOverlap_n1000_rep0015,1,GoodOverlap,1000,15,104100015,204100015,remaining_formal_grid,COMPLETE_FORMAL_CASE,2
g1_GoodOverlap_n1000_rep0016,1,GoodOverlap,1000,16,104100016,204100016,remaining_formal_grid,COMPLETE_FORMAL_CASE,2
g1_GoodOverlap_n1000_rep0017,1,GoodOverlap,1000,17,104100017,204100017,remaining_formal_grid,COMPLETE_FORMAL_CASE,3
g1_GoodOverlap_n1000_rep0018,1,GoodOverlap,1000,18,104100018,204100018,remaining_formal_grid,COMPLETE_FORMAL_CASE,3
g1_GoodOverlap_n1000_rep0019,1,GoodOverlap,1000,19,104100019,204100019,remaining_formal_grid,COMPLETE_FORMAL_CASE,3
g1_GoodOverlap_n1000_rep0020,1,GoodOverlap,1000,20,104100020,204100020,remaining_formal_grid,COMPLETE_FORMAL_CASE,3
g1_GoodOverlap_n1000_rep0021,1,GoodOverlap,1000,21,104100021,204100021,remaining_formal_grid,COMPLETE_FORMAL_CASE,3
g1_GoodOverlap_n1000_rep0022,1,GoodOverlap,1000,22,104100022,204100022,remaining_formal_grid,COMPLETE_FORMAL_CASE,4
g1_GoodOverlap_n1000_rep0023,1,GoodOverlap,1000,23,104100023,204100023,remaining_formal_grid,COMPLETE_FORMAL_CASE,4
g1_GoodOverlap_n1000_rep0024,1,GoodOverlap,1000,24,104100024,204100024,remaining_formal_grid,COMPLETE_FORMAL_CASE,4
g1_GoodOverlap_n1000_rep0025,1,GoodOverlap,1000,25,104100025,204100025,remaining_formal_grid,COMPLETE_FORMAL_CASE,4
g1_GoodOverlap_n1000_rep0026,1,GoodOverlap,1000,26,104100026,204100026,remaining_formal_grid,COMPLETE_FORMAL_CASE,4
g1_GoodOverlap_n1000_rep0027,1,GoodOverlap,1000,27,104100027,204100027,remaining_formal_grid,COMPLETE_FORMAL_CASE,5
g1_GoodOverlap_n1000_rep0028,1,GoodOverlap,1000,28,104100028,204100028,remaining_formal_grid,COMPLETE_FORMAL_CASE,5
g1_GoodOverlap_n1000_rep0029,1,GoodOverlap,1000,29,104100029,204100029,remaining_formal_grid,COMPLETE_FORMAL_CASE,5
g1_GoodOverlap_n1000_rep0030,1,GoodOverlap,1000,30,104100030,204100030,remaining_formal_grid,COMPLETE_FORMAL_CASE,5
g1_GoodOverlap_n1000_rep0031,1,GoodOverlap,1000,31,104100031,204100031,remaining_formal_grid,COMPLETE_FORMAL_CASE,5
g1_GoodOverlap_n1000_rep0032,1,GoodOverlap,1000,32,104100032,204100032,remaining_formal_grid,COMPLETE_FORMAL_CASE,6
g1_GoodOverlap_n1000_rep0033,1,GoodOverlap,1000,33,104100033,204100033,remaining_formal_grid,COMPLETE_FORMAL_CASE,6
g1_GoodOverlap_n1000_rep0034,1,GoodOverlap,1000,34,104100034,204100034,remaining_formal_grid,COMPLETE_FORMAL_CASE,6
g1_GoodOverlap_n1000_rep0035,1,GoodOverlap,1000,35,104100035,204100035,remaining_formal_grid,COMPLETE_FORMAL_CASE,6
g1_GoodOverlap_n1000_rep0036,1,GoodOverlap,1000,36,104100036,204100036,remaining_formal_grid,COMPLETE_FORMAL_CASE,6
g1_GoodOverlap_n1000_rep0037,1,GoodOverlap,1000,37,104100037,204100037,remaining_formal_grid,COMPLETE_FORMAL_CASE,7
g1_GoodOverlap_n1000_rep0038,1,GoodOverlap,1000,38,104100038,204100038,remaining_formal_grid,COMPLETE_FORMAL_CASE,7
g1_GoodOverlap_n1000_rep0039,1,GoodOverlap,1000,39,104100039,204100039,remaining_formal_grid,COMPLETE_FORMAL_CASE,7
g1_GoodOverlap_n1000_rep0040,1,GoodOverlap,1000,40,104100040,204100040,remaining_formal_grid,COMPLETE_FORMAL_CASE,7
g1_GoodOverlap_n1000_rep0041,1,GoodOverlap,1000,41,104100041,204100041,remaining_formal_grid,COMPLETE_FORMAL_CASE,7
g1_GoodOverlap_n1000_rep0042,1,GoodOverlap,1000,42,104100042,204100042,remaining_formal_grid,COMPLETE_FORMAL_CASE,8
g1_GoodOverlap_n1000_rep0043,1,GoodOverlap,1000,43,104100043,204100043,remaining_formal_grid,COMPLETE_FORMAL_CASE,8
g1_GoodOverlap_n1000_rep0044,1,GoodOverlap,1000,44,104100044,204100044,remaining_formal_grid,COMPLETE_FORMAL_CASE,8
g1_GoodOverlap_n1000_rep0045,1,GoodOverlap,1000,45,104100045,204100045,remaining_formal_grid,COMPLETE_FORMAL_CASE,8
g1_GoodOverlap_n1000_rep0046,1,GoodOverlap,1000,46,104100046,204100046,remaining_formal_grid,COMPLETE_FORMAL_CASE,8
g1_GoodOverlap_n1000_rep0047,1,GoodOverlap,1000,47,104100047,204100047,remaining_formal_grid,COMPLETE_FORMAL_CASE,9
g1_GoodOverlap_n1000_rep0048,1,GoodOverlap,1000,48,104100048,204100048,remaining_formal_grid,COMPLETE_FORMAL_CASE,9
g1_GoodOverlap_n1000_rep0049,1,GoodOverlap,1000,49,104100049,204100049,remaining_formal_grid,COMPLETE_FORMAL_CASE,9
g1_GoodOverlap_n1000_rep0050,1,GoodOverlap,1000,50,104100050,204100050,remaining_formal_grid,COMPLETE_FORMAL_CASE,9
g1_GoodOverlap_n1000_rep0051,1,GoodOverlap,1000,51,104100051,204100051,remaining_formal_grid,COMPLETE_FORMAL_CASE,9
g1_GoodOverlap_n1000_rep0052,1,GoodOverlap,1000,52,104100052,204100052,remaining_formal_grid,COMPLETE_FORMAL_CASE,10
g1_GoodOverlap_n1000_rep0053,1,GoodOverlap,1000,53,104100053,204100053,remaining_formal_grid,COMPLETE_FORMAL_CASE,10
g1_GoodOverlap_n1000_rep0054,1,GoodOverlap,1000,54,104100054,204100054,remaining_formal_grid,COMPLETE_FORMAL_CASE,10
g1_GoodOverlap_n1000_rep0055,1,GoodOverlap,1000,55,104100055,204100055,remaining_formal_grid,COMPLETE_FORMAL_CASE,10
g1_GoodOverlap_n1000_rep0056,1,GoodOverlap,1000,56,104100056,204100056,remaining_formal_grid,COMPLETE_FORMAL_CASE,10
g1_GoodOverlap_n1000_rep0057,1,GoodOverlap,1000,57,104100057,204100057,remaining_formal_grid,COMPLETE_FORMAL_CASE,11
g1_GoodOverlap_n1000_rep0058,1,GoodOverlap,1000,58,104100058,204100058,remaining_formal_grid,COMPLETE_FORMAL_CASE,11
g1_GoodOverlap_n1000_rep0059,1,GoodOverlap,1000,59,104100059,204100059,remaining_formal_grid,COMPLETE_FORMAL_CASE,11
g1_GoodOverlap_n1000_rep0060,1,GoodOverlap,1000,60,104100060,204100060,remaining_formal_grid,COMPLETE_FORMAL_CASE,11
g1_GoodOverlap_n1000_rep0061,1,GoodOverlap,1000,61,104100061,204100061,remaining_formal_grid,COMPLETE_FORMAL_CASE,11
g1_GoodOverlap_n1000_rep0062,1,GoodOverlap,1000,62,104100062,204100062,remaining_formal_grid,COMPLETE_FORMAL_CASE,12
g1_GoodOverlap_n1000_rep0063,1,GoodOverlap,1000,63,104100063,204100063,remaining_formal_grid,COMPLETE_FORMAL_CASE,12
g1_GoodOverlap_n1000_rep0064,1,GoodOverlap,1000,64,104100064,204100064,remaining_formal_grid,COMPLETE_FORMAL_CASE,12
g1_GoodOverlap_n1000_rep0065,1,GoodOverlap,1000,65,104100065,204100065,remaining_formal_grid,COMPLETE_FORMAL_CASE,12
g1_GoodOverlap_n1000_rep0066,1,GoodOverlap,1000,66,104100066,204100066,remaining_formal_grid,COMPLETE_FORMAL_CASE,12
g1_GoodOverlap_n1000_rep0067,1,GoodOverlap,1000,67,104100067,204100067,remaining_formal_grid,COMPLETE_FORMAL_CASE,13
g1_GoodOverlap_n1000_rep0068,1,GoodOverlap,1000,68,104100068,204100068,remaining_formal_grid,COMPLETE_FORMAL_CASE,13
g1_GoodOverlap_n1000_rep0069,1,GoodOverlap,1000,69,104100069,204100069,remaining_formal_grid,COMPLETE_FORMAL_CASE,13
g1_GoodOverlap_n1000_rep0070,1,GoodOverlap,1000,70,104100070,204100070,remaining_formal_grid,COMPLETE_FORMAL_CASE,13
g1_GoodOverlap_n1000_rep0071,1,GoodOverlap,1000,71,104100071,204100071,remaining_formal_grid,COMPLETE_FORMAL_CASE,13
g1_GoodOverlap_n1000_rep0072,1,GoodOverlap,1000,72,104100072,204100072,remaining_formal_grid,COMPLETE_FORMAL_CASE,14
g1_GoodOverlap_n1000_rep0073,1,GoodOverlap,1000,73,104100073,204100073,remaining_formal_grid,COMPLETE_FORMAL_CASE,14
g1_GoodOverlap_n1000_rep0074,1,GoodOverlap,1000,74,104100074,204100074,remaining_formal_grid,COMPLETE_FORMAL_CASE,14
g1_GoodOverlap_n1000_rep0075,1,GoodOverlap,1000,75,104100075,204100075,remaining_formal_grid,COMPLETE_FORMAL_CASE,14
g1_GoodOverlap_n1000_rep0076,1,GoodOverlap,1000,76,104100076,204100076,remaining_formal_grid,COMPLETE_FORMAL_CASE,14
g1_GoodOverlap_n1000_rep0077,1,GoodOverlap,1000,77,104100077,204100077,remaining_formal_grid,COMPLETE_FORMAL_CASE,15
g1_GoodOverlap_n1000_rep0078,1,GoodOverlap,1000,78,104100078,204100078,remaining_formal_grid,COMPLETE_FORMAL_CASE,15
g1_GoodOverlap_n1000_rep0079,1,GoodOverlap,1000,79,104100079,204100079,remaining_formal_grid,COMPLETE_FORMAL_CASE,15
g1_GoodOverlap_n1000_rep0080,1,GoodOverlap,1000,80,104100080,204100080,remaining_formal_grid,COMPLETE_FORMAL_CASE,15
g1_GoodOverlap_n1000_rep0081,1,GoodOverlap,1000,81,104100081,204100081,remaining_formal_grid,COMPLETE_FORMAL_CASE,15
g1_GoodOverlap_n1000_rep0082,1,GoodOverlap,1000,82,104100082,204100082,remaining_formal_grid,COMPLETE_FORMAL_CASE,16
g1_GoodOverlap_n1000_rep0083,1,GoodOverlap,1000,83,104100083,204100083,remaining_formal_grid,COMPLETE_FORMAL_CASE,16
g1_GoodOverlap_n1000_rep0084,1,GoodOverlap,1000,84,104100084,204100084,remaining_formal_grid,COMPLETE_FORMAL_CASE,16
g1_GoodOverlap_n1000_rep0085,1,GoodOverlap,1000,85,104100085,204100085,remaining_formal_grid,COMPLETE_FORMAL_CASE,16
g1_GoodOverlap_n1000_rep0086,1,GoodOverlap,1000,86,104100086,204100086,remaining_formal_grid,COMPLETE_FORMAL_CASE,16
g1_GoodOverlap_n1000_rep0087,1,GoodOverlap,1000,87,104100087,204100087,remaining_formal_grid,COMPLETE_FORMAL_CASE,17
g1_GoodOverlap_n1000_rep0088,1,GoodOverlap,1000,88,104100088,204100088,remaining_formal_grid,COMPLETE_FORMAL_CASE,17
g1_GoodOverlap_n1000_rep0089,1,GoodOverlap,1000,89,104100089,204100089,remaining_formal_grid,COMPLETE_FORMAL_CASE,17
g1_GoodOverlap_n1000_rep0090,1,GoodOverlap,1000,90,104100090,204100090,remaining_formal_grid,COMPLETE_FORMAL_CASE,17
g1_GoodOverlap_n1000_rep0091,1,GoodOverlap,1000,91,104100091,204100091,remaining_formal_grid,COMPLETE_FORMAL_CASE,17
g1_GoodOverlap_n1000_rep0092,1,GoodOverlap,1000,92,104100092,204100092,remaining_formal_grid,COMPLETE_FORMAL_CASE,18
g1_GoodOverlap_n1000_rep0093,1,GoodOverlap,1000,93,104100093,204100093,remaining_formal_grid,COMPLETE_FORMAL_CASE,18
g1_GoodOverlap_n1000_rep0094,1,GoodOverlap,1000,94,104100094,204100094,remaining_formal_grid,COMPLETE_FORMAL_CASE,18
g1_GoodOverlap_n1000_rep0095,1,GoodOverlap,1000,95,104100095,204100095,remaining_formal_grid,COMPLETE_FORMAL_CASE,18
g1_GoodOverlap_n1000_rep0096,1,GoodOverlap,1000,96,104100096,204100096,remaining_formal_grid,COMPLETE_FORMAL_CASE,18
g1_GoodOverlap_n1000_rep0097,1,GoodOverlap,1000,97,104100097,204100097,remaining_formal_grid,COMPLETE_FORMAL_CASE,19
g1_GoodOverlap_n1000_rep0098,1,GoodOverlap,1000,98,104100098,204100098,remaining_formal_grid,COMPLETE_FORMAL_CASE,19
g1_GoodOverlap_n1000_rep0099,1,GoodOverlap,1000,99,104100099,204100099,remaining_formal_grid,COMPLETE_FORMAL_CASE,19
g1_GoodOverlap_n1000_rep0100,1,GoodOverlap,1000,100,104100100,204100100,remaining_formal_grid,COMPLETE_FORMAL_CASE,19
g1_GoodOverlap_n1000_rep0101,1,GoodOverlap,1000,101,104100101,204100101,remaining_formal_grid,COMPLETE_FORMAL_CASE,19
g1_GoodOverlap_n1000_rep0102,1,GoodOverlap,1000,102,104100102,204100102,remaining_formal_grid,COMPLETE_FORMAL_CASE,20
g1_GoodOverlap_n1000_rep0103,1,GoodOverlap,1000,103,104100103,204100103,remaining_formal_grid,COMPLETE_FORMAL_CASE,20
g1_GoodOverlap_n1000_rep0104,1,GoodOverlap,1000,104,104100104,204100104,remaining_formal_grid,COMPLETE_FORMAL_CASE,20
g1_GoodOverlap_n1000_rep0105,1,GoodOverlap,1000,105,104100105,204100105,remaining_formal_grid,COMPLETE_FORMAL_CASE,20
g1_GoodOverlap_n1000_rep0106,1,GoodOverlap,1000,106,104100106,204100106,remaining_formal_grid,COMPLETE_FORMAL_CASE,20
g1_GoodOverlap_n1000_rep0107,1,GoodOverlap,1000,107,104100107,204100107,remaining_formal_grid,COMPLETE_FORMAL_CASE,21
g1_GoodOverlap_n1000_rep0108,1,GoodOverlap,1000,108,104100108,204100108,remaining_formal_grid,COMPLETE_FORMAL_CASE,21
g1_GoodOverlap_n1000_rep0109,1,GoodOverlap,1000,109,104100109,204100109,remaining_formal_grid,COMPLETE_FORMAL_CASE,21
g1_GoodOverlap_n1000_rep0110,1,GoodOverlap,1000,110,104100110,204100110,remaining_formal_grid,COMPLETE_FORMAL_CASE,21
g1_GoodOverlap_n1000_rep0111,1,GoodOverlap,1000,111,104100111,204100111,remaining_formal_grid,COMPLETE_FORMAL_CASE,21
g1_GoodOverlap_n1000_rep0112,1,GoodOverlap,1000,112,104100112,204100112,remaining_formal_grid,COMPLETE_FORMAL_CASE,22
g1_GoodOverlap_n1000_rep0113,1,GoodOverlap,1000,113,104100113,204100113,remaining_formal_grid,COMPLETE_FORMAL_CASE,22
g1_GoodOverlap_n1000_rep0114,1,GoodOverlap,1000,114,104100114,204100114,remaining_formal_grid,COMPLETE_FORMAL_CASE,22
g1_GoodOverlap_n1000_rep0115,1,GoodOverlap,1000,115,104100115,204100115,remaining_formal_grid,COMPLETE_FORMAL_CASE,22
g1_GoodOverlap_n1000_rep0116,1,GoodOverlap,1000,116,104100116,204100116,remaining_formal_grid,COMPLETE_FORMAL_CASE,22
g1_GoodOverlap_n1000_rep0117,1,GoodOverlap,1000,117,104100117,204100117,remaining_formal_grid,COMPLETE_FORMAL_CASE,23
g1_GoodOverlap_n1000_rep0118,1,GoodOverlap,1000,118,104100118,204100118,remaining_formal_grid,COMPLETE_FORMAL_CASE,23
g1_GoodOverlap_n1000_rep0119,1,GoodOverlap,1000,119,104100119,204100119,remaining_formal_grid,COMPLETE_FORMAL_CASE,23
g1_GoodOverlap_n1000_rep0120,1,GoodOverlap,1000,120,104100120,204100120,remaining_formal_grid,COMPLETE_FORMAL_CASE,23
g1_GoodOverlap_n1000_rep0121,1,GoodOverlap,1000,121,104100121,204100121,remaining_formal_grid,COMPLETE_FORMAL_CASE,23
g1_GoodOverlap_n1000_rep0122,1,GoodOverlap,1000,122,104100122,204100122,remaining_formal_grid,COMPLETE_FORMAL_CASE,24
g1_GoodOverlap_n1000_rep0123,1,GoodOverlap,1000,123,104100123,204100123,remaining_formal_grid,COMPLETE_FORMAL_CASE,24
g1_GoodOverlap_n1000_rep0124,1,GoodOverlap,1000,124,104100124,204100124,remaining_formal_grid,COMPLETE_FORMAL_CASE,24
g1_GoodOverlap_n1000_rep0125,1,GoodOverlap,1000,125,104100125,204100125,remaining_formal_grid,COMPLETE_FORMAL_CASE,24
g1_GoodOverlap_n1000_rep0126,1,GoodOverlap,1000,126,104100126,204100126,remaining_formal_grid,COMPLETE_FORMAL_CASE,24
g1_GoodOverlap_n1000_rep0127,1,GoodOverlap,1000,127,104100127,204100127,remaining_formal_grid,COMPLETE_FORMAL_CASE,25
g1_GoodOverlap_n1000_rep0128,1,GoodOverlap,1000,128,104100128,204100128,remaining_formal_grid,COMPLETE_FORMAL_CASE,25
g1_GoodOverlap_n1000_rep0129,1,GoodOverlap,1000,129,104100129,204100129,remaining_formal_grid,COMPLETE_FORMAL_CASE,25
g1_GoodOverlap_n1000_rep0130,1,GoodOverlap,1000,130,104100130,204100130,remaining_formal_grid,COMPLETE_FORMAL_CASE,25
g1_GoodOverlap_n1000_rep0131,1,GoodOverlap,1000,131,104100131,204100131,remaining_formal_grid,COMPLETE_FORMAL_CASE,25
g1_GoodOverlap_n1000_rep0132,1,GoodOverlap,1000,132,104100132,204100132,remaining_formal_grid,COMPLETE_FORMAL_CASE,26
g1_GoodOverlap_n1000_rep0133,1,GoodOverlap,1000,133,104100133,204100133,remaining_formal_grid,COMPLETE_FORMAL_CASE,26
g1_GoodOverlap_n1000_rep0134,1,GoodOverlap,1000,134,104100134,204100134,remaining_formal_grid,COMPLETE_FORMAL_CASE,26
g1_GoodOverlap_n1000_rep0135,1,GoodOverlap,1000,135,104100135,204100135,remaining_formal_grid,COMPLETE_FORMAL_CASE,26
g1_GoodOverlap_n1000_rep0136,1,GoodOverlap,1000,136,104100136,204100136,remaining_formal_grid,COMPLETE_FORMAL_CASE,26
g1_GoodOverlap_n1000_rep0137,1,GoodOverlap,1000,137,104100137,204100137,remaining_formal_grid,COMPLETE_FORMAL_CASE,27
g1_GoodOverlap_n1000_rep0138,1,GoodOverlap,1000,138,104100138,204100138,remaining_formal_grid,COMPLETE_FORMAL_CASE,27
g1_GoodOverlap_n1000_rep0139,1,GoodOverlap,1000,139,104100139,204100139,remaining_formal_grid,COMPLETE_FORMAL_CASE,27
g1_GoodOverlap_n1000_rep0140,1,GoodOverlap,1000,140,104100140,204100140,remaining_formal_grid,COMPLETE_FORMAL_CASE,27
g1_GoodOverlap_n1000_rep0141,1,GoodOverlap,1000,141,104100141,204100141,remaining_formal_grid,COMPLETE_FORMAL_CASE,27
g1_GoodOverlap_n1000_rep0142,1,GoodOverlap,1000,142,104100142,204100142,remaining_formal_grid,COMPLETE_FORMAL_CASE,28
g1_GoodOverlap_n1000_rep0143,1,GoodOverlap,1000,143,104100143,204100143,remaining_formal_grid,COMPLETE_FORMAL_CASE,28
g1_GoodOverlap_n1000_rep0144,1,GoodOverlap,1000,144,104100144,204100144,remaining_formal_grid,COMPLETE_FORMAL_CASE,28
g1_GoodOverlap_n1000_rep0145,1,GoodOverlap,1000,145,104100145,204100145,remaining_formal_grid,COMPLETE_FORMAL_CASE,28
g1_GoodOverlap_n1000_rep0146,1,GoodOverlap,1000,146,104100146,204100146,remaining_formal_grid,COMPLETE_FORMAL_CASE,28
g1_GoodOverlap_n1000_rep0147,1,GoodOverlap,1000,147,104100147,204100147,remaining_formal_grid,COMPLETE_FORMAL_CASE,29
g1_GoodOverlap_n1000_rep0148,1,GoodOverlap,1000,148,104100148,204100148,remaining_formal_grid,COMPLETE_FORMAL_CASE,29
g1_GoodOverlap_n1000_rep0149,1,GoodOverlap,1000,149,104100149,204100149,remaining_formal_grid,COMPLETE_FORMAL_CASE,29
g1_GoodOverlap_n1000_rep0150,1,GoodOverlap,1000,150,104100150,204100150,remaining_formal_grid,COMPLETE_FORMAL_CASE,29
g1_GoodOverlap_n1000_rep0151,1,GoodOverlap,1000,151,104100151,204100151,remaining_formal_grid,COMPLETE_FORMAL_CASE,29
g1_GoodOverlap_n1000_rep0152,1,GoodOverlap,1000,152,104100152,204100152,remaining_formal_grid,COMPLETE_FORMAL_CASE,30
g1_GoodOverlap_n1000_rep0153,1,GoodOverlap,1000,153,104100153,204100153,remaining_formal_grid,COMPLETE_FORMAL_CASE,30
g1_GoodOverlap_n1000_rep0154,1,GoodOverlap,1000,154,104100154,204100154,remaining_formal_grid,COMPLETE_FORMAL_CASE,30
g1_GoodOverlap_n1000_rep0155,1,GoodOverlap,1000,155,104100155,204100155,remaining_formal_grid,COMPLETE_FORMAL_CASE,30
g1_GoodOverlap_n1000_rep0156,1,GoodOverlap,1000,156,104100156,204100156,remaining_formal_grid,COMPLETE_FORMAL_CASE,30
g1_GoodOverlap_n1000_rep0157,1,GoodOverlap,1000,157,104100157,204100157,remaining_formal_grid,COMPLETE_FORMAL_CASE,31
g1_GoodOverlap_n1000_rep0158,1,GoodOverlap,1000,158,104100158,204100158,remaining_formal_grid,COMPLETE_FORMAL_CASE,31
g1_GoodOverlap_n1000_rep0159,1,GoodOverlap,1000,159,104100159,204100159,remaining_formal_grid,COMPLETE_FORMAL_CASE,31
g1_GoodOverlap_n1000_rep0160,1,GoodOverlap,1000,160,104100160,204100160,remaining_formal_grid,COMPLETE_FORMAL_CASE,31
g1_GoodOverlap_n1000_rep0161,1,GoodOverlap,1000,161,104100161,204100161,remaining_formal_grid,COMPLETE_FORMAL_CASE,31
g1_GoodOverlap_n1000_rep0162,1,GoodOverlap,1000,162,104100162,204100162,remaining_formal_grid,COMPLETE_FORMAL_CASE,32
g1_GoodOverlap_n1000_rep0163,1,GoodOverlap,1000,163,104100163,204100163,remaining_formal_grid,COMPLETE_FORMAL_CASE,32
g1_GoodOverlap_n1000_rep0164,1,GoodOverlap,1000,164,104100164,204100164,remaining_formal_grid,COMPLETE_FORMAL_CASE,32
g1_GoodOverlap_n1000_rep0165,1,GoodOverlap,1000,165,104100165,204100165,remaining_formal_grid,COMPLETE_FORMAL_CASE,32
g1_GoodOverlap_n1000_rep0166,1,GoodOverlap,1000,166,104100166,204100166,remaining_formal_grid,COMPLETE_FORMAL_CASE,32
g1_GoodOverlap_n1000_rep0167,1,GoodOverlap,1000,167,104100167,204100167,remaining_formal_grid,COMPLETE_FORMAL_CASE,33
g1_GoodOverlap_n1000_rep0168,1,GoodOverlap,1000,168,104100168,204100168,remaining_formal_grid,COMPLETE_FORMAL_CASE,33
g1_GoodOverlap_n1000_rep0169,1,GoodOverlap,1000,169,104100169,204100169,remaining_formal_grid,COMPLETE_FORMAL_CASE,33
g1_GoodOverlap_n1000_rep0170,1,GoodOverlap,1000,170,104100170,204100170,remaining_formal_grid,COMPLETE_FORMAL_CASE,33
g1_GoodOverlap_n1000_rep0171,1,GoodOverlap,1000,171,104100171,204100171,remaining_formal_grid,COMPLETE_FORMAL_CASE,33
g1_GoodOverlap_n1000_rep0172,1,GoodOverlap,1000,172,104100172,204100172,remaining_formal_grid,COMPLETE_FORMAL_CASE,34
g1_GoodOverlap_n1000_rep0173,1,GoodOverlap,1000,173,104100173,204100173,remaining_formal_grid,COMPLETE_FORMAL_CASE,34
g1_GoodOverlap_n1000_rep0174,1,GoodOverlap,1000,174,104100174,204100174,remaining_formal_grid,COMPLETE_FORMAL_CASE,34
g1_GoodOverlap_n1000_rep0175,1,GoodOverlap,1000,175,104100175,204100175,remaining_formal_grid,COMPLETE_FORMAL_CASE,34
g1_GoodOverlap_n1000_rep0176,1,GoodOverlap,1000,176,104100176,204100176,remaining_formal_grid,COMPLETE_FORMAL_CASE,34
g1_GoodOverlap_n1000_rep0177,1,GoodOverlap,1000,177,104100177,204100177,remaining_formal_grid,COMPLETE_FORMAL_CASE,35
g1_GoodOverlap_n1000_rep0178,1,GoodOverlap,1000,178,104100178,204100178,remaining_formal_grid,COMPLETE_FORMAL_CASE,35
g1_GoodOverlap_n1000_rep0179,1,GoodOverlap,1000,179,104100179,204100179,remaining_formal_grid,COMPLETE_FORMAL_CASE,35
g1_GoodOverlap_n1000_rep0180,1,GoodOverlap,1000,180,104100180,204100180,remaining_formal_grid,COMPLETE_FORMAL_CASE,35
g1_GoodOverlap_n1000_rep0181,1,GoodOverlap,1000,181,104100181,204100181,remaining_formal_grid,COMPLETE_FORMAL_CASE,35
g1_GoodOverlap_n1000_rep0182,1,GoodOverlap,1000,182,104100182,204100182,remaining_formal_grid,COMPLETE_FORMAL_CASE,36
g1_GoodOverlap_n1000_rep0183,1,GoodOverlap,1000,183,104100183,204100183,remaining_formal_grid,COMPLETE_FORMAL_CASE,36
g1_GoodOverlap_n1000_rep0184,1,GoodOverlap,1000,184,104100184,204100184,remaining_formal_grid,COMPLETE_FORMAL_CASE,36
g1_GoodOverlap_n1000_rep0185,1,GoodOverlap,1000,185,104100185,204100185,remaining_formal_grid,COMPLETE_FORMAL_CASE,36
g1_GoodOverlap_n1000_rep0186,1,GoodOverlap,1000,186,104100186,204100186,remaining_formal_grid,COMPLETE_FORMAL_CASE,36
g1_GoodOverlap_n1000_rep0187,1,GoodOverlap,1000,187,104100187,204100187,remaining_formal_grid,COMPLETE_FORMAL_CASE,37
g1_GoodOverlap_n1000_rep0188,1,GoodOverlap,1000,188,104100188,204100188,remaining_formal_grid,COMPLETE_FORMAL_CASE,37
g1_GoodOverlap_n1000_rep0189,1,GoodOverlap,1000,189,104100189,204100189,remaining_formal_grid,COMPLETE_FORMAL_CASE,37
g1_GoodOverlap_n1000_rep0190,1,GoodOverlap,1000,190,104100190,204100190,remaining_formal_grid,COMPLETE_FORMAL_CASE,37
g1_GoodOverlap_n1000_rep0191,1,GoodOverlap,1000,191,104100191,204100191,remaining_formal_grid,COMPLETE_FORMAL_CASE,37
g1_GoodOverlap_n1000_rep0192,1,GoodOverlap,1000,192,104100192,204100192,remaining_formal_grid,COMPLETE_FORMAL_CASE,38
g1_GoodOverlap_n1000_rep0193,1,GoodOverlap,1000,193,104100193,204100193,remaining_formal_grid,COMPLETE_FORMAL_CASE,38
g1_GoodOverlap_n1000_rep0194,1,GoodOverlap,1000,194,104100194,204100194,remaining_formal_grid,COMPLETE_FORMAL_CASE,38
g1_GoodOverlap_n1000_rep0195,1,GoodOverlap,1000,195,104100195,204100195,remaining_formal_grid,COMPLETE_FORMAL_CASE,38
g1_GoodOverlap_n1000_rep0196,1,GoodOverlap,1000,196,104100196,204100196,remaining_formal_grid,COMPLETE_FORMAL_CASE,38
g1_GoodOverlap_n1000_rep0197,1,GoodOverlap,1000,197,104100197,204100197,remaining_formal_grid,COMPLETE_FORMAL_CASE,39
g1_GoodOverlap_n1000_rep0198,1,GoodOverlap,1000,198,104100198,204100198,remaining_formal_grid,COMPLETE_FORMAL_CASE,39
g1_GoodOverlap_n1000_rep0199,1,GoodOverlap,1000,199,104100199,204100199,remaining_formal_grid,COMPLETE_FORMAL_CASE,39
g1_GoodOverlap_n1000_rep0200,1,GoodOverlap,1000,200,104100200,204100200,remaining_formal_grid,COMPLETE_FORMAL_CASE,39
g1_GoodOverlap_n1000_rep0201,1,GoodOverlap,1000,201,104100201,204100201,remaining_formal_grid,COMPLETE_FORMAL_CASE,39
g1_GoodOverlap_n1000_rep0202,1,GoodOverlap,1000,202,104100202,204100202,remaining_formal_grid,COMPLETE_FORMAL_CASE,40
g1_GoodOverlap_n1000_rep0203,1,GoodOverlap,1000,203,104100203,204100203,remaining_formal_grid,COMPLETE_FORMAL_CASE,40
g1_GoodOverlap_n1000_rep0204,1,GoodOverlap,1000,204,104100204,204100204,remaining_formal_grid,COMPLETE_FORMAL_CASE,40
g1_GoodOverlap_n1000_rep0205,1,GoodOverlap,1000,205,104100205,204100205,remaining_formal_grid,COMPLETE_FORMAL_CASE,40
g1_GoodOverlap_n1000_rep0206,1,GoodOverlap,1000,206,104100206,204100206,remaining_formal_grid,COMPLETE_FORMAL_CASE,40
g1_GoodOverlap_n1000_rep0207,1,GoodOverlap,1000,207,104100207,204100207,remaining_formal_grid,COMPLETE_FORMAL_CASE,41
g1_GoodOverlap_n1000_rep0208,1,GoodOverlap,1000,208,104100208,204100208,remaining_formal_grid,COMPLETE_FORMAL_CASE,41
g1_GoodOverlap_n1000_rep0209,1,GoodOverlap,1000,209,104100209,204100209,remaining_formal_grid,COMPLETE_FORMAL_CASE,41
g1_GoodOverlap_n1000_rep0210,1,GoodOverlap,1000,210,104100210,204100210,remaining_formal_grid,COMPLETE_FORMAL_CASE,41
g1_GoodOverlap_n1000_rep0211,1,GoodOverlap,1000,211,104100211,204100211,remaining_formal_grid,COMPLETE_FORMAL_CASE,41
g1_GoodOverlap_n1000_rep0212,1,GoodOverlap,1000,212,104100212,204100212,remaining_formal_grid,COMPLETE_FORMAL_CASE,42
g1_GoodOverlap_n1000_rep0213,1,GoodOverlap,1000,213,104100213,204100213,remaining_formal_grid,COMPLETE_FORMAL_CASE,42
g1_GoodOverlap_n1000_rep0214,1,GoodOverlap,1000,214,104100214,204100214,remaining_formal_grid,COMPLETE_FORMAL_CASE,42
g1_GoodOverlap_n1000_rep0215,1,GoodOverlap,1000,215,104100215,204100215,remaining_formal_grid,COMPLETE_FORMAL_CASE,42
g1_GoodOverlap_n1000_rep0216,1,GoodOverlap,1000,216,104100216,204100216,remaining_formal_grid,COMPLETE_FORMAL_CASE,42
g1_GoodOverlap_n1000_rep0217,1,GoodOverlap,1000,217,104100217,204100217,remaining_formal_grid,COMPLETE_FORMAL_CASE,43
g1_GoodOverlap_n1000_rep0218,1,GoodOverlap,1000,218,104100218,204100218,remaining_formal_grid,COMPLETE_FORMAL_CASE,43
g1_GoodOverlap_n1000_rep0219,1,GoodOverlap,1000,219,104100219,204100219,remaining_formal_grid,COMPLETE_FORMAL_CASE,43
g1_GoodOverlap_n1000_rep0220,1,GoodOverlap,1000,220,104100220,204100220,remaining_formal_grid,COMPLETE_FORMAL_CASE,43
g1_GoodOverlap_n1000_rep0221,1,GoodOverlap,1000,221,104100221,204100221,remaining_formal_grid,COMPLETE_FORMAL_CASE,43
g1_GoodOverlap_n1000_rep0222,1,GoodOverlap,1000,222,104100222,204100222,remaining_formal_grid,COMPLETE_FORMAL_CASE,44
g1_GoodOverlap_n1000_rep0223,1,GoodOverlap,1000,223,104100223,204100223,remaining_formal_grid,COMPLETE_FORMAL_CASE,44
g1_GoodOverlap_n1000_rep0224,1,GoodOverlap,1000,224,104100224,204100224,remaining_formal_grid,COMPLETE_FORMAL_CASE,44
g1_GoodOverlap_n1000_rep0225,1,GoodOverlap,1000,225,104100225,204100225,remaining_formal_grid,COMPLETE_FORMAL_CASE,44
g1_GoodOverlap_n1000_rep0226,1,GoodOverlap,1000,226,104100226,204100226,remaining_formal_grid,COMPLETE_FORMAL_CASE,44
g1_GoodOverlap_n1000_rep0227,1,GoodOverlap,1000,227,104100227,204100227,remaining_formal_grid,COMPLETE_FORMAL_CASE,45
g1_GoodOverlap_n1000_rep0228,1,GoodOverlap,1000,228,104100228,204100228,remaining_formal_grid,COMPLETE_FORMAL_CASE,45
g1_GoodOverlap_n1000_rep0229,1,GoodOverlap,1000,229,104100229,204100229,remaining_formal_grid,COMPLETE_FORMAL_CASE,45
g1_GoodOverlap_n1000_rep0230,1,GoodOverlap,1000,230,104100230,204100230,remaining_formal_grid,COMPLETE_FORMAL_CASE,45
g1_GoodOverlap_n1000_rep0231,1,GoodOverlap,1000,231,104100231,204100231,remaining_formal_grid,COMPLETE_FORMAL_CASE,45
g1_GoodOverlap_n1000_rep0232,1,GoodOverlap,1000,232,104100232,204100232,remaining_formal_grid,COMPLETE_FORMAL_CASE,46
g1_GoodOverlap_n1000_rep0233,1,GoodOverlap,1000,233,104100233,204100233,remaining_formal_grid,COMPLETE_FORMAL_CASE,46
g1_GoodOverlap_n1000_rep0234,1,GoodOverlap,1000,234,104100234,204100234,remaining_formal_grid,COMPLETE_FORMAL_CASE,46
g1_GoodOverlap_n1000_rep0235,1,GoodOverlap,1000,235,104100235,204100235,remaining_formal_grid,COMPLETE_FORMAL_CASE,46
g1_GoodOverlap_n1000_rep0236,1,GoodOverlap,1000,236,104100236,204100236,remaining_formal_grid,COMPLETE_FORMAL_CASE,46
g1_GoodOverlap_n1000_rep0237,1,GoodOverlap,1000,237,104100237,204100237,remaining_formal_grid,COMPLETE_FORMAL_CASE,47
g1_GoodOverlap_n1000_rep0238,1,GoodOverlap,1000,238,104100238,204100238,remaining_formal_grid,COMPLETE_FORMAL_CASE,47
g1_GoodOverlap_n1000_rep0239,1,GoodOverlap,1000,239,104100239,204100239,remaining_formal_grid,COMPLETE_FORMAL_CASE,47
g1_GoodOverlap_n1000_rep0240,1,GoodOverlap,1000,240,104100240,204100240,remaining_formal_grid,COMPLETE_FORMAL_CASE,47
g1_GoodOverlap_n1000_rep0241,1,GoodOverlap,1000,241,104100241,204100241,remaining_formal_grid,COMPLETE_FORMAL_CASE,47
g1_GoodOverlap_n1000_rep0242,1,GoodOverlap,1000,242,104100242,204100242,remaining_formal_grid,COMPLETE_FORMAL_CASE,48
g1_GoodOverlap_n1000_rep0243,1,GoodOverlap,1000,243,104100243,204100243,remaining_formal_grid,COMPLETE_FORMAL_CASE,48
g1_GoodOverlap_n1000_rep0244,1,GoodOverlap,1000,244,104100244,204100244,remaining_formal_grid,COMPLETE_FORMAL_CASE,48
g1_GoodOverlap_n1000_rep0245,1,GoodOverlap,1000,245,104100245,204100245,remaining_formal_grid,COMPLETE_FORMAL_CASE,48
g1_GoodOverlap_n1000_rep0246,1,GoodOverlap,1000,246,104100246,204100246,remaining_formal_grid,COMPLETE_FORMAL_CASE,48
g1_GoodOverlap_n1000_rep0247,1,GoodOverlap,1000,247,104100247,204100247,remaining_formal_grid,COMPLETE_FORMAL_CASE,49
g1_GoodOverlap_n1000_rep0248,1,GoodOverlap,1000,248,104100248,204100248,remaining_formal_grid,COMPLETE_FORMAL_CASE,49
g1_GoodOverlap_n1000_rep0249,1,GoodOverlap,1000,249,104100249,204100249,remaining_formal_grid,COMPLETE_FORMAL_CASE,49
g1_GoodOverlap_n1000_rep0250,1,GoodOverlap,1000,250,104100250,204100250,remaining_formal_grid,COMPLETE_FORMAL_CASE,49
g1_GoodOverlap_n1000_rep0251,1,GoodOverlap,1000,251,104100251,204100251,remaining_formal_grid,COMPLETE_FORMAL_CASE,49
g1_GoodOverlap_n1000_rep0252,1,GoodOverlap,1000,252,104100252,204100252,remaining_formal_grid,COMPLETE_FORMAL_CASE,50
g1_GoodOverlap_n1000_rep0253,1,GoodOverlap,1000,253,104100253,204100253,remaining_formal_grid,COMPLETE_FORMAL_CASE,50
g1_GoodOverlap_n1000_rep0254,1,GoodOverlap,1000,254,104100254,204100254,remaining_formal_grid,COMPLETE_FORMAL_CASE,50
g1_GoodOverlap_n1000_rep0255,1,GoodOverlap,1000,255,104100255,204100255,remaining_formal_grid,COMPLETE_FORMAL_CASE,50
g1_GoodOverlap_n1000_rep0256,1,GoodOverlap,1000,256,104100256,204100256,remaining_formal_grid,COMPLETE_FORMAL_CASE,50
g1_GoodOverlap_n1000_rep0257,1,GoodOverlap,1000,257,104100257,204100257,remaining_formal_grid,COMPLETE_FORMAL_CASE,51
g1_GoodOverlap_n1000_rep0258,1,GoodOverlap,1000,258,104100258,204100258,remaining_formal_grid,COMPLETE_FORMAL_CASE,51
g1_GoodOverlap_n1000_rep0259,1,GoodOverlap,1000,259,104100259,204100259,remaining_formal_grid,COMPLETE_FORMAL_CASE,51
g1_GoodOverlap_n1000_rep0260,1,GoodOverlap,1000,260,104100260,204100260,remaining_formal_grid,COMPLETE_FORMAL_CASE,51
g1_GoodOverlap_n1000_rep0261,1,GoodOverlap,1000,261,104100261,204100261,remaining_formal_grid,COMPLETE_FORMAL_CASE,51
g1_GoodOverlap_n1000_rep0262,1,GoodOverlap,1000,262,104100262,204100262,remaining_formal_grid,COMPLETE_FORMAL_CASE,52
g1_GoodOverlap_n1000_rep0263,1,GoodOverlap,1000,263,104100263,204100263,remaining_formal_grid,COMPLETE_FORMAL_CASE,52
g1_GoodOverlap_n1000_rep0264,1,GoodOverlap,1000,264,104100264,204100264,remaining_formal_grid,COMPLETE_FORMAL_CASE,52
g1_GoodOverlap_n1000_rep0265,1,GoodOverlap,1000,265,104100265,204100265,remaining_formal_grid,COMPLETE_FORMAL_CASE,52
g1_GoodOverlap_n1000_rep0266,1,GoodOverlap,1000,266,104100266,204100266,remaining_formal_grid,COMPLETE_FORMAL_CASE,52
g1_GoodOverlap_n1000_rep0267,1,GoodOverlap,1000,267,104100267,204100267,remaining_formal_grid,COMPLETE_FORMAL_CASE,53
g1_GoodOverlap_n1000_rep0268,1,GoodOverlap,1000,268,104100268,204100268,remaining_formal_grid,COMPLETE_FORMAL_CASE,53
g1_GoodOverlap_n1000_rep0269,1,GoodOverlap,1000,269,104100269,204100269,remaining_formal_grid,COMPLETE_FORMAL_CASE,53
g1_GoodOverlap_n1000_rep0270,1,GoodOverlap,1000,270,104100270,204100270,remaining_formal_grid,COMPLETE_FORMAL_CASE,53
g1_GoodOverlap_n1000_rep0271,1,GoodOverlap,1000,271,104100271,204100271,remaining_formal_grid,COMPLETE_FORMAL_CASE,53
g1_GoodOverlap_n1000_rep0272,1,GoodOverlap,1000,272,104100272,204100272,remaining_formal_grid,COMPLETE_FORMAL_CASE,54
g1_GoodOverlap_n1000_rep0273,1,GoodOverlap,1000,273,104100273,204100273,remaining_formal_grid,COMPLETE_FORMAL_CASE,54
g1_GoodOverlap_n1000_rep0274,1,GoodOverlap,1000,274,104100274,204100274,remaining_formal_grid,COMPLETE_FORMAL_CASE,54
g1_GoodOverlap_n1000_rep0275,1,GoodOverlap,1000,275,104100275,204100275,remaining_formal_grid,COMPLETE_FORMAL_CASE,54
g1_GoodOverlap_n1000_rep0276,1,GoodOverlap,1000,276,104100276,204100276,remaining_formal_grid,COMPLETE_FORMAL_CASE,54
g1_GoodOverlap_n1000_rep0277,1,GoodOverlap,1000,277,104100277,204100277,remaining_formal_grid,COMPLETE_FORMAL_CASE,55
g1_GoodOverlap_n1000_rep0278,1,GoodOverlap,1000,278,104100278,204100278,remaining_formal_grid,COMPLETE_FORMAL_CASE,55
g1_GoodOverlap_n1000_rep0279,1,GoodOverlap,1000,279,104100279,204100279,remaining_formal_grid,COMPLETE_FORMAL_CASE,55
g1_GoodOverlap_n1000_rep0280,1,GoodOverlap,1000,280,104100280,204100280,remaining_formal_grid,COMPLETE_FORMAL_CASE,55
g1_GoodOverlap_n1000_rep0281,1,GoodOverlap,1000,281,104100281,204100281,remaining_formal_grid,COMPLETE_FORMAL_CASE,55
g1_GoodOverlap_n1000_rep0282,1,GoodOverlap,1000,282,104100282,204100282,remaining_formal_grid,COMPLETE_FORMAL_CASE,56
g1_GoodOverlap_n1000_rep0283,1,GoodOverlap,1000,283,104100283,204100283,remaining_formal_grid,COMPLETE_FORMAL_CASE,56
g1_GoodOverlap_n1000_rep0284,1,GoodOverlap,1000,284,104100284,204100284,remaining_formal_grid,COMPLETE_FORMAL_CASE,56
g1_GoodOverlap_n1000_rep0285,1,GoodOverlap,1000,285,104100285,204100285,remaining_formal_grid,COMPLETE_FORMAL_CASE,56
g1_GoodOverlap_n1000_rep0286,1,GoodOverlap,1000,286,104100286,204100286,remaining_formal_grid,COMPLETE_FORMAL_CASE,56
g1_GoodOverlap_n1000_rep0287,1,GoodOverlap,1000,287,104100287,204100287,remaining_formal_grid,COMPLETE_FORMAL_CASE,57
g1_GoodOverlap_n1000_rep0288,1,GoodOverlap,1000,288,104100288,204100288,remaining_formal_grid,COMPLETE_FORMAL_CASE,57
g1_GoodOverlap_n1000_rep0289,1,GoodOverlap,1000,289,104100289,204100289,remaining_formal_grid,COMPLETE_FORMAL_CASE,57
g1_GoodOverlap_n1000_rep0290,1,GoodOverlap,1000,290,104100290,204100290,remaining_formal_grid,COMPLETE_FORMAL_CASE,57
g1_GoodOverlap_n1000_rep0291,1,GoodOverlap,1000,291,104100291,204100291,remaining_formal_grid,COMPLETE_FORMAL_CASE,57
g1_GoodOverlap_n1000_rep0292,1,GoodOverlap,1000,292,104100292,204100292,remaining_formal_grid,COMPLETE_FORMAL_CASE,58
g1_GoodOverlap_n1000_rep0293,1,GoodOverlap,1000,293,104100293,204100293,remaining_formal_grid,COMPLETE_FORMAL_CASE,58
g1_GoodOverlap_n1000_rep0294,1,GoodOverlap,1000,294,104100294,204100294,remaining_formal_grid,COMPLETE_FORMAL_CASE,58
g1_GoodOverlap_n1000_rep0295,1,GoodOverlap,1000,295,104100295,204100295,remaining_formal_grid,COMPLETE_FORMAL_CASE,58
g1_GoodOverlap_n1000_rep0296,1,GoodOverlap,1000,296,104100296,204100296,remaining_formal_grid,COMPLETE_FORMAL_CASE,58
g1_GoodOverlap_n1000_rep0297,1,GoodOverlap,1000,297,104100297,204100297,remaining_formal_grid,COMPLETE_FORMAL_CASE,59
g1_GoodOverlap_n1000_rep0298,1,GoodOverlap,1000,298,104100298,204100298,remaining_formal_grid,COMPLETE_FORMAL_CASE,59
g1_GoodOverlap_n1000_rep0299,1,GoodOverlap,1000,299,104100299,204100299,remaining_formal_grid,COMPLETE_FORMAL_CASE,59
g1_GoodOverlap_n1000_rep0300,1,GoodOverlap,1000,300,104100300,204100300,remaining_formal_grid,COMPLETE_FORMAL_CASE,59
g1_GoodOverlap_n1000_rep0301,1,GoodOverlap,1000,301,104100301,204100301,remaining_formal_grid,COMPLETE_FORMAL_CASE,59
g1_GoodOverlap_n1000_rep0302,1,GoodOverlap,1000,302,104100302,204100302,remaining_formal_grid,COMPLETE_FORMAL_CASE,60
g1_GoodOverlap_n1000_rep0303,1,GoodOverlap,1000,303,104100303,204100303,remaining_formal_grid,COMPLETE_FORMAL_CASE,60
g1_GoodOverlap_n1000_rep0304,1,GoodOverlap,1000,304,104100304,204100304,remaining_formal_grid,COMPLETE_FORMAL_CASE,60
g1_GoodOverlap_n1000_rep0305,1,GoodOverlap,1000,305,104100305,204100305,remaining_formal_grid,COMPLETE_FORMAL_CASE,60
g1_GoodOverlap_n1000_rep0306,1,GoodOverlap,1000,306,104100306,204100306,remaining_formal_grid,COMPLETE_FORMAL_CASE,60
g1_GoodOverlap_n1000_rep0307,1,GoodOverlap,1000,307,104100307,204100307,remaining_formal_grid,COMPLETE_FORMAL_CASE,61
g1_GoodOverlap_n1000_rep0308,1,GoodOverlap,1000,308,104100308,204100308,remaining_formal_grid,COMPLETE_FORMAL_CASE,61
g1_GoodOverlap_n1000_rep0309,1,GoodOverlap,1000,309,104100309,204100309,remaining_formal_grid,COMPLETE_FORMAL_CASE,61
g1_GoodOverlap_n1000_rep0310,1,GoodOverlap,1000,310,104100310,204100310,remaining_formal_grid,COMPLETE_FORMAL_CASE,61
g1_GoodOverlap_n1000_rep0311,1,GoodOverlap,1000,311,104100311,204100311,remaining_formal_grid,COMPLETE_FORMAL_CASE,61
g1_GoodOverlap_n1000_rep0312,1,GoodOverlap,1000,312,104100312,204100312,remaining_formal_grid,COMPLETE_FORMAL_CASE,62
g1_GoodOverlap_n1000_rep0313,1,GoodOverlap,1000,313,104100313,204100313,remaining_formal_grid,COMPLETE_FORMAL_CASE,62
g1_GoodOverlap_n1000_rep0314,1,GoodOverlap,1000,314,104100314,204100314,remaining_formal_grid,COMPLETE_FORMAL_CASE,62
g1_GoodOverlap_n1000_rep0315,1,GoodOverlap,1000,315,104100315,204100315,remaining_formal_grid,COMPLETE_FORMAL_CASE,62
g1_GoodOverlap_n1000_rep0316,1,GoodOverlap,1000,316,104100316,204100316,remaining_formal_grid,COMPLETE_FORMAL_CASE,62
g1_GoodOverlap_n1000_rep0317,1,GoodOverlap,1000,317,104100317,204100317,remaining_formal_grid,COMPLETE_FORMAL_CASE,63
g1_GoodOverlap_n1000_rep0318,1,GoodOverlap,1000,318,104100318,204100318,remaining_formal_grid,COMPLETE_FORMAL_CASE,63
g1_GoodOverlap_n1000_rep0319,1,GoodOverlap,1000,319,104100319,204100319,remaining_formal_grid,COMPLETE_FORMAL_CASE,63
g1_GoodOverlap_n1000_rep0320,1,GoodOverlap,1000,320,104100320,204100320,remaining_formal_grid,COMPLETE_FORMAL_CASE,63
g1_GoodOverlap_n1000_rep0321,1,GoodOverlap,1000,321,104100321,204100321,remaining_formal_grid,COMPLETE_FORMAL_CASE,63
g1_GoodOverlap_n1000_rep0322,1,GoodOverlap,1000,322,104100322,204100322,remaining_formal_grid,COMPLETE_FORMAL_CASE,64
g1_GoodOverlap_n1000_rep0323,1,GoodOverlap,1000,323,104100323,204100323,remaining_formal_grid,COMPLETE_FORMAL_CASE,64
g1_GoodOverlap_n1000_rep0324,1,GoodOverlap,1000,324,104100324,204100324,remaining_formal_grid,COMPLETE_FORMAL_CASE,64
g1_GoodOverlap_n1000_rep0325,1,GoodOverlap,1000,325,104100325,204100325,remaining_formal_grid,COMPLETE_FORMAL_CASE,64
g1_GoodOverlap_n1000_rep0326,1,GoodOverlap,1000,326,104100326,204100326,remaining_formal_grid,COMPLETE_FORMAL_CASE,64
g1_GoodOverlap_n1000_rep0327,1,GoodOverlap,1000,327,104100327,204100327,remaining_formal_grid,COMPLETE_FORMAL_CASE,65
g1_GoodOverlap_n1000_rep0328,1,GoodOverlap,1000,328,104100328,204100328,remaining_formal_grid,COMPLETE_FORMAL_CASE,65
g1_GoodOverlap_n1000_rep0329,1,GoodOverlap,1000,329,104100329,204100329,remaining_formal_grid,COMPLETE_FORMAL_CASE,65
g1_GoodOverlap_n1000_rep0330,1,GoodOverlap,1000,330,104100330,204100330,remaining_formal_grid,COMPLETE_FORMAL_CASE,65
g1_GoodOverlap_n1000_rep0331,1,GoodOverlap,1000,331,104100331,204100331,remaining_formal_grid,COMPLETE_FORMAL_CASE,65
g1_GoodOverlap_n1000_rep0332,1,GoodOverlap,1000,332,104100332,204100332,remaining_formal_grid,COMPLETE_FORMAL_CASE,66
g1_GoodOverlap_n1000_rep0333,1,GoodOverlap,1000,333,104100333,204100333,remaining_formal_grid,COMPLETE_FORMAL_CASE,66
g1_GoodOverlap_n1000_rep0334,1,GoodOverlap,1000,334,104100334,204100334,remaining_formal_grid,COMPLETE_FORMAL_CASE,66
g1_GoodOverlap_n1000_rep0335,1,GoodOverlap,1000,335,104100335,204100335,remaining_formal_grid,COMPLETE_FORMAL_CASE,66
g1_GoodOverlap_n1000_rep0336,1,GoodOverlap,1000,336,104100336,204100336,remaining_formal_grid,COMPLETE_FORMAL_CASE,66
g1_GoodOverlap_n1000_rep0337,1,GoodOverlap,1000,337,104100337,204100337,remaining_formal_grid,COMPLETE_FORMAL_CASE,67
g1_GoodOverlap_n1000_rep0338,1,GoodOverlap,1000,338,104100338,204100338,remaining_formal_grid,COMPLETE_FORMAL_CASE,67
g1_GoodOverlap_n1000_rep0339,1,GoodOverlap,1000,339,104100339,204100339,remaining_formal_grid,COMPLETE_FORMAL_CASE,67
g1_GoodOverlap_n1000_rep0340,1,GoodOverlap,1000,340,104100340,204100340,remaining_formal_grid,COMPLETE_FORMAL_CASE,67
g1_GoodOverlap_n1000_rep0341,1,GoodOverlap,1000,341,104100341,204100341,remaining_formal_grid,COMPLETE_FORMAL_CASE,67
g1_GoodOverlap_n1000_rep0342,1,GoodOverlap,1000,342,104100342,204100342,remaining_formal_grid,COMPLETE_FORMAL_CASE,68
g1_GoodOverlap_n1000_rep0343,1,GoodOverlap,1000,343,104100343,204100343,remaining_formal_grid,COMPLETE_FORMAL_CASE,68
g1_GoodOverlap_n1000_rep0344,1,GoodOverlap,1000,344,104100344,204100344,remaining_formal_grid,COMPLETE_FORMAL_CASE,68
g1_GoodOverlap_n1000_rep0345,1,GoodOverlap,1000,345,104100345,204100345,remaining_formal_grid,COMPLETE_FORMAL_CASE,68
g1_GoodOverlap_n1000_rep0346,1,GoodOverlap,1000,346,104100346,204100346,remaining_formal_grid,COMPLETE_FORMAL_CASE,68
g1_GoodOverlap_n1000_rep0347,1,GoodOverlap,1000,347,104100347,204100347,remaining_formal_grid,COMPLETE_FORMAL_CASE,69
g1_GoodOverlap_n1000_rep0348,1,GoodOverlap,1000,348,104100348,204100348,remaining_formal_grid,COMPLETE_FORMAL_CASE,69
g1_GoodOverlap_n1000_rep0349,1,GoodOverlap,1000,349,104100349,204100349,remaining_formal_grid,COMPLETE_FORMAL_CASE,69
g1_GoodOverlap_n1000_rep0350,1,GoodOverlap,1000,350,104100350,204100350,remaining_formal_grid,COMPLETE_FORMAL_CASE,69
g1_GoodOverlap_n1000_rep0351,1,GoodOverlap,1000,351,104100351,204100351,remaining_formal_grid,COMPLETE_FORMAL_CASE,69
g1_GoodOverlap_n1000_rep0352,1,GoodOverlap,1000,352,104100352,204100352,remaining_formal_grid,COMPLETE_FORMAL_CASE,70
g1_GoodOverlap_n1000_rep0353,1,GoodOverlap,1000,353,104100353,204100353,remaining_formal_grid,COMPLETE_FORMAL_CASE,70
g1_GoodOverlap_n1000_rep0354,1,GoodOverlap,1000,354,104100354,204100354,remaining_formal_grid,COMPLETE_FORMAL_CASE,70
g1_GoodOverlap_n1000_rep0355,1,GoodOverlap,1000,355,104100355,204100355,remaining_formal_grid,COMPLETE_FORMAL_CASE,70
g1_GoodOverlap_n1000_rep0356,1,GoodOverlap,1000,356,104100356,204100356,remaining_formal_grid,COMPLETE_FORMAL_CASE,70
g1_GoodOverlap_n1000_rep0357,1,GoodOverlap,1000,357,104100357,204100357,remaining_formal_grid,COMPLETE_FORMAL_CASE,71
g1_GoodOverlap_n1000_rep0358,1,GoodOverlap,1000,358,104100358,204100358,remaining_formal_grid,COMPLETE_FORMAL_CASE,71
g1_GoodOverlap_n1000_rep0359,1,GoodOverlap,1000,359,104100359,204100359,remaining_formal_grid,COMPLETE_FORMAL_CASE,71
g1_GoodOverlap_n1000_rep0360,1,GoodOverlap,1000,360,104100360,204100360,remaining_formal_grid,COMPLETE_FORMAL_CASE,71
g1_GoodOverlap_n1000_rep0361,1,GoodOverlap,1000,361,104100361,204100361,remaining_formal_grid,COMPLETE_FORMAL_CASE,71
g1_GoodOverlap_n1000_rep0362,1,GoodOverlap,1000,362,104100362,204100362,remaining_formal_grid,COMPLETE_FORMAL_CASE,72
g1_GoodOverlap_n1000_rep0363,1,GoodOverlap,1000,363,104100363,204100363,remaining_formal_grid,COMPLETE_FORMAL_CASE,72
g1_GoodOverlap_n1000_rep0364,1,GoodOverlap,1000,364,104100364,204100364,remaining_formal_grid,COMPLETE_FORMAL_CASE,72
g1_GoodOverlap_n1000_rep0365,1,GoodOverlap,1000,365,104100365,204100365,remaining_formal_grid,COMPLETE_FORMAL_CASE,72
g1_GoodOverlap_n1000_rep0366,1,GoodOverlap,1000,366,104100366,204100366,remaining_formal_grid,COMPLETE_FORMAL_CASE,72
g1_GoodOverlap_n1000_rep0367,1,GoodOverlap,1000,367,104100367,204100367,remaining_formal_grid,COMPLETE_FORMAL_CASE,73
g1_GoodOverlap_n1000_rep0368,1,GoodOverlap,1000,368,104100368,204100368,remaining_formal_grid,COMPLETE_FORMAL_CASE,73
g1_GoodOverlap_n1000_rep0369,1,GoodOverlap,1000,369,104100369,204100369,remaining_formal_grid,COMPLETE_FORMAL_CASE,73
g1_GoodOverlap_n1000_rep0370,1,GoodOverlap,1000,370,104100370,204100370,remaining_formal_grid,COMPLETE_FORMAL_CASE,73
g1_GoodOverlap_n1000_rep0371,1,GoodOverlap,1000,371,104100371,204100371,remaining_formal_grid,COMPLETE_FORMAL_CASE,73
g1_GoodOverlap_n1000_rep0372,1,GoodOverlap,1000,372,104100372,204100372,remaining_formal_grid,COMPLETE_FORMAL_CASE,74
g1_GoodOverlap_n1000_rep0373,1,GoodOverlap,1000,373,104100373,204100373,remaining_formal_grid,COMPLETE_FORMAL_CASE,74
g1_GoodOverlap_n1000_rep0374,1,GoodOverlap,1000,374,104100374,204100374,remaining_formal_grid,COMPLETE_FORMAL_CASE,74
g1_GoodOverlap_n1000_rep0375,1,GoodOverlap,1000,375,104100375,204100375,remaining_formal_grid,COMPLETE_FORMAL_CASE,74
g1_GoodOverlap_n1000_rep0376,1,GoodOverlap,1000,376,104100376,204100376,remaining_formal_grid,COMPLETE_FORMAL_CASE,74
g1_GoodOverlap_n1000_rep0377,1,GoodOverlap,1000,377,104100377,204100377,remaining_formal_grid,COMPLETE_FORMAL_CASE,75
g1_GoodOverlap_n1000_rep0378,1,GoodOverlap,1000,378,104100378,204100378,remaining_formal_grid,COMPLETE_FORMAL_CASE,75
g1_GoodOverlap_n1000_rep0379,1,GoodOverlap,1000,379,104100379,204100379,remaining_formal_grid,COMPLETE_FORMAL_CASE,75
g1_GoodOverlap_n1000_rep0380,1,GoodOverlap,1000,380,104100380,204100380,remaining_formal_grid,COMPLETE_FORMAL_CASE,75
g1_GoodOverlap_n1000_rep0381,1,GoodOverlap,1000,381,104100381,204100381,remaining_formal_grid,COMPLETE_FORMAL_CASE,75
g1_GoodOverlap_n1000_rep0382,1,GoodOverlap,1000,382,104100382,204100382,remaining_formal_grid,COMPLETE_FORMAL_CASE,76
g1_GoodOverlap_n1000_rep0383,1,GoodOverlap,1000,383,104100383,204100383,remaining_formal_grid,COMPLETE_FORMAL_CASE,76
g1_GoodOverlap_n1000_rep0384,1,GoodOverlap,1000,384,104100384,204100384,remaining_formal_grid,COMPLETE_FORMAL_CASE,76
g1_GoodOverlap_n1000_rep0385,1,GoodOverlap,1000,385,104100385,204100385,remaining_formal_grid,COMPLETE_FORMAL_CASE,76
g1_GoodOverlap_n1000_rep0386,1,GoodOverlap,1000,386,104100386,204100386,remaining_formal_grid,COMPLETE_FORMAL_CASE,76
g1_GoodOverlap_n1000_rep0387,1,GoodOverlap,1000,387,104100387,204100387,remaining_formal_grid,COMPLETE_FORMAL_CASE,77
g1_GoodOverlap_n1000_rep0388,1,GoodOverlap,1000,388,104100388,204100388,remaining_formal_grid,COMPLETE_FORMAL_CASE,77
g1_GoodOverlap_n1000_rep0389,1,GoodOverlap,1000,389,104100389,204100389,remaining_formal_grid,COMPLETE_FORMAL_CASE,77
g1_GoodOverlap_n1000_rep0390,1,GoodOverlap,1000,390,104100390,204100390,remaining_formal_grid,COMPLETE_FORMAL_CASE,77
g1_GoodOverlap_n1000_rep0391,1,GoodOverlap,1000,391,104100391,204100391,remaining_formal_grid,COMPLETE_FORMAL_CASE,77
g1_GoodOverlap_n1000_rep0392,1,GoodOverlap,1000,392,104100392,204100392,remaining_formal_grid,COMPLETE_FORMAL_CASE,78
g1_GoodOverlap_n1000_rep0393,1,GoodOverlap,1000,393,104100393,204100393,remaining_formal_grid,COMPLETE_FORMAL_CASE,78
g1_GoodOverlap_n1000_rep0394,1,GoodOverlap,1000,394,104100394,204100394,remaining_formal_grid,COMPLETE_FORMAL_CASE,78
g1_GoodOverlap_n1000_rep0395,1,GoodOverlap,1000,395,104100395,204100395,remaining_formal_grid,COMPLETE_FORMAL_CASE,78
g1_GoodOverlap_n1000_rep0396,1,GoodOverlap,1000,396,104100396,204100396,remaining_formal_grid,COMPLETE_FORMAL_CASE,78
g1_GoodOverlap_n1000_rep0397,1,GoodOverlap,1000,397,104100397,204100397,remaining_formal_grid,COMPLETE_FORMAL_CASE,79
g1_GoodOverlap_n1000_rep0398,1,GoodOverlap,1000,398,104100398,204100398,remaining_formal_grid,COMPLETE_FORMAL_CASE,79
g1_GoodOverlap_n1000_rep0399,1,GoodOverlap,1000,399,104100399,204100399,remaining_formal_grid,COMPLETE_FORMAL_CASE,79
g1_GoodOverlap_n1000_rep0400,1,GoodOverlap,1000,400,104100400,204100400,remaining_formal_grid,COMPLETE_FORMAL_CASE,79
g1_GoodOverlap_n1000_rep0401,1,GoodOverlap,1000,401,104100401,204100401,remaining_formal_grid,COMPLETE_FORMAL_CASE,79
g1_GoodOverlap_n1000_rep0402,1,GoodOverlap,1000,402,104100402,204100402,remaining_formal_grid,COMPLETE_FORMAL_CASE,80
g1_GoodOverlap_n1000_rep0403,1,GoodOverlap,1000,403,104100403,204100403,remaining_formal_grid,COMPLETE_FORMAL_CASE,80
g1_GoodOverlap_n1000_rep0404,1,GoodOverlap,1000,404,104100404,204100404,remaining_formal_grid,COMPLETE_FORMAL_CASE,80
g1_GoodOverlap_n1000_rep0405,1,GoodOverlap,1000,405,104100405,204100405,remaining_formal_grid,COMPLETE_FORMAL_CASE,80
g1_GoodOverlap_n1000_rep0406,1,GoodOverlap,1000,406,104100406,204100406,remaining_formal_grid,COMPLETE_FORMAL_CASE,80
g1_GoodOverlap_n1000_rep0407,1,GoodOverlap,1000,407,104100407,204100407,remaining_formal_grid,COMPLETE_FORMAL_CASE,81
g1_GoodOverlap_n1000_rep0408,1,GoodOverlap,1000,408,104100408,204100408,remaining_formal_grid,COMPLETE_FORMAL_CASE,81
g1_GoodOverlap_n1000_rep0409,1,GoodOverlap,1000,409,104100409,204100409,remaining_formal_grid,COMPLETE_FORMAL_CASE,81
g1_GoodOverlap_n1000_rep0410,1,GoodOverlap,1000,410,104100410,204100410,remaining_formal_grid,COMPLETE_FORMAL_CASE,81
g1_GoodOverlap_n1000_rep0411,1,GoodOverlap,1000,411,104100411,204100411,remaining_formal_grid,COMPLETE_FORMAL_CASE,81
g1_GoodOverlap_n1000_rep0412,1,GoodOverlap,1000,412,104100412,204100412,remaining_formal_grid,COMPLETE_FORMAL_CASE,82
g1_GoodOverlap_n1000_rep0413,1,GoodOverlap,1000,413,104100413,204100413,remaining_formal_grid,COMPLETE_FORMAL_CASE,82
g1_GoodOverlap_n1000_rep0414,1,GoodOverlap,1000,414,104100414,204100414,remaining_formal_grid,COMPLETE_FORMAL_CASE,82
g1_GoodOverlap_n1000_rep0415,1,GoodOverlap,1000,415,104100415,204100415,remaining_formal_grid,COMPLETE_FORMAL_CASE,82
g1_GoodOverlap_n1000_rep0416,1,GoodOverlap,1000,416,104100416,204100416,remaining_formal_grid,COMPLETE_FORMAL_CASE,82
g1_GoodOverlap_n1000_rep0417,1,GoodOverlap,1000,417,104100417,204100417,remaining_formal_grid,COMPLETE_FORMAL_CASE,83
g1_GoodOverlap_n1000_rep0418,1,GoodOverlap,1000,418,104100418,204100418,remaining_formal_grid,COMPLETE_FORMAL_CASE,83
g1_GoodOverlap_n1000_rep0419,1,GoodOverlap,1000,419,104100419,204100419,remaining_formal_grid,COMPLETE_FORMAL_CASE,83
g1_GoodOverlap_n1000_rep0420,1,GoodOverlap,1000,420,104100420,204100420,remaining_formal_grid,COMPLETE_FORMAL_CASE,83
g1_GoodOverlap_n1000_rep0421,1,GoodOverlap,1000,421,104100421,204100421,remaining_formal_grid,COMPLETE_FORMAL_CASE,83
g1_GoodOverlap_n1000_rep0422,1,GoodOverlap,1000,422,104100422,204100422,remaining_formal_grid,COMPLETE_FORMAL_CASE,84
g1_GoodOverlap_n1000_rep0423,1,GoodOverlap,1000,423,104100423,204100423,remaining_formal_grid,COMPLETE_FORMAL_CASE,84
g1_GoodOverlap_n1000_rep0424,1,GoodOverlap,1000,424,104100424,204100424,remaining_formal_grid,COMPLETE_FORMAL_CASE,84
g1_GoodOverlap_n1000_rep0425,1,GoodOverlap,1000,425,104100425,204100425,remaining_formal_grid,COMPLETE_FORMAL_CASE,84
g1_GoodOverlap_n1000_rep0426,1,GoodOverlap,1000,426,104100426,204100426,remaining_formal_grid,COMPLETE_FORMAL_CASE,84
g1_GoodOverlap_n1000_rep0427,1,GoodOverlap,1000,427,104100427,204100427,remaining_formal_grid,COMPLETE_FORMAL_CASE,85
g1_GoodOverlap_n1000_rep0428,1,GoodOverlap,1000,428,104100428,204100428,remaining_formal_grid,COMPLETE_FORMAL_CASE,85
g1_GoodOverlap_n1000_rep0429,1,GoodOverlap,1000,429,104100429,204100429,remaining_formal_grid,COMPLETE_FORMAL_CASE,85
g1_GoodOverlap_n1000_rep0430,1,GoodOverlap,1000,430,104100430,204100430,remaining_formal_grid,COMPLETE_FORMAL_CASE,85
g1_GoodOverlap_n1000_rep0431,1,GoodOverlap,1000,431,104100431,204100431,remaining_formal_grid,COMPLETE_FORMAL_CASE,85
g1_GoodOverlap_n1000_rep0432,1,GoodOverlap,1000,432,104100432,204100432,remaining_formal_grid,COMPLETE_FORMAL_CASE,86
g1_GoodOverlap_n1000_rep0433,1,GoodOverlap,1000,433,104100433,204100433,remaining_formal_grid,COMPLETE_FORMAL_CASE,86
g1_GoodOverlap_n1000_rep0434,1,GoodOverlap,1000,434,104100434,204100434,remaining_formal_grid,COMPLETE_FORMAL_CASE,86
g1_GoodOverlap_n1000_rep0435,1,GoodOverlap,1000,435,104100435,204100435,remaining_formal_grid,COMPLETE_FORMAL_CASE,86
g1_GoodOverlap_n1000_rep0436,1,GoodOverlap,1000,436,104100436,204100436,remaining_formal_grid,COMPLETE_FORMAL_CASE,86
g1_GoodOverlap_n1000_rep0437,1,GoodOverlap,1000,437,104100437,204100437,remaining_formal_grid,COMPLETE_FORMAL_CASE,87
g1_GoodOverlap_n1000_rep0438,1,GoodOverlap,1000,438,104100438,204100438,remaining_formal_grid,COMPLETE_FORMAL_CASE,87
g1_GoodOverlap_n1000_rep0439,1,GoodOverlap,1000,439,104100439,204100439,remaining_formal_grid,COMPLETE_FORMAL_CASE,87
g1_GoodOverlap_n1000_rep0440,1,GoodOverlap,1000,440,104100440,204100440,remaining_formal_grid,COMPLETE_FORMAL_CASE,87
g1_GoodOverlap_n1000_rep0441,1,GoodOverlap,1000,441,104100441,204100441,remaining_formal_grid,COMPLETE_FORMAL_CASE,87
g1_GoodOverlap_n1000_rep0442,1,GoodOverlap,1000,442,104100442,204100442,remaining_formal_grid,COMPLETE_FORMAL_CASE,88
g1_GoodOverlap_n1000_rep0443,1,GoodOverlap,1000,443,104100443,204100443,remaining_formal_grid,COMPLETE_FORMAL_CASE,88
g1_GoodOverlap_n1000_rep0444,1,GoodOverlap,1000,444,104100444,204100444,remaining_formal_grid,COMPLETE_FORMAL_CASE,88
g1_GoodOverlap_n1000_rep0445,1,GoodOverlap,1000,445,104100445,204100445,remaining_formal_grid,COMPLETE_FORMAL_CASE,88
g1_GoodOverlap_n1000_rep0446,1,GoodOverlap,1000,446,104100446,204100446,remaining_formal_grid,COMPLETE_FORMAL_CASE,88
g1_GoodOverlap_n1000_rep0447,1,GoodOverlap,1000,447,104100447,204100447,remaining_formal_grid,COMPLETE_FORMAL_CASE,89
g1_GoodOverlap_n1000_rep0448,1,GoodOverlap,1000,448,104100448,204100448,remaining_formal_grid,COMPLETE_FORMAL_CASE,89
g1_GoodOverlap_n1000_rep0449,1,GoodOverlap,1000,449,104100449,204100449,remaining_formal_grid,COMPLETE_FORMAL_CASE,89
g1_GoodOverlap_n1000_rep0450,1,GoodOverlap,1000,450,104100450,204100450,remaining_formal_grid,COMPLETE_FORMAL_CASE,89
g1_GoodOverlap_n1000_rep0451,1,GoodOverlap,1000,451,104100451,204100451,remaining_formal_grid,COMPLETE_FORMAL_CASE,89
g1_GoodOverlap_n1000_rep0452,1,GoodOverlap,1000,452,104100452,204100452,remaining_formal_grid,COMPLETE_FORMAL_CASE,90
g1_GoodOverlap_n1000_rep0453,1,GoodOverlap,1000,453,104100453,204100453,remaining_formal_grid,COMPLETE_FORMAL_CASE,90
g1_GoodOverlap_n1000_rep0454,1,GoodOverlap,1000,454,104100454,204100454,remaining_formal_grid,COMPLETE_FORMAL_CASE,90
g1_GoodOverlap_n1000_rep0455,1,GoodOverlap,1000,455,104100455,204100455,remaining_formal_grid,COMPLETE_FORMAL_CASE,90
g1_GoodOverlap_n1000_rep0456,1,GoodOverlap,1000,456,104100456,204100456,remaining_formal_grid,COMPLETE_FORMAL_CASE,90
g1_GoodOverlap_n1000_rep0457,1,GoodOverlap,1000,457,104100457,204100457,remaining_formal_grid,COMPLETE_FORMAL_CASE,91
g1_GoodOverlap_n1000_rep0458,1,GoodOverlap,1000,458,104100458,204100458,remaining_formal_grid,COMPLETE_FORMAL_CASE,91
g1_GoodOverlap_n1000_rep0459,1,GoodOverlap,1000,459,104100459,204100459,remaining_formal_grid,COMPLETE_FORMAL_CASE,91
g1_GoodOverlap_n1000_rep0460,1,GoodOverlap,1000,460,104100460,204100460,remaining_formal_grid,COMPLETE_FORMAL_CASE,91
g1_GoodOverlap_n1000_rep0461,1,GoodOverlap,1000,461,104100461,204100461,remaining_formal_grid,COMPLETE_FORMAL_CASE,91
g1_GoodOverlap_n1000_rep0462,1,GoodOverlap,1000,462,104100462,204100462,remaining_formal_grid,COMPLETE_FORMAL_CASE,92
g1_GoodOverlap_n1000_rep0463,1,GoodOverlap,1000,463,104100463,204100463,remaining_formal_grid,COMPLETE_FORMAL_CASE,92
g1_GoodOverlap_n1000_rep0464,1,GoodOverlap,1000,464,104100464,204100464,remaining_formal_grid,COMPLETE_FORMAL_CASE,92
g1_GoodOverlap_n1000_rep0465,1,GoodOverlap,1000,465,104100465,204100465,remaining_formal_grid,COMPLETE_FORMAL_CASE,92
g1_GoodOverlap_n1000_rep0466,1,GoodOverlap,1000,466,104100466,204100466,remaining_formal_grid,COMPLETE_FORMAL_CASE,92
g1_GoodOverlap_n1000_rep0467,1,GoodOverlap,1000,467,104100467,204100467,remaining_formal_grid,COMPLETE_FORMAL_CASE,93
g1_GoodOverlap_n1000_rep0468,1,GoodOverlap,1000,468,104100468,204100468,remaining_formal_grid,COMPLETE_FORMAL_CASE,93
g1_GoodOverlap_n1000_rep0469,1,GoodOverlap,1000,469,104100469,204100469,remaining_formal_grid,COMPLETE_FORMAL_CASE,93
g1_GoodOverlap_n1000_rep0470,1,GoodOverlap,1000,470,104100470,204100470,remaining_formal_grid,COMPLETE_FORMAL_CASE,93
g1_GoodOverlap_n1000_rep0471,1,GoodOverlap,1000,471,104100471,204100471,remaining_formal_grid,COMPLETE_FORMAL_CASE,93
g1_GoodOverlap_n1000_rep0472,1,GoodOverlap,1000,472,104100472,204100472,remaining_formal_grid,COMPLETE_FORMAL_CASE,94
g1_GoodOverlap_n1000_rep0473,1,GoodOverlap,1000,473,104100473,204100473,remaining_formal_grid,COMPLETE_FORMAL_CASE,94
g1_GoodOverlap_n1000_rep0474,1,GoodOverlap,1000,474,104100474,204100474,remaining_formal_grid,COMPLETE_FORMAL_CASE,94
g1_GoodOverlap_n1000_rep0475,1,GoodOverlap,1000,475,104100475,204100475,remaining_formal_grid,COMPLETE_FORMAL_CASE,94
g1_GoodOverlap_n1000_rep0476,1,GoodOverlap,1000,476,104100476,204100476,remaining_formal_grid,COMPLETE_FORMAL_CASE,94
g1_GoodOverlap_n1000_rep0477,1,GoodOverlap,1000,477,104100477,204100477,remaining_formal_grid,COMPLETE_FORMAL_CASE,95
g1_GoodOverlap_n1000_rep0478,1,GoodOverlap,1000,478,104100478,204100478,remaining_formal_grid,COMPLETE_FORMAL_CASE,95
g1_GoodOverlap_n1000_rep0479,1,GoodOverlap,1000,479,104100479,204100479,remaining_formal_grid,COMPLETE_FORMAL_CASE,95
g1_GoodOverlap_n1000_rep0480,1,GoodOverlap,1000,480,104100480,204100480,remaining_formal_grid,COMPLETE_FORMAL_CASE,95
g1_GoodOverlap_n1000_rep0481,1,GoodOverlap,1000,481,104100481,204100481,remaining_formal_grid,COMPLETE_FORMAL_CASE,95
g1_GoodOverlap_n1000_rep0482,1,GoodOverlap,1000,482,104100482,204100482,remaining_formal_grid,COMPLETE_FORMAL_CASE,96
g1_GoodOverlap_n1000_rep0483,1,GoodOverlap,1000,483,104100483,204100483,remaining_formal_grid,COMPLETE_FORMAL_CASE,96
g1_GoodOverlap_n1000_rep0484,1,GoodOverlap,1000,484,104100484,204100484,remaining_formal_grid,COMPLETE_FORMAL_CASE,96
g1_GoodOverlap_n1000_rep0485,1,GoodOverlap,1000,485,104100485,204100485,remaining_formal_grid,COMPLETE_FORMAL_CASE,96
g1_GoodOverlap_n1000_rep0486,1,GoodOverlap,1000,486,104100486,204100486,remaining_formal_grid,COMPLETE_FORMAL_CASE,96
g1_GoodOverlap_n1000_rep0487,1,GoodOverlap,1000,487,104100487,204100487,remaining_formal_grid,COMPLETE_FORMAL_CASE,97
g1_GoodOverlap_n1000_rep0488,1,GoodOverlap,1000,488,104100488,204100488,remaining_formal_grid,COMPLETE_FORMAL_CASE,97
g1_GoodOverlap_n1000_rep0489,1,GoodOverlap,1000,489,104100489,204100489,remaining_formal_grid,COMPLETE_FORMAL_CASE,97
g1_GoodOverlap_n1000_rep0490,1,GoodOverlap,1000,490,104100490,204100490,remaining_formal_grid,COMPLETE_FORMAL_CASE,97
g1_GoodOverlap_n1000_rep0491,1,GoodOverlap,1000,491,104100491,204100491,remaining_formal_grid,COMPLETE_FORMAL_CASE,97
g1_GoodOverlap_n1000_rep0492,1,GoodOverlap,1000,492,104100492,204100492,remaining_formal_grid,COMPLETE_FORMAL_CASE,98
g1_GoodOverlap_n1000_rep0493,1,GoodOverlap,1000,493,104100493,204100493,remaining_formal_grid,COMPLETE_FORMAL_CASE,98
g1_GoodOverlap_n1000_rep0494,1,GoodOverlap,1000,494,104100494,204100494,remaining_formal_grid,COMPLETE_FORMAL_CASE,98
g1_GoodOverlap_n1000_rep0495,1,GoodOverlap,1000,495,104100495,204100495,remaining_formal_grid,COMPLETE_FORMAL_CASE,98
g1_GoodOverlap_n1000_rep0496,1,GoodOverlap,1000,496,104100496,204100496,remaining_formal_grid,COMPLETE_FORMAL_CASE,98
g1_GoodOverlap_n1000_rep0497,1,GoodOverlap,1000,497,104100497,204100497,remaining_formal_grid,COMPLETE_FORMAL_CASE,99
g1_GoodOverlap_n1000_rep0498,1,GoodOverlap,1000,498,104100498,204100498,remaining_formal_grid,COMPLETE_FORMAL_CASE,99
g1_GoodOverlap_n1000_rep0499,1,GoodOverlap,1000,499,104100499,204100499,remaining_formal_grid,COMPLETE_FORMAL_CASE,99
g1_GoodOverlap_n1000_rep0500,1,GoodOverlap,1000,500,104100500,204100500,remaining_formal_grid,COMPLETE_FORMAL_CASE,99
g1_GoodOverlap_n1000_rep0501,1,GoodOverlap,1000,501,104100501,204100501,remaining_formal_grid,COMPLETE_FORMAL_CASE,99
g1_GoodOverlap_n1000_rep0502,1,GoodOverlap,1000,502,104100502,204100502,remaining_formal_grid,COMPLETE_FORMAL_CASE,100
g1_GoodOverlap_n1000_rep0503,1,GoodOverlap,1000,503,104100503,204100503,remaining_formal_grid,COMPLETE_FORMAL_CASE,100
g1_GoodOverlap_n1000_rep0504,1,GoodOverlap,1000,504,104100504,204100504,remaining_formal_grid,COMPLETE_FORMAL_CASE,100
g1_GoodOverlap_n1000_rep0505,1,GoodOverlap,1000,505,104100505,204100505,remaining_formal_grid,COMPLETE_FORMAL_CASE,100
g1_GoodOverlap_n1000_rep0506,1,GoodOverlap,1000,506,104100506,204100506,remaining_formal_grid,COMPLETE_FORMAL_CASE,100
g1_GoodOverlap_n1000_rep0507,1,GoodOverlap,1000,507,104100507,204100507,remaining_formal_grid,COMPLETE_FORMAL_CASE,101
g1_GoodOverlap_n1000_rep0508,1,GoodOverlap,1000,508,104100508,204100508,remaining_formal_grid,COMPLETE_FORMAL_CASE,101
g1_GoodOverlap_n1000_rep0509,1,GoodOverlap,1000,509,104100509,204100509,remaining_formal_grid,COMPLETE_FORMAL_CASE,101
g1_GoodOverlap_n1000_rep0510,1,GoodOverlap,1000,510,104100510,204100510,remaining_formal_grid,COMPLETE_FORMAL_CASE,101
g1_GoodOverlap_n1000_rep0511,1,GoodOverlap,1000,511,104100511,204100511,remaining_formal_grid,COMPLETE_FORMAL_CASE,101
g1_GoodOverlap_n1000_rep0512,1,GoodOverlap,1000,512,104100512,204100512,remaining_formal_grid,COMPLETE_FORMAL_CASE,102
g1_GoodOverlap_n1000_rep0513,1,GoodOverlap,1000,513,104100513,204100513,remaining_formal_grid,COMPLETE_FORMAL_CASE,102
g1_GoodOverlap_n1000_rep0514,1,GoodOverlap,1000,514,104100514,204100514,remaining_formal_grid,COMPLETE_FORMAL_CASE,102
g1_GoodOverlap_n1000_rep0515,1,GoodOverlap,1000,515,104100515,204100515,remaining_formal_grid,COMPLETE_FORMAL_CASE,102
g1_GoodOverlap_n1000_rep0516,1,GoodOverlap,1000,516,104100516,204100516,remaining_formal_grid,COMPLETE_FORMAL_CASE,102
g1_GoodOverlap_n1000_rep0517,1,GoodOverlap,1000,517,104100517,204100517,remaining_formal_grid,COMPLETE_FORMAL_CASE,103
g1_GoodOverlap_n1000_rep0518,1,GoodOverlap,1000,518,104100518,204100518,remaining_formal_grid,COMPLETE_FORMAL_CASE,103
g1_GoodOverlap_n1000_rep0519,1,GoodOverlap,1000,519,104100519,204100519,remaining_formal_grid,COMPLETE_FORMAL_CASE,103
g1_GoodOverlap_n1000_rep0520,1,GoodOverlap,1000,520,104100520,204100520,remaining_formal_grid,COMPLETE_FORMAL_CASE,103
g1_GoodOverlap_n1000_rep0521,1,GoodOverlap,1000,521,104100521,204100521,remaining_formal_grid,COMPLETE_FORMAL_CASE,103
g1_GoodOverlap_n1000_rep0522,1,GoodOverlap,1000,522,104100522,204100522,remaining_formal_grid,COMPLETE_FORMAL_CASE,104
g1_GoodOverlap_n1000_rep0523,1,GoodOverlap,1000,523,104100523,204100523,remaining_formal_grid,COMPLETE_FORMAL_CASE,104
g1_GoodOverlap_n1000_rep0524,1,GoodOverlap,1000,524,104100524,204100524,remaining_formal_grid,COMPLETE_FORMAL_CASE,104
g1_GoodOverlap_n1000_rep0525,1,GoodOverlap,1000,525,104100525,204100525,remaining_formal_grid,COMPLETE_FORMAL_CASE,104
g1_GoodOverlap_n1000_rep0526,1,GoodOverlap,1000,526,104100526,204100526,remaining_formal_grid,COMPLETE_FORMAL_CASE,104
g1_GoodOverlap_n1000_rep0527,1,GoodOverlap,1000,527,104100527,204100527,remaining_formal_grid,COMPLETE_FORMAL_CASE,105
g1_GoodOverlap_n1000_rep0528,1,GoodOverlap,1000,528,104100528,204100528,remaining_formal_grid,COMPLETE_FORMAL_CASE,105
g1_GoodOverlap_n1000_rep0529,1,GoodOverlap,1000,529,104100529,204100529,remaining_formal_grid,COMPLETE_FORMAL_CASE,105
g1_GoodOverlap_n1000_rep0530,1,GoodOverlap,1000,530,104100530,204100530,remaining_formal_grid,COMPLETE_FORMAL_CASE,105
g1_GoodOverlap_n1000_rep0531,1,GoodOverlap,1000,531,104100531,204100531,remaining_formal_grid,COMPLETE_FORMAL_CASE,105
g1_GoodOverlap_n1000_rep0532,1,GoodOverlap,1000,532,104100532,204100532,remaining_formal_grid,COMPLETE_FORMAL_CASE,106
g1_GoodOverlap_n1000_rep0533,1,GoodOverlap,1000,533,104100533,204100533,remaining_formal_grid,COMPLETE_FORMAL_CASE,106
g1_GoodOverlap_n1000_rep0534,1,GoodOverlap,1000,534,104100534,204100534,remaining_formal_grid,COMPLETE_FORMAL_CASE,106
g1_GoodOverlap_n1000_rep0535,1,GoodOverlap,1000,535,104100535,204100535,remaining_formal_grid,COMPLETE_FORMAL_CASE,106
g1_GoodOverlap_n1000_rep0536,1,GoodOverlap,1000,536,104100536,204100536,remaining_formal_grid,COMPLETE_FORMAL_CASE,106
g1_GoodOverlap_n1000_rep0537,1,GoodOverlap,1000,537,104100537,204100537,remaining_formal_grid,COMPLETE_FORMAL_CASE,107
g1_GoodOverlap_n1000_rep0538,1,GoodOverlap,1000,538,104100538,204100538,remaining_formal_grid,COMPLETE_FORMAL_CASE,107
g1_GoodOverlap_n1000_rep0539,1,GoodOverlap,1000,539,104100539,204100539,remaining_formal_grid,COMPLETE_FORMAL_CASE,107
g1_GoodOverlap_n1000_rep0540,1,GoodOverlap,1000,540,104100540,204100540,remaining_formal_grid,COMPLETE_FORMAL_CASE,107
g1_GoodOverlap_n1000_rep0541,1,GoodOverlap,1000,541,104100541,204100541,remaining_formal_grid,COMPLETE_FORMAL_CASE,107
g1_GoodOverlap_n1000_rep0542,1,GoodOverlap,1000,542,104100542,204100542,remaining_formal_grid,COMPLETE_FORMAL_CASE,108
g1_GoodOverlap_n1000_rep0543,1,GoodOverlap,1000,543,104100543,204100543,remaining_formal_grid,COMPLETE_FORMAL_CASE,108
g1_GoodOverlap_n1000_rep0544,1,GoodOverlap,1000,544,104100544,204100544,remaining_formal_grid,COMPLETE_FORMAL_CASE,108
g1_GoodOverlap_n1000_rep0545,1,GoodOverlap,1000,545,104100545,204100545,remaining_formal_grid,COMPLETE_FORMAL_CASE,108
g1_GoodOverlap_n1000_rep0546,1,GoodOverlap,1000,546,104100546,204100546,remaining_formal_grid,COMPLETE_FORMAL_CASE,108
g1_GoodOverlap_n1000_rep0547,1,GoodOverlap,1000,547,104100547,204100547,remaining_formal_grid,COMPLETE_FORMAL_CASE,109
g1_GoodOverlap_n1000_rep0548,1,GoodOverlap,1000,548,104100548,204100548,remaining_formal_grid,COMPLETE_FORMAL_CASE,109
g1_GoodOverlap_n1000_rep0549,1,GoodOverlap,1000,549,104100549,204100549,remaining_formal_grid,COMPLETE_FORMAL_CASE,109
g1_GoodOverlap_n1000_rep0550,1,GoodOverlap,1000,550,104100550,204100550,remaining_formal_grid,COMPLETE_FORMAL_CASE,109
g1_GoodOverlap_n1000_rep0551,1,GoodOverlap,1000,551,104100551,204100551,remaining_formal_grid,COMPLETE_FORMAL_CASE,109
g1_GoodOverlap_n1000_rep0552,1,GoodOverlap,1000,552,104100552,204100552,remaining_formal_grid,COMPLETE_FORMAL_CASE,110
g1_GoodOverlap_n1000_rep0553,1,GoodOverlap,1000,553,104100553,204100553,remaining_formal_grid,COMPLETE_FORMAL_CASE,110
g1_GoodOverlap_n1000_rep0554,1,GoodOverlap,1000,554,104100554,204100554,remaining_formal_grid,COMPLETE_FORMAL_CASE,110
g1_GoodOverlap_n1000_rep0555,1,GoodOverlap,1000,555,104100555,204100555,remaining_formal_grid,COMPLETE_FORMAL_CASE,110
g1_GoodOverlap_n1000_rep0556,1,GoodOverlap,1000,556,104100556,204100556,remaining_formal_grid,COMPLETE_FORMAL_CASE,110
g1_GoodOverlap_n1000_rep0557,1,GoodOverlap,1000,557,104100557,204100557,remaining_formal_grid,COMPLETE_FORMAL_CASE,111
g1_GoodOverlap_n1000_rep0558,1,GoodOverlap,1000,558,104100558,204100558,remaining_formal_grid,COMPLETE_FORMAL_CASE,111
g1_GoodOverlap_n1000_rep0559,1,GoodOverlap,1000,559,104100559,204100559,remaining_formal_grid,COMPLETE_FORMAL_CASE,111
g1_GoodOverlap_n1000_rep0560,1,GoodOverlap,1000,560,104100560,204100560,remaining_formal_grid,COMPLETE_FORMAL_CASE,111
g1_GoodOverlap_n1000_rep0561,1,GoodOverlap,1000,561,104100561,204100561,remaining_formal_grid,COMPLETE_FORMAL_CASE,111
g1_GoodOverlap_n1000_rep0562,1,GoodOverlap,1000,562,104100562,204100562,remaining_formal_grid,COMPLETE_FORMAL_CASE,112
g1_GoodOverlap_n1000_rep0563,1,GoodOverlap,1000,563,104100563,204100563,remaining_formal_grid,COMPLETE_FORMAL_CASE,112
g1_GoodOverlap_n1000_rep0564,1,GoodOverlap,1000,564,104100564,204100564,remaining_formal_grid,COMPLETE_FORMAL_CASE,112
g1_GoodOverlap_n1000_rep0565,1,GoodOverlap,1000,565,104100565,204100565,remaining_formal_grid,COMPLETE_FORMAL_CASE,112
g1_GoodOverlap_n1000_rep0566,1,GoodOverlap,1000,566,104100566,204100566,remaining_formal_grid,COMPLETE_FORMAL_CASE,112
g1_GoodOverlap_n1000_rep0567,1,GoodOverlap,1000,567,104100567,204100567,remaining_formal_grid,COMPLETE_FORMAL_CASE,113
g1_GoodOverlap_n1000_rep0568,1,GoodOverlap,1000,568,104100568,204100568,remaining_formal_grid,COMPLETE_FORMAL_CASE,113
g1_GoodOverlap_n1000_rep0569,1,GoodOverlap,1000,569,104100569,204100569,remaining_formal_grid,COMPLETE_FORMAL_CASE,113
g1_GoodOverlap_n1000_rep0570,1,GoodOverlap,1000,570,104100570,204100570,remaining_formal_grid,COMPLETE_FORMAL_CASE,113
g1_GoodOverlap_n1000_rep0571,1,GoodOverlap,1000,571,104100571,204100571,remaining_formal_grid,COMPLETE_FORMAL_CASE,113
g1_GoodOverlap_n1000_rep0572,1,GoodOverlap,1000,572,104100572,204100572,remaining_formal_grid,COMPLETE_FORMAL_CASE,114
g1_GoodOverlap_n1000_rep0573,1,GoodOverlap,1000,573,104100573,204100573,remaining_formal_grid,COMPLETE_FORMAL_CASE,114
g1_GoodOverlap_n1000_rep0574,1,GoodOverlap,1000,574,104100574,204100574,remaining_formal_grid,COMPLETE_FORMAL_CASE,114
g1_GoodOverlap_n1000_rep0575,1,GoodOverlap,1000,575,104100575,204100575,remaining_formal_grid,COMPLETE_FORMAL_CASE,114
g1_GoodOverlap_n1000_rep0576,1,GoodOverlap,1000,576,104100576,204100576,remaining_formal_grid,COMPLETE_FORMAL_CASE,114
g1_GoodOverlap_n1000_rep0577,1,GoodOverlap,1000,577,104100577,204100577,remaining_formal_grid,COMPLETE_FORMAL_CASE,115
g1_GoodOverlap_n1000_rep0578,1,GoodOverlap,1000,578,104100578,204100578,remaining_formal_grid,COMPLETE_FORMAL_CASE,115
g1_GoodOverlap_n1000_rep0579,1,GoodOverlap,1000,579,104100579,204100579,remaining_formal_grid,COMPLETE_FORMAL_CASE,115
g1_GoodOverlap_n1000_rep0580,1,GoodOverlap,1000,580,104100580,204100580,remaining_formal_grid,COMPLETE_FORMAL_CASE,115
g1_GoodOverlap_n1000_rep0581,1,GoodOverlap,1000,581,104100581,204100581,remaining_formal_grid,COMPLETE_FORMAL_CASE,115
g1_GoodOverlap_n1000_rep0582,1,GoodOverlap,1000,582,104100582,204100582,remaining_formal_grid,COMPLETE_FORMAL_CASE,116
g1_GoodOverlap_n1000_rep0583,1,GoodOverlap,1000,583,104100583,204100583,remaining_formal_grid,COMPLETE_FORMAL_CASE,116
g1_GoodOverlap_n1000_rep0584,1,GoodOverlap,1000,584,104100584,204100584,remaining_formal_grid,COMPLETE_FORMAL_CASE,116
g1_GoodOverlap_n1000_rep0585,1,GoodOverlap,1000,585,104100585,204100585,remaining_formal_grid,COMPLETE_FORMAL_CASE,116
g1_GoodOverlap_n1000_rep0586,1,GoodOverlap,1000,586,104100586,204100586,remaining_formal_grid,COMPLETE_FORMAL_CASE,116
g1_GoodOverlap_n1000_rep0587,1,GoodOverlap,1000,587,104100587,204100587,remaining_formal_grid,COMPLETE_FORMAL_CASE,117
g1_GoodOverlap_n1000_rep0588,1,GoodOverlap,1000,588,104100588,204100588,remaining_formal_grid,COMPLETE_FORMAL_CASE,117
g1_GoodOverlap_n1000_rep0589,1,GoodOverlap,1000,589,104100589,204100589,remaining_formal_grid,COMPLETE_FORMAL_CASE,117
g1_GoodOverlap_n1000_rep0590,1,GoodOverlap,1000,590,104100590,204100590,remaining_formal_grid,COMPLETE_FORMAL_CASE,117
g1_GoodOverlap_n1000_rep0591,1,GoodOverlap,1000,591,104100591,204100591,remaining_formal_grid,COMPLETE_FORMAL_CASE,117
g1_GoodOverlap_n1000_rep0592,1,GoodOverlap,1000,592,104100592,204100592,remaining_formal_grid,COMPLETE_FORMAL_CASE,118
g1_GoodOverlap_n1000_rep0593,1,GoodOverlap,1000,593,104100593,204100593,remaining_formal_grid,COMPLETE_FORMAL_CASE,118
g1_GoodOverlap_n1000_rep0594,1,GoodOverlap,1000,594,104100594,204100594,remaining_formal_grid,COMPLETE_FORMAL_CASE,118
g1_GoodOverlap_n1000_rep0595,1,GoodOverlap,1000,595,104100595,204100595,remaining_formal_grid,COMPLETE_FORMAL_CASE,118
g1_GoodOverlap_n1000_rep0596,1,GoodOverlap,1000,596,104100596,204100596,remaining_formal_grid,COMPLETE_FORMAL_CASE,118
g1_GoodOverlap_n1000_rep0597,1,GoodOverlap,1000,597,104100597,204100597,remaining_formal_grid,COMPLETE_FORMAL_CASE,119
g1_GoodOverlap_n1000_rep0598,1,GoodOverlap,1000,598,104100598,204100598,remaining_formal_grid,COMPLETE_FORMAL_CASE,119
g1_GoodOverlap_n1000_rep0599,1,GoodOverlap,1000,599,104100599,204100599,remaining_formal_grid,COMPLETE_FORMAL_CASE,119
g1_GoodOverlap_n1000_rep0600,1,GoodOverlap,1000,600,104100600,204100600,remaining_formal_grid,COMPLETE_FORMAL_CASE,119
g1_GoodOverlap_n1000_rep0601,1,GoodOverlap,1000,601,104100601,204100601,remaining_formal_grid,COMPLETE_FORMAL_CASE,119
g1_GoodOverlap_n1000_rep0602,1,GoodOverlap,1000,602,104100602,204100602,remaining_formal_grid,COMPLETE_FORMAL_CASE,120
g1_GoodOverlap_n1000_rep0603,1,GoodOverlap,1000,603,104100603,204100603,remaining_formal_grid,COMPLETE_FORMAL_CASE,120
g1_GoodOverlap_n1000_rep0604,1,GoodOverlap,1000,604,104100604,204100604,remaining_formal_grid,COMPLETE_FORMAL_CASE,120
g1_GoodOverlap_n1000_rep0605,1,GoodOverlap,1000,605,104100605,204100605,remaining_formal_grid,COMPLETE_FORMAL_CASE,120
g1_GoodOverlap_n1000_rep0606,1,GoodOverlap,1000,606,104100606,204100606,remaining_formal_grid,COMPLETE_FORMAL_CASE,120
g1_GoodOverlap_n1000_rep0607,1,GoodOverlap,1000,607,104100607,204100607,remaining_formal_grid,COMPLETE_FORMAL_CASE,121
g1_GoodOverlap_n1000_rep0608,1,GoodOverlap,1000,608,104100608,204100608,remaining_formal_grid,COMPLETE_FORMAL_CASE,121
g1_GoodOverlap_n1000_rep0609,1,GoodOverlap,1000,609,104100609,204100609,remaining_formal_grid,COMPLETE_FORMAL_CASE,121
g1_GoodOverlap_n1000_rep0610,1,GoodOverlap,1000,610,104100610,204100610,remaining_formal_grid,COMPLETE_FORMAL_CASE,121
g1_GoodOverlap_n1000_rep0611,1,GoodOverlap,1000,611,104100611,204100611,remaining_formal_grid,COMPLETE_FORMAL_CASE,121
g1_GoodOverlap_n1000_rep0612,1,GoodOverlap,1000,612,104100612,204100612,remaining_formal_grid,COMPLETE_FORMAL_CASE,122
g1_GoodOverlap_n1000_rep0613,1,GoodOverlap,1000,613,104100613,204100613,remaining_formal_grid,COMPLETE_FORMAL_CASE,122
g1_GoodOverlap_n1000_rep0614,1,GoodOverlap,1000,614,104100614,204100614,remaining_formal_grid,COMPLETE_FORMAL_CASE,122
g1_GoodOverlap_n1000_rep0615,1,GoodOverlap,1000,615,104100615,204100615,remaining_formal_grid,COMPLETE_FORMAL_CASE,122
g1_GoodOverlap_n1000_rep0616,1,GoodOverlap,1000,616,104100616,204100616,remaining_formal_grid,COMPLETE_FORMAL_CASE,122
g1_GoodOverlap_n1000_rep0617,1,GoodOverlap,1000,617,104100617,204100617,remaining_formal_grid,COMPLETE_FORMAL_CASE,123
g1_GoodOverlap_n1000_rep0618,1,GoodOverlap,1000,618,104100618,204100618,remaining_formal_grid,COMPLETE_FORMAL_CASE,123
g1_GoodOverlap_n1000_rep0619,1,GoodOverlap,1000,619,104100619,204100619,remaining_formal_grid,COMPLETE_FORMAL_CASE,123
g1_GoodOverlap_n1000_rep0620,1,GoodOverlap,1000,620,104100620,204100620,remaining_formal_grid,COMPLETE_FORMAL_CASE,123
g1_GoodOverlap_n1000_rep0621,1,GoodOverlap,1000,621,104100621,204100621,remaining_formal_grid,COMPLETE_FORMAL_CASE,123
g1_GoodOverlap_n1000_rep0622,1,GoodOverlap,1000,622,104100622,204100622,remaining_formal_grid,COMPLETE_FORMAL_CASE,124
g1_GoodOverlap_n1000_rep0623,1,GoodOverlap,1000,623,104100623,204100623,remaining_formal_grid,COMPLETE_FORMAL_CASE,124
g1_GoodOverlap_n1000_rep0624,1,GoodOverlap,1000,624,104100624,204100624,remaining_formal_grid,COMPLETE_FORMAL_CASE,124
g1_GoodOverlap_n1000_rep0625,1,GoodOverlap,1000,625,104100625,204100625,remaining_formal_grid,COMPLETE_FORMAL_CASE,124
g1_GoodOverlap_n1000_rep0626,1,GoodOverlap,1000,626,104100626,204100626,remaining_formal_grid,COMPLETE_FORMAL_CASE,124
g1_GoodOverlap_n1000_rep0627,1,GoodOverlap,1000,627,104100627,204100627,remaining_formal_grid,COMPLETE_FORMAL_CASE,125
g1_GoodOverlap_n1000_rep0628,1,GoodOverlap,1000,628,104100628,204100628,remaining_formal_grid,COMPLETE_FORMAL_CASE,125
g1_GoodOverlap_n1000_rep0629,1,GoodOverlap,1000,629,104100629,204100629,remaining_formal_grid,COMPLETE_FORMAL_CASE,125
g1_GoodOverlap_n1000_rep0630,1,GoodOverlap,1000,630,104100630,204100630,remaining_formal_grid,COMPLETE_FORMAL_CASE,125
g1_GoodOverlap_n1000_rep0631,1,GoodOverlap,1000,631,104100631,204100631,remaining_formal_grid,COMPLETE_FORMAL_CASE,125
g1_GoodOverlap_n1000_rep0632,1,GoodOverlap,1000,632,104100632,204100632,remaining_formal_grid,COMPLETE_FORMAL_CASE,126
g1_GoodOverlap_n1000_rep0633,1,GoodOverlap,1000,633,104100633,204100633,remaining_formal_grid,COMPLETE_FORMAL_CASE,126
g1_GoodOverlap_n1000_rep0634,1,GoodOverlap,1000,634,104100634,204100634,remaining_formal_grid,COMPLETE_FORMAL_CASE,126
g1_GoodOverlap_n1000_rep0635,1,GoodOverlap,1000,635,104100635,204100635,remaining_formal_grid,COMPLETE_FORMAL_CASE,126
g1_GoodOverlap_n1000_rep0636,1,GoodOverlap,1000,636,104100636,204100636,remaining_formal_grid,COMPLETE_FORMAL_CASE,126
g1_GoodOverlap_n1000_rep0637,1,GoodOverlap,1000,637,104100637,204100637,remaining_formal_grid,COMPLETE_FORMAL_CASE,127
g1_GoodOverlap_n1000_rep0638,1,GoodOverlap,1000,638,104100638,204100638,remaining_formal_grid,COMPLETE_FORMAL_CASE,127
g1_GoodOverlap_n1000_rep0639,1,GoodOverlap,1000,639,104100639,204100639,remaining_formal_grid,COMPLETE_FORMAL_CASE,127
g1_GoodOverlap_n1000_rep0640,1,GoodOverlap,1000,640,104100640,204100640,remaining_formal_grid,COMPLETE_FORMAL_CASE,127
g1_GoodOverlap_n1000_rep0641,1,GoodOverlap,1000,641,104100641,204100641,remaining_formal_grid,COMPLETE_FORMAL_CASE,127
g1_GoodOverlap_n1000_rep0642,1,GoodOverlap,1000,642,104100642,204100642,remaining_formal_grid,COMPLETE_FORMAL_CASE,128
g1_GoodOverlap_n1000_rep0643,1,GoodOverlap,1000,643,104100643,204100643,remaining_formal_grid,COMPLETE_FORMAL_CASE,128
g1_GoodOverlap_n1000_rep0644,1,GoodOverlap,1000,644,104100644,204100644,remaining_formal_grid,COMPLETE_FORMAL_CASE,128
g1_GoodOverlap_n1000_rep0645,1,GoodOverlap,1000,645,104100645,204100645,remaining_formal_grid,COMPLETE_FORMAL_CASE,128
g1_GoodOverlap_n1000_rep0646,1,GoodOverlap,1000,646,104100646,204100646,remaining_formal_grid,COMPLETE_FORMAL_CASE,128
g1_GoodOverlap_n1000_rep0647,1,GoodOverlap,1000,647,104100647,204100647,remaining_formal_grid,COMPLETE_FORMAL_CASE,129
g1_GoodOverlap_n1000_rep0648,1,GoodOverlap,1000,648,104100648,204100648,remaining_formal_grid,COMPLETE_FORMAL_CASE,129
g1_GoodOverlap_n1000_rep0649,1,GoodOverlap,1000,649,104100649,204100649,remaining_formal_grid,COMPLETE_FORMAL_CASE,129
g1_GoodOverlap_n1000_rep0650,1,GoodOverlap,1000,650,104100650,204100650,remaining_formal_grid,COMPLETE_FORMAL_CASE,129
g1_GoodOverlap_n1000_rep0651,1,GoodOverlap,1000,651,104100651,204100651,remaining_formal_grid,COMPLETE_FORMAL_CASE,129
g1_GoodOverlap_n1000_rep0652,1,GoodOverlap,1000,652,104100652,204100652,remaining_formal_grid,COMPLETE_FORMAL_CASE,130
g1_GoodOverlap_n1000_rep0653,1,GoodOverlap,1000,653,104100653,204100653,remaining_formal_grid,COMPLETE_FORMAL_CASE,130
g1_GoodOverlap_n1000_rep0654,1,GoodOverlap,1000,654,104100654,204100654,remaining_formal_grid,COMPLETE_FORMAL_CASE,130
g1_GoodOverlap_n1000_rep0655,1,GoodOverlap,1000,655,104100655,204100655,remaining_formal_grid,COMPLETE_FORMAL_CASE,130
g1_GoodOverlap_n1000_rep0656,1,GoodOverlap,1000,656,104100656,204100656,remaining_formal_grid,COMPLETE_FORMAL_CASE,130
g1_GoodOverlap_n1000_rep0657,1,GoodOverlap,1000,657,104100657,204100657,remaining_formal_grid,COMPLETE_FORMAL_CASE,131
g1_GoodOverlap_n1000_rep0658,1,GoodOverlap,1000,658,104100658,204100658,remaining_formal_grid,COMPLETE_FORMAL_CASE,131
g1_GoodOverlap_n1000_rep0659,1,GoodOverlap,1000,659,104100659,204100659,remaining_formal_grid,COMPLETE_FORMAL_CASE,131
g1_GoodOverlap_n1000_rep0660,1,GoodOverlap,1000,660,104100660,204100660,remaining_formal_grid,COMPLETE_FORMAL_CASE,131
g1_GoodOverlap_n1000_rep0661,1,GoodOverlap,1000,661,104100661,204100661,remaining_formal_grid,COMPLETE_FORMAL_CASE,131
g1_GoodOverlap_n1000_rep0662,1,GoodOverlap,1000,662,104100662,204100662,remaining_formal_grid,COMPLETE_FORMAL_CASE,132
g1_GoodOverlap_n1000_rep0663,1,GoodOverlap,1000,663,104100663,204100663,remaining_formal_grid,COMPLETE_FORMAL_CASE,132
g1_GoodOverlap_n1000_rep0664,1,GoodOverlap,1000,664,104100664,204100664,remaining_formal_grid,COMPLETE_FORMAL_CASE,132
g1_GoodOverlap_n1000_rep0665,1,GoodOverlap,1000,665,104100665,204100665,remaining_formal_grid,COMPLETE_FORMAL_CASE,132
g1_GoodOverlap_n1000_rep0666,1,GoodOverlap,1000,666,104100666,204100666,remaining_formal_grid,COMPLETE_FORMAL_CASE,132
g1_GoodOverlap_n1000_rep0667,1,GoodOverlap,1000,667,104100667,204100667,remaining_formal_grid,COMPLETE_FORMAL_CASE,133
g1_GoodOverlap_n1000_rep0668,1,GoodOverlap,1000,668,104100668,204100668,remaining_formal_grid,COMPLETE_FORMAL_CASE,133
g1_GoodOverlap_n1000_rep0669,1,GoodOverlap,1000,669,104100669,204100669,remaining_formal_grid,COMPLETE_FORMAL_CASE,133
g1_GoodOverlap_n1000_rep0670,1,GoodOverlap,1000,670,104100670,204100670,remaining_formal_grid,COMPLETE_FORMAL_CASE,133
g1_GoodOverlap_n1000_rep0671,1,GoodOverlap,1000,671,104100671,204100671,remaining_formal_grid,COMPLETE_FORMAL_CASE,133
g1_GoodOverlap_n1000_rep0672,1,GoodOverlap,1000,672,104100672,204100672,remaining_formal_grid,COMPLETE_FORMAL_CASE,134
g1_GoodOverlap_n1000_rep0673,1,GoodOverlap,1000,673,104100673,204100673,remaining_formal_grid,COMPLETE_FORMAL_CASE,134
g1_GoodOverlap_n1000_rep0674,1,GoodOverlap,1000,674,104100674,204100674,remaining_formal_grid,COMPLETE_FORMAL_CASE,134
g1_GoodOverlap_n1000_rep0675,1,GoodOverlap,1000,675,104100675,204100675,remaining_formal_grid,COMPLETE_FORMAL_CASE,134
g1_GoodOverlap_n1000_rep0676,1,GoodOverlap,1000,676,104100676,204100676,remaining_formal_grid,COMPLETE_FORMAL_CASE,134
g1_GoodOverlap_n1000_rep0677,1,GoodOverlap,1000,677,104100677,204100677,remaining_formal_grid,COMPLETE_FORMAL_CASE,135
g1_GoodOverlap_n1000_rep0678,1,GoodOverlap,1000,678,104100678,204100678,remaining_formal_grid,COMPLETE_FORMAL_CASE,135
g1_GoodOverlap_n1000_rep0679,1,GoodOverlap,1000,679,104100679,204100679,remaining_formal_grid,COMPLETE_FORMAL_CASE,135
g1_GoodOverlap_n1000_rep0680,1,GoodOverlap,1000,680,104100680,204100680,remaining_formal_grid,COMPLETE_FORMAL_CASE,135
g1_GoodOverlap_n1000_rep0681,1,GoodOverlap,1000,681,104100681,204100681,remaining_formal_grid,COMPLETE_FORMAL_CASE,135
g1_GoodOverlap_n1000_rep0682,1,GoodOverlap,1000,682,104100682,204100682,remaining_formal_grid,COMPLETE_FORMAL_CASE,136
g1_GoodOverlap_n1000_rep0683,1,GoodOverlap,1000,683,104100683,204100683,remaining_formal_grid,COMPLETE_FORMAL_CASE,136
g1_GoodOverlap_n1000_rep0684,1,GoodOverlap,1000,684,104100684,204100684,remaining_formal_grid,COMPLETE_FORMAL_CASE,136
g1_GoodOverlap_n1000_rep0685,1,GoodOverlap,1000,685,104100685,204100685,remaining_formal_grid,COMPLETE_FORMAL_CASE,136
g1_GoodOverlap_n1000_rep0686,1,GoodOverlap,1000,686,104100686,204100686,remaining_formal_grid,COMPLETE_FORMAL_CASE,136
g1_GoodOverlap_n1000_rep0687,1,GoodOverlap,1000,687,104100687,204100687,remaining_formal_grid,COMPLETE_FORMAL_CASE,137
g1_GoodOverlap_n1000_rep0688,1,GoodOverlap,1000,688,104100688,204100688,remaining_formal_grid,COMPLETE_FORMAL_CASE,137
g1_GoodOverlap_n1000_rep0689,1,GoodOverlap,1000,689,104100689,204100689,remaining_formal_grid,COMPLETE_FORMAL_CASE,137
g1_GoodOverlap_n1000_rep0690,1,GoodOverlap,1000,690,104100690,204100690,remaining_formal_grid,COMPLETE_FORMAL_CASE,137
g1_GoodOverlap_n1000_rep0691,1,GoodOverlap,1000,691,104100691,204100691,remaining_formal_grid,COMPLETE_FORMAL_CASE,137
g1_GoodOverlap_n1000_rep0692,1,GoodOverlap,1000,692,104100692,204100692,remaining_formal_grid,COMPLETE_FORMAL_CASE,138
g1_GoodOverlap_n1000_rep0693,1,GoodOverlap,1000,693,104100693,204100693,remaining_formal_grid,COMPLETE_FORMAL_CASE,138
g1_GoodOverlap_n1000_rep0694,1,GoodOverlap,1000,694,104100694,204100694,remaining_formal_grid,COMPLETE_FORMAL_CASE,138
g1_GoodOverlap_n1000_rep0695,1,GoodOverlap,1000,695,104100695,204100695,remaining_formal_grid,COMPLETE_FORMAL_CASE,138
g1_GoodOverlap_n1000_rep0696,1,GoodOverlap,1000,696,104100696,204100696,remaining_formal_grid,COMPLETE_FORMAL_CASE,138
g1_GoodOverlap_n1000_rep0697,1,GoodOverlap,1000,697,104100697,204100697,remaining_formal_grid,COMPLETE_FORMAL_CASE,139
g1_GoodOverlap_n1000_rep0698,1,GoodOverlap,1000,698,104100698,204100698,remaining_formal_grid,COMPLETE_FORMAL_CASE,139
g1_GoodOverlap_n1000_rep0699,1,GoodOverlap,1000,699,104100699,204100699,remaining_formal_grid,COMPLETE_FORMAL_CASE,139
g1_GoodOverlap_n1000_rep0700,1,GoodOverlap,1000,700,104100700,204100700,remaining_formal_grid,COMPLETE_FORMAL_CASE,139
g1_GoodOverlap_n1000_rep0701,1,GoodOverlap,1000,701,104100701,204100701,remaining_formal_grid,COMPLETE_FORMAL_CASE,139
g1_GoodOverlap_n1000_rep0702,1,GoodOverlap,1000,702,104100702,204100702,remaining_formal_grid,COMPLETE_FORMAL_CASE,140
g1_GoodOverlap_n1000_rep0703,1,GoodOverlap,1000,703,104100703,204100703,remaining_formal_grid,COMPLETE_FORMAL_CASE,140
g1_GoodOverlap_n1000_rep0704,1,GoodOverlap,1000,704,104100704,204100704,remaining_formal_grid,COMPLETE_FORMAL_CASE,140
g1_GoodOverlap_n1000_rep0705,1,GoodOverlap,1000,705,104100705,204100705,remaining_formal_grid,COMPLETE_FORMAL_CASE,140
g1_GoodOverlap_n1000_rep0706,1,GoodOverlap,1000,706,104100706,204100706,remaining_formal_grid,COMPLETE_FORMAL_CASE,140
g1_GoodOverlap_n1000_rep0707,1,GoodOverlap,1000,707,104100707,204100707,remaining_formal_grid,COMPLETE_FORMAL_CASE,141
g1_GoodOverlap_n1000_rep0708,1,GoodOverlap,1000,708,104100708,204100708,remaining_formal_grid,COMPLETE_FORMAL_CASE,141
g1_GoodOverlap_n1000_rep0709,1,GoodOverlap,1000,709,104100709,204100709,remaining_formal_grid,COMPLETE_FORMAL_CASE,141
g1_GoodOverlap_n1000_rep0710,1,GoodOverlap,1000,710,104100710,204100710,remaining_formal_grid,COMPLETE_FORMAL_CASE,141
g1_GoodOverlap_n1000_rep0711,1,GoodOverlap,1000,711,104100711,204100711,remaining_formal_grid,COMPLETE_FORMAL_CASE,141
g1_GoodOverlap_n1000_rep0712,1,GoodOverlap,1000,712,104100712,204100712,remaining_formal_grid,COMPLETE_FORMAL_CASE,142
g1_GoodOverlap_n1000_rep0713,1,GoodOverlap,1000,713,104100713,204100713,remaining_formal_grid,COMPLETE_FORMAL_CASE,142
g1_GoodOverlap_n1000_rep0714,1,GoodOverlap,1000,714,104100714,204100714,remaining_formal_grid,COMPLETE_FORMAL_CASE,142
g1_GoodOverlap_n1000_rep0715,1,GoodOverlap,1000,715,104100715,204100715,remaining_formal_grid,COMPLETE_FORMAL_CASE,142
g1_GoodOverlap_n1000_rep0716,1,GoodOverlap,1000,716,104100716,204100716,remaining_formal_grid,COMPLETE_FORMAL_CASE,142
g1_GoodOverlap_n1000_rep0717,1,GoodOverlap,1000,717,104100717,204100717,remaining_formal_grid,COMPLETE_FORMAL_CASE,143
g1_GoodOverlap_n1000_rep0718,1,GoodOverlap,1000,718,104100718,204100718,remaining_formal_grid,COMPLETE_FORMAL_CASE,143
g1_GoodOverlap_n1000_rep0719,1,GoodOverlap,1000,719,104100719,204100719,remaining_formal_grid,COMPLETE_FORMAL_CASE,143
g1_GoodOverlap_n1000_rep0720,1,GoodOverlap,1000,720,104100720,204100720,remaining_formal_grid,COMPLETE_FORMAL_CASE,143
g1_GoodOverlap_n1000_rep0721,1,GoodOverlap,1000,721,104100721,204100721,remaining_formal_grid,COMPLETE_FORMAL_CASE,143
g1_GoodOverlap_n1000_rep0722,1,GoodOverlap,1000,722,104100722,204100722,remaining_formal_grid,COMPLETE_FORMAL_CASE,144
g1_GoodOverlap_n1000_rep0723,1,GoodOverlap,1000,723,104100723,204100723,remaining_formal_grid,COMPLETE_FORMAL_CASE,144
g1_GoodOverlap_n1000_rep0724,1,GoodOverlap,1000,724,104100724,204100724,remaining_formal_grid,COMPLETE_FORMAL_CASE,144
g1_GoodOverlap_n1000_rep0725,1,GoodOverlap,1000,725,104100725,204100725,remaining_formal_grid,COMPLETE_FORMAL_CASE,144
g1_GoodOverlap_n1000_rep0726,1,GoodOverlap,1000,726,104100726,204100726,remaining_formal_grid,COMPLETE_FORMAL_CASE,144
g1_GoodOverlap_n1000_rep0727,1,GoodOverlap,1000,727,104100727,204100727,remaining_formal_grid,COMPLETE_FORMAL_CASE,145
g1_GoodOverlap_n1000_rep0728,1,GoodOverlap,1000,728,104100728,204100728,remaining_formal_grid,COMPLETE_FORMAL_CASE,145
g1_GoodOverlap_n1000_rep0729,1,GoodOverlap,1000,729,104100729,204100729,remaining_formal_grid,COMPLETE_FORMAL_CASE,145
g1_GoodOverlap_n1000_rep0730,1,GoodOverlap,1000,730,104100730,204100730,remaining_formal_grid,COMPLETE_FORMAL_CASE,145
g1_GoodOverlap_n1000_rep0731,1,GoodOverlap,1000,731,104100731,204100731,remaining_formal_grid,COMPLETE_FORMAL_CASE,145
g1_GoodOverlap_n1000_rep0732,1,GoodOverlap,1000,732,104100732,204100732,remaining_formal_grid,COMPLETE_FORMAL_CASE,146
g1_GoodOverlap_n1000_rep0733,1,GoodOverlap,1000,733,104100733,204100733,remaining_formal_grid,COMPLETE_FORMAL_CASE,146
g1_GoodOverlap_n1000_rep0734,1,GoodOverlap,1000,734,104100734,204100734,remaining_formal_grid,COMPLETE_FORMAL_CASE,146
g1_GoodOverlap_n1000_rep0735,1,GoodOverlap,1000,735,104100735,204100735,remaining_formal_grid,COMPLETE_FORMAL_CASE,146
g1_GoodOverlap_n1000_rep0736,1,GoodOverlap,1000,736,104100736,204100736,remaining_formal_grid,COMPLETE_FORMAL_CASE,146
g1_GoodOverlap_n1000_rep0737,1,GoodOverlap,1000,737,104100737,204100737,remaining_formal_grid,COMPLETE_FORMAL_CASE,147
g1_GoodOverlap_n1000_rep0738,1,GoodOverlap,1000,738,104100738,204100738,remaining_formal_grid,COMPLETE_FORMAL_CASE,147
g1_GoodOverlap_n1000_rep0739,1,GoodOverlap,1000,739,104100739,204100739,remaining_formal_grid,COMPLETE_FORMAL_CASE,147
g1_GoodOverlap_n1000_rep0740,1,GoodOverlap,1000,740,104100740,204100740,remaining_formal_grid,COMPLETE_FORMAL_CASE,147
g1_GoodOverlap_n1000_rep0741,1,GoodOverlap,1000,741,104100741,204100741,remaining_formal_grid,COMPLETE_FORMAL_CASE,147
g1_GoodOverlap_n1000_rep0742,1,GoodOverlap,1000,742,104100742,204100742,remaining_formal_grid,COMPLETE_FORMAL_CASE,148
g1_GoodOverlap_n1000_rep0743,1,GoodOverlap,1000,743,104100743,204100743,remaining_formal_grid,COMPLETE_FORMAL_CASE,148
g1_GoodOverlap_n1000_rep0744,1,GoodOverlap,1000,744,104100744,204100744,remaining_formal_grid,COMPLETE_FORMAL_CASE,148
g1_GoodOverlap_n1000_rep0745,1,GoodOverlap,1000,745,104100745,204100745,remaining_formal_grid,COMPLETE_FORMAL_CASE,148
g1_GoodOverlap_n1000_rep0746,1,GoodOverlap,1000,746,104100746,204100746,remaining_formal_grid,COMPLETE_FORMAL_CASE,148
g1_GoodOverlap_n1000_rep0747,1,GoodOverlap,1000,747,104100747,204100747,remaining_formal_grid,COMPLETE_FORMAL_CASE,149
g1_GoodOverlap_n1000_rep0748,1,GoodOverlap,1000,748,104100748,204100748,remaining_formal_grid,COMPLETE_FORMAL_CASE,149
g1_GoodOverlap_n1000_rep0749,1,GoodOverlap,1000,749,104100749,204100749,remaining_formal_grid,COMPLETE_FORMAL_CASE,149
g1_GoodOverlap_n1000_rep0750,1,GoodOverlap,1000,750,104100750,204100750,remaining_formal_grid,COMPLETE_FORMAL_CASE,149
g1_GoodOverlap_n1000_rep0751,1,GoodOverlap,1000,751,104100751,204100751,remaining_formal_grid,COMPLETE_FORMAL_CASE,149
g1_GoodOverlap_n1000_rep0752,1,GoodOverlap,1000,752,104100752,204100752,remaining_formal_grid,COMPLETE_FORMAL_CASE,150
g1_GoodOverlap_n1000_rep0753,1,GoodOverlap,1000,753,104100753,204100753,remaining_formal_grid,COMPLETE_FORMAL_CASE,150
g1_GoodOverlap_n1000_rep0754,1,GoodOverlap,1000,754,104100754,204100754,remaining_formal_grid,COMPLETE_FORMAL_CASE,150
g1_GoodOverlap_n1000_rep0755,1,GoodOverlap,1000,755,104100755,204100755,remaining_formal_grid,COMPLETE_FORMAL_CASE,150
g1_GoodOverlap_n1000_rep0756,1,GoodOverlap,1000,756,104100756,204100756,remaining_formal_grid,COMPLETE_FORMAL_CASE,150
g1_GoodOverlap_n1000_rep0757,1,GoodOverlap,1000,757,104100757,204100757,remaining_formal_grid,COMPLETE_FORMAL_CASE,151
g1_GoodOverlap_n1000_rep0758,1,GoodOverlap,1000,758,104100758,204100758,remaining_formal_grid,COMPLETE_FORMAL_CASE,151
g1_GoodOverlap_n1000_rep0759,1,GoodOverlap,1000,759,104100759,204100759,remaining_formal_grid,COMPLETE_FORMAL_CASE,151
g1_GoodOverlap_n1000_rep0760,1,GoodOverlap,1000,760,104100760,204100760,remaining_formal_grid,COMPLETE_FORMAL_CASE,151
g1_GoodOverlap_n1000_rep0761,1,GoodOverlap,1000,761,104100761,204100761,remaining_formal_grid,COMPLETE_FORMAL_CASE,151
g1_GoodOverlap_n1000_rep0762,1,GoodOverlap,1000,762,104100762,204100762,remaining_formal_grid,COMPLETE_FORMAL_CASE,152
g1_GoodOverlap_n1000_rep0763,1,GoodOverlap,1000,763,104100763,204100763,remaining_formal_grid,COMPLETE_FORMAL_CASE,152
g1_GoodOverlap_n1000_rep0764,1,GoodOverlap,1000,764,104100764,204100764,remaining_formal_grid,COMPLETE_FORMAL_CASE,152
g1_GoodOverlap_n1000_rep0765,1,GoodOverlap,1000,765,104100765,204100765,remaining_formal_grid,COMPLETE_FORMAL_CASE,152
g1_GoodOverlap_n1000_rep0766,1,GoodOverlap,1000,766,104100766,204100766,remaining_formal_grid,COMPLETE_FORMAL_CASE,152
g1_GoodOverlap_n1000_rep0767,1,GoodOverlap,1000,767,104100767,204100767,remaining_formal_grid,COMPLETE_FORMAL_CASE,153
g1_GoodOverlap_n1000_rep0768,1,GoodOverlap,1000,768,104100768,204100768,remaining_formal_grid,COMPLETE_FORMAL_CASE,153
g1_GoodOverlap_n1000_rep0769,1,GoodOverlap,1000,769,104100769,204100769,remaining_formal_grid,COMPLETE_FORMAL_CASE,153
g1_GoodOverlap_n1000_rep0770,1,GoodOverlap,1000,770,104100770,204100770,remaining_formal_grid,COMPLETE_FORMAL_CASE,153
g1_GoodOverlap_n1000_rep0771,1,GoodOverlap,1000,771,104100771,204100771,remaining_formal_grid,COMPLETE_FORMAL_CASE,153
g1_GoodOverlap_n1000_rep0772,1,GoodOverlap,1000,772,104100772,204100772,remaining_formal_grid,COMPLETE_FORMAL_CASE,154
g1_GoodOverlap_n1000_rep0773,1,GoodOverlap,1000,773,104100773,204100773,remaining_formal_grid,COMPLETE_FORMAL_CASE,154
g1_GoodOverlap_n1000_rep0774,1,GoodOverlap,1000,774,104100774,204100774,remaining_formal_grid,COMPLETE_FORMAL_CASE,154
g1_GoodOverlap_n1000_rep0775,1,GoodOverlap,1000,775,104100775,204100775,remaining_formal_grid,COMPLETE_FORMAL_CASE,154
g1_GoodOverlap_n1000_rep0776,1,GoodOverlap,1000,776,104100776,204100776,remaining_formal_grid,COMPLETE_FORMAL_CASE,154
g1_GoodOverlap_n1000_rep0777,1,GoodOverlap,1000,777,104100777,204100777,remaining_formal_grid,COMPLETE_FORMAL_CASE,155
g1_GoodOverlap_n1000_rep0778,1,GoodOverlap,1000,778,104100778,204100778,remaining_formal_grid,COMPLETE_FORMAL_CASE,155
g1_GoodOverlap_n1000_rep0779,1,GoodOverlap,1000,779,104100779,204100779,remaining_formal_grid,COMPLETE_FORMAL_CASE,155
g1_GoodOverlap_n1000_rep0780,1,GoodOverlap,1000,780,104100780,204100780,remaining_formal_grid,COMPLETE_FORMAL_CASE,155
g1_GoodOverlap_n1000_rep0781,1,GoodOverlap,1000,781,104100781,204100781,remaining_formal_grid,COMPLETE_FORMAL_CASE,155
g1_GoodOverlap_n1000_rep0782,1,GoodOverlap,1000,782,104100782,204100782,remaining_formal_grid,COMPLETE_FORMAL_CASE,156
g1_GoodOverlap_n1000_rep0783,1,GoodOverlap,1000,783,104100783,204100783,remaining_formal_grid,COMPLETE_FORMAL_CASE,156
g1_GoodOverlap_n1000_rep0784,1,GoodOverlap,1000,784,104100784,204100784,remaining_formal_grid,COMPLETE_FORMAL_CASE,156
g1_GoodOverlap_n1000_rep0785,1,GoodOverlap,1000,785,104100785,204100785,remaining_formal_grid,COMPLETE_FORMAL_CASE,156
g1_GoodOverlap_n1000_rep0786,1,GoodOverlap,1000,786,104100786,204100786,remaining_formal_grid,COMPLETE_FORMAL_CASE,156
g1_GoodOverlap_n1000_rep0787,1,GoodOverlap,1000,787,104100787,204100787,remaining_formal_grid,COMPLETE_FORMAL_CASE,157
g1_GoodOverlap_n1000_rep0788,1,GoodOverlap,1000,788,104100788,204100788,remaining_formal_grid,COMPLETE_FORMAL_CASE,157
g1_GoodOverlap_n1000_rep0789,1,GoodOverlap,1000,789,104100789,204100789,remaining_formal_grid,COMPLETE_FORMAL_CASE,157
g1_GoodOverlap_n1000_rep0790,1,GoodOverlap,1000,790,104100790,204100790,remaining_formal_grid,COMPLETE_FORMAL_CASE,157
g1_GoodOverlap_n1000_rep0791,1,GoodOverlap,1000,791,104100791,204100791,remaining_formal_grid,COMPLETE_FORMAL_CASE,157
g1_GoodOverlap_n1000_rep0792,1,GoodOverlap,1000,792,104100792,204100792,remaining_formal_grid,COMPLETE_FORMAL_CASE,158
g1_GoodOverlap_n1000_rep0793,1,GoodOverlap,1000,793,104100793,204100793,remaining_formal_grid,COMPLETE_FORMAL_CASE,158
g1_GoodOverlap_n1000_rep0794,1,GoodOverlap,1000,794,104100794,204100794,remaining_formal_grid,COMPLETE_FORMAL_CASE,158
g1_GoodOverlap_n1000_rep0795,1,GoodOverlap,1000,795,104100795,204100795,remaining_formal_grid,COMPLETE_FORMAL_CASE,158
g1_GoodOverlap_n1000_rep0796,1,GoodOverlap,1000,796,104100796,204100796,remaining_formal_grid,COMPLETE_FORMAL_CASE,158
g1_GoodOverlap_n1000_rep0797,1,GoodOverlap,1000,797,104100797,204100797,remaining_formal_grid,COMPLETE_FORMAL_CASE,159
g1_GoodOverlap_n1000_rep0798,1,GoodOverlap,1000,798,104100798,204100798,remaining_formal_grid,COMPLETE_FORMAL_CASE,159
g1_GoodOverlap_n1000_rep0799,1,GoodOverlap,1000,799,104100799,204100799,remaining_formal_grid,COMPLETE_FORMAL_CASE,159
g1_GoodOverlap_n1000_rep0800,1,GoodOverlap,1000,800,104100800,204100800,remaining_formal_grid,COMPLETE_FORMAL_CASE,159
g1_GoodOverlap_n1000_rep0801,1,GoodOverlap,1000,801,104100801,204100801,remaining_formal_grid,COMPLETE_FORMAL_CASE,159
g1_GoodOverlap_n1000_rep0802,1,GoodOverlap,1000,802,104100802,204100802,remaining_formal_grid,COMPLETE_FORMAL_CASE,160
g1_GoodOverlap_n1000_rep0803,1,GoodOverlap,1000,803,104100803,204100803,remaining_formal_grid,COMPLETE_FORMAL_CASE,160
g1_GoodOverlap_n1000_rep0804,1,GoodOverlap,1000,804,104100804,204100804,remaining_formal_grid,COMPLETE_FORMAL_CASE,160
g1_GoodOverlap_n1000_rep0805,1,GoodOverlap,1000,805,104100805,204100805,remaining_formal_grid,COMPLETE_FORMAL_CASE,160
g1_GoodOverlap_n1000_rep0806,1,GoodOverlap,1000,806,104100806,204100806,remaining_formal_grid,COMPLETE_FORMAL_CASE,160
g1_GoodOverlap_n1000_rep0807,1,GoodOverlap,1000,807,104100807,204100807,remaining_formal_grid,COMPLETE_FORMAL_CASE,161
g1_GoodOverlap_n1000_rep0808,1,GoodOverlap,1000,808,104100808,204100808,remaining_formal_grid,COMPLETE_FORMAL_CASE,161
g1_GoodOverlap_n1000_rep0809,1,GoodOverlap,1000,809,104100809,204100809,remaining_formal_grid,COMPLETE_FORMAL_CASE,161
g1_GoodOverlap_n1000_rep0810,1,GoodOverlap,1000,810,104100810,204100810,remaining_formal_grid,COMPLETE_FORMAL_CASE,161
g1_GoodOverlap_n1000_rep0811,1,GoodOverlap,1000,811,104100811,204100811,remaining_formal_grid,COMPLETE_FORMAL_CASE,161
g1_GoodOverlap_n1000_rep0812,1,GoodOverlap,1000,812,104100812,204100812,remaining_formal_grid,COMPLETE_FORMAL_CASE,162
g1_GoodOverlap_n1000_rep0813,1,GoodOverlap,1000,813,104100813,204100813,remaining_formal_grid,COMPLETE_FORMAL_CASE,162
g1_GoodOverlap_n1000_rep0814,1,GoodOverlap,1000,814,104100814,204100814,remaining_formal_grid,COMPLETE_FORMAL_CASE,162
g1_GoodOverlap_n1000_rep0815,1,GoodOverlap,1000,815,104100815,204100815,remaining_formal_grid,COMPLETE_FORMAL_CASE,162
g1_GoodOverlap_n1000_rep0816,1,GoodOverlap,1000,816,104100816,204100816,remaining_formal_grid,COMPLETE_FORMAL_CASE,162
g1_GoodOverlap_n1000_rep0817,1,GoodOverlap,1000,817,104100817,204100817,remaining_formal_grid,COMPLETE_FORMAL_CASE,163
g1_GoodOverlap_n1000_rep0818,1,GoodOverlap,1000,818,104100818,204100818,remaining_formal_grid,COMPLETE_FORMAL_CASE,163
g1_GoodOverlap_n1000_rep0819,1,GoodOverlap,1000,819,104100819,204100819,remaining_formal_grid,COMPLETE_FORMAL_CASE,163
g1_GoodOverlap_n1000_rep0820,1,GoodOverlap,1000,820,104100820,204100820,remaining_formal_grid,COMPLETE_FORMAL_CASE,163
g1_GoodOverlap_n1000_rep0821,1,GoodOverlap,1000,821,104100821,204100821,remaining_formal_grid,COMPLETE_FORMAL_CASE,163
g1_GoodOverlap_n1000_rep0822,1,GoodOverlap,1000,822,104100822,204100822,remaining_formal_grid,COMPLETE_FORMAL_CASE,164
g1_GoodOverlap_n1000_rep0823,1,GoodOverlap,1000,823,104100823,204100823,remaining_formal_grid,COMPLETE_FORMAL_CASE,164
g1_GoodOverlap_n1000_rep0824,1,GoodOverlap,1000,824,104100824,204100824,remaining_formal_grid,COMPLETE_FORMAL_CASE,164
g1_GoodOverlap_n1000_rep0825,1,GoodOverlap,1000,825,104100825,204100825,remaining_formal_grid,COMPLETE_FORMAL_CASE,164
g1_GoodOverlap_n1000_rep0826,1,GoodOverlap,1000,826,104100826,204100826,remaining_formal_grid,COMPLETE_FORMAL_CASE,164
g1_GoodOverlap_n1000_rep0827,1,GoodOverlap,1000,827,104100827,204100827,remaining_formal_grid,COMPLETE_FORMAL_CASE,165
g1_GoodOverlap_n1000_rep0828,1,GoodOverlap,1000,828,104100828,204100828,remaining_formal_grid,COMPLETE_FORMAL_CASE,165
g1_GoodOverlap_n1000_rep0829,1,GoodOverlap,1000,829,104100829,204100829,remaining_formal_grid,COMPLETE_FORMAL_CASE,165
g1_GoodOverlap_n1000_rep0830,1,GoodOverlap,1000,830,104100830,204100830,remaining_formal_grid,COMPLETE_FORMAL_CASE,165
g1_GoodOverlap_n1000_rep0831,1,GoodOverlap,1000,831,104100831,204100831,remaining_formal_grid,COMPLETE_FORMAL_CASE,165
g1_GoodOverlap_n1000_rep0832,1,GoodOverlap,1000,832,104100832,204100832,remaining_formal_grid,COMPLETE_FORMAL_CASE,166
g1_GoodOverlap_n1000_rep0833,1,GoodOverlap,1000,833,104100833,204100833,remaining_formal_grid,COMPLETE_FORMAL_CASE,166
g1_GoodOverlap_n1000_rep0834,1,GoodOverlap,1000,834,104100834,204100834,remaining_formal_grid,COMPLETE_FORMAL_CASE,166
g1_GoodOverlap_n1000_rep0835,1,GoodOverlap,1000,835,104100835,204100835,remaining_formal_grid,COMPLETE_FORMAL_CASE,166
g1_GoodOverlap_n1000_rep0836,1,GoodOverlap,1000,836,104100836,204100836,remaining_formal_grid,COMPLETE_FORMAL_CASE,166
g1_GoodOverlap_n1000_rep0837,1,GoodOverlap,1000,837,104100837,204100837,remaining_formal_grid,COMPLETE_FORMAL_CASE,167
g1_GoodOverlap_n1000_rep0838,1,GoodOverlap,1000,838,104100838,204100838,remaining_formal_grid,COMPLETE_FORMAL_CASE,167
g1_GoodOverlap_n1000_rep0839,1,GoodOverlap,1000,839,104100839,204100839,remaining_formal_grid,COMPLETE_FORMAL_CASE,167
g1_GoodOverlap_n1000_rep0840,1,GoodOverlap,1000,840,104100840,204100840,remaining_formal_grid,COMPLETE_FORMAL_CASE,167
g1_GoodOverlap_n1000_rep0841,1,GoodOverlap,1000,841,104100841,204100841,remaining_formal_grid,COMPLETE_FORMAL_CASE,167
g1_GoodOverlap_n1000_rep0842,1,GoodOverlap,1000,842,104100842,204100842,remaining_formal_grid,COMPLETE_FORMAL_CASE,168
g1_GoodOverlap_n1000_rep0843,1,GoodOverlap,1000,843,104100843,204100843,remaining_formal_grid,COMPLETE_FORMAL_CASE,168
g1_GoodOverlap_n1000_rep0844,1,GoodOverlap,1000,844,104100844,204100844,remaining_formal_grid,COMPLETE_FORMAL_CASE,168
g1_GoodOverlap_n1000_rep0845,1,GoodOverlap,1000,845,104100845,204100845,remaining_formal_grid,COMPLETE_FORMAL_CASE,168
g1_GoodOverlap_n1000_rep0846,1,GoodOverlap,1000,846,104100846,204100846,remaining_formal_grid,COMPLETE_FORMAL_CASE,168
g1_GoodOverlap_n1000_rep0847,1,GoodOverlap,1000,847,104100847,204100847,remaining_formal_grid,COMPLETE_FORMAL_CASE,169
g1_GoodOverlap_n1000_rep0848,1,GoodOverlap,1000,848,104100848,204100848,remaining_formal_grid,COMPLETE_FORMAL_CASE,169
g1_GoodOverlap_n1000_rep0849,1,GoodOverlap,1000,849,104100849,204100849,remaining_formal_grid,COMPLETE_FORMAL_CASE,169
g1_GoodOverlap_n1000_rep0850,1,GoodOverlap,1000,850,104100850,204100850,remaining_formal_grid,COMPLETE_FORMAL_CASE,169
g1_GoodOverlap_n1000_rep0851,1,GoodOverlap,1000,851,104100851,204100851,remaining_formal_grid,COMPLETE_FORMAL_CASE,169
g1_GoodOverlap_n1000_rep0852,1,GoodOverlap,1000,852,104100852,204100852,remaining_formal_grid,COMPLETE_FORMAL_CASE,170
g1_GoodOverlap_n1000_rep0853,1,GoodOverlap,1000,853,104100853,204100853,remaining_formal_grid,COMPLETE_FORMAL_CASE,170
g1_GoodOverlap_n1000_rep0854,1,GoodOverlap,1000,854,104100854,204100854,remaining_formal_grid,COMPLETE_FORMAL_CASE,170
g1_GoodOverlap_n1000_rep0855,1,GoodOverlap,1000,855,104100855,204100855,remaining_formal_grid,COMPLETE_FORMAL_CASE,170
g1_GoodOverlap_n1000_rep0856,1,GoodOverlap,1000,856,104100856,204100856,remaining_formal_grid,COMPLETE_FORMAL_CASE,170
g1_GoodOverlap_n1000_rep0857,1,GoodOverlap,1000,857,104100857,204100857,remaining_formal_grid,COMPLETE_FORMAL_CASE,171
g1_GoodOverlap_n1000_rep0858,1,GoodOverlap,1000,858,104100858,204100858,remaining_formal_grid,COMPLETE_FORMAL_CASE,171
g1_GoodOverlap_n1000_rep0859,1,GoodOverlap,1000,859,104100859,204100859,remaining_formal_grid,COMPLETE_FORMAL_CASE,171
g1_GoodOverlap_n1000_rep0860,1,GoodOverlap,1000,860,104100860,204100860,remaining_formal_grid,COMPLETE_FORMAL_CASE,171
g1_GoodOverlap_n1000_rep0861,1,GoodOverlap,1000,861,104100861,204100861,remaining_formal_grid,COMPLETE_FORMAL_CASE,171
g1_GoodOverlap_n1000_rep0862,1,GoodOverlap,1000,862,104100862,204100862,remaining_formal_grid,COMPLETE_FORMAL_CASE,172
g1_GoodOverlap_n1000_rep0863,1,GoodOverlap,1000,863,104100863,204100863,remaining_formal_grid,COMPLETE_FORMAL_CASE,172
g1_GoodOverlap_n1000_rep0864,1,GoodOverlap,1000,864,104100864,204100864,remaining_formal_grid,COMPLETE_FORMAL_CASE,172
g1_GoodOverlap_n1000_rep0865,1,GoodOverlap,1000,865,104100865,204100865,remaining_formal_grid,COMPLETE_FORMAL_CASE,172
g1_GoodOverlap_n1000_rep0866,1,GoodOverlap,1000,866,104100866,204100866,remaining_formal_grid,COMPLETE_FORMAL_CASE,172
g1_GoodOverlap_n1000_rep0867,1,GoodOverlap,1000,867,104100867,204100867,remaining_formal_grid,COMPLETE_FORMAL_CASE,173
g1_GoodOverlap_n1000_rep0868,1,GoodOverlap,1000,868,104100868,204100868,remaining_formal_grid,COMPLETE_FORMAL_CASE,173
g1_GoodOverlap_n1000_rep0869,1,GoodOverlap,1000,869,104100869,204100869,remaining_formal_grid,COMPLETE_FORMAL_CASE,173
g1_GoodOverlap_n1000_rep0870,1,GoodOverlap,1000,870,104100870,204100870,remaining_formal_grid,COMPLETE_FORMAL_CASE,173
g1_GoodOverlap_n1000_rep0871,1,GoodOverlap,1000,871,104100871,204100871,remaining_formal_grid,COMPLETE_FORMAL_CASE,173
g1_GoodOverlap_n1000_rep0872,1,GoodOverlap,1000,872,104100872,204100872,remaining_formal_grid,COMPLETE_FORMAL_CASE,174
g1_GoodOverlap_n1000_rep0873,1,GoodOverlap,1000,873,104100873,204100873,remaining_formal_grid,COMPLETE_FORMAL_CASE,174
g1_GoodOverlap_n1000_rep0874,1,GoodOverlap,1000,874,104100874,204100874,remaining_formal_grid,COMPLETE_FORMAL_CASE,174
g1_GoodOverlap_n1000_rep0875,1,GoodOverlap,1000,875,104100875,204100875,remaining_formal_grid,COMPLETE_FORMAL_CASE,174
g1_GoodOverlap_n1000_rep0876,1,GoodOverlap,1000,876,104100876,204100876,remaining_formal_grid,COMPLETE_FORMAL_CASE,174
g1_GoodOverlap_n1000_rep0877,1,GoodOverlap,1000,877,104100877,204100877,remaining_formal_grid,COMPLETE_FORMAL_CASE,175
g1_GoodOverlap_n1000_rep0878,1,GoodOverlap,1000,878,104100878,204100878,remaining_formal_grid,COMPLETE_FORMAL_CASE,175
g1_GoodOverlap_n1000_rep0879,1,GoodOverlap,1000,879,104100879,204100879,remaining_formal_grid,COMPLETE_FORMAL_CASE,175
g1_GoodOverlap_n1000_rep0880,1,GoodOverlap,1000,880,104100880,204100880,remaining_formal_grid,COMPLETE_FORMAL_CASE,175
g1_GoodOverlap_n1000_rep0881,1,GoodOverlap,1000,881,104100881,204100881,remaining_formal_grid,COMPLETE_FORMAL_CASE,175
g1_GoodOverlap_n1000_rep0882,1,GoodOverlap,1000,882,104100882,204100882,remaining_formal_grid,COMPLETE_FORMAL_CASE,176
g1_GoodOverlap_n1000_rep0883,1,GoodOverlap,1000,883,104100883,204100883,remaining_formal_grid,COMPLETE_FORMAL_CASE,176
g1_GoodOverlap_n1000_rep0884,1,GoodOverlap,1000,884,104100884,204100884,remaining_formal_grid,COMPLETE_FORMAL_CASE,176
g1_GoodOverlap_n1000_rep0885,1,GoodOverlap,1000,885,104100885,204100885,remaining_formal_grid,COMPLETE_FORMAL_CASE,176
g1_GoodOverlap_n1000_rep0886,1,GoodOverlap,1000,886,104100886,204100886,remaining_formal_grid,COMPLETE_FORMAL_CASE,176
g1_GoodOverlap_n1000_rep0887,1,GoodOverlap,1000,887,104100887,204100887,remaining_formal_grid,COMPLETE_FORMAL_CASE,177
g1_GoodOverlap_n1000_rep0888,1,GoodOverlap,1000,888,104100888,204100888,remaining_formal_grid,COMPLETE_FORMAL_CASE,177
g1_GoodOverlap_n1000_rep0889,1,GoodOverlap,1000,889,104100889,204100889,remaining_formal_grid,COMPLETE_FORMAL_CASE,177
g1_GoodOverlap_n1000_rep0890,1,GoodOverlap,1000,890,104100890,204100890,remaining_formal_grid,COMPLETE_FORMAL_CASE,177
g1_GoodOverlap_n1000_rep0891,1,GoodOverlap,1000,891,104100891,204100891,remaining_formal_grid,COMPLETE_FORMAL_CASE,177
g1_GoodOverlap_n1000_rep0892,1,GoodOverlap,1000,892,104100892,204100892,remaining_formal_grid,COMPLETE_FORMAL_CASE,178
g1_GoodOverlap_n1000_rep0893,1,GoodOverlap,1000,893,104100893,204100893,remaining_formal_grid,COMPLETE_FORMAL_CASE,178
g1_GoodOverlap_n1000_rep0894,1,GoodOverlap,1000,894,104100894,204100894,remaining_formal_grid,COMPLETE_FORMAL_CASE,178
g1_GoodOverlap_n1000_rep0895,1,GoodOverlap,1000,895,104100895,204100895,remaining_formal_grid,COMPLETE_FORMAL_CASE,178
g1_GoodOverlap_n1000_rep0896,1,GoodOverlap,1000,896,104100896,204100896,remaining_formal_grid,COMPLETE_FORMAL_CASE,178
g1_GoodOverlap_n1000_rep0897,1,GoodOverlap,1000,897,104100897,204100897,remaining_formal_grid,COMPLETE_FORMAL_CASE,179
g1_GoodOverlap_n1000_rep0898,1,GoodOverlap,1000,898,104100898,204100898,remaining_formal_grid,COMPLETE_FORMAL_CASE,179
g1_GoodOverlap_n1000_rep0899,1,GoodOverlap,1000,899,104100899,204100899,remaining_formal_grid,COMPLETE_FORMAL_CASE,179
g1_GoodOverlap_n1000_rep0900,1,GoodOverlap,1000,900,104100900,204100900,remaining_formal_grid,COMPLETE_FORMAL_CASE,179
g1_GoodOverlap_n1000_rep0901,1,GoodOverlap,1000,901,104100901,204100901,remaining_formal_grid,COMPLETE_FORMAL_CASE,179
g1_GoodOverlap_n1000_rep0902,1,GoodOverlap,1000,902,104100902,204100902,remaining_formal_grid,COMPLETE_FORMAL_CASE,180
g1_GoodOverlap_n1000_rep0903,1,GoodOverlap,1000,903,104100903,204100903,remaining_formal_grid,COMPLETE_FORMAL_CASE,180
g1_GoodOverlap_n1000_rep0904,1,GoodOverlap,1000,904,104100904,204100904,remaining_formal_grid,COMPLETE_FORMAL_CASE,180
g1_GoodOverlap_n1000_rep0905,1,GoodOverlap,1000,905,104100905,204100905,remaining_formal_grid,COMPLETE_FORMAL_CASE,180
g1_GoodOverlap_n1000_rep0906,1,GoodOverlap,1000,906,104100906,204100906,remaining_formal_grid,COMPLETE_FORMAL_CASE,180
g1_GoodOverlap_n1000_rep0907,1,GoodOverlap,1000,907,104100907,204100907,remaining_formal_grid,COMPLETE_FORMAL_CASE,181
g1_GoodOverlap_n1000_rep0908,1,GoodOverlap,1000,908,104100908,204100908,remaining_formal_grid,COMPLETE_FORMAL_CASE,181
g1_GoodOverlap_n1000_rep0909,1,GoodOverlap,1000,909,104100909,204100909,remaining_formal_grid,COMPLETE_FORMAL_CASE,181
g1_GoodOverlap_n1000_rep0910,1,GoodOverlap,1000,910,104100910,204100910,remaining_formal_grid,COMPLETE_FORMAL_CASE,181
g1_GoodOverlap_n1000_rep0911,1,GoodOverlap,1000,911,104100911,204100911,remaining_formal_grid,COMPLETE_FORMAL_CASE,181
g1_GoodOverlap_n1000_rep0912,1,GoodOverlap,1000,912,104100912,204100912,remaining_formal_grid,COMPLETE_FORMAL_CASE,182
g1_GoodOverlap_n1000_rep0913,1,GoodOverlap,1000,913,104100913,204100913,remaining_formal_grid,COMPLETE_FORMAL_CASE,182
g1_GoodOverlap_n1000_rep0914,1,GoodOverlap,1000,914,104100914,204100914,remaining_formal_grid,COMPLETE_FORMAL_CASE,182
g1_GoodOverlap_n1000_rep0915,1,GoodOverlap,1000,915,104100915,204100915,remaining_formal_grid,COMPLETE_FORMAL_CASE,182
g1_GoodOverlap_n1000_rep0916,1,GoodOverlap,1000,916,104100916,204100916,remaining_formal_grid,COMPLETE_FORMAL_CASE,182
g1_GoodOverlap_n1000_rep0917,1,GoodOverlap,1000,917,104100917,204100917,remaining_formal_grid,COMPLETE_FORMAL_CASE,183
g1_GoodOverlap_n1000_rep0918,1,GoodOverlap,1000,918,104100918,204100918,remaining_formal_grid,COMPLETE_FORMAL_CASE,183
g1_GoodOverlap_n1000_rep0919,1,GoodOverlap,1000,919,104100919,204100919,remaining_formal_grid,COMPLETE_FORMAL_CASE,183
g1_GoodOverlap_n1000_rep0920,1,GoodOverlap,1000,920,104100920,204100920,remaining_formal_grid,COMPLETE_FORMAL_CASE,183
g1_GoodOverlap_n1000_rep0921,1,GoodOverlap,1000,921,104100921,204100921,remaining_formal_grid,COMPLETE_FORMAL_CASE,183
g1_GoodOverlap_n1000_rep0922,1,GoodOverlap,1000,922,104100922,204100922,remaining_formal_grid,COMPLETE_FORMAL_CASE,184
g1_GoodOverlap_n1000_rep0923,1,GoodOverlap,1000,923,104100923,204100923,remaining_formal_grid,COMPLETE_FORMAL_CASE,184
g1_GoodOverlap_n1000_rep0924,1,GoodOverlap,1000,924,104100924,204100924,remaining_formal_grid,COMPLETE_FORMAL_CASE,184
g1_GoodOverlap_n1000_rep0925,1,GoodOverlap,1000,925,104100925,204100925,remaining_formal_grid,COMPLETE_FORMAL_CASE,184
g1_GoodOverlap_n1000_rep0926,1,GoodOverlap,1000,926,104100926,204100926,remaining_formal_grid,COMPLETE_FORMAL_CASE,184
g1_GoodOverlap_n1000_rep0927,1,GoodOverlap,1000,927,104100927,204100927,remaining_formal_grid,COMPLETE_FORMAL_CASE,185
g1_GoodOverlap_n1000_rep0928,1,GoodOverlap,1000,928,104100928,204100928,remaining_formal_grid,COMPLETE_FORMAL_CASE,185
g1_GoodOverlap_n1000_rep0929,1,GoodOverlap,1000,929,104100929,204100929,remaining_formal_grid,COMPLETE_FORMAL_CASE,185
g1_GoodOverlap_n1000_rep0930,1,GoodOverlap,1000,930,104100930,204100930,remaining_formal_grid,COMPLETE_FORMAL_CASE,185
g1_GoodOverlap_n1000_rep0931,1,GoodOverlap,1000,931,104100931,204100931,remaining_formal_grid,COMPLETE_FORMAL_CASE,185
g1_GoodOverlap_n1000_rep0932,1,GoodOverlap,1000,932,104100932,204100932,remaining_formal_grid,COMPLETE_FORMAL_CASE,186
g1_GoodOverlap_n1000_rep0933,1,GoodOverlap,1000,933,104100933,204100933,remaining_formal_grid,COMPLETE_FORMAL_CASE,186
g1_GoodOverlap_n1000_rep0934,1,GoodOverlap,1000,934,104100934,204100934,remaining_formal_grid,COMPLETE_FORMAL_CASE,186
g1_GoodOverlap_n1000_rep0935,1,GoodOverlap,1000,935,104100935,204100935,remaining_formal_grid,COMPLETE_FORMAL_CASE,186
g1_GoodOverlap_n1000_rep0936,1,GoodOverlap,1000,936,104100936,204100936,remaining_formal_grid,COMPLETE_FORMAL_CASE,186
g1_GoodOverlap_n1000_rep0937,1,GoodOverlap,1000,937,104100937,204100937,remaining_formal_grid,COMPLETE_FORMAL_CASE,187
g1_GoodOverlap_n1000_rep0938,1,GoodOverlap,1000,938,104100938,204100938,remaining_formal_grid,COMPLETE_FORMAL_CASE,187
g1_GoodOverlap_n1000_rep0939,1,GoodOverlap,1000,939,104100939,204100939,remaining_formal_grid,COMPLETE_FORMAL_CASE,187
g1_GoodOverlap_n1000_rep0940,1,GoodOverlap,1000,940,104100940,204100940,remaining_formal_grid,COMPLETE_FORMAL_CASE,187
g1_GoodOverlap_n1000_rep0941,1,GoodOverlap,1000,941,104100941,204100941,remaining_formal_grid,COMPLETE_FORMAL_CASE,187
g1_GoodOverlap_n1000_rep0942,1,GoodOverlap,1000,942,104100942,204100942,remaining_formal_grid,COMPLETE_FORMAL_CASE,188
g1_GoodOverlap_n1000_rep0943,1,GoodOverlap,1000,943,104100943,204100943,remaining_formal_grid,COMPLETE_FORMAL_CASE,188
g1_GoodOverlap_n1000_rep0944,1,GoodOverlap,1000,944,104100944,204100944,remaining_formal_grid,COMPLETE_FORMAL_CASE,188
g1_GoodOverlap_n1000_rep0945,1,GoodOverlap,1000,945,104100945,204100945,remaining_formal_grid,COMPLETE_FORMAL_CASE,188
g1_GoodOverlap_n1000_rep0946,1,GoodOverlap,1000,946,104100946,204100946,remaining_formal_grid,COMPLETE_FORMAL_CASE,188
g1_GoodOverlap_n1000_rep0947,1,GoodOverlap,1000,947,104100947,204100947,remaining_formal_grid,COMPLETE_FORMAL_CASE,189
g1_GoodOverlap_n1000_rep0948,1,GoodOverlap,1000,948,104100948,204100948,remaining_formal_grid,COMPLETE_FORMAL_CASE,189
g1_GoodOverlap_n1000_rep0949,1,GoodOverlap,1000,949,104100949,204100949,remaining_formal_grid,COMPLETE_FORMAL_CASE,189
g1_GoodOverlap_n1000_rep0950,1,GoodOverlap,1000,950,104100950,204100950,remaining_formal_grid,COMPLETE_FORMAL_CASE,189
g1_GoodOverlap_n1000_rep0951,1,GoodOverlap,1000,951,104100951,204100951,remaining_formal_grid,COMPLETE_FORMAL_CASE,189
g1_GoodOverlap_n1000_rep0952,1,GoodOverlap,1000,952,104100952,204100952,remaining_formal_grid,COMPLETE_FORMAL_CASE,190
g1_GoodOverlap_n1000_rep0953,1,GoodOverlap,1000,953,104100953,204100953,remaining_formal_grid,COMPLETE_FORMAL_CASE,190
g1_GoodOverlap_n1000_rep0954,1,GoodOverlap,1000,954,104100954,204100954,remaining_formal_grid,COMPLETE_FORMAL_CASE,190
g1_GoodOverlap_n1000_rep0955,1,GoodOverlap,1000,955,104100955,204100955,remaining_formal_grid,COMPLETE_FORMAL_CASE,190
g1_GoodOverlap_n1000_rep0956,1,GoodOverlap,1000,956,104100956,204100956,remaining_formal_grid,COMPLETE_FORMAL_CASE,190
g1_GoodOverlap_n1000_rep0957,1,GoodOverlap,1000,957,104100957,204100957,remaining_formal_grid,COMPLETE_FORMAL_CASE,191
g1_GoodOverlap_n1000_rep0958,1,GoodOverlap,1000,958,104100958,204100958,remaining_formal_grid,COMPLETE_FORMAL_CASE,191
g1_GoodOverlap_n1000_rep0959,1,GoodOverlap,1000,959,104100959,204100959,remaining_formal_grid,COMPLETE_FORMAL_CASE,191
g1_GoodOverlap_n1000_rep0960,1,GoodOverlap,1000,960,104100960,204100960,remaining_formal_grid,COMPLETE_FORMAL_CASE,191
g1_GoodOverlap_n1000_rep0961,1,GoodOverlap,1000,961,104100961,204100961,remaining_formal_grid,COMPLETE_FORMAL_CASE,191
g1_GoodOverlap_n1000_rep0962,1,GoodOverlap,1000,962,104100962,204100962,remaining_formal_grid,COMPLETE_FORMAL_CASE,192
g1_GoodOverlap_n1000_rep0963,1,GoodOverlap,1000,963,104100963,204100963,remaining_formal_grid,COMPLETE_FORMAL_CASE,192
g1_GoodOverlap_n1000_rep0964,1,GoodOverlap,1000,964,104100964,204100964,remaining_formal_grid,COMPLETE_FORMAL_CASE,192
g1_GoodOverlap_n1000_rep0965,1,GoodOverlap,1000,965,104100965,204100965,remaining_formal_grid,COMPLETE_FORMAL_CASE,192
g1_GoodOverlap_n1000_rep0966,1,GoodOverlap,1000,966,104100966,204100966,remaining_formal_grid,COMPLETE_FORMAL_CASE,192
g1_GoodOverlap_n1000_rep0967,1,GoodOverlap,1000,967,104100967,204100967,remaining_formal_grid,COMPLETE_FORMAL_CASE,193
g1_GoodOverlap_n1000_rep0968,1,GoodOverlap,1000,968,104100968,204100968,remaining_formal_grid,COMPLETE_FORMAL_CASE,193
g1_GoodOverlap_n1000_rep0969,1,GoodOverlap,1000,969,104100969,204100969,remaining_formal_grid,COMPLETE_FORMAL_CASE,193
g1_GoodOverlap_n1000_rep0970,1,GoodOverlap,1000,970,104100970,204100970,remaining_formal_grid,COMPLETE_FORMAL_CASE,193
g1_GoodOverlap_n1000_rep0971,1,GoodOverlap,1000,971,104100971,204100971,remaining_formal_grid,COMPLETE_FORMAL_CASE,193
g1_GoodOverlap_n1000_rep0972,1,GoodOverlap,1000,972,104100972,204100972,remaining_formal_grid,COMPLETE_FORMAL_CASE,194
g1_GoodOverlap_n1000_rep0973,1,GoodOverlap,1000,973,104100973,204100973,remaining_formal_grid,COMPLETE_FORMAL_CASE,194
g1_GoodOverlap_n1000_rep0974,1,GoodOverlap,1000,974,104100974,204100974,remaining_formal_grid,COMPLETE_FORMAL_CASE,194
g1_GoodOverlap_n1000_rep0975,1,GoodOverlap,1000,975,104100975,204100975,remaining_formal_grid,COMPLETE_FORMAL_CASE,194
g1_GoodOverlap_n1000_rep0976,1,GoodOverlap,1000,976,104100976,204100976,remaining_formal_grid,COMPLETE_FORMAL_CASE,194
g1_GoodOverlap_n1000_rep0977,1,GoodOverlap,1000,977,104100977,204100977,remaining_formal_grid,COMPLETE_FORMAL_CASE,195
g1_GoodOverlap_n1000_rep0978,1,GoodOverlap,1000,978,104100978,204100978,remaining_formal_grid,COMPLETE_FORMAL_CASE,195
g1_GoodOverlap_n1000_rep0979,1,GoodOverlap,1000,979,104100979,204100979,remaining_formal_grid,COMPLETE_FORMAL_CASE,195
g1_GoodOverlap_n1000_rep0980,1,GoodOverlap,1000,980,104100980,204100980,remaining_formal_grid,COMPLETE_FORMAL_CASE,195
g1_GoodOverlap_n1000_rep0981,1,GoodOverlap,1000,981,104100981,204100981,remaining_formal_grid,COMPLETE_FORMAL_CASE,195
g1_GoodOverlap_n1000_rep0982,1,GoodOverlap,1000,982,104100982,204100982,remaining_formal_grid,COMPLETE_FORMAL_CASE,196
g1_GoodOverlap_n1000_rep0983,1,GoodOverlap,1000,983,104100983,204100983,remaining_formal_grid,COMPLETE_FORMAL_CASE,196
g1_GoodOverlap_n1000_rep0984,1,GoodOverlap,1000,984,104100984,204100984,remaining_formal_grid,COMPLETE_FORMAL_CASE,196
g1_GoodOverlap_n1000_rep0985,1,GoodOverlap,1000,985,104100985,204100985,remaining_formal_grid,COMPLETE_FORMAL_CASE,196
g1_GoodOverlap_n1000_rep0986,1,GoodOverlap,1000,986,104100986,204100986,remaining_formal_grid,COMPLETE_FORMAL_CASE,196
g1_GoodOverlap_n1000_rep0987,1,GoodOverlap,1000,987,104100987,204100987,remaining_formal_grid,COMPLETE_FORMAL_CASE,197
g1_GoodOverlap_n1000_rep0988,1,GoodOverlap,1000,988,104100988,204100988,remaining_formal_grid,COMPLETE_FORMAL_CASE,197
g1_GoodOverlap_n1000_rep0989,1,GoodOverlap,1000,989,104100989,204100989,remaining_formal_grid,COMPLETE_FORMAL_CASE,197
g1_GoodOverlap_n1000_rep0990,1,GoodOverlap,1000,990,104100990,204100990,remaining_formal_grid,COMPLETE_FORMAL_CASE,197
g1_GoodOverlap_n1000_rep0991,1,GoodOverlap,1000,991,104100991,204100991,remaining_formal_grid,COMPLETE_FORMAL_CASE,197
g1_GoodOverlap_n1000_rep0992,1,GoodOverlap,1000,992,104100992,204100992,remaining_formal_grid,COMPLETE_FORMAL_CASE,198
g1_GoodOverlap_n1000_rep0993,1,GoodOverlap,1000,993,104100993,204100993,remaining_formal_grid,COMPLETE_FORMAL_CASE,198
g1_GoodOverlap_n1000_rep0994,1,GoodOverlap,1000,994,104100994,204100994,remaining_formal_grid,COMPLETE_FORMAL_CASE,198
g1_GoodOverlap_n1000_rep0995,1,GoodOverlap,1000,995,104100995,204100995,remaining_formal_grid,COMPLETE_FORMAL_CASE,198
g1_GoodOverlap_n1000_rep0996,1,GoodOverlap,1000,996,104100996,204100996,remaining_formal_grid,COMPLETE_FORMAL_CASE,198
g1_GoodOverlap_n1000_rep0997,1,GoodOverlap,1000,997,104100997,204100997,remaining_formal_grid,COMPLETE_FORMAL_CASE,199
g1_GoodOverlap_n1000_rep0998,1,GoodOverlap,1000,998,104100998,204100998,remaining_formal_grid,COMPLETE_FORMAL_CASE,199
g1_GoodOverlap_n1000_rep0999,1,GoodOverlap,1000,999,104100999,204100999,remaining_formal_grid,COMPLETE_FORMAL_CASE,199
g1_GoodOverlap_n1000_rep1000,1,GoodOverlap,1000,1000,104101000,204101000,remaining_formal_grid,COMPLETE_FORMAL_CASE,199
g2_GoodOverlap_n5000_rep0001,2,GoodOverlap,5000,1,104200001,204200001,remaining_formal_grid,COMPLETE_FORMAL_CASE,199
g2_GoodOverlap_n5000_rep0002,2,GoodOverlap,5000,2,104200002,204200002,remaining_formal_grid,COMPLETE_FORMAL_CASE,200
g2_GoodOverlap_n5000_rep0003,2,GoodOverlap,5000,3,104200003,204200003,remaining_formal_grid,COMPLETE_FORMAL_CASE,200
g2_GoodOverlap_n5000_rep0004,2,GoodOverlap,5000,4,104200004,204200004,remaining_formal_grid,COMPLETE_FORMAL_CASE,200
g2_GoodOverlap_n5000_rep0005,2,GoodOverlap,5000,5,104200005,204200005,remaining_formal_grid,COMPLETE_FORMAL_CASE,200
g2_GoodOverlap_n5000_rep0006,2,GoodOverlap,5000,6,104200006,204200006,remaining_formal_grid,COMPLETE_FORMAL_CASE,200
g2_GoodOverlap_n5000_rep0007,2,GoodOverlap,5000,7,104200007,204200007,remaining_formal_grid,COMPLETE_FORMAL_CASE,201
g2_GoodOverlap_n5000_rep0008,2,GoodOverlap,5000,8,104200008,204200008,remaining_formal_grid,COMPLETE_FORMAL_CASE,201
g2_GoodOverlap_n5000_rep0009,2,GoodOverlap,5000,9,104200009,204200009,remaining_formal_grid,COMPLETE_FORMAL_CASE,201
g2_GoodOverlap_n5000_rep0010,2,GoodOverlap,5000,10,104200010,204200010,remaining_formal_grid,COMPLETE_FORMAL_CASE,201
g2_GoodOverlap_n5000_rep0011,2,GoodOverlap,5000,11,104200011,204200011,remaining_formal_grid,COMPLETE_FORMAL_CASE,201
g2_GoodOverlap_n5000_rep0012,2,GoodOverlap,5000,12,104200012,204200012,remaining_formal_grid,COMPLETE_FORMAL_CASE,202
g2_GoodOverlap_n5000_rep0013,2,GoodOverlap,5000,13,104200013,204200013,remaining_formal_grid,COMPLETE_FORMAL_CASE,202
g2_GoodOverlap_n5000_rep0014,2,GoodOverlap,5000,14,104200014,204200014,remaining_formal_grid,COMPLETE_FORMAL_CASE,202
g2_GoodOverlap_n5000_rep0015,2,GoodOverlap,5000,15,104200015,204200015,remaining_formal_grid,COMPLETE_FORMAL_CASE,202
g2_GoodOverlap_n5000_rep0016,2,GoodOverlap,5000,16,104200016,204200016,remaining_formal_grid,COMPLETE_FORMAL_CASE,202
g2_GoodOverlap_n5000_rep0017,2,GoodOverlap,5000,17,104200017,204200017,remaining_formal_grid,COMPLETE_FORMAL_CASE,203
g2_GoodOverlap_n5000_rep0018,2,GoodOverlap,5000,18,104200018,204200018,remaining_formal_grid,COMPLETE_FORMAL_CASE,203
g2_GoodOverlap_n5000_rep0019,2,GoodOverlap,5000,19,104200019,204200019,remaining_formal_grid,COMPLETE_FORMAL_CASE,203
g2_GoodOverlap_n5000_rep0020,2,GoodOverlap,5000,20,104200020,204200020,remaining_formal_grid,COMPLETE_FORMAL_CASE,203
g2_GoodOverlap_n5000_rep0021,2,GoodOverlap,5000,21,104200021,204200021,remaining_formal_grid,COMPLETE_FORMAL_CASE,203
g2_GoodOverlap_n5000_rep0022,2,GoodOverlap,5000,22,104200022,204200022,remaining_formal_grid,COMPLETE_FORMAL_CASE,204
g2_GoodOverlap_n5000_rep0023,2,GoodOverlap,5000,23,104200023,204200023,remaining_formal_grid,COMPLETE_FORMAL_CASE,204
g2_GoodOverlap_n5000_rep0024,2,GoodOverlap,5000,24,104200024,204200024,remaining_formal_grid,COMPLETE_FORMAL_CASE,204
g2_GoodOverlap_n5000_rep0025,2,GoodOverlap,5000,25,104200025,204200025,remaining_formal_grid,COMPLETE_FORMAL_CASE,204
g2_GoodOverlap_n5000_rep0026,2,GoodOverlap,5000,26,104200026,204200026,remaining_formal_grid,COMPLETE_FORMAL_CASE,204
g2_GoodOverlap_n5000_rep0027,2,GoodOverlap,5000,27,104200027,204200027,remaining_formal_grid,COMPLETE_FORMAL_CASE,205
g2_GoodOverlap_n5000_rep0028,2,GoodOverlap,5000,28,104200028,204200028,remaining_formal_grid,COMPLETE_FORMAL_CASE,205
g2_GoodOverlap_n5000_rep0029,2,GoodOverlap,5000,29,104200029,204200029,remaining_formal_grid,COMPLETE_FORMAL_CASE,205
g2_GoodOverlap_n5000_rep0030,2,GoodOverlap,5000,30,104200030,204200030,remaining_formal_grid,COMPLETE_FORMAL_CASE,205
g2_GoodOverlap_n5000_rep0031,2,GoodOverlap,5000,31,104200031,204200031,remaining_formal_grid,COMPLETE_FORMAL_CASE,205
g2_GoodOverlap_n5000_rep0032,2,GoodOverlap,5000,32,104200032,204200032,remaining_formal_grid,COMPLETE_FORMAL_CASE,206
g2_GoodOverlap_n5000_rep0033,2,GoodOverlap,5000,33,104200033,204200033,remaining_formal_grid,COMPLETE_FORMAL_CASE,206
g2_GoodOverlap_n5000_rep0034,2,GoodOverlap,5000,34,104200034,204200034,remaining_formal_grid,COMPLETE_FORMAL_CASE,206
g2_GoodOverlap_n5000_rep0035,2,GoodOverlap,5000,35,104200035,204200035,remaining_formal_grid,COMPLETE_FORMAL_CASE,206
g2_GoodOverlap_n5000_rep0036,2,GoodOverlap,5000,36,104200036,204200036,remaining_formal_grid,COMPLETE_FORMAL_CASE,206
g2_GoodOverlap_n5000_rep0037,2,GoodOverlap,5000,37,104200037,204200037,remaining_formal_grid,COMPLETE_FORMAL_CASE,207
g2_GoodOverlap_n5000_rep0038,2,GoodOverlap,5000,38,104200038,204200038,remaining_formal_grid,COMPLETE_FORMAL_CASE,207
g2_GoodOverlap_n5000_rep0039,2,GoodOverlap,5000,39,104200039,204200039,remaining_formal_grid,COMPLETE_FORMAL_CASE,207
g2_GoodOverlap_n5000_rep0040,2,GoodOverlap,5000,40,104200040,204200040,remaining_formal_grid,COMPLETE_FORMAL_CASE,207
g2_GoodOverlap_n5000_rep0041,2,GoodOverlap,5000,41,104200041,204200041,remaining_formal_grid,COMPLETE_FORMAL_CASE,207
g2_GoodOverlap_n5000_rep0042,2,GoodOverlap,5000,42,104200042,204200042,remaining_formal_grid,COMPLETE_FORMAL_CASE,208
g2_GoodOverlap_n5000_rep0043,2,GoodOverlap,5000,43,104200043,204200043,remaining_formal_grid,COMPLETE_FORMAL_CASE,208
g2_GoodOverlap_n5000_rep0044,2,GoodOverlap,5000,44,104200044,204200044,remaining_formal_grid,COMPLETE_FORMAL_CASE,208
g2_GoodOverlap_n5000_rep0045,2,GoodOverlap,5000,45,104200045,204200045,remaining_formal_grid,COMPLETE_FORMAL_CASE,208
g2_GoodOverlap_n5000_rep0046,2,GoodOverlap,5000,46,104200046,204200046,remaining_formal_grid,COMPLETE_FORMAL_CASE,208
g2_GoodOverlap_n5000_rep0047,2,GoodOverlap,5000,47,104200047,204200047,remaining_formal_grid,COMPLETE_FORMAL_CASE,209
g2_GoodOverlap_n5000_rep0048,2,GoodOverlap,5000,48,104200048,204200048,remaining_formal_grid,COMPLETE_FORMAL_CASE,209
g2_GoodOverlap_n5000_rep0049,2,GoodOverlap,5000,49,104200049,204200049,remaining_formal_grid,COMPLETE_FORMAL_CASE,209
g2_GoodOverlap_n5000_rep0050,2,GoodOverlap,5000,50,104200050,204200050,remaining_formal_grid,COMPLETE_FORMAL_CASE,209
g2_GoodOverlap_n5000_rep0051,2,GoodOverlap,5000,51,104200051,204200051,remaining_formal_grid,COMPLETE_FORMAL_CASE,209
g2_GoodOverlap_n5000_rep0052,2,GoodOverlap,5000,52,104200052,204200052,remaining_formal_grid,COMPLETE_FORMAL_CASE,210
g2_GoodOverlap_n5000_rep0053,2,GoodOverlap,5000,53,104200053,204200053,remaining_formal_grid,COMPLETE_FORMAL_CASE,210
g2_GoodOverlap_n5000_rep0054,2,GoodOverlap,5000,54,104200054,204200054,remaining_formal_grid,COMPLETE_FORMAL_CASE,210
g2_GoodOverlap_n5000_rep0055,2,GoodOverlap,5000,55,104200055,204200055,remaining_formal_grid,COMPLETE_FORMAL_CASE,210
g2_GoodOverlap_n5000_rep0056,2,GoodOverlap,5000,56,104200056,204200056,remaining_formal_grid,COMPLETE_FORMAL_CASE,210
g2_GoodOverlap_n5000_rep0057,2,GoodOverlap,5000,57,104200057,204200057,remaining_formal_grid,COMPLETE_FORMAL_CASE,211
g2_GoodOverlap_n5000_rep0058,2,GoodOverlap,5000,58,104200058,204200058,remaining_formal_grid,COMPLETE_FORMAL_CASE,211
g2_GoodOverlap_n5000_rep0059,2,GoodOverlap,5000,59,104200059,204200059,remaining_formal_grid,COMPLETE_FORMAL_CASE,211
g2_GoodOverlap_n5000_rep0060,2,GoodOverlap,5000,60,104200060,204200060,remaining_formal_grid,COMPLETE_FORMAL_CASE,211
g2_GoodOverlap_n5000_rep0061,2,GoodOverlap,5000,61,104200061,204200061,remaining_formal_grid,COMPLETE_FORMAL_CASE,211
g2_GoodOverlap_n5000_rep0062,2,GoodOverlap,5000,62,104200062,204200062,remaining_formal_grid,COMPLETE_FORMAL_CASE,212
g2_GoodOverlap_n5000_rep0063,2,GoodOverlap,5000,63,104200063,204200063,remaining_formal_grid,COMPLETE_FORMAL_CASE,212
g2_GoodOverlap_n5000_rep0064,2,GoodOverlap,5000,64,104200064,204200064,remaining_formal_grid,COMPLETE_FORMAL_CASE,212
g2_GoodOverlap_n5000_rep0065,2,GoodOverlap,5000,65,104200065,204200065,remaining_formal_grid,COMPLETE_FORMAL_CASE,212
g2_GoodOverlap_n5000_rep0066,2,GoodOverlap,5000,66,104200066,204200066,remaining_formal_grid,COMPLETE_FORMAL_CASE,212
g2_GoodOverlap_n5000_rep0067,2,GoodOverlap,5000,67,104200067,204200067,remaining_formal_grid,COMPLETE_FORMAL_CASE,213
g2_GoodOverlap_n5000_rep0068,2,GoodOverlap,5000,68,104200068,204200068,remaining_formal_grid,COMPLETE_FORMAL_CASE,213
g2_GoodOverlap_n5000_rep0069,2,GoodOverlap,5000,69,104200069,204200069,remaining_formal_grid,COMPLETE_FORMAL_CASE,213
g2_GoodOverlap_n5000_rep0070,2,GoodOverlap,5000,70,104200070,204200070,remaining_formal_grid,COMPLETE_FORMAL_CASE,213
g2_GoodOverlap_n5000_rep0071,2,GoodOverlap,5000,71,104200071,204200071,remaining_formal_grid,COMPLETE_FORMAL_CASE,213
g2_GoodOverlap_n5000_rep0072,2,GoodOverlap,5000,72,104200072,204200072,remaining_formal_grid,COMPLETE_FORMAL_CASE,214
g2_GoodOverlap_n5000_rep0073,2,GoodOverlap,5000,73,104200073,204200073,remaining_formal_grid,COMPLETE_FORMAL_CASE,214
g2_GoodOverlap_n5000_rep0074,2,GoodOverlap,5000,74,104200074,204200074,remaining_formal_grid,COMPLETE_FORMAL_CASE,214
g2_GoodOverlap_n5000_rep0075,2,GoodOverlap,5000,75,104200075,204200075,remaining_formal_grid,COMPLETE_FORMAL_CASE,214
g2_GoodOverlap_n5000_rep0076,2,GoodOverlap,5000,76,104200076,204200076,remaining_formal_grid,COMPLETE_FORMAL_CASE,214
g2_GoodOverlap_n5000_rep0077,2,GoodOverlap,5000,77,104200077,204200077,remaining_formal_grid,COMPLETE_FORMAL_CASE,215
g2_GoodOverlap_n5000_rep0078,2,GoodOverlap,5000,78,104200078,204200078,remaining_formal_grid,COMPLETE_FORMAL_CASE,215
g2_GoodOverlap_n5000_rep0079,2,GoodOverlap,5000,79,104200079,204200079,remaining_formal_grid,COMPLETE_FORMAL_CASE,215
g2_GoodOverlap_n5000_rep0080,2,GoodOverlap,5000,80,104200080,204200080,remaining_formal_grid,COMPLETE_FORMAL_CASE,215
g2_GoodOverlap_n5000_rep0081,2,GoodOverlap,5000,81,104200081,204200081,remaining_formal_grid,COMPLETE_FORMAL_CASE,215
g2_GoodOverlap_n5000_rep0082,2,GoodOverlap,5000,82,104200082,204200082,remaining_formal_grid,COMPLETE_FORMAL_CASE,216
g2_GoodOverlap_n5000_rep0083,2,GoodOverlap,5000,83,104200083,204200083,remaining_formal_grid,COMPLETE_FORMAL_CASE,216
g2_GoodOverlap_n5000_rep0084,2,GoodOverlap,5000,84,104200084,204200084,remaining_formal_grid,COMPLETE_FORMAL_CASE,216
g2_GoodOverlap_n5000_rep0085,2,GoodOverlap,5000,85,104200085,204200085,remaining_formal_grid,COMPLETE_FORMAL_CASE,216
g2_GoodOverlap_n5000_rep0086,2,GoodOverlap,5000,86,104200086,204200086,remaining_formal_grid,COMPLETE_FORMAL_CASE,216
g2_GoodOverlap_n5000_rep0087,2,GoodOverlap,5000,87,104200087,204200087,remaining_formal_grid,COMPLETE_FORMAL_CASE,217
g2_GoodOverlap_n5000_rep0088,2,GoodOverlap,5000,88,104200088,204200088,remaining_formal_grid,COMPLETE_FORMAL_CASE,217
g2_GoodOverlap_n5000_rep0089,2,GoodOverlap,5000,89,104200089,204200089,remaining_formal_grid,COMPLETE_FORMAL_CASE,217
g2_GoodOverlap_n5000_rep0090,2,GoodOverlap,5000,90,104200090,204200090,remaining_formal_grid,COMPLETE_FORMAL_CASE,217
g2_GoodOverlap_n5000_rep0091,2,GoodOverlap,5000,91,104200091,204200091,remaining_formal_grid,COMPLETE_FORMAL_CASE,217
g2_GoodOverlap_n5000_rep0092,2,GoodOverlap,5000,92,104200092,204200092,remaining_formal_grid,COMPLETE_FORMAL_CASE,218
g2_GoodOverlap_n5000_rep0093,2,GoodOverlap,5000,93,104200093,204200093,remaining_formal_grid,COMPLETE_FORMAL_CASE,218
g2_GoodOverlap_n5000_rep0094,2,GoodOverlap,5000,94,104200094,204200094,remaining_formal_grid,COMPLETE_FORMAL_CASE,218
g2_GoodOverlap_n5000_rep0095,2,GoodOverlap,5000,95,104200095,204200095,remaining_formal_grid,COMPLETE_FORMAL_CASE,218
g2_GoodOverlap_n5000_rep0096,2,GoodOverlap,5000,96,104200096,204200096,remaining_formal_grid,COMPLETE_FORMAL_CASE,218
g2_GoodOverlap_n5000_rep0097,2,GoodOverlap,5000,97,104200097,204200097,remaining_formal_grid,COMPLETE_FORMAL_CASE,219
g2_GoodOverlap_n5000_rep0098,2,GoodOverlap,5000,98,104200098,204200098,remaining_formal_grid,COMPLETE_FORMAL_CASE,219
g2_GoodOverlap_n5000_rep0099,2,GoodOverlap,5000,99,104200099,204200099,remaining_formal_grid,COMPLETE_FORMAL_CASE,219
g2_GoodOverlap_n5000_rep0100,2,GoodOverlap,5000,100,104200100,204200100,remaining_formal_grid,COMPLETE_FORMAL_CASE,219
g2_GoodOverlap_n5000_rep0101,2,GoodOverlap,5000,101,104200101,204200101,remaining_formal_grid,COMPLETE_FORMAL_CASE,219
g2_GoodOverlap_n5000_rep0102,2,GoodOverlap,5000,102,104200102,204200102,remaining_formal_grid,COMPLETE_FORMAL_CASE,220
g2_GoodOverlap_n5000_rep0103,2,GoodOverlap,5000,103,104200103,204200103,remaining_formal_grid,COMPLETE_FORMAL_CASE,220
g2_GoodOverlap_n5000_rep0104,2,GoodOverlap,5000,104,104200104,204200104,remaining_formal_grid,COMPLETE_FORMAL_CASE,220
g2_GoodOverlap_n5000_rep0105,2,GoodOverlap,5000,105,104200105,204200105,remaining_formal_grid,COMPLETE_FORMAL_CASE,220
g2_GoodOverlap_n5000_rep0106,2,GoodOverlap,5000,106,104200106,204200106,remaining_formal_grid,COMPLETE_FORMAL_CASE,220
g2_GoodOverlap_n5000_rep0107,2,GoodOverlap,5000,107,104200107,204200107,remaining_formal_grid,COMPLETE_FORMAL_CASE,221
g2_GoodOverlap_n5000_rep0108,2,GoodOverlap,5000,108,104200108,204200108,remaining_formal_grid,COMPLETE_FORMAL_CASE,221
g2_GoodOverlap_n5000_rep0109,2,GoodOverlap,5000,109,104200109,204200109,remaining_formal_grid,COMPLETE_FORMAL_CASE,221
g2_GoodOverlap_n5000_rep0110,2,GoodOverlap,5000,110,104200110,204200110,remaining_formal_grid,COMPLETE_FORMAL_CASE,221
g2_GoodOverlap_n5000_rep0111,2,GoodOverlap,5000,111,104200111,204200111,remaining_formal_grid,COMPLETE_FORMAL_CASE,221
g2_GoodOverlap_n5000_rep0112,2,GoodOverlap,5000,112,104200112,204200112,remaining_formal_grid,COMPLETE_FORMAL_CASE,222
g2_GoodOverlap_n5000_rep0113,2,GoodOverlap,5000,113,104200113,204200113,remaining_formal_grid,COMPLETE_FORMAL_CASE,222
g2_GoodOverlap_n5000_rep0114,2,GoodOverlap,5000,114,104200114,204200114,remaining_formal_grid,COMPLETE_FORMAL_CASE,222
g2_GoodOverlap_n5000_rep0115,2,GoodOverlap,5000,115,104200115,204200115,remaining_formal_grid,COMPLETE_FORMAL_CASE,222
g2_GoodOverlap_n5000_rep0116,2,GoodOverlap,5000,116,104200116,204200116,remaining_formal_grid,COMPLETE_FORMAL_CASE,222
g2_GoodOverlap_n5000_rep0117,2,GoodOverlap,5000,117,104200117,204200117,remaining_formal_grid,COMPLETE_FORMAL_CASE,223
g2_GoodOverlap_n5000_rep0118,2,GoodOverlap,5000,118,104200118,204200118,remaining_formal_grid,COMPLETE_FORMAL_CASE,223
g2_GoodOverlap_n5000_rep0119,2,GoodOverlap,5000,119,104200119,204200119,remaining_formal_grid,COMPLETE_FORMAL_CASE,223
g2_GoodOverlap_n5000_rep0120,2,GoodOverlap,5000,120,104200120,204200120,remaining_formal_grid,COMPLETE_FORMAL_CASE,223
g2_GoodOverlap_n5000_rep0121,2,GoodOverlap,5000,121,104200121,204200121,remaining_formal_grid,COMPLETE_FORMAL_CASE,223
g2_GoodOverlap_n5000_rep0122,2,GoodOverlap,5000,122,104200122,204200122,remaining_formal_grid,COMPLETE_FORMAL_CASE,224
g2_GoodOverlap_n5000_rep0123,2,GoodOverlap,5000,123,104200123,204200123,remaining_formal_grid,COMPLETE_FORMAL_CASE,224
g2_GoodOverlap_n5000_rep0124,2,GoodOverlap,5000,124,104200124,204200124,remaining_formal_grid,COMPLETE_FORMAL_CASE,224
g2_GoodOverlap_n5000_rep0125,2,GoodOverlap,5000,125,104200125,204200125,remaining_formal_grid,COMPLETE_FORMAL_CASE,224
g2_GoodOverlap_n5000_rep0126,2,GoodOverlap,5000,126,104200126,204200126,remaining_formal_grid,COMPLETE_FORMAL_CASE,224
g2_GoodOverlap_n5000_rep0127,2,GoodOverlap,5000,127,104200127,204200127,remaining_formal_grid,COMPLETE_FORMAL_CASE,225
g2_GoodOverlap_n5000_rep0128,2,GoodOverlap,5000,128,104200128,204200128,remaining_formal_grid,COMPLETE_FORMAL_CASE,225
g2_GoodOverlap_n5000_rep0129,2,GoodOverlap,5000,129,104200129,204200129,remaining_formal_grid,COMPLETE_FORMAL_CASE,225
g2_GoodOverlap_n5000_rep0130,2,GoodOverlap,5000,130,104200130,204200130,remaining_formal_grid,COMPLETE_FORMAL_CASE,225
g2_GoodOverlap_n5000_rep0131,2,GoodOverlap,5000,131,104200131,204200131,remaining_formal_grid,COMPLETE_FORMAL_CASE,225
g2_GoodOverlap_n5000_rep0132,2,GoodOverlap,5000,132,104200132,204200132,remaining_formal_grid,COMPLETE_FORMAL_CASE,226
g2_GoodOverlap_n5000_rep0133,2,GoodOverlap,5000,133,104200133,204200133,remaining_formal_grid,COMPLETE_FORMAL_CASE,226
g2_GoodOverlap_n5000_rep0134,2,GoodOverlap,5000,134,104200134,204200134,remaining_formal_grid,COMPLETE_FORMAL_CASE,226
g2_GoodOverlap_n5000_rep0135,2,GoodOverlap,5000,135,104200135,204200135,remaining_formal_grid,COMPLETE_FORMAL_CASE,226
g2_GoodOverlap_n5000_rep0136,2,GoodOverlap,5000,136,104200136,204200136,remaining_formal_grid,COMPLETE_FORMAL_CASE,226
g2_GoodOverlap_n5000_rep0137,2,GoodOverlap,5000,137,104200137,204200137,remaining_formal_grid,COMPLETE_FORMAL_CASE,227
g2_GoodOverlap_n5000_rep0138,2,GoodOverlap,5000,138,104200138,204200138,remaining_formal_grid,COMPLETE_FORMAL_CASE,227
g2_GoodOverlap_n5000_rep0139,2,GoodOverlap,5000,139,104200139,204200139,remaining_formal_grid,COMPLETE_FORMAL_CASE,227
g2_GoodOverlap_n5000_rep0140,2,GoodOverlap,5000,140,104200140,204200140,remaining_formal_grid,COMPLETE_FORMAL_CASE,227
g2_GoodOverlap_n5000_rep0141,2,GoodOverlap,5000,141,104200141,204200141,remaining_formal_grid,COMPLETE_FORMAL_CASE,227
g2_GoodOverlap_n5000_rep0142,2,GoodOverlap,5000,142,104200142,204200142,remaining_formal_grid,COMPLETE_FORMAL_CASE,228
g2_GoodOverlap_n5000_rep0143,2,GoodOverlap,5000,143,104200143,204200143,remaining_formal_grid,COMPLETE_FORMAL_CASE,228
g2_GoodOverlap_n5000_rep0144,2,GoodOverlap,5000,144,104200144,204200144,remaining_formal_grid,COMPLETE_FORMAL_CASE,228
g2_GoodOverlap_n5000_rep0145,2,GoodOverlap,5000,145,104200145,204200145,remaining_formal_grid,COMPLETE_FORMAL_CASE,228
g2_GoodOverlap_n5000_rep0146,2,GoodOverlap,5000,146,104200146,204200146,remaining_formal_grid,COMPLETE_FORMAL_CASE,228
g2_GoodOverlap_n5000_rep0147,2,GoodOverlap,5000,147,104200147,204200147,remaining_formal_grid,COMPLETE_FORMAL_CASE,229
g2_GoodOverlap_n5000_rep0148,2,GoodOverlap,5000,148,104200148,204200148,remaining_formal_grid,COMPLETE_FORMAL_CASE,229
g2_GoodOverlap_n5000_rep0149,2,GoodOverlap,5000,149,104200149,204200149,remaining_formal_grid,COMPLETE_FORMAL_CASE,229
g2_GoodOverlap_n5000_rep0150,2,GoodOverlap,5000,150,104200150,204200150,remaining_formal_grid,COMPLETE_FORMAL_CASE,229
g2_GoodOverlap_n5000_rep0151,2,GoodOverlap,5000,151,104200151,204200151,remaining_formal_grid,COMPLETE_FORMAL_CASE,229
g2_GoodOverlap_n5000_rep0152,2,GoodOverlap,5000,152,104200152,204200152,remaining_formal_grid,COMPLETE_FORMAL_CASE,230
g2_GoodOverlap_n5000_rep0153,2,GoodOverlap,5000,153,104200153,204200153,remaining_formal_grid,COMPLETE_FORMAL_CASE,230
g2_GoodOverlap_n5000_rep0154,2,GoodOverlap,5000,154,104200154,204200154,remaining_formal_grid,COMPLETE_FORMAL_CASE,230
g2_GoodOverlap_n5000_rep0155,2,GoodOverlap,5000,155,104200155,204200155,remaining_formal_grid,COMPLETE_FORMAL_CASE,230
g2_GoodOverlap_n5000_rep0156,2,GoodOverlap,5000,156,104200156,204200156,remaining_formal_grid,COMPLETE_FORMAL_CASE,230
g2_GoodOverlap_n5000_rep0157,2,GoodOverlap,5000,157,104200157,204200157,remaining_formal_grid,COMPLETE_FORMAL_CASE,231
g2_GoodOverlap_n5000_rep0158,2,GoodOverlap,5000,158,104200158,204200158,remaining_formal_grid,COMPLETE_FORMAL_CASE,231
g2_GoodOverlap_n5000_rep0159,2,GoodOverlap,5000,159,104200159,204200159,remaining_formal_grid,COMPLETE_FORMAL_CASE,231
g2_GoodOverlap_n5000_rep0160,2,GoodOverlap,5000,160,104200160,204200160,remaining_formal_grid,COMPLETE_FORMAL_CASE,231
g2_GoodOverlap_n5000_rep0161,2,GoodOverlap,5000,161,104200161,204200161,remaining_formal_grid,COMPLETE_FORMAL_CASE,231
g2_GoodOverlap_n5000_rep0162,2,GoodOverlap,5000,162,104200162,204200162,remaining_formal_grid,COMPLETE_FORMAL_CASE,232
g2_GoodOverlap_n5000_rep0163,2,GoodOverlap,5000,163,104200163,204200163,remaining_formal_grid,COMPLETE_FORMAL_CASE,232
g2_GoodOverlap_n5000_rep0164,2,GoodOverlap,5000,164,104200164,204200164,remaining_formal_grid,COMPLETE_FORMAL_CASE,232
g2_GoodOverlap_n5000_rep0165,2,GoodOverlap,5000,165,104200165,204200165,remaining_formal_grid,COMPLETE_FORMAL_CASE,232
g2_GoodOverlap_n5000_rep0166,2,GoodOverlap,5000,166,104200166,204200166,remaining_formal_grid,COMPLETE_FORMAL_CASE,232
g2_GoodOverlap_n5000_rep0167,2,GoodOverlap,5000,167,104200167,204200167,remaining_formal_grid,COMPLETE_FORMAL_CASE,233
g2_GoodOverlap_n5000_rep0168,2,GoodOverlap,5000,168,104200168,204200168,remaining_formal_grid,COMPLETE_FORMAL_CASE,233
g2_GoodOverlap_n5000_rep0169,2,GoodOverlap,5000,169,104200169,204200169,remaining_formal_grid,COMPLETE_FORMAL_CASE,233
g2_GoodOverlap_n5000_rep0170,2,GoodOverlap,5000,170,104200170,204200170,remaining_formal_grid,COMPLETE_FORMAL_CASE,233
g2_GoodOverlap_n5000_rep0171,2,GoodOverlap,5000,171,104200171,204200171,remaining_formal_grid,COMPLETE_FORMAL_CASE,233
g2_GoodOverlap_n5000_rep0172,2,GoodOverlap,5000,172,104200172,204200172,remaining_formal_grid,COMPLETE_FORMAL_CASE,234
g2_GoodOverlap_n5000_rep0173,2,GoodOverlap,5000,173,104200173,204200173,remaining_formal_grid,COMPLETE_FORMAL_CASE,234
g2_GoodOverlap_n5000_rep0174,2,GoodOverlap,5000,174,104200174,204200174,remaining_formal_grid,COMPLETE_FORMAL_CASE,234
g2_GoodOverlap_n5000_rep0175,2,GoodOverlap,5000,175,104200175,204200175,remaining_formal_grid,COMPLETE_FORMAL_CASE,234
g2_GoodOverlap_n5000_rep0176,2,GoodOverlap,5000,176,104200176,204200176,remaining_formal_grid,COMPLETE_FORMAL_CASE,234
g2_GoodOverlap_n5000_rep0177,2,GoodOverlap,5000,177,104200177,204200177,remaining_formal_grid,COMPLETE_FORMAL_CASE,235
g2_GoodOverlap_n5000_rep0178,2,GoodOverlap,5000,178,104200178,204200178,remaining_formal_grid,COMPLETE_FORMAL_CASE,235
g2_GoodOverlap_n5000_rep0179,2,GoodOverlap,5000,179,104200179,204200179,remaining_formal_grid,COMPLETE_FORMAL_CASE,235
g2_GoodOverlap_n5000_rep0180,2,GoodOverlap,5000,180,104200180,204200180,remaining_formal_grid,COMPLETE_FORMAL_CASE,235
g2_GoodOverlap_n5000_rep0181,2,GoodOverlap,5000,181,104200181,204200181,remaining_formal_grid,COMPLETE_FORMAL_CASE,235
g2_GoodOverlap_n5000_rep0182,2,GoodOverlap,5000,182,104200182,204200182,remaining_formal_grid,COMPLETE_FORMAL_CASE,236
g2_GoodOverlap_n5000_rep0183,2,GoodOverlap,5000,183,104200183,204200183,remaining_formal_grid,COMPLETE_FORMAL_CASE,236
g2_GoodOverlap_n5000_rep0184,2,GoodOverlap,5000,184,104200184,204200184,remaining_formal_grid,COMPLETE_FORMAL_CASE,236
g2_GoodOverlap_n5000_rep0185,2,GoodOverlap,5000,185,104200185,204200185,remaining_formal_grid,COMPLETE_FORMAL_CASE,236
g2_GoodOverlap_n5000_rep0186,2,GoodOverlap,5000,186,104200186,204200186,remaining_formal_grid,COMPLETE_FORMAL_CASE,236
g2_GoodOverlap_n5000_rep0187,2,GoodOverlap,5000,187,104200187,204200187,remaining_formal_grid,COMPLETE_FORMAL_CASE,237
g2_GoodOverlap_n5000_rep0188,2,GoodOverlap,5000,188,104200188,204200188,remaining_formal_grid,COMPLETE_FORMAL_CASE,237
g2_GoodOverlap_n5000_rep0189,2,GoodOverlap,5000,189,104200189,204200189,remaining_formal_grid,COMPLETE_FORMAL_CASE,237
g2_GoodOverlap_n5000_rep0190,2,GoodOverlap,5000,190,104200190,204200190,remaining_formal_grid,COMPLETE_FORMAL_CASE,237
g2_GoodOverlap_n5000_rep0191,2,GoodOverlap,5000,191,104200191,204200191,remaining_formal_grid,COMPLETE_FORMAL_CASE,237
g2_GoodOverlap_n5000_rep0192,2,GoodOverlap,5000,192,104200192,204200192,remaining_formal_grid,COMPLETE_FORMAL_CASE,238
g2_GoodOverlap_n5000_rep0193,2,GoodOverlap,5000,193,104200193,204200193,remaining_formal_grid,COMPLETE_FORMAL_CASE,238
g2_GoodOverlap_n5000_rep0194,2,GoodOverlap,5000,194,104200194,204200194,remaining_formal_grid,COMPLETE_FORMAL_CASE,238
g2_GoodOverlap_n5000_rep0195,2,GoodOverlap,5000,195,104200195,204200195,remaining_formal_grid,COMPLETE_FORMAL_CASE,238
g2_GoodOverlap_n5000_rep0196,2,GoodOverlap,5000,196,104200196,204200196,remaining_formal_grid,COMPLETE_FORMAL_CASE,238
g2_GoodOverlap_n5000_rep0197,2,GoodOverlap,5000,197,104200197,204200197,remaining_formal_grid,COMPLETE_FORMAL_CASE,239
g2_GoodOverlap_n5000_rep0198,2,GoodOverlap,5000,198,104200198,204200198,remaining_formal_grid,COMPLETE_FORMAL_CASE,239
g2_GoodOverlap_n5000_rep0199,2,GoodOverlap,5000,199,104200199,204200199,remaining_formal_grid,COMPLETE_FORMAL_CASE,239
g2_GoodOverlap_n5000_rep0200,2,GoodOverlap,5000,200,104200200,204200200,remaining_formal_grid,COMPLETE_FORMAL_CASE,239
g2_GoodOverlap_n5000_rep0201,2,GoodOverlap,5000,201,104200201,204200201,remaining_formal_grid,COMPLETE_FORMAL_CASE,239
g2_GoodOverlap_n5000_rep0202,2,GoodOverlap,5000,202,104200202,204200202,remaining_formal_grid,COMPLETE_FORMAL_CASE,240
g2_GoodOverlap_n5000_rep0203,2,GoodOverlap,5000,203,104200203,204200203,remaining_formal_grid,COMPLETE_FORMAL_CASE,240
g2_GoodOverlap_n5000_rep0204,2,GoodOverlap,5000,204,104200204,204200204,remaining_formal_grid,COMPLETE_FORMAL_CASE,240
g2_GoodOverlap_n5000_rep0205,2,GoodOverlap,5000,205,104200205,204200205,remaining_formal_grid,COMPLETE_FORMAL_CASE,240
g2_GoodOverlap_n5000_rep0206,2,GoodOverlap,5000,206,104200206,204200206,remaining_formal_grid,COMPLETE_FORMAL_CASE,240
g2_GoodOverlap_n5000_rep0207,2,GoodOverlap,5000,207,104200207,204200207,remaining_formal_grid,COMPLETE_FORMAL_CASE,241
g2_GoodOverlap_n5000_rep0208,2,GoodOverlap,5000,208,104200208,204200208,remaining_formal_grid,COMPLETE_FORMAL_CASE,241
g2_GoodOverlap_n5000_rep0209,2,GoodOverlap,5000,209,104200209,204200209,remaining_formal_grid,COMPLETE_FORMAL_CASE,241
g2_GoodOverlap_n5000_rep0210,2,GoodOverlap,5000,210,104200210,204200210,remaining_formal_grid,COMPLETE_FORMAL_CASE,241
g2_GoodOverlap_n5000_rep0211,2,GoodOverlap,5000,211,104200211,204200211,remaining_formal_grid,COMPLETE_FORMAL_CASE,241
g2_GoodOverlap_n5000_rep0212,2,GoodOverlap,5000,212,104200212,204200212,remaining_formal_grid,COMPLETE_FORMAL_CASE,242
g2_GoodOverlap_n5000_rep0213,2,GoodOverlap,5000,213,104200213,204200213,remaining_formal_grid,COMPLETE_FORMAL_CASE,242
g2_GoodOverlap_n5000_rep0214,2,GoodOverlap,5000,214,104200214,204200214,remaining_formal_grid,COMPLETE_FORMAL_CASE,242
g2_GoodOverlap_n5000_rep0215,2,GoodOverlap,5000,215,104200215,204200215,remaining_formal_grid,COMPLETE_FORMAL_CASE,242
g2_GoodOverlap_n5000_rep0216,2,GoodOverlap,5000,216,104200216,204200216,remaining_formal_grid,COMPLETE_FORMAL_CASE,242
g2_GoodOverlap_n5000_rep0217,2,GoodOverlap,5000,217,104200217,204200217,remaining_formal_grid,COMPLETE_FORMAL_CASE,243
g2_GoodOverlap_n5000_rep0218,2,GoodOverlap,5000,218,104200218,204200218,remaining_formal_grid,COMPLETE_FORMAL_CASE,243
g2_GoodOverlap_n5000_rep0219,2,GoodOverlap,5000,219,104200219,204200219,remaining_formal_grid,COMPLETE_FORMAL_CASE,243
g2_GoodOverlap_n5000_rep0220,2,GoodOverlap,5000,220,104200220,204200220,remaining_formal_grid,COMPLETE_FORMAL_CASE,243
g2_GoodOverlap_n5000_rep0221,2,GoodOverlap,5000,221,104200221,204200221,remaining_formal_grid,COMPLETE_FORMAL_CASE,243
g2_GoodOverlap_n5000_rep0222,2,GoodOverlap,5000,222,104200222,204200222,remaining_formal_grid,COMPLETE_FORMAL_CASE,244
g2_GoodOverlap_n5000_rep0223,2,GoodOverlap,5000,223,104200223,204200223,remaining_formal_grid,COMPLETE_FORMAL_CASE,244
g2_GoodOverlap_n5000_rep0224,2,GoodOverlap,5000,224,104200224,204200224,remaining_formal_grid,COMPLETE_FORMAL_CASE,244
g2_GoodOverlap_n5000_rep0225,2,GoodOverlap,5000,225,104200225,204200225,remaining_formal_grid,COMPLETE_FORMAL_CASE,244
g2_GoodOverlap_n5000_rep0226,2,GoodOverlap,5000,226,104200226,204200226,remaining_formal_grid,COMPLETE_FORMAL_CASE,244
g2_GoodOverlap_n5000_rep0227,2,GoodOverlap,5000,227,104200227,204200227,remaining_formal_grid,COMPLETE_FORMAL_CASE,245
g2_GoodOverlap_n5000_rep0228,2,GoodOverlap,5000,228,104200228,204200228,remaining_formal_grid,COMPLETE_FORMAL_CASE,245
g2_GoodOverlap_n5000_rep0229,2,GoodOverlap,5000,229,104200229,204200229,remaining_formal_grid,COMPLETE_FORMAL_CASE,245
g2_GoodOverlap_n5000_rep0230,2,GoodOverlap,5000,230,104200230,204200230,remaining_formal_grid,COMPLETE_FORMAL_CASE,245
g2_GoodOverlap_n5000_rep0231,2,GoodOverlap,5000,231,104200231,204200231,remaining_formal_grid,COMPLETE_FORMAL_CASE,245
g2_GoodOverlap_n5000_rep0232,2,GoodOverlap,5000,232,104200232,204200232,remaining_formal_grid,COMPLETE_FORMAL_CASE,246
g2_GoodOverlap_n5000_rep0233,2,GoodOverlap,5000,233,104200233,204200233,remaining_formal_grid,COMPLETE_FORMAL_CASE,246
g2_GoodOverlap_n5000_rep0234,2,GoodOverlap,5000,234,104200234,204200234,remaining_formal_grid,COMPLETE_FORMAL_CASE,246
g2_GoodOverlap_n5000_rep0235,2,GoodOverlap,5000,235,104200235,204200235,remaining_formal_grid,COMPLETE_FORMAL_CASE,246
g2_GoodOverlap_n5000_rep0236,2,GoodOverlap,5000,236,104200236,204200236,remaining_formal_grid,COMPLETE_FORMAL_CASE,246
g2_GoodOverlap_n5000_rep0237,2,GoodOverlap,5000,237,104200237,204200237,remaining_formal_grid,COMPLETE_FORMAL_CASE,247
g2_GoodOverlap_n5000_rep0238,2,GoodOverlap,5000,238,104200238,204200238,remaining_formal_grid,COMPLETE_FORMAL_CASE,247
g2_GoodOverlap_n5000_rep0239,2,GoodOverlap,5000,239,104200239,204200239,remaining_formal_grid,COMPLETE_FORMAL_CASE,247
g2_GoodOverlap_n5000_rep0240,2,GoodOverlap,5000,240,104200240,204200240,remaining_formal_grid,COMPLETE_FORMAL_CASE,247
g2_GoodOverlap_n5000_rep0241,2,GoodOverlap,5000,241,104200241,204200241,remaining_formal_grid,COMPLETE_FORMAL_CASE,247
g2_GoodOverlap_n5000_rep0242,2,GoodOverlap,5000,242,104200242,204200242,remaining_formal_grid,COMPLETE_FORMAL_CASE,248
g2_GoodOverlap_n5000_rep0243,2,GoodOverlap,5000,243,104200243,204200243,remaining_formal_grid,COMPLETE_FORMAL_CASE,248
g2_GoodOverlap_n5000_rep0244,2,GoodOverlap,5000,244,104200244,204200244,remaining_formal_grid,COMPLETE_FORMAL_CASE,248
g2_GoodOverlap_n5000_rep0245,2,GoodOverlap,5000,245,104200245,204200245,remaining_formal_grid,COMPLETE_FORMAL_CASE,248
g2_GoodOverlap_n5000_rep0246,2,GoodOverlap,5000,246,104200246,204200246,remaining_formal_grid,COMPLETE_FORMAL_CASE,248
g2_GoodOverlap_n5000_rep0247,2,GoodOverlap,5000,247,104200247,204200247,remaining_formal_grid,COMPLETE_FORMAL_CASE,249
g2_GoodOverlap_n5000_rep0248,2,GoodOverlap,5000,248,104200248,204200248,remaining_formal_grid,COMPLETE_FORMAL_CASE,249
g2_GoodOverlap_n5000_rep0249,2,GoodOverlap,5000,249,104200249,204200249,remaining_formal_grid,COMPLETE_FORMAL_CASE,249
g2_GoodOverlap_n5000_rep0250,2,GoodOverlap,5000,250,104200250,204200250,remaining_formal_grid,COMPLETE_FORMAL_CASE,249
g2_GoodOverlap_n5000_rep0251,2,GoodOverlap,5000,251,104200251,204200251,remaining_formal_grid,COMPLETE_FORMAL_CASE,249
g2_GoodOverlap_n5000_rep0252,2,GoodOverlap,5000,252,104200252,204200252,remaining_formal_grid,COMPLETE_FORMAL_CASE,250
g2_GoodOverlap_n5000_rep0253,2,GoodOverlap,5000,253,104200253,204200253,remaining_formal_grid,COMPLETE_FORMAL_CASE,250
g2_GoodOverlap_n5000_rep0254,2,GoodOverlap,5000,254,104200254,204200254,remaining_formal_grid,COMPLETE_FORMAL_CASE,250
g2_GoodOverlap_n5000_rep0255,2,GoodOverlap,5000,255,104200255,204200255,remaining_formal_grid,COMPLETE_FORMAL_CASE,250
g2_GoodOverlap_n5000_rep0256,2,GoodOverlap,5000,256,104200256,204200256,remaining_formal_grid,COMPLETE_FORMAL_CASE,250
g2_GoodOverlap_n5000_rep0257,2,GoodOverlap,5000,257,104200257,204200257,remaining_formal_grid,COMPLETE_FORMAL_CASE,251
g2_GoodOverlap_n5000_rep0258,2,GoodOverlap,5000,258,104200258,204200258,remaining_formal_grid,COMPLETE_FORMAL_CASE,251
g2_GoodOverlap_n5000_rep0259,2,GoodOverlap,5000,259,104200259,204200259,remaining_formal_grid,COMPLETE_FORMAL_CASE,251
g2_GoodOverlap_n5000_rep0260,2,GoodOverlap,5000,260,104200260,204200260,remaining_formal_grid,COMPLETE_FORMAL_CASE,251
g2_GoodOverlap_n5000_rep0261,2,GoodOverlap,5000,261,104200261,204200261,remaining_formal_grid,COMPLETE_FORMAL_CASE,251
g2_GoodOverlap_n5000_rep0262,2,GoodOverlap,5000,262,104200262,204200262,remaining_formal_grid,COMPLETE_FORMAL_CASE,252
g2_GoodOverlap_n5000_rep0263,2,GoodOverlap,5000,263,104200263,204200263,remaining_formal_grid,COMPLETE_FORMAL_CASE,252
g2_GoodOverlap_n5000_rep0264,2,GoodOverlap,5000,264,104200264,204200264,remaining_formal_grid,COMPLETE_FORMAL_CASE,252
g2_GoodOverlap_n5000_rep0265,2,GoodOverlap,5000,265,104200265,204200265,remaining_formal_grid,COMPLETE_FORMAL_CASE,252
g2_GoodOverlap_n5000_rep0266,2,GoodOverlap,5000,266,104200266,204200266,remaining_formal_grid,COMPLETE_FORMAL_CASE,252
g2_GoodOverlap_n5000_rep0267,2,GoodOverlap,5000,267,104200267,204200267,remaining_formal_grid,COMPLETE_FORMAL_CASE,253
g2_GoodOverlap_n5000_rep0268,2,GoodOverlap,5000,268,104200268,204200268,remaining_formal_grid,COMPLETE_FORMAL_CASE,253
g2_GoodOverlap_n5000_rep0269,2,GoodOverlap,5000,269,104200269,204200269,remaining_formal_grid,COMPLETE_FORMAL_CASE,253
g2_GoodOverlap_n5000_rep0270,2,GoodOverlap,5000,270,104200270,204200270,remaining_formal_grid,COMPLETE_FORMAL_CASE,253
g2_GoodOverlap_n5000_rep0271,2,GoodOverlap,5000,271,104200271,204200271,remaining_formal_grid,COMPLETE_FORMAL_CASE,253
g2_GoodOverlap_n5000_rep0272,2,GoodOverlap,5000,272,104200272,204200272,remaining_formal_grid,COMPLETE_FORMAL_CASE,254
g2_GoodOverlap_n5000_rep0273,2,GoodOverlap,5000,273,104200273,204200273,remaining_formal_grid,COMPLETE_FORMAL_CASE,254
g2_GoodOverlap_n5000_rep0274,2,GoodOverlap,5000,274,104200274,204200274,remaining_formal_grid,COMPLETE_FORMAL_CASE,254
g2_GoodOverlap_n5000_rep0275,2,GoodOverlap,5000,275,104200275,204200275,remaining_formal_grid,COMPLETE_FORMAL_CASE,254
g2_GoodOverlap_n5000_rep0276,2,GoodOverlap,5000,276,104200276,204200276,remaining_formal_grid,COMPLETE_FORMAL_CASE,254
g2_GoodOverlap_n5000_rep0277,2,GoodOverlap,5000,277,104200277,204200277,remaining_formal_grid,COMPLETE_FORMAL_CASE,255
g2_GoodOverlap_n5000_rep0278,2,GoodOverlap,5000,278,104200278,204200278,remaining_formal_grid,COMPLETE_FORMAL_CASE,255
g2_GoodOverlap_n5000_rep0279,2,GoodOverlap,5000,279,104200279,204200279,remaining_formal_grid,COMPLETE_FORMAL_CASE,255
g2_GoodOverlap_n5000_rep0280,2,GoodOverlap,5000,280,104200280,204200280,remaining_formal_grid,COMPLETE_FORMAL_CASE,255
g2_GoodOverlap_n5000_rep0281,2,GoodOverlap,5000,281,104200281,204200281,remaining_formal_grid,COMPLETE_FORMAL_CASE,255
g2_GoodOverlap_n5000_rep0282,2,GoodOverlap,5000,282,104200282,204200282,remaining_formal_grid,COMPLETE_FORMAL_CASE,256
g2_GoodOverlap_n5000_rep0283,2,GoodOverlap,5000,283,104200283,204200283,remaining_formal_grid,COMPLETE_FORMAL_CASE,256
g2_GoodOverlap_n5000_rep0284,2,GoodOverlap,5000,284,104200284,204200284,remaining_formal_grid,COMPLETE_FORMAL_CASE,256
g2_GoodOverlap_n5000_rep0285,2,GoodOverlap,5000,285,104200285,204200285,remaining_formal_grid,COMPLETE_FORMAL_CASE,256
g2_GoodOverlap_n5000_rep0286,2,GoodOverlap,5000,286,104200286,204200286,remaining_formal_grid,COMPLETE_FORMAL_CASE,256
g2_GoodOverlap_n5000_rep0287,2,GoodOverlap,5000,287,104200287,204200287,remaining_formal_grid,COMPLETE_FORMAL_CASE,257
g2_GoodOverlap_n5000_rep0288,2,GoodOverlap,5000,288,104200288,204200288,remaining_formal_grid,COMPLETE_FORMAL_CASE,257
g2_GoodOverlap_n5000_rep0289,2,GoodOverlap,5000,289,104200289,204200289,remaining_formal_grid,COMPLETE_FORMAL_CASE,257
g2_GoodOverlap_n5000_rep0290,2,GoodOverlap,5000,290,104200290,204200290,remaining_formal_grid,COMPLETE_FORMAL_CASE,257
g2_GoodOverlap_n5000_rep0291,2,GoodOverlap,5000,291,104200291,204200291,remaining_formal_grid,COMPLETE_FORMAL_CASE,257
g2_GoodOverlap_n5000_rep0292,2,GoodOverlap,5000,292,104200292,204200292,remaining_formal_grid,COMPLETE_FORMAL_CASE,258
g2_GoodOverlap_n5000_rep0293,2,GoodOverlap,5000,293,104200293,204200293,remaining_formal_grid,COMPLETE_FORMAL_CASE,258
g2_GoodOverlap_n5000_rep0294,2,GoodOverlap,5000,294,104200294,204200294,remaining_formal_grid,COMPLETE_FORMAL_CASE,258
g2_GoodOverlap_n5000_rep0295,2,GoodOverlap,5000,295,104200295,204200295,remaining_formal_grid,COMPLETE_FORMAL_CASE,258
g2_GoodOverlap_n5000_rep0296,2,GoodOverlap,5000,296,104200296,204200296,remaining_formal_grid,COMPLETE_FORMAL_CASE,258
g2_GoodOverlap_n5000_rep0297,2,GoodOverlap,5000,297,104200297,204200297,remaining_formal_grid,COMPLETE_FORMAL_CASE,259
g2_GoodOverlap_n5000_rep0298,2,GoodOverlap,5000,298,104200298,204200298,remaining_formal_grid,COMPLETE_FORMAL_CASE,259
g2_GoodOverlap_n5000_rep0299,2,GoodOverlap,5000,299,104200299,204200299,remaining_formal_grid,COMPLETE_FORMAL_CASE,259
g2_GoodOverlap_n5000_rep0300,2,GoodOverlap,5000,300,104200300,204200300,remaining_formal_grid,COMPLETE_FORMAL_CASE,259
g2_GoodOverlap_n5000_rep0301,2,GoodOverlap,5000,301,104200301,204200301,remaining_formal_grid,COMPLETE_FORMAL_CASE,259
g2_GoodOverlap_n5000_rep0302,2,GoodOverlap,5000,302,104200302,204200302,remaining_formal_grid,COMPLETE_FORMAL_CASE,260
g2_GoodOverlap_n5000_rep0303,2,GoodOverlap,5000,303,104200303,204200303,remaining_formal_grid,COMPLETE_FORMAL_CASE,260
g2_GoodOverlap_n5000_rep0304,2,GoodOverlap,5000,304,104200304,204200304,remaining_formal_grid,COMPLETE_FORMAL_CASE,260
g2_GoodOverlap_n5000_rep0305,2,GoodOverlap,5000,305,104200305,204200305,remaining_formal_grid,COMPLETE_FORMAL_CASE,260
g2_GoodOverlap_n5000_rep0306,2,GoodOverlap,5000,306,104200306,204200306,remaining_formal_grid,COMPLETE_FORMAL_CASE,260
g2_GoodOverlap_n5000_rep0307,2,GoodOverlap,5000,307,104200307,204200307,remaining_formal_grid,COMPLETE_FORMAL_CASE,261
g2_GoodOverlap_n5000_rep0308,2,GoodOverlap,5000,308,104200308,204200308,remaining_formal_grid,COMPLETE_FORMAL_CASE,261
g2_GoodOverlap_n5000_rep0309,2,GoodOverlap,5000,309,104200309,204200309,remaining_formal_grid,COMPLETE_FORMAL_CASE,261
g2_GoodOverlap_n5000_rep0310,2,GoodOverlap,5000,310,104200310,204200310,remaining_formal_grid,COMPLETE_FORMAL_CASE,261
g2_GoodOverlap_n5000_rep0311,2,GoodOverlap,5000,311,104200311,204200311,remaining_formal_grid,COMPLETE_FORMAL_CASE,261
g2_GoodOverlap_n5000_rep0312,2,GoodOverlap,5000,312,104200312,204200312,remaining_formal_grid,COMPLETE_FORMAL_CASE,262
g2_GoodOverlap_n5000_rep0313,2,GoodOverlap,5000,313,104200313,204200313,remaining_formal_grid,COMPLETE_FORMAL_CASE,262
g2_GoodOverlap_n5000_rep0314,2,GoodOverlap,5000,314,104200314,204200314,remaining_formal_grid,COMPLETE_FORMAL_CASE,262
g2_GoodOverlap_n5000_rep0315,2,GoodOverlap,5000,315,104200315,204200315,remaining_formal_grid,COMPLETE_FORMAL_CASE,262
g2_GoodOverlap_n5000_rep0316,2,GoodOverlap,5000,316,104200316,204200316,remaining_formal_grid,COMPLETE_FORMAL_CASE,262
g2_GoodOverlap_n5000_rep0317,2,GoodOverlap,5000,317,104200317,204200317,remaining_formal_grid,COMPLETE_FORMAL_CASE,263
g2_GoodOverlap_n5000_rep0318,2,GoodOverlap,5000,318,104200318,204200318,remaining_formal_grid,COMPLETE_FORMAL_CASE,263
g2_GoodOverlap_n5000_rep0319,2,GoodOverlap,5000,319,104200319,204200319,remaining_formal_grid,COMPLETE_FORMAL_CASE,263
g2_GoodOverlap_n5000_rep0320,2,GoodOverlap,5000,320,104200320,204200320,remaining_formal_grid,COMPLETE_FORMAL_CASE,263
g2_GoodOverlap_n5000_rep0321,2,GoodOverlap,5000,321,104200321,204200321,remaining_formal_grid,COMPLETE_FORMAL_CASE,263
g2_GoodOverlap_n5000_rep0322,2,GoodOverlap,5000,322,104200322,204200322,remaining_formal_grid,COMPLETE_FORMAL_CASE,264
g2_GoodOverlap_n5000_rep0323,2,GoodOverlap,5000,323,104200323,204200323,remaining_formal_grid,COMPLETE_FORMAL_CASE,264
g2_GoodOverlap_n5000_rep0324,2,GoodOverlap,5000,324,104200324,204200324,remaining_formal_grid,COMPLETE_FORMAL_CASE,264
g2_GoodOverlap_n5000_rep0325,2,GoodOverlap,5000,325,104200325,204200325,remaining_formal_grid,COMPLETE_FORMAL_CASE,264
g2_GoodOverlap_n5000_rep0326,2,GoodOverlap,5000,326,104200326,204200326,remaining_formal_grid,COMPLETE_FORMAL_CASE,264
g2_GoodOverlap_n5000_rep0327,2,GoodOverlap,5000,327,104200327,204200327,remaining_formal_grid,COMPLETE_FORMAL_CASE,265
g2_GoodOverlap_n5000_rep0328,2,GoodOverlap,5000,328,104200328,204200328,remaining_formal_grid,COMPLETE_FORMAL_CASE,265
g2_GoodOverlap_n5000_rep0329,2,GoodOverlap,5000,329,104200329,204200329,remaining_formal_grid,COMPLETE_FORMAL_CASE,265
g2_GoodOverlap_n5000_rep0330,2,GoodOverlap,5000,330,104200330,204200330,remaining_formal_grid,COMPLETE_FORMAL_CASE,265
g2_GoodOverlap_n5000_rep0331,2,GoodOverlap,5000,331,104200331,204200331,remaining_formal_grid,COMPLETE_FORMAL_CASE,265
g2_GoodOverlap_n5000_rep0332,2,GoodOverlap,5000,332,104200332,204200332,remaining_formal_grid,COMPLETE_FORMAL_CASE,266
g2_GoodOverlap_n5000_rep0333,2,GoodOverlap,5000,333,104200333,204200333,remaining_formal_grid,COMPLETE_FORMAL_CASE,266
g2_GoodOverlap_n5000_rep0334,2,GoodOverlap,5000,334,104200334,204200334,remaining_formal_grid,COMPLETE_FORMAL_CASE,266
g2_GoodOverlap_n5000_rep0335,2,GoodOverlap,5000,335,104200335,204200335,remaining_formal_grid,COMPLETE_FORMAL_CASE,266
g2_GoodOverlap_n5000_rep0336,2,GoodOverlap,5000,336,104200336,204200336,remaining_formal_grid,COMPLETE_FORMAL_CASE,266
g2_GoodOverlap_n5000_rep0337,2,GoodOverlap,5000,337,104200337,204200337,remaining_formal_grid,COMPLETE_FORMAL_CASE,267
g2_GoodOverlap_n5000_rep0338,2,GoodOverlap,5000,338,104200338,204200338,remaining_formal_grid,COMPLETE_FORMAL_CASE,267
g2_GoodOverlap_n5000_rep0339,2,GoodOverlap,5000,339,104200339,204200339,remaining_formal_grid,COMPLETE_FORMAL_CASE,267
g2_GoodOverlap_n5000_rep0340,2,GoodOverlap,5000,340,104200340,204200340,remaining_formal_grid,COMPLETE_FORMAL_CASE,267
g2_GoodOverlap_n5000_rep0341,2,GoodOverlap,5000,341,104200341,204200341,remaining_formal_grid,COMPLETE_FORMAL_CASE,267
g2_GoodOverlap_n5000_rep0342,2,GoodOverlap,5000,342,104200342,204200342,remaining_formal_grid,COMPLETE_FORMAL_CASE,268
g2_GoodOverlap_n5000_rep0343,2,GoodOverlap,5000,343,104200343,204200343,remaining_formal_grid,COMPLETE_FORMAL_CASE,268
g2_GoodOverlap_n5000_rep0344,2,GoodOverlap,5000,344,104200344,204200344,remaining_formal_grid,COMPLETE_FORMAL_CASE,268
g2_GoodOverlap_n5000_rep0345,2,GoodOverlap,5000,345,104200345,204200345,remaining_formal_grid,COMPLETE_FORMAL_CASE,268
g2_GoodOverlap_n5000_rep0346,2,GoodOverlap,5000,346,104200346,204200346,remaining_formal_grid,COMPLETE_FORMAL_CASE,268
g2_GoodOverlap_n5000_rep0347,2,GoodOverlap,5000,347,104200347,204200347,remaining_formal_grid,COMPLETE_FORMAL_CASE,269
g2_GoodOverlap_n5000_rep0348,2,GoodOverlap,5000,348,104200348,204200348,remaining_formal_grid,COMPLETE_FORMAL_CASE,269
g2_GoodOverlap_n5000_rep0349,2,GoodOverlap,5000,349,104200349,204200349,remaining_formal_grid,COMPLETE_FORMAL_CASE,269
g2_GoodOverlap_n5000_rep0350,2,GoodOverlap,5000,350,104200350,204200350,remaining_formal_grid,COMPLETE_FORMAL_CASE,269
g2_GoodOverlap_n5000_rep0351,2,GoodOverlap,5000,351,104200351,204200351,remaining_formal_grid,COMPLETE_FORMAL_CASE,269
g2_GoodOverlap_n5000_rep0352,2,GoodOverlap,5000,352,104200352,204200352,remaining_formal_grid,COMPLETE_FORMAL_CASE,270
g2_GoodOverlap_n5000_rep0353,2,GoodOverlap,5000,353,104200353,204200353,remaining_formal_grid,COMPLETE_FORMAL_CASE,270
g2_GoodOverlap_n5000_rep0354,2,GoodOverlap,5000,354,104200354,204200354,remaining_formal_grid,COMPLETE_FORMAL_CASE,270
g2_GoodOverlap_n5000_rep0355,2,GoodOverlap,5000,355,104200355,204200355,remaining_formal_grid,COMPLETE_FORMAL_CASE,270
g2_GoodOverlap_n5000_rep0356,2,GoodOverlap,5000,356,104200356,204200356,remaining_formal_grid,COMPLETE_FORMAL_CASE,270
g2_GoodOverlap_n5000_rep0357,2,GoodOverlap,5000,357,104200357,204200357,remaining_formal_grid,COMPLETE_FORMAL_CASE,271
g2_GoodOverlap_n5000_rep0358,2,GoodOverlap,5000,358,104200358,204200358,remaining_formal_grid,COMPLETE_FORMAL_CASE,271
g2_GoodOverlap_n5000_rep0359,2,GoodOverlap,5000,359,104200359,204200359,remaining_formal_grid,COMPLETE_FORMAL_CASE,271
g2_GoodOverlap_n5000_rep0360,2,GoodOverlap,5000,360,104200360,204200360,remaining_formal_grid,COMPLETE_FORMAL_CASE,271
g2_GoodOverlap_n5000_rep0361,2,GoodOverlap,5000,361,104200361,204200361,remaining_formal_grid,COMPLETE_FORMAL_CASE,271
g2_GoodOverlap_n5000_rep0362,2,GoodOverlap,5000,362,104200362,204200362,remaining_formal_grid,COMPLETE_FORMAL_CASE,272
g2_GoodOverlap_n5000_rep0363,2,GoodOverlap,5000,363,104200363,204200363,remaining_formal_grid,COMPLETE_FORMAL_CASE,272
g2_GoodOverlap_n5000_rep0364,2,GoodOverlap,5000,364,104200364,204200364,remaining_formal_grid,COMPLETE_FORMAL_CASE,272
g2_GoodOverlap_n5000_rep0365,2,GoodOverlap,5000,365,104200365,204200365,remaining_formal_grid,COMPLETE_FORMAL_CASE,272
g2_GoodOverlap_n5000_rep0366,2,GoodOverlap,5000,366,104200366,204200366,remaining_formal_grid,COMPLETE_FORMAL_CASE,272
g2_GoodOverlap_n5000_rep0367,2,GoodOverlap,5000,367,104200367,204200367,remaining_formal_grid,COMPLETE_FORMAL_CASE,273
g2_GoodOverlap_n5000_rep0368,2,GoodOverlap,5000,368,104200368,204200368,remaining_formal_grid,COMPLETE_FORMAL_CASE,273
g2_GoodOverlap_n5000_rep0369,2,GoodOverlap,5000,369,104200369,204200369,remaining_formal_grid,COMPLETE_FORMAL_CASE,273
g2_GoodOverlap_n5000_rep0370,2,GoodOverlap,5000,370,104200370,204200370,remaining_formal_grid,COMPLETE_FORMAL_CASE,273
g2_GoodOverlap_n5000_rep0371,2,GoodOverlap,5000,371,104200371,204200371,remaining_formal_grid,COMPLETE_FORMAL_CASE,273
g2_GoodOverlap_n5000_rep0372,2,GoodOverlap,5000,372,104200372,204200372,remaining_formal_grid,COMPLETE_FORMAL_CASE,274
g2_GoodOverlap_n5000_rep0373,2,GoodOverlap,5000,373,104200373,204200373,remaining_formal_grid,COMPLETE_FORMAL_CASE,274
g2_GoodOverlap_n5000_rep0374,2,GoodOverlap,5000,374,104200374,204200374,remaining_formal_grid,COMPLETE_FORMAL_CASE,274
g2_GoodOverlap_n5000_rep0375,2,GoodOverlap,5000,375,104200375,204200375,remaining_formal_grid,COMPLETE_FORMAL_CASE,274
g2_GoodOverlap_n5000_rep0376,2,GoodOverlap,5000,376,104200376,204200376,remaining_formal_grid,COMPLETE_FORMAL_CASE,274
g2_GoodOverlap_n5000_rep0377,2,GoodOverlap,5000,377,104200377,204200377,remaining_formal_grid,COMPLETE_FORMAL_CASE,275
g2_GoodOverlap_n5000_rep0378,2,GoodOverlap,5000,378,104200378,204200378,remaining_formal_grid,COMPLETE_FORMAL_CASE,275
g2_GoodOverlap_n5000_rep0379,2,GoodOverlap,5000,379,104200379,204200379,remaining_formal_grid,COMPLETE_FORMAL_CASE,275
g2_GoodOverlap_n5000_rep0380,2,GoodOverlap,5000,380,104200380,204200380,remaining_formal_grid,COMPLETE_FORMAL_CASE,275
g2_GoodOverlap_n5000_rep0381,2,GoodOverlap,5000,381,104200381,204200381,remaining_formal_grid,COMPLETE_FORMAL_CASE,275
g2_GoodOverlap_n5000_rep0382,2,GoodOverlap,5000,382,104200382,204200382,remaining_formal_grid,COMPLETE_FORMAL_CASE,276
g2_GoodOverlap_n5000_rep0383,2,GoodOverlap,5000,383,104200383,204200383,remaining_formal_grid,COMPLETE_FORMAL_CASE,276
g2_GoodOverlap_n5000_rep0384,2,GoodOverlap,5000,384,104200384,204200384,remaining_formal_grid,COMPLETE_FORMAL_CASE,276
g2_GoodOverlap_n5000_rep0385,2,GoodOverlap,5000,385,104200385,204200385,remaining_formal_grid,COMPLETE_FORMAL_CASE,276
g2_GoodOverlap_n5000_rep0386,2,GoodOverlap,5000,386,104200386,204200386,remaining_formal_grid,COMPLETE_FORMAL_CASE,276
g2_GoodOverlap_n5000_rep0387,2,GoodOverlap,5000,387,104200387,204200387,remaining_formal_grid,COMPLETE_FORMAL_CASE,277
g2_GoodOverlap_n5000_rep0388,2,GoodOverlap,5000,388,104200388,204200388,remaining_formal_grid,COMPLETE_FORMAL_CASE,277
g2_GoodOverlap_n5000_rep0389,2,GoodOverlap,5000,389,104200389,204200389,remaining_formal_grid,COMPLETE_FORMAL_CASE,277
g2_GoodOverlap_n5000_rep0390,2,GoodOverlap,5000,390,104200390,204200390,remaining_formal_grid,COMPLETE_FORMAL_CASE,277
g2_GoodOverlap_n5000_rep0391,2,GoodOverlap,5000,391,104200391,204200391,remaining_formal_grid,COMPLETE_FORMAL_CASE,277
g2_GoodOverlap_n5000_rep0392,2,GoodOverlap,5000,392,104200392,204200392,remaining_formal_grid,COMPLETE_FORMAL_CASE,278
g2_GoodOverlap_n5000_rep0393,2,GoodOverlap,5000,393,104200393,204200393,remaining_formal_grid,COMPLETE_FORMAL_CASE,278
g2_GoodOverlap_n5000_rep0394,2,GoodOverlap,5000,394,104200394,204200394,remaining_formal_grid,COMPLETE_FORMAL_CASE,278
g2_GoodOverlap_n5000_rep0395,2,GoodOverlap,5000,395,104200395,204200395,remaining_formal_grid,COMPLETE_FORMAL_CASE,278
g2_GoodOverlap_n5000_rep0396,2,GoodOverlap,5000,396,104200396,204200396,remaining_formal_grid,COMPLETE_FORMAL_CASE,278
g2_GoodOverlap_n5000_rep0397,2,GoodOverlap,5000,397,104200397,204200397,remaining_formal_grid,COMPLETE_FORMAL_CASE,279
g2_GoodOverlap_n5000_rep0398,2,GoodOverlap,5000,398,104200398,204200398,remaining_formal_grid,COMPLETE_FORMAL_CASE,279
g2_GoodOverlap_n5000_rep0399,2,GoodOverlap,5000,399,104200399,204200399,remaining_formal_grid,COMPLETE_FORMAL_CASE,279
g2_GoodOverlap_n5000_rep0400,2,GoodOverlap,5000,400,104200400,204200400,remaining_formal_grid,COMPLETE_FORMAL_CASE,279
g2_GoodOverlap_n5000_rep0401,2,GoodOverlap,5000,401,104200401,204200401,remaining_formal_grid,COMPLETE_FORMAL_CASE,279
g2_GoodOverlap_n5000_rep0402,2,GoodOverlap,5000,402,104200402,204200402,remaining_formal_grid,COMPLETE_FORMAL_CASE,280
g2_GoodOverlap_n5000_rep0403,2,GoodOverlap,5000,403,104200403,204200403,remaining_formal_grid,COMPLETE_FORMAL_CASE,280
g2_GoodOverlap_n5000_rep0404,2,GoodOverlap,5000,404,104200404,204200404,remaining_formal_grid,COMPLETE_FORMAL_CASE,280
g2_GoodOverlap_n5000_rep0405,2,GoodOverlap,5000,405,104200405,204200405,remaining_formal_grid,COMPLETE_FORMAL_CASE,280
g2_GoodOverlap_n5000_rep0406,2,GoodOverlap,5000,406,104200406,204200406,remaining_formal_grid,COMPLETE_FORMAL_CASE,280
g2_GoodOverlap_n5000_rep0407,2,GoodOverlap,5000,407,104200407,204200407,remaining_formal_grid,COMPLETE_FORMAL_CASE,281
g2_GoodOverlap_n5000_rep0408,2,GoodOverlap,5000,408,104200408,204200408,remaining_formal_grid,COMPLETE_FORMAL_CASE,281
g2_GoodOverlap_n5000_rep0409,2,GoodOverlap,5000,409,104200409,204200409,remaining_formal_grid,COMPLETE_FORMAL_CASE,281
g2_GoodOverlap_n5000_rep0410,2,GoodOverlap,5000,410,104200410,204200410,remaining_formal_grid,COMPLETE_FORMAL_CASE,281
g2_GoodOverlap_n5000_rep0411,2,GoodOverlap,5000,411,104200411,204200411,remaining_formal_grid,COMPLETE_FORMAL_CASE,281
g2_GoodOverlap_n5000_rep0412,2,GoodOverlap,5000,412,104200412,204200412,remaining_formal_grid,COMPLETE_FORMAL_CASE,282
g2_GoodOverlap_n5000_rep0413,2,GoodOverlap,5000,413,104200413,204200413,remaining_formal_grid,COMPLETE_FORMAL_CASE,282
g2_GoodOverlap_n5000_rep0414,2,GoodOverlap,5000,414,104200414,204200414,remaining_formal_grid,COMPLETE_FORMAL_CASE,282
g2_GoodOverlap_n5000_rep0415,2,GoodOverlap,5000,415,104200415,204200415,remaining_formal_grid,COMPLETE_FORMAL_CASE,282
g2_GoodOverlap_n5000_rep0416,2,GoodOverlap,5000,416,104200416,204200416,remaining_formal_grid,COMPLETE_FORMAL_CASE,282
g2_GoodOverlap_n5000_rep0417,2,GoodOverlap,5000,417,104200417,204200417,remaining_formal_grid,COMPLETE_FORMAL_CASE,283
g2_GoodOverlap_n5000_rep0418,2,GoodOverlap,5000,418,104200418,204200418,remaining_formal_grid,COMPLETE_FORMAL_CASE,283
g2_GoodOverlap_n5000_rep0419,2,GoodOverlap,5000,419,104200419,204200419,remaining_formal_grid,COMPLETE_FORMAL_CASE,283
g2_GoodOverlap_n5000_rep0420,2,GoodOverlap,5000,420,104200420,204200420,remaining_formal_grid,COMPLETE_FORMAL_CASE,283
g2_GoodOverlap_n5000_rep0421,2,GoodOverlap,5000,421,104200421,204200421,remaining_formal_grid,COMPLETE_FORMAL_CASE,283
g2_GoodOverlap_n5000_rep0422,2,GoodOverlap,5000,422,104200422,204200422,remaining_formal_grid,COMPLETE_FORMAL_CASE,284
g2_GoodOverlap_n5000_rep0423,2,GoodOverlap,5000,423,104200423,204200423,remaining_formal_grid,COMPLETE_FORMAL_CASE,284
g2_GoodOverlap_n5000_rep0424,2,GoodOverlap,5000,424,104200424,204200424,remaining_formal_grid,COMPLETE_FORMAL_CASE,284
g2_GoodOverlap_n5000_rep0425,2,GoodOverlap,5000,425,104200425,204200425,remaining_formal_grid,COMPLETE_FORMAL_CASE,284
g2_GoodOverlap_n5000_rep0426,2,GoodOverlap,5000,426,104200426,204200426,remaining_formal_grid,COMPLETE_FORMAL_CASE,284
g2_GoodOverlap_n5000_rep0427,2,GoodOverlap,5000,427,104200427,204200427,remaining_formal_grid,COMPLETE_FORMAL_CASE,285
g2_GoodOverlap_n5000_rep0428,2,GoodOverlap,5000,428,104200428,204200428,remaining_formal_grid,COMPLETE_FORMAL_CASE,285
g2_GoodOverlap_n5000_rep0429,2,GoodOverlap,5000,429,104200429,204200429,remaining_formal_grid,COMPLETE_FORMAL_CASE,285
g2_GoodOverlap_n5000_rep0430,2,GoodOverlap,5000,430,104200430,204200430,remaining_formal_grid,COMPLETE_FORMAL_CASE,285
g2_GoodOverlap_n5000_rep0431,2,GoodOverlap,5000,431,104200431,204200431,remaining_formal_grid,COMPLETE_FORMAL_CASE,285
g2_GoodOverlap_n5000_rep0432,2,GoodOverlap,5000,432,104200432,204200432,remaining_formal_grid,COMPLETE_FORMAL_CASE,286
g2_GoodOverlap_n5000_rep0433,2,GoodOverlap,5000,433,104200433,204200433,remaining_formal_grid,COMPLETE_FORMAL_CASE,286
g2_GoodOverlap_n5000_rep0434,2,GoodOverlap,5000,434,104200434,204200434,remaining_formal_grid,COMPLETE_FORMAL_CASE,286
g2_GoodOverlap_n5000_rep0435,2,GoodOverlap,5000,435,104200435,204200435,remaining_formal_grid,COMPLETE_FORMAL_CASE,286
g2_GoodOverlap_n5000_rep0436,2,GoodOverlap,5000,436,104200436,204200436,remaining_formal_grid,COMPLETE_FORMAL_CASE,286
g2_GoodOverlap_n5000_rep0437,2,GoodOverlap,5000,437,104200437,204200437,remaining_formal_grid,COMPLETE_FORMAL_CASE,287
g2_GoodOverlap_n5000_rep0438,2,GoodOverlap,5000,438,104200438,204200438,remaining_formal_grid,COMPLETE_FORMAL_CASE,287
g2_GoodOverlap_n5000_rep0439,2,GoodOverlap,5000,439,104200439,204200439,remaining_formal_grid,COMPLETE_FORMAL_CASE,287
g2_GoodOverlap_n5000_rep0440,2,GoodOverlap,5000,440,104200440,204200440,remaining_formal_grid,COMPLETE_FORMAL_CASE,287
g2_GoodOverlap_n5000_rep0441,2,GoodOverlap,5000,441,104200441,204200441,remaining_formal_grid,COMPLETE_FORMAL_CASE,287
g2_GoodOverlap_n5000_rep0442,2,GoodOverlap,5000,442,104200442,204200442,remaining_formal_grid,COMPLETE_FORMAL_CASE,288
g2_GoodOverlap_n5000_rep0443,2,GoodOverlap,5000,443,104200443,204200443,remaining_formal_grid,COMPLETE_FORMAL_CASE,288
g2_GoodOverlap_n5000_rep0444,2,GoodOverlap,5000,444,104200444,204200444,remaining_formal_grid,COMPLETE_FORMAL_CASE,288
g2_GoodOverlap_n5000_rep0445,2,GoodOverlap,5000,445,104200445,204200445,remaining_formal_grid,COMPLETE_FORMAL_CASE,288
g2_GoodOverlap_n5000_rep0446,2,GoodOverlap,5000,446,104200446,204200446,remaining_formal_grid,COMPLETE_FORMAL_CASE,288
g2_GoodOverlap_n5000_rep0447,2,GoodOverlap,5000,447,104200447,204200447,remaining_formal_grid,COMPLETE_FORMAL_CASE,289
g2_GoodOverlap_n5000_rep0448,2,GoodOverlap,5000,448,104200448,204200448,remaining_formal_grid,COMPLETE_FORMAL_CASE,289
g2_GoodOverlap_n5000_rep0449,2,GoodOverlap,5000,449,104200449,204200449,remaining_formal_grid,COMPLETE_FORMAL_CASE,289
g2_GoodOverlap_n5000_rep0450,2,GoodOverlap,5000,450,104200450,204200450,remaining_formal_grid,COMPLETE_FORMAL_CASE,289
g2_GoodOverlap_n5000_rep0451,2,GoodOverlap,5000,451,104200451,204200451,remaining_formal_grid,COMPLETE_FORMAL_CASE,289
g2_GoodOverlap_n5000_rep0452,2,GoodOverlap,5000,452,104200452,204200452,remaining_formal_grid,COMPLETE_FORMAL_CASE,290
g2_GoodOverlap_n5000_rep0453,2,GoodOverlap,5000,453,104200453,204200453,remaining_formal_grid,COMPLETE_FORMAL_CASE,290
g2_GoodOverlap_n5000_rep0454,2,GoodOverlap,5000,454,104200454,204200454,remaining_formal_grid,COMPLETE_FORMAL_CASE,290
g2_GoodOverlap_n5000_rep0455,2,GoodOverlap,5000,455,104200455,204200455,remaining_formal_grid,COMPLETE_FORMAL_CASE,290
g2_GoodOverlap_n5000_rep0456,2,GoodOverlap,5000,456,104200456,204200456,remaining_formal_grid,COMPLETE_FORMAL_CASE,290
g2_GoodOverlap_n5000_rep0457,2,GoodOverlap,5000,457,104200457,204200457,remaining_formal_grid,COMPLETE_FORMAL_CASE,291
g2_GoodOverlap_n5000_rep0458,2,GoodOverlap,5000,458,104200458,204200458,remaining_formal_grid,COMPLETE_FORMAL_CASE,291
g2_GoodOverlap_n5000_rep0459,2,GoodOverlap,5000,459,104200459,204200459,remaining_formal_grid,COMPLETE_FORMAL_CASE,291
g2_GoodOverlap_n5000_rep0460,2,GoodOverlap,5000,460,104200460,204200460,remaining_formal_grid,COMPLETE_FORMAL_CASE,291
g2_GoodOverlap_n5000_rep0461,2,GoodOverlap,5000,461,104200461,204200461,remaining_formal_grid,COMPLETE_FORMAL_CASE,291
g2_GoodOverlap_n5000_rep0462,2,GoodOverlap,5000,462,104200462,204200462,remaining_formal_grid,COMPLETE_FORMAL_CASE,292
g2_GoodOverlap_n5000_rep0463,2,GoodOverlap,5000,463,104200463,204200463,remaining_formal_grid,COMPLETE_FORMAL_CASE,292
g2_GoodOverlap_n5000_rep0464,2,GoodOverlap,5000,464,104200464,204200464,remaining_formal_grid,COMPLETE_FORMAL_CASE,292
g2_GoodOverlap_n5000_rep0465,2,GoodOverlap,5000,465,104200465,204200465,remaining_formal_grid,COMPLETE_FORMAL_CASE,292
g2_GoodOverlap_n5000_rep0466,2,GoodOverlap,5000,466,104200466,204200466,remaining_formal_grid,COMPLETE_FORMAL_CASE,292
g2_GoodOverlap_n5000_rep0467,2,GoodOverlap,5000,467,104200467,204200467,remaining_formal_grid,COMPLETE_FORMAL_CASE,293
g2_GoodOverlap_n5000_rep0468,2,GoodOverlap,5000,468,104200468,204200468,remaining_formal_grid,COMPLETE_FORMAL_CASE,293
g2_GoodOverlap_n5000_rep0469,2,GoodOverlap,5000,469,104200469,204200469,remaining_formal_grid,COMPLETE_FORMAL_CASE,293
g2_GoodOverlap_n5000_rep0470,2,GoodOverlap,5000,470,104200470,204200470,remaining_formal_grid,COMPLETE_FORMAL_CASE,293
g2_GoodOverlap_n5000_rep0471,2,GoodOverlap,5000,471,104200471,204200471,remaining_formal_grid,COMPLETE_FORMAL_CASE,293
g2_GoodOverlap_n5000_rep0472,2,GoodOverlap,5000,472,104200472,204200472,remaining_formal_grid,COMPLETE_FORMAL_CASE,294
g2_GoodOverlap_n5000_rep0473,2,GoodOverlap,5000,473,104200473,204200473,remaining_formal_grid,COMPLETE_FORMAL_CASE,294
g2_GoodOverlap_n5000_rep0474,2,GoodOverlap,5000,474,104200474,204200474,remaining_formal_grid,COMPLETE_FORMAL_CASE,294
g2_GoodOverlap_n5000_rep0475,2,GoodOverlap,5000,475,104200475,204200475,remaining_formal_grid,COMPLETE_FORMAL_CASE,294
g2_GoodOverlap_n5000_rep0476,2,GoodOverlap,5000,476,104200476,204200476,remaining_formal_grid,COMPLETE_FORMAL_CASE,294
g2_GoodOverlap_n5000_rep0477,2,GoodOverlap,5000,477,104200477,204200477,remaining_formal_grid,COMPLETE_FORMAL_CASE,295
g2_GoodOverlap_n5000_rep0478,2,GoodOverlap,5000,478,104200478,204200478,remaining_formal_grid,COMPLETE_FORMAL_CASE,295
g2_GoodOverlap_n5000_rep0479,2,GoodOverlap,5000,479,104200479,204200479,remaining_formal_grid,COMPLETE_FORMAL_CASE,295
g2_GoodOverlap_n5000_rep0480,2,GoodOverlap,5000,480,104200480,204200480,remaining_formal_grid,COMPLETE_FORMAL_CASE,295
g2_GoodOverlap_n5000_rep0481,2,GoodOverlap,5000,481,104200481,204200481,remaining_formal_grid,COMPLETE_FORMAL_CASE,295
g2_GoodOverlap_n5000_rep0482,2,GoodOverlap,5000,482,104200482,204200482,remaining_formal_grid,COMPLETE_FORMAL_CASE,296
g2_GoodOverlap_n5000_rep0483,2,GoodOverlap,5000,483,104200483,204200483,remaining_formal_grid,COMPLETE_FORMAL_CASE,296
g2_GoodOverlap_n5000_rep0484,2,GoodOverlap,5000,484,104200484,204200484,remaining_formal_grid,COMPLETE_FORMAL_CASE,296
g2_GoodOverlap_n5000_rep0485,2,GoodOverlap,5000,485,104200485,204200485,remaining_formal_grid,COMPLETE_FORMAL_CASE,296
g2_GoodOverlap_n5000_rep0486,2,GoodOverlap,5000,486,104200486,204200486,remaining_formal_grid,COMPLETE_FORMAL_CASE,296
g2_GoodOverlap_n5000_rep0487,2,GoodOverlap,5000,487,104200487,204200487,remaining_formal_grid,COMPLETE_FORMAL_CASE,297
g2_GoodOverlap_n5000_rep0488,2,GoodOverlap,5000,488,104200488,204200488,remaining_formal_grid,COMPLETE_FORMAL_CASE,297
g2_GoodOverlap_n5000_rep0489,2,GoodOverlap,5000,489,104200489,204200489,remaining_formal_grid,COMPLETE_FORMAL_CASE,297
g2_GoodOverlap_n5000_rep0490,2,GoodOverlap,5000,490,104200490,204200490,remaining_formal_grid,COMPLETE_FORMAL_CASE,297
g2_GoodOverlap_n5000_rep0491,2,GoodOverlap,5000,491,104200491,204200491,remaining_formal_grid,COMPLETE_FORMAL_CASE,297
g2_GoodOverlap_n5000_rep0492,2,GoodOverlap,5000,492,104200492,204200492,remaining_formal_grid,COMPLETE_FORMAL_CASE,298
g2_GoodOverlap_n5000_rep0493,2,GoodOverlap,5000,493,104200493,204200493,remaining_formal_grid,COMPLETE_FORMAL_CASE,298
g2_GoodOverlap_n5000_rep0494,2,GoodOverlap,5000,494,104200494,204200494,remaining_formal_grid,COMPLETE_FORMAL_CASE,298
g2_GoodOverlap_n5000_rep0495,2,GoodOverlap,5000,495,104200495,204200495,remaining_formal_grid,COMPLETE_FORMAL_CASE,298
g2_GoodOverlap_n5000_rep0496,2,GoodOverlap,5000,496,104200496,204200496,remaining_formal_grid,COMPLETE_FORMAL_CASE,298
g2_GoodOverlap_n5000_rep0497,2,GoodOverlap,5000,497,104200497,204200497,remaining_formal_grid,COMPLETE_FORMAL_CASE,299
g2_GoodOverlap_n5000_rep0498,2,GoodOverlap,5000,498,104200498,204200498,remaining_formal_grid,COMPLETE_FORMAL_CASE,299
g2_GoodOverlap_n5000_rep0499,2,GoodOverlap,5000,499,104200499,204200499,remaining_formal_grid,COMPLETE_FORMAL_CASE,299
g2_GoodOverlap_n5000_rep0500,2,GoodOverlap,5000,500,104200500,204200500,remaining_formal_grid,COMPLETE_FORMAL_CASE,299
g2_GoodOverlap_n5000_rep0501,2,GoodOverlap,5000,501,104200501,204200501,remaining_formal_grid,COMPLETE_FORMAL_CASE,299
g2_GoodOverlap_n5000_rep0502,2,GoodOverlap,5000,502,104200502,204200502,remaining_formal_grid,COMPLETE_FORMAL_CASE,300
g2_GoodOverlap_n5000_rep0503,2,GoodOverlap,5000,503,104200503,204200503,remaining_formal_grid,COMPLETE_FORMAL_CASE,300
g2_GoodOverlap_n5000_rep0504,2,GoodOverlap,5000,504,104200504,204200504,remaining_formal_grid,COMPLETE_FORMAL_CASE,300
g2_GoodOverlap_n5000_rep0505,2,GoodOverlap,5000,505,104200505,204200505,remaining_formal_grid,COMPLETE_FORMAL_CASE,300
g2_GoodOverlap_n5000_rep0506,2,GoodOverlap,5000,506,104200506,204200506,remaining_formal_grid,COMPLETE_FORMAL_CASE,300
g2_GoodOverlap_n5000_rep0507,2,GoodOverlap,5000,507,104200507,204200507,remaining_formal_grid,COMPLETE_FORMAL_CASE,301
g2_GoodOverlap_n5000_rep0508,2,GoodOverlap,5000,508,104200508,204200508,remaining_formal_grid,COMPLETE_FORMAL_CASE,301
g2_GoodOverlap_n5000_rep0509,2,GoodOverlap,5000,509,104200509,204200509,remaining_formal_grid,COMPLETE_FORMAL_CASE,301
g2_GoodOverlap_n5000_rep0510,2,GoodOverlap,5000,510,104200510,204200510,remaining_formal_grid,COMPLETE_FORMAL_CASE,301
g2_GoodOverlap_n5000_rep0511,2,GoodOverlap,5000,511,104200511,204200511,remaining_formal_grid,COMPLETE_FORMAL_CASE,301
g2_GoodOverlap_n5000_rep0512,2,GoodOverlap,5000,512,104200512,204200512,remaining_formal_grid,COMPLETE_FORMAL_CASE,302
g2_GoodOverlap_n5000_rep0513,2,GoodOverlap,5000,513,104200513,204200513,remaining_formal_grid,COMPLETE_FORMAL_CASE,302
g2_GoodOverlap_n5000_rep0514,2,GoodOverlap,5000,514,104200514,204200514,remaining_formal_grid,COMPLETE_FORMAL_CASE,302
g2_GoodOverlap_n5000_rep0515,2,GoodOverlap,5000,515,104200515,204200515,remaining_formal_grid,COMPLETE_FORMAL_CASE,302
g2_GoodOverlap_n5000_rep0516,2,GoodOverlap,5000,516,104200516,204200516,remaining_formal_grid,COMPLETE_FORMAL_CASE,302
g2_GoodOverlap_n5000_rep0517,2,GoodOverlap,5000,517,104200517,204200517,remaining_formal_grid,COMPLETE_FORMAL_CASE,303
g2_GoodOverlap_n5000_rep0518,2,GoodOverlap,5000,518,104200518,204200518,remaining_formal_grid,COMPLETE_FORMAL_CASE,303
g2_GoodOverlap_n5000_rep0519,2,GoodOverlap,5000,519,104200519,204200519,remaining_formal_grid,COMPLETE_FORMAL_CASE,303
g2_GoodOverlap_n5000_rep0520,2,GoodOverlap,5000,520,104200520,204200520,remaining_formal_grid,COMPLETE_FORMAL_CASE,303
g2_GoodOverlap_n5000_rep0521,2,GoodOverlap,5000,521,104200521,204200521,remaining_formal_grid,COMPLETE_FORMAL_CASE,303
g2_GoodOverlap_n5000_rep0522,2,GoodOverlap,5000,522,104200522,204200522,original_case_adopted_from_incomplete_batch,COMPLETE_FORMAL_CASE,304
g2_GoodOverlap_n5000_rep0523,2,GoodOverlap,5000,523,104200523,204200523,original_case_adopted_from_incomplete_batch,COMPLETE_FORMAL_CASE,304
g2_GoodOverlap_n5000_rep0524,2,GoodOverlap,5000,524,104200524,204200524,original_case_adopted_from_incomplete_batch,COMPLETE_FORMAL_CASE,304
g2_GoodOverlap_n5000_rep0525,2,GoodOverlap,5000,525,104200525,204200525,accepted_saved_four_recovery,COMPLETE_FORMAL_CASE,304
g2_GoodOverlap_n5000_rep0526,2,GoodOverlap,5000,526,104200526,204200526,accepted_saved_four_recovery,COMPLETE_FORMAL_CASE,304
g2_GoodOverlap_n5000_rep0527,2,GoodOverlap,5000,527,104200527,204200527,original_case_adopted_from_incomplete_batch,COMPLETE_FORMAL_CASE,305
g2_GoodOverlap_n5000_rep0528,2,GoodOverlap,5000,528,104200528,204200528,original_case_adopted_from_incomplete_batch,COMPLETE_FORMAL_CASE,305
g2_GoodOverlap_n5000_rep0529,2,GoodOverlap,5000,529,104200529,204200529,original_case_adopted_from_incomplete_batch,COMPLETE_FORMAL_CASE,305
g2_GoodOverlap_n5000_rep0530,2,GoodOverlap,5000,530,104200530,204200530,accepted_saved_four_recovery,COMPLETE_FORMAL_CASE,305
g2_GoodOverlap_n5000_rep0531,2,GoodOverlap,5000,531,104200531,204200531,accepted_saved_four_recovery,COMPLETE_FORMAL_CASE,305
g2_GoodOverlap_n5000_rep0532,2,GoodOverlap,5000,532,104200532,204200532,remaining_formal_grid,COMPLETE_FORMAL_CASE,306
g2_GoodOverlap_n5000_rep0533,2,GoodOverlap,5000,533,104200533,204200533,remaining_formal_grid,COMPLETE_FORMAL_CASE,306
g2_GoodOverlap_n5000_rep0534,2,GoodOverlap,5000,534,104200534,204200534,remaining_formal_grid,COMPLETE_FORMAL_CASE,306
g2_GoodOverlap_n5000_rep0535,2,GoodOverlap,5000,535,104200535,204200535,remaining_formal_grid,COMPLETE_FORMAL_CASE,306
g2_GoodOverlap_n5000_rep0536,2,GoodOverlap,5000,536,104200536,204200536,remaining_formal_grid,COMPLETE_FORMAL_CASE,306
g2_GoodOverlap_n5000_rep0537,2,GoodOverlap,5000,537,104200537,204200537,remaining_formal_grid,COMPLETE_FORMAL_CASE,307
g2_GoodOverlap_n5000_rep0538,2,GoodOverlap,5000,538,104200538,204200538,remaining_formal_grid,COMPLETE_FORMAL_CASE,307
g2_GoodOverlap_n5000_rep0539,2,GoodOverlap,5000,539,104200539,204200539,remaining_formal_grid,COMPLETE_FORMAL_CASE,307
g2_GoodOverlap_n5000_rep0540,2,GoodOverlap,5000,540,104200540,204200540,remaining_formal_grid,COMPLETE_FORMAL_CASE,307
g2_GoodOverlap_n5000_rep0541,2,GoodOverlap,5000,541,104200541,204200541,remaining_formal_grid,COMPLETE_FORMAL_CASE,307
g2_GoodOverlap_n5000_rep0542,2,GoodOverlap,5000,542,104200542,204200542,remaining_formal_grid,COMPLETE_FORMAL_CASE,308
g2_GoodOverlap_n5000_rep0543,2,GoodOverlap,5000,543,104200543,204200543,remaining_formal_grid,COMPLETE_FORMAL_CASE,308
g2_GoodOverlap_n5000_rep0544,2,GoodOverlap,5000,544,104200544,204200544,remaining_formal_grid,COMPLETE_FORMAL_CASE,308
g2_GoodOverlap_n5000_rep0545,2,GoodOverlap,5000,545,104200545,204200545,remaining_formal_grid,COMPLETE_FORMAL_CASE,308
g2_GoodOverlap_n5000_rep0546,2,GoodOverlap,5000,546,104200546,204200546,remaining_formal_grid,COMPLETE_FORMAL_CASE,308
g2_GoodOverlap_n5000_rep0547,2,GoodOverlap,5000,547,104200547,204200547,remaining_formal_grid,COMPLETE_FORMAL_CASE,309
g2_GoodOverlap_n5000_rep0548,2,GoodOverlap,5000,548,104200548,204200548,remaining_formal_grid,COMPLETE_FORMAL_CASE,309
g2_GoodOverlap_n5000_rep0549,2,GoodOverlap,5000,549,104200549,204200549,remaining_formal_grid,COMPLETE_FORMAL_CASE,309
g2_GoodOverlap_n5000_rep0550,2,GoodOverlap,5000,550,104200550,204200550,remaining_formal_grid,COMPLETE_FORMAL_CASE,309
g2_GoodOverlap_n5000_rep0551,2,GoodOverlap,5000,551,104200551,204200551,remaining_formal_grid,COMPLETE_FORMAL_CASE,309
g2_GoodOverlap_n5000_rep0552,2,GoodOverlap,5000,552,104200552,204200552,remaining_formal_grid,COMPLETE_FORMAL_CASE,310
g2_GoodOverlap_n5000_rep0553,2,GoodOverlap,5000,553,104200553,204200553,remaining_formal_grid,COMPLETE_FORMAL_CASE,310
g2_GoodOverlap_n5000_rep0554,2,GoodOverlap,5000,554,104200554,204200554,remaining_formal_grid,COMPLETE_FORMAL_CASE,310
g2_GoodOverlap_n5000_rep0555,2,GoodOverlap,5000,555,104200555,204200555,remaining_formal_grid,COMPLETE_FORMAL_CASE,310
g2_GoodOverlap_n5000_rep0556,2,GoodOverlap,5000,556,104200556,204200556,remaining_formal_grid,COMPLETE_FORMAL_CASE,310
g2_GoodOverlap_n5000_rep0557,2,GoodOverlap,5000,557,104200557,204200557,remaining_formal_grid,COMPLETE_FORMAL_CASE,311
g2_GoodOverlap_n5000_rep0558,2,GoodOverlap,5000,558,104200558,204200558,remaining_formal_grid,COMPLETE_FORMAL_CASE,311
g2_GoodOverlap_n5000_rep0559,2,GoodOverlap,5000,559,104200559,204200559,remaining_formal_grid,COMPLETE_FORMAL_CASE,311
g2_GoodOverlap_n5000_rep0560,2,GoodOverlap,5000,560,104200560,204200560,remaining_formal_grid,COMPLETE_FORMAL_CASE,311
g2_GoodOverlap_n5000_rep0561,2,GoodOverlap,5000,561,104200561,204200561,remaining_formal_grid,COMPLETE_FORMAL_CASE,311
g2_GoodOverlap_n5000_rep0562,2,GoodOverlap,5000,562,104200562,204200562,remaining_formal_grid,COMPLETE_FORMAL_CASE,312
g2_GoodOverlap_n5000_rep0563,2,GoodOverlap,5000,563,104200563,204200563,remaining_formal_grid,COMPLETE_FORMAL_CASE,312
g2_GoodOverlap_n5000_rep0564,2,GoodOverlap,5000,564,104200564,204200564,remaining_formal_grid,COMPLETE_FORMAL_CASE,312
g2_GoodOverlap_n5000_rep0565,2,GoodOverlap,5000,565,104200565,204200565,remaining_formal_grid,COMPLETE_FORMAL_CASE,312
g2_GoodOverlap_n5000_rep0566,2,GoodOverlap,5000,566,104200566,204200566,remaining_formal_grid,COMPLETE_FORMAL_CASE,312
g2_GoodOverlap_n5000_rep0567,2,GoodOverlap,5000,567,104200567,204200567,remaining_formal_grid,COMPLETE_FORMAL_CASE,313
g2_GoodOverlap_n5000_rep0568,2,GoodOverlap,5000,568,104200568,204200568,remaining_formal_grid,COMPLETE_FORMAL_CASE,313
g2_GoodOverlap_n5000_rep0569,2,GoodOverlap,5000,569,104200569,204200569,remaining_formal_grid,COMPLETE_FORMAL_CASE,313
g2_GoodOverlap_n5000_rep0570,2,GoodOverlap,5000,570,104200570,204200570,remaining_formal_grid,COMPLETE_FORMAL_CASE,313
g2_GoodOverlap_n5000_rep0571,2,GoodOverlap,5000,571,104200571,204200571,remaining_formal_grid,COMPLETE_FORMAL_CASE,313
g2_GoodOverlap_n5000_rep0572,2,GoodOverlap,5000,572,104200572,204200572,remaining_formal_grid,COMPLETE_FORMAL_CASE,314
g2_GoodOverlap_n5000_rep0573,2,GoodOverlap,5000,573,104200573,204200573,remaining_formal_grid,COMPLETE_FORMAL_CASE,314
g2_GoodOverlap_n5000_rep0574,2,GoodOverlap,5000,574,104200574,204200574,remaining_formal_grid,COMPLETE_FORMAL_CASE,314
g2_GoodOverlap_n5000_rep0575,2,GoodOverlap,5000,575,104200575,204200575,remaining_formal_grid,COMPLETE_FORMAL_CASE,314
g2_GoodOverlap_n5000_rep0576,2,GoodOverlap,5000,576,104200576,204200576,remaining_formal_grid,COMPLETE_FORMAL_CASE,314
g2_GoodOverlap_n5000_rep0577,2,GoodOverlap,5000,577,104200577,204200577,remaining_formal_grid,COMPLETE_FORMAL_CASE,315
g2_GoodOverlap_n5000_rep0578,2,GoodOverlap,5000,578,104200578,204200578,remaining_formal_grid,COMPLETE_FORMAL_CASE,315
g2_GoodOverlap_n5000_rep0579,2,GoodOverlap,5000,579,104200579,204200579,remaining_formal_grid,COMPLETE_FORMAL_CASE,315
g2_GoodOverlap_n5000_rep0580,2,GoodOverlap,5000,580,104200580,204200580,remaining_formal_grid,COMPLETE_FORMAL_CASE,315
g2_GoodOverlap_n5000_rep0581,2,GoodOverlap,5000,581,104200581,204200581,remaining_formal_grid,COMPLETE_FORMAL_CASE,315
g2_GoodOverlap_n5000_rep0582,2,GoodOverlap,5000,582,104200582,204200582,remaining_formal_grid,COMPLETE_FORMAL_CASE,316
g2_GoodOverlap_n5000_rep0583,2,GoodOverlap,5000,583,104200583,204200583,remaining_formal_grid,COMPLETE_FORMAL_CASE,316
g2_GoodOverlap_n5000_rep0584,2,GoodOverlap,5000,584,104200584,204200584,remaining_formal_grid,COMPLETE_FORMAL_CASE,316
g2_GoodOverlap_n5000_rep0585,2,GoodOverlap,5000,585,104200585,204200585,remaining_formal_grid,COMPLETE_FORMAL_CASE,316
g2_GoodOverlap_n5000_rep0586,2,GoodOverlap,5000,586,104200586,204200586,remaining_formal_grid,COMPLETE_FORMAL_CASE,316
g2_GoodOverlap_n5000_rep0587,2,GoodOverlap,5000,587,104200587,204200587,remaining_formal_grid,COMPLETE_FORMAL_CASE,317
g2_GoodOverlap_n5000_rep0588,2,GoodOverlap,5000,588,104200588,204200588,remaining_formal_grid,COMPLETE_FORMAL_CASE,317
g2_GoodOverlap_n5000_rep0589,2,GoodOverlap,5000,589,104200589,204200589,remaining_formal_grid,COMPLETE_FORMAL_CASE,317
g2_GoodOverlap_n5000_rep0590,2,GoodOverlap,5000,590,104200590,204200590,remaining_formal_grid,COMPLETE_FORMAL_CASE,317
g2_GoodOverlap_n5000_rep0591,2,GoodOverlap,5000,591,104200591,204200591,remaining_formal_grid,COMPLETE_FORMAL_CASE,317
g2_GoodOverlap_n5000_rep0592,2,GoodOverlap,5000,592,104200592,204200592,remaining_formal_grid,COMPLETE_FORMAL_CASE,318
g2_GoodOverlap_n5000_rep0593,2,GoodOverlap,5000,593,104200593,204200593,remaining_formal_grid,COMPLETE_FORMAL_CASE,318
g2_GoodOverlap_n5000_rep0594,2,GoodOverlap,5000,594,104200594,204200594,remaining_formal_grid,COMPLETE_FORMAL_CASE,318
g2_GoodOverlap_n5000_rep0595,2,GoodOverlap,5000,595,104200595,204200595,remaining_formal_grid,COMPLETE_FORMAL_CASE,318
g2_GoodOverlap_n5000_rep0596,2,GoodOverlap,5000,596,104200596,204200596,remaining_formal_grid,COMPLETE_FORMAL_CASE,318
g2_GoodOverlap_n5000_rep0597,2,GoodOverlap,5000,597,104200597,204200597,remaining_formal_grid,COMPLETE_FORMAL_CASE,319
g2_GoodOverlap_n5000_rep0598,2,GoodOverlap,5000,598,104200598,204200598,remaining_formal_grid,COMPLETE_FORMAL_CASE,319
g2_GoodOverlap_n5000_rep0599,2,GoodOverlap,5000,599,104200599,204200599,remaining_formal_grid,COMPLETE_FORMAL_CASE,319
g2_GoodOverlap_n5000_rep0600,2,GoodOverlap,5000,600,104200600,204200600,remaining_formal_grid,COMPLETE_FORMAL_CASE,319
g2_GoodOverlap_n5000_rep0601,2,GoodOverlap,5000,601,104200601,204200601,remaining_formal_grid,COMPLETE_FORMAL_CASE,319
g2_GoodOverlap_n5000_rep0602,2,GoodOverlap,5000,602,104200602,204200602,remaining_formal_grid,COMPLETE_FORMAL_CASE,320
g2_GoodOverlap_n5000_rep0603,2,GoodOverlap,5000,603,104200603,204200603,remaining_formal_grid,COMPLETE_FORMAL_CASE,320
g2_GoodOverlap_n5000_rep0604,2,GoodOverlap,5000,604,104200604,204200604,remaining_formal_grid,COMPLETE_FORMAL_CASE,320
g2_GoodOverlap_n5000_rep0605,2,GoodOverlap,5000,605,104200605,204200605,remaining_formal_grid,COMPLETE_FORMAL_CASE,320
g2_GoodOverlap_n5000_rep0606,2,GoodOverlap,5000,606,104200606,204200606,remaining_formal_grid,COMPLETE_FORMAL_CASE,320
g2_GoodOverlap_n5000_rep0607,2,GoodOverlap,5000,607,104200607,204200607,remaining_formal_grid,COMPLETE_FORMAL_CASE,321
g2_GoodOverlap_n5000_rep0608,2,GoodOverlap,5000,608,104200608,204200608,remaining_formal_grid,COMPLETE_FORMAL_CASE,321
g2_GoodOverlap_n5000_rep0609,2,GoodOverlap,5000,609,104200609,204200609,remaining_formal_grid,COMPLETE_FORMAL_CASE,321
g2_GoodOverlap_n5000_rep0610,2,GoodOverlap,5000,610,104200610,204200610,remaining_formal_grid,COMPLETE_FORMAL_CASE,321
g2_GoodOverlap_n5000_rep0611,2,GoodOverlap,5000,611,104200611,204200611,remaining_formal_grid,COMPLETE_FORMAL_CASE,321
g2_GoodOverlap_n5000_rep0612,2,GoodOverlap,5000,612,104200612,204200612,remaining_formal_grid,COMPLETE_FORMAL_CASE,322
g2_GoodOverlap_n5000_rep0613,2,GoodOverlap,5000,613,104200613,204200613,remaining_formal_grid,COMPLETE_FORMAL_CASE,322
g2_GoodOverlap_n5000_rep0614,2,GoodOverlap,5000,614,104200614,204200614,remaining_formal_grid,COMPLETE_FORMAL_CASE,322
g2_GoodOverlap_n5000_rep0615,2,GoodOverlap,5000,615,104200615,204200615,remaining_formal_grid,COMPLETE_FORMAL_CASE,322
g2_GoodOverlap_n5000_rep0616,2,GoodOverlap,5000,616,104200616,204200616,remaining_formal_grid,COMPLETE_FORMAL_CASE,322
g2_GoodOverlap_n5000_rep0617,2,GoodOverlap,5000,617,104200617,204200617,remaining_formal_grid,COMPLETE_FORMAL_CASE,323
g2_GoodOverlap_n5000_rep0618,2,GoodOverlap,5000,618,104200618,204200618,remaining_formal_grid,COMPLETE_FORMAL_CASE,323
g2_GoodOverlap_n5000_rep0619,2,GoodOverlap,5000,619,104200619,204200619,remaining_formal_grid,COMPLETE_FORMAL_CASE,323
g2_GoodOverlap_n5000_rep0620,2,GoodOverlap,5000,620,104200620,204200620,remaining_formal_grid,COMPLETE_FORMAL_CASE,323
g2_GoodOverlap_n5000_rep0621,2,GoodOverlap,5000,621,104200621,204200621,remaining_formal_grid,COMPLETE_FORMAL_CASE,323
g2_GoodOverlap_n5000_rep0622,2,GoodOverlap,5000,622,104200622,204200622,remaining_formal_grid,COMPLETE_FORMAL_CASE,324
g2_GoodOverlap_n5000_rep0623,2,GoodOverlap,5000,623,104200623,204200623,remaining_formal_grid,COMPLETE_FORMAL_CASE,324
g2_GoodOverlap_n5000_rep0624,2,GoodOverlap,5000,624,104200624,204200624,remaining_formal_grid,COMPLETE_FORMAL_CASE,324
g2_GoodOverlap_n5000_rep0625,2,GoodOverlap,5000,625,104200625,204200625,remaining_formal_grid,COMPLETE_FORMAL_CASE,324
g2_GoodOverlap_n5000_rep0626,2,GoodOverlap,5000,626,104200626,204200626,remaining_formal_grid,COMPLETE_FORMAL_CASE,324
g2_GoodOverlap_n5000_rep0627,2,GoodOverlap,5000,627,104200627,204200627,remaining_formal_grid,COMPLETE_FORMAL_CASE,325
g2_GoodOverlap_n5000_rep0628,2,GoodOverlap,5000,628,104200628,204200628,remaining_formal_grid,COMPLETE_FORMAL_CASE,325
g2_GoodOverlap_n5000_rep0629,2,GoodOverlap,5000,629,104200629,204200629,remaining_formal_grid,COMPLETE_FORMAL_CASE,325
g2_GoodOverlap_n5000_rep0630,2,GoodOverlap,5000,630,104200630,204200630,remaining_formal_grid,COMPLETE_FORMAL_CASE,325
g2_GoodOverlap_n5000_rep0631,2,GoodOverlap,5000,631,104200631,204200631,remaining_formal_grid,COMPLETE_FORMAL_CASE,325
g2_GoodOverlap_n5000_rep0632,2,GoodOverlap,5000,632,104200632,204200632,remaining_formal_grid,COMPLETE_FORMAL_CASE,326
g2_GoodOverlap_n5000_rep0633,2,GoodOverlap,5000,633,104200633,204200633,remaining_formal_grid,COMPLETE_FORMAL_CASE,326
g2_GoodOverlap_n5000_rep0634,2,GoodOverlap,5000,634,104200634,204200634,remaining_formal_grid,COMPLETE_FORMAL_CASE,326
g2_GoodOverlap_n5000_rep0635,2,GoodOverlap,5000,635,104200635,204200635,remaining_formal_grid,COMPLETE_FORMAL_CASE,326
g2_GoodOverlap_n5000_rep0636,2,GoodOverlap,5000,636,104200636,204200636,remaining_formal_grid,COMPLETE_FORMAL_CASE,326
g2_GoodOverlap_n5000_rep0637,2,GoodOverlap,5000,637,104200637,204200637,remaining_formal_grid,COMPLETE_FORMAL_CASE,327
g2_GoodOverlap_n5000_rep0638,2,GoodOverlap,5000,638,104200638,204200638,remaining_formal_grid,COMPLETE_FORMAL_CASE,327
g2_GoodOverlap_n5000_rep0639,2,GoodOverlap,5000,639,104200639,204200639,remaining_formal_grid,COMPLETE_FORMAL_CASE,327
g2_GoodOverlap_n5000_rep0640,2,GoodOverlap,5000,640,104200640,204200640,remaining_formal_grid,COMPLETE_FORMAL_CASE,327
g2_GoodOverlap_n5000_rep0641,2,GoodOverlap,5000,641,104200641,204200641,remaining_formal_grid,COMPLETE_FORMAL_CASE,327
g2_GoodOverlap_n5000_rep0642,2,GoodOverlap,5000,642,104200642,204200642,remaining_formal_grid,COMPLETE_FORMAL_CASE,328
g2_GoodOverlap_n5000_rep0643,2,GoodOverlap,5000,643,104200643,204200643,remaining_formal_grid,COMPLETE_FORMAL_CASE,328
g2_GoodOverlap_n5000_rep0644,2,GoodOverlap,5000,644,104200644,204200644,remaining_formal_grid,COMPLETE_FORMAL_CASE,328
g2_GoodOverlap_n5000_rep0645,2,GoodOverlap,5000,645,104200645,204200645,remaining_formal_grid,COMPLETE_FORMAL_CASE,328
g2_GoodOverlap_n5000_rep0646,2,GoodOverlap,5000,646,104200646,204200646,remaining_formal_grid,COMPLETE_FORMAL_CASE,328
g2_GoodOverlap_n5000_rep0647,2,GoodOverlap,5000,647,104200647,204200647,remaining_formal_grid,COMPLETE_FORMAL_CASE,329
g2_GoodOverlap_n5000_rep0648,2,GoodOverlap,5000,648,104200648,204200648,remaining_formal_grid,COMPLETE_FORMAL_CASE,329
g2_GoodOverlap_n5000_rep0649,2,GoodOverlap,5000,649,104200649,204200649,remaining_formal_grid,COMPLETE_FORMAL_CASE,329
g2_GoodOverlap_n5000_rep0650,2,GoodOverlap,5000,650,104200650,204200650,remaining_formal_grid,COMPLETE_FORMAL_CASE,329
g2_GoodOverlap_n5000_rep0651,2,GoodOverlap,5000,651,104200651,204200651,remaining_formal_grid,COMPLETE_FORMAL_CASE,329
g2_GoodOverlap_n5000_rep0652,2,GoodOverlap,5000,652,104200652,204200652,remaining_formal_grid,COMPLETE_FORMAL_CASE,330
g2_GoodOverlap_n5000_rep0653,2,GoodOverlap,5000,653,104200653,204200653,remaining_formal_grid,COMPLETE_FORMAL_CASE,330
g2_GoodOverlap_n5000_rep0654,2,GoodOverlap,5000,654,104200654,204200654,remaining_formal_grid,COMPLETE_FORMAL_CASE,330
g2_GoodOverlap_n5000_rep0655,2,GoodOverlap,5000,655,104200655,204200655,remaining_formal_grid,COMPLETE_FORMAL_CASE,330
g2_GoodOverlap_n5000_rep0656,2,GoodOverlap,5000,656,104200656,204200656,remaining_formal_grid,COMPLETE_FORMAL_CASE,330
g2_GoodOverlap_n5000_rep0657,2,GoodOverlap,5000,657,104200657,204200657,remaining_formal_grid,COMPLETE_FORMAL_CASE,331
g2_GoodOverlap_n5000_rep0658,2,GoodOverlap,5000,658,104200658,204200658,remaining_formal_grid,COMPLETE_FORMAL_CASE,331
g2_GoodOverlap_n5000_rep0659,2,GoodOverlap,5000,659,104200659,204200659,remaining_formal_grid,COMPLETE_FORMAL_CASE,331
g2_GoodOverlap_n5000_rep0660,2,GoodOverlap,5000,660,104200660,204200660,remaining_formal_grid,COMPLETE_FORMAL_CASE,331
g2_GoodOverlap_n5000_rep0661,2,GoodOverlap,5000,661,104200661,204200661,remaining_formal_grid,COMPLETE_FORMAL_CASE,331
g2_GoodOverlap_n5000_rep0662,2,GoodOverlap,5000,662,104200662,204200662,remaining_formal_grid,COMPLETE_FORMAL_CASE,332
g2_GoodOverlap_n5000_rep0663,2,GoodOverlap,5000,663,104200663,204200663,remaining_formal_grid,COMPLETE_FORMAL_CASE,332
g2_GoodOverlap_n5000_rep0664,2,GoodOverlap,5000,664,104200664,204200664,remaining_formal_grid,COMPLETE_FORMAL_CASE,332
g2_GoodOverlap_n5000_rep0665,2,GoodOverlap,5000,665,104200665,204200665,remaining_formal_grid,COMPLETE_FORMAL_CASE,332
g2_GoodOverlap_n5000_rep0666,2,GoodOverlap,5000,666,104200666,204200666,remaining_formal_grid,COMPLETE_FORMAL_CASE,332
g2_GoodOverlap_n5000_rep0667,2,GoodOverlap,5000,667,104200667,204200667,remaining_formal_grid,COMPLETE_FORMAL_CASE,333
g2_GoodOverlap_n5000_rep0668,2,GoodOverlap,5000,668,104200668,204200668,remaining_formal_grid,COMPLETE_FORMAL_CASE,333
g2_GoodOverlap_n5000_rep0669,2,GoodOverlap,5000,669,104200669,204200669,remaining_formal_grid,COMPLETE_FORMAL_CASE,333
g2_GoodOverlap_n5000_rep0670,2,GoodOverlap,5000,670,104200670,204200670,remaining_formal_grid,COMPLETE_FORMAL_CASE,333
g2_GoodOverlap_n5000_rep0671,2,GoodOverlap,5000,671,104200671,204200671,remaining_formal_grid,COMPLETE_FORMAL_CASE,333
g2_GoodOverlap_n5000_rep0672,2,GoodOverlap,5000,672,104200672,204200672,remaining_formal_grid,COMPLETE_FORMAL_CASE,334
g2_GoodOverlap_n5000_rep0673,2,GoodOverlap,5000,673,104200673,204200673,remaining_formal_grid,COMPLETE_FORMAL_CASE,334
g2_GoodOverlap_n5000_rep0674,2,GoodOverlap,5000,674,104200674,204200674,remaining_formal_grid,COMPLETE_FORMAL_CASE,334
g2_GoodOverlap_n5000_rep0675,2,GoodOverlap,5000,675,104200675,204200675,remaining_formal_grid,COMPLETE_FORMAL_CASE,334
g2_GoodOverlap_n5000_rep0676,2,GoodOverlap,5000,676,104200676,204200676,remaining_formal_grid,COMPLETE_FORMAL_CASE,334
g2_GoodOverlap_n5000_rep0677,2,GoodOverlap,5000,677,104200677,204200677,remaining_formal_grid,COMPLETE_FORMAL_CASE,335
g2_GoodOverlap_n5000_rep0678,2,GoodOverlap,5000,678,104200678,204200678,remaining_formal_grid,COMPLETE_FORMAL_CASE,335
g2_GoodOverlap_n5000_rep0679,2,GoodOverlap,5000,679,104200679,204200679,remaining_formal_grid,COMPLETE_FORMAL_CASE,335
g2_GoodOverlap_n5000_rep0680,2,GoodOverlap,5000,680,104200680,204200680,remaining_formal_grid,COMPLETE_FORMAL_CASE,335
g2_GoodOverlap_n5000_rep0681,2,GoodOverlap,5000,681,104200681,204200681,remaining_formal_grid,COMPLETE_FORMAL_CASE,335
g2_GoodOverlap_n5000_rep0682,2,GoodOverlap,5000,682,104200682,204200682,remaining_formal_grid,COMPLETE_FORMAL_CASE,336
g2_GoodOverlap_n5000_rep0683,2,GoodOverlap,5000,683,104200683,204200683,remaining_formal_grid,COMPLETE_FORMAL_CASE,336
g2_GoodOverlap_n5000_rep0684,2,GoodOverlap,5000,684,104200684,204200684,remaining_formal_grid,COMPLETE_FORMAL_CASE,336
g2_GoodOverlap_n5000_rep0685,2,GoodOverlap,5000,685,104200685,204200685,remaining_formal_grid,COMPLETE_FORMAL_CASE,336
g2_GoodOverlap_n5000_rep0686,2,GoodOverlap,5000,686,104200686,204200686,remaining_formal_grid,COMPLETE_FORMAL_CASE,336
g2_GoodOverlap_n5000_rep0687,2,GoodOverlap,5000,687,104200687,204200687,remaining_formal_grid,COMPLETE_FORMAL_CASE,337
g2_GoodOverlap_n5000_rep0688,2,GoodOverlap,5000,688,104200688,204200688,remaining_formal_grid,COMPLETE_FORMAL_CASE,337
g2_GoodOverlap_n5000_rep0689,2,GoodOverlap,5000,689,104200689,204200689,remaining_formal_grid,COMPLETE_FORMAL_CASE,337
g2_GoodOverlap_n5000_rep0690,2,GoodOverlap,5000,690,104200690,204200690,remaining_formal_grid,COMPLETE_FORMAL_CASE,337
g2_GoodOverlap_n5000_rep0691,2,GoodOverlap,5000,691,104200691,204200691,remaining_formal_grid,COMPLETE_FORMAL_CASE,337
g2_GoodOverlap_n5000_rep0692,2,GoodOverlap,5000,692,104200692,204200692,remaining_formal_grid,COMPLETE_FORMAL_CASE,338
g2_GoodOverlap_n5000_rep0693,2,GoodOverlap,5000,693,104200693,204200693,remaining_formal_grid,COMPLETE_FORMAL_CASE,338
g2_GoodOverlap_n5000_rep0694,2,GoodOverlap,5000,694,104200694,204200694,remaining_formal_grid,COMPLETE_FORMAL_CASE,338
g2_GoodOverlap_n5000_rep0695,2,GoodOverlap,5000,695,104200695,204200695,remaining_formal_grid,COMPLETE_FORMAL_CASE,338
g2_GoodOverlap_n5000_rep0696,2,GoodOverlap,5000,696,104200696,204200696,remaining_formal_grid,COMPLETE_FORMAL_CASE,338
g2_GoodOverlap_n5000_rep0697,2,GoodOverlap,5000,697,104200697,204200697,remaining_formal_grid,COMPLETE_FORMAL_CASE,339
g2_GoodOverlap_n5000_rep0698,2,GoodOverlap,5000,698,104200698,204200698,remaining_formal_grid,COMPLETE_FORMAL_CASE,339
g2_GoodOverlap_n5000_rep0699,2,GoodOverlap,5000,699,104200699,204200699,remaining_formal_grid,COMPLETE_FORMAL_CASE,339
g2_GoodOverlap_n5000_rep0700,2,GoodOverlap,5000,700,104200700,204200700,remaining_formal_grid,COMPLETE_FORMAL_CASE,339
g2_GoodOverlap_n5000_rep0701,2,GoodOverlap,5000,701,104200701,204200701,remaining_formal_grid,COMPLETE_FORMAL_CASE,339
g2_GoodOverlap_n5000_rep0702,2,GoodOverlap,5000,702,104200702,204200702,remaining_formal_grid,COMPLETE_FORMAL_CASE,340
g2_GoodOverlap_n5000_rep0703,2,GoodOverlap,5000,703,104200703,204200703,remaining_formal_grid,COMPLETE_FORMAL_CASE,340
g2_GoodOverlap_n5000_rep0704,2,GoodOverlap,5000,704,104200704,204200704,remaining_formal_grid,COMPLETE_FORMAL_CASE,340
g2_GoodOverlap_n5000_rep0705,2,GoodOverlap,5000,705,104200705,204200705,remaining_formal_grid,COMPLETE_FORMAL_CASE,340
g2_GoodOverlap_n5000_rep0706,2,GoodOverlap,5000,706,104200706,204200706,remaining_formal_grid,COMPLETE_FORMAL_CASE,340
g2_GoodOverlap_n5000_rep0707,2,GoodOverlap,5000,707,104200707,204200707,remaining_formal_grid,COMPLETE_FORMAL_CASE,341
g2_GoodOverlap_n5000_rep0708,2,GoodOverlap,5000,708,104200708,204200708,remaining_formal_grid,COMPLETE_FORMAL_CASE,341
g2_GoodOverlap_n5000_rep0709,2,GoodOverlap,5000,709,104200709,204200709,remaining_formal_grid,COMPLETE_FORMAL_CASE,341
g2_GoodOverlap_n5000_rep0710,2,GoodOverlap,5000,710,104200710,204200710,remaining_formal_grid,COMPLETE_FORMAL_CASE,341
g2_GoodOverlap_n5000_rep0711,2,GoodOverlap,5000,711,104200711,204200711,remaining_formal_grid,COMPLETE_FORMAL_CASE,341
g2_GoodOverlap_n5000_rep0712,2,GoodOverlap,5000,712,104200712,204200712,remaining_formal_grid,COMPLETE_FORMAL_CASE,342
g2_GoodOverlap_n5000_rep0713,2,GoodOverlap,5000,713,104200713,204200713,remaining_formal_grid,COMPLETE_FORMAL_CASE,342
g2_GoodOverlap_n5000_rep0714,2,GoodOverlap,5000,714,104200714,204200714,remaining_formal_grid,COMPLETE_FORMAL_CASE,342
g2_GoodOverlap_n5000_rep0715,2,GoodOverlap,5000,715,104200715,204200715,remaining_formal_grid,COMPLETE_FORMAL_CASE,342
g2_GoodOverlap_n5000_rep0716,2,GoodOverlap,5000,716,104200716,204200716,remaining_formal_grid,COMPLETE_FORMAL_CASE,342
g2_GoodOverlap_n5000_rep0717,2,GoodOverlap,5000,717,104200717,204200717,remaining_formal_grid,COMPLETE_FORMAL_CASE,343
g2_GoodOverlap_n5000_rep0718,2,GoodOverlap,5000,718,104200718,204200718,remaining_formal_grid,COMPLETE_FORMAL_CASE,343
g2_GoodOverlap_n5000_rep0719,2,GoodOverlap,5000,719,104200719,204200719,remaining_formal_grid,COMPLETE_FORMAL_CASE,343
g2_GoodOverlap_n5000_rep0720,2,GoodOverlap,5000,720,104200720,204200720,remaining_formal_grid,COMPLETE_FORMAL_CASE,343
g2_GoodOverlap_n5000_rep0721,2,GoodOverlap,5000,721,104200721,204200721,remaining_formal_grid,COMPLETE_FORMAL_CASE,343
g2_GoodOverlap_n5000_rep0722,2,GoodOverlap,5000,722,104200722,204200722,remaining_formal_grid,COMPLETE_FORMAL_CASE,344
g2_GoodOverlap_n5000_rep0723,2,GoodOverlap,5000,723,104200723,204200723,remaining_formal_grid,COMPLETE_FORMAL_CASE,344
g2_GoodOverlap_n5000_rep0724,2,GoodOverlap,5000,724,104200724,204200724,remaining_formal_grid,COMPLETE_FORMAL_CASE,344
g2_GoodOverlap_n5000_rep0725,2,GoodOverlap,5000,725,104200725,204200725,remaining_formal_grid,COMPLETE_FORMAL_CASE,344
g2_GoodOverlap_n5000_rep0726,2,GoodOverlap,5000,726,104200726,204200726,remaining_formal_grid,COMPLETE_FORMAL_CASE,344
g2_GoodOverlap_n5000_rep0727,2,GoodOverlap,5000,727,104200727,204200727,remaining_formal_grid,COMPLETE_FORMAL_CASE,345
g2_GoodOverlap_n5000_rep0728,2,GoodOverlap,5000,728,104200728,204200728,remaining_formal_grid,COMPLETE_FORMAL_CASE,345
g2_GoodOverlap_n5000_rep0729,2,GoodOverlap,5000,729,104200729,204200729,remaining_formal_grid,COMPLETE_FORMAL_CASE,345
g2_GoodOverlap_n5000_rep0730,2,GoodOverlap,5000,730,104200730,204200730,remaining_formal_grid,COMPLETE_FORMAL_CASE,345
g2_GoodOverlap_n5000_rep0731,2,GoodOverlap,5000,731,104200731,204200731,remaining_formal_grid,COMPLETE_FORMAL_CASE,345
g2_GoodOverlap_n5000_rep0732,2,GoodOverlap,5000,732,104200732,204200732,remaining_formal_grid,COMPLETE_FORMAL_CASE,346
g2_GoodOverlap_n5000_rep0733,2,GoodOverlap,5000,733,104200733,204200733,remaining_formal_grid,COMPLETE_FORMAL_CASE,346
g2_GoodOverlap_n5000_rep0734,2,GoodOverlap,5000,734,104200734,204200734,remaining_formal_grid,COMPLETE_FORMAL_CASE,346
g2_GoodOverlap_n5000_rep0735,2,GoodOverlap,5000,735,104200735,204200735,remaining_formal_grid,COMPLETE_FORMAL_CASE,346
g2_GoodOverlap_n5000_rep0736,2,GoodOverlap,5000,736,104200736,204200736,remaining_formal_grid,COMPLETE_FORMAL_CASE,346
g2_GoodOverlap_n5000_rep0737,2,GoodOverlap,5000,737,104200737,204200737,remaining_formal_grid,COMPLETE_FORMAL_CASE,347
g2_GoodOverlap_n5000_rep0738,2,GoodOverlap,5000,738,104200738,204200738,remaining_formal_grid,COMPLETE_FORMAL_CASE,347
g2_GoodOverlap_n5000_rep0739,2,GoodOverlap,5000,739,104200739,204200739,remaining_formal_grid,COMPLETE_FORMAL_CASE,347
g2_GoodOverlap_n5000_rep0740,2,GoodOverlap,5000,740,104200740,204200740,remaining_formal_grid,COMPLETE_FORMAL_CASE,347
g2_GoodOverlap_n5000_rep0741,2,GoodOverlap,5000,741,104200741,204200741,remaining_formal_grid,COMPLETE_FORMAL_CASE,347
g2_GoodOverlap_n5000_rep0742,2,GoodOverlap,5000,742,104200742,204200742,remaining_formal_grid,COMPLETE_FORMAL_CASE,348
g2_GoodOverlap_n5000_rep0743,2,GoodOverlap,5000,743,104200743,204200743,remaining_formal_grid,COMPLETE_FORMAL_CASE,348
g2_GoodOverlap_n5000_rep0744,2,GoodOverlap,5000,744,104200744,204200744,remaining_formal_grid,COMPLETE_FORMAL_CASE,348
g2_GoodOverlap_n5000_rep0745,2,GoodOverlap,5000,745,104200745,204200745,remaining_formal_grid,COMPLETE_FORMAL_CASE,348
g2_GoodOverlap_n5000_rep0746,2,GoodOverlap,5000,746,104200746,204200746,remaining_formal_grid,COMPLETE_FORMAL_CASE,348
g2_GoodOverlap_n5000_rep0747,2,GoodOverlap,5000,747,104200747,204200747,remaining_formal_grid,COMPLETE_FORMAL_CASE,349
g2_GoodOverlap_n5000_rep0748,2,GoodOverlap,5000,748,104200748,204200748,remaining_formal_grid,COMPLETE_FORMAL_CASE,349
g2_GoodOverlap_n5000_rep0749,2,GoodOverlap,5000,749,104200749,204200749,remaining_formal_grid,COMPLETE_FORMAL_CASE,349
g2_GoodOverlap_n5000_rep0750,2,GoodOverlap,5000,750,104200750,204200750,remaining_formal_grid,COMPLETE_FORMAL_CASE,349
g2_GoodOverlap_n5000_rep0751,2,GoodOverlap,5000,751,104200751,204200751,remaining_formal_grid,COMPLETE_FORMAL_CASE,349
g2_GoodOverlap_n5000_rep0752,2,GoodOverlap,5000,752,104200752,204200752,remaining_formal_grid,COMPLETE_FORMAL_CASE,350
g2_GoodOverlap_n5000_rep0753,2,GoodOverlap,5000,753,104200753,204200753,remaining_formal_grid,COMPLETE_FORMAL_CASE,350
g2_GoodOverlap_n5000_rep0754,2,GoodOverlap,5000,754,104200754,204200754,remaining_formal_grid,COMPLETE_FORMAL_CASE,350
g2_GoodOverlap_n5000_rep0755,2,GoodOverlap,5000,755,104200755,204200755,remaining_formal_grid,COMPLETE_FORMAL_CASE,350
g2_GoodOverlap_n5000_rep0756,2,GoodOverlap,5000,756,104200756,204200756,remaining_formal_grid,COMPLETE_FORMAL_CASE,350
g2_GoodOverlap_n5000_rep0757,2,GoodOverlap,5000,757,104200757,204200757,remaining_formal_grid,COMPLETE_FORMAL_CASE,351
g2_GoodOverlap_n5000_rep0758,2,GoodOverlap,5000,758,104200758,204200758,remaining_formal_grid,COMPLETE_FORMAL_CASE,351
g2_GoodOverlap_n5000_rep0759,2,GoodOverlap,5000,759,104200759,204200759,remaining_formal_grid,COMPLETE_FORMAL_CASE,351
g2_GoodOverlap_n5000_rep0760,2,GoodOverlap,5000,760,104200760,204200760,remaining_formal_grid,COMPLETE_FORMAL_CASE,351
g2_GoodOverlap_n5000_rep0761,2,GoodOverlap,5000,761,104200761,204200761,remaining_formal_grid,COMPLETE_FORMAL_CASE,351
g2_GoodOverlap_n5000_rep0762,2,GoodOverlap,5000,762,104200762,204200762,remaining_formal_grid,COMPLETE_FORMAL_CASE,352
g2_GoodOverlap_n5000_rep0763,2,GoodOverlap,5000,763,104200763,204200763,remaining_formal_grid,COMPLETE_FORMAL_CASE,352
g2_GoodOverlap_n5000_rep0764,2,GoodOverlap,5000,764,104200764,204200764,remaining_formal_grid,COMPLETE_FORMAL_CASE,352
g2_GoodOverlap_n5000_rep0765,2,GoodOverlap,5000,765,104200765,204200765,remaining_formal_grid,COMPLETE_FORMAL_CASE,352
g2_GoodOverlap_n5000_rep0766,2,GoodOverlap,5000,766,104200766,204200766,remaining_formal_grid,COMPLETE_FORMAL_CASE,352
g2_GoodOverlap_n5000_rep0767,2,GoodOverlap,5000,767,104200767,204200767,remaining_formal_grid,COMPLETE_FORMAL_CASE,353
g2_GoodOverlap_n5000_rep0768,2,GoodOverlap,5000,768,104200768,204200768,remaining_formal_grid,COMPLETE_FORMAL_CASE,353
g2_GoodOverlap_n5000_rep0769,2,GoodOverlap,5000,769,104200769,204200769,remaining_formal_grid,COMPLETE_FORMAL_CASE,353
g2_GoodOverlap_n5000_rep0770,2,GoodOverlap,5000,770,104200770,204200770,remaining_formal_grid,COMPLETE_FORMAL_CASE,353
g2_GoodOverlap_n5000_rep0771,2,GoodOverlap,5000,771,104200771,204200771,remaining_formal_grid,COMPLETE_FORMAL_CASE,353
g2_GoodOverlap_n5000_rep0772,2,GoodOverlap,5000,772,104200772,204200772,remaining_formal_grid,COMPLETE_FORMAL_CASE,354
g2_GoodOverlap_n5000_rep0773,2,GoodOverlap,5000,773,104200773,204200773,remaining_formal_grid,COMPLETE_FORMAL_CASE,354
g2_GoodOverlap_n5000_rep0774,2,GoodOverlap,5000,774,104200774,204200774,remaining_formal_grid,COMPLETE_FORMAL_CASE,354
g2_GoodOverlap_n5000_rep0775,2,GoodOverlap,5000,775,104200775,204200775,remaining_formal_grid,COMPLETE_FORMAL_CASE,354
g2_GoodOverlap_n5000_rep0776,2,GoodOverlap,5000,776,104200776,204200776,remaining_formal_grid,COMPLETE_FORMAL_CASE,354
g2_GoodOverlap_n5000_rep0777,2,GoodOverlap,5000,777,104200777,204200777,remaining_formal_grid,COMPLETE_FORMAL_CASE,355
g2_GoodOverlap_n5000_rep0778,2,GoodOverlap,5000,778,104200778,204200778,remaining_formal_grid,COMPLETE_FORMAL_CASE,355
g2_GoodOverlap_n5000_rep0779,2,GoodOverlap,5000,779,104200779,204200779,remaining_formal_grid,COMPLETE_FORMAL_CASE,355
g2_GoodOverlap_n5000_rep0780,2,GoodOverlap,5000,780,104200780,204200780,remaining_formal_grid,COMPLETE_FORMAL_CASE,355
g2_GoodOverlap_n5000_rep0781,2,GoodOverlap,5000,781,104200781,204200781,remaining_formal_grid,COMPLETE_FORMAL_CASE,355
g2_GoodOverlap_n5000_rep0782,2,GoodOverlap,5000,782,104200782,204200782,remaining_formal_grid,COMPLETE_FORMAL_CASE,356
g2_GoodOverlap_n5000_rep0783,2,GoodOverlap,5000,783,104200783,204200783,remaining_formal_grid,COMPLETE_FORMAL_CASE,356
g2_GoodOverlap_n5000_rep0784,2,GoodOverlap,5000,784,104200784,204200784,remaining_formal_grid,COMPLETE_FORMAL_CASE,356
g2_GoodOverlap_n5000_rep0785,2,GoodOverlap,5000,785,104200785,204200785,remaining_formal_grid,COMPLETE_FORMAL_CASE,356
g2_GoodOverlap_n5000_rep0786,2,GoodOverlap,5000,786,104200786,204200786,remaining_formal_grid,COMPLETE_FORMAL_CASE,356
g2_GoodOverlap_n5000_rep0787,2,GoodOverlap,5000,787,104200787,204200787,remaining_formal_grid,COMPLETE_FORMAL_CASE,357
g2_GoodOverlap_n5000_rep0788,2,GoodOverlap,5000,788,104200788,204200788,remaining_formal_grid,COMPLETE_FORMAL_CASE,357
g2_GoodOverlap_n5000_rep0789,2,GoodOverlap,5000,789,104200789,204200789,remaining_formal_grid,COMPLETE_FORMAL_CASE,357
g2_GoodOverlap_n5000_rep0790,2,GoodOverlap,5000,790,104200790,204200790,remaining_formal_grid,COMPLETE_FORMAL_CASE,357
g2_GoodOverlap_n5000_rep0791,2,GoodOverlap,5000,791,104200791,204200791,remaining_formal_grid,COMPLETE_FORMAL_CASE,357
g2_GoodOverlap_n5000_rep0792,2,GoodOverlap,5000,792,104200792,204200792,remaining_formal_grid,COMPLETE_FORMAL_CASE,358
g2_GoodOverlap_n5000_rep0793,2,GoodOverlap,5000,793,104200793,204200793,remaining_formal_grid,COMPLETE_FORMAL_CASE,358
g2_GoodOverlap_n5000_rep0794,2,GoodOverlap,5000,794,104200794,204200794,remaining_formal_grid,COMPLETE_FORMAL_CASE,358
g2_GoodOverlap_n5000_rep0795,2,GoodOverlap,5000,795,104200795,204200795,remaining_formal_grid,COMPLETE_FORMAL_CASE,358
g2_GoodOverlap_n5000_rep0796,2,GoodOverlap,5000,796,104200796,204200796,remaining_formal_grid,COMPLETE_FORMAL_CASE,358
g2_GoodOverlap_n5000_rep0797,2,GoodOverlap,5000,797,104200797,204200797,remaining_formal_grid,COMPLETE_FORMAL_CASE,359
g2_GoodOverlap_n5000_rep0798,2,GoodOverlap,5000,798,104200798,204200798,remaining_formal_grid,COMPLETE_FORMAL_CASE,359
g2_GoodOverlap_n5000_rep0799,2,GoodOverlap,5000,799,104200799,204200799,remaining_formal_grid,COMPLETE_FORMAL_CASE,359
g2_GoodOverlap_n5000_rep0800,2,GoodOverlap,5000,800,104200800,204200800,remaining_formal_grid,COMPLETE_FORMAL_CASE,359
g2_GoodOverlap_n5000_rep0801,2,GoodOverlap,5000,801,104200801,204200801,remaining_formal_grid,COMPLETE_FORMAL_CASE,359
g2_GoodOverlap_n5000_rep0802,2,GoodOverlap,5000,802,104200802,204200802,remaining_formal_grid,COMPLETE_FORMAL_CASE,360
g2_GoodOverlap_n5000_rep0803,2,GoodOverlap,5000,803,104200803,204200803,remaining_formal_grid,COMPLETE_FORMAL_CASE,360
g2_GoodOverlap_n5000_rep0804,2,GoodOverlap,5000,804,104200804,204200804,remaining_formal_grid,COMPLETE_FORMAL_CASE,360
g2_GoodOverlap_n5000_rep0805,2,GoodOverlap,5000,805,104200805,204200805,remaining_formal_grid,COMPLETE_FORMAL_CASE,360
g2_GoodOverlap_n5000_rep0806,2,GoodOverlap,5000,806,104200806,204200806,remaining_formal_grid,COMPLETE_FORMAL_CASE,360
g2_GoodOverlap_n5000_rep0807,2,GoodOverlap,5000,807,104200807,204200807,remaining_formal_grid,COMPLETE_FORMAL_CASE,361
g2_GoodOverlap_n5000_rep0808,2,GoodOverlap,5000,808,104200808,204200808,remaining_formal_grid,COMPLETE_FORMAL_CASE,361
g2_GoodOverlap_n5000_rep0809,2,GoodOverlap,5000,809,104200809,204200809,remaining_formal_grid,COMPLETE_FORMAL_CASE,361
g2_GoodOverlap_n5000_rep0810,2,GoodOverlap,5000,810,104200810,204200810,remaining_formal_grid,COMPLETE_FORMAL_CASE,361
g2_GoodOverlap_n5000_rep0811,2,GoodOverlap,5000,811,104200811,204200811,remaining_formal_grid,COMPLETE_FORMAL_CASE,361
g2_GoodOverlap_n5000_rep0812,2,GoodOverlap,5000,812,104200812,204200812,remaining_formal_grid,COMPLETE_FORMAL_CASE,362
g2_GoodOverlap_n5000_rep0813,2,GoodOverlap,5000,813,104200813,204200813,remaining_formal_grid,COMPLETE_FORMAL_CASE,362
g2_GoodOverlap_n5000_rep0814,2,GoodOverlap,5000,814,104200814,204200814,remaining_formal_grid,COMPLETE_FORMAL_CASE,362
g2_GoodOverlap_n5000_rep0815,2,GoodOverlap,5000,815,104200815,204200815,remaining_formal_grid,COMPLETE_FORMAL_CASE,362
g2_GoodOverlap_n5000_rep0816,2,GoodOverlap,5000,816,104200816,204200816,remaining_formal_grid,COMPLETE_FORMAL_CASE,362
g2_GoodOverlap_n5000_rep0817,2,GoodOverlap,5000,817,104200817,204200817,remaining_formal_grid,COMPLETE_FORMAL_CASE,363
g2_GoodOverlap_n5000_rep0818,2,GoodOverlap,5000,818,104200818,204200818,remaining_formal_grid,COMPLETE_FORMAL_CASE,363
g2_GoodOverlap_n5000_rep0819,2,GoodOverlap,5000,819,104200819,204200819,remaining_formal_grid,COMPLETE_FORMAL_CASE,363
g2_GoodOverlap_n5000_rep0820,2,GoodOverlap,5000,820,104200820,204200820,remaining_formal_grid,COMPLETE_FORMAL_CASE,363
g2_GoodOverlap_n5000_rep0821,2,GoodOverlap,5000,821,104200821,204200821,remaining_formal_grid,COMPLETE_FORMAL_CASE,363
g2_GoodOverlap_n5000_rep0822,2,GoodOverlap,5000,822,104200822,204200822,remaining_formal_grid,COMPLETE_FORMAL_CASE,364
g2_GoodOverlap_n5000_rep0823,2,GoodOverlap,5000,823,104200823,204200823,remaining_formal_grid,COMPLETE_FORMAL_CASE,364
g2_GoodOverlap_n5000_rep0824,2,GoodOverlap,5000,824,104200824,204200824,remaining_formal_grid,COMPLETE_FORMAL_CASE,364
g2_GoodOverlap_n5000_rep0825,2,GoodOverlap,5000,825,104200825,204200825,remaining_formal_grid,COMPLETE_FORMAL_CASE,364
g2_GoodOverlap_n5000_rep0826,2,GoodOverlap,5000,826,104200826,204200826,remaining_formal_grid,COMPLETE_FORMAL_CASE,364
g2_GoodOverlap_n5000_rep0827,2,GoodOverlap,5000,827,104200827,204200827,remaining_formal_grid,COMPLETE_FORMAL_CASE,365
g2_GoodOverlap_n5000_rep0828,2,GoodOverlap,5000,828,104200828,204200828,remaining_formal_grid,COMPLETE_FORMAL_CASE,365
g2_GoodOverlap_n5000_rep0829,2,GoodOverlap,5000,829,104200829,204200829,remaining_formal_grid,COMPLETE_FORMAL_CASE,365
g2_GoodOverlap_n5000_rep0830,2,GoodOverlap,5000,830,104200830,204200830,remaining_formal_grid,COMPLETE_FORMAL_CASE,365
g2_GoodOverlap_n5000_rep0831,2,GoodOverlap,5000,831,104200831,204200831,remaining_formal_grid,COMPLETE_FORMAL_CASE,365
g2_GoodOverlap_n5000_rep0832,2,GoodOverlap,5000,832,104200832,204200832,remaining_formal_grid,COMPLETE_FORMAL_CASE,366
g2_GoodOverlap_n5000_rep0833,2,GoodOverlap,5000,833,104200833,204200833,remaining_formal_grid,COMPLETE_FORMAL_CASE,366
g2_GoodOverlap_n5000_rep0834,2,GoodOverlap,5000,834,104200834,204200834,remaining_formal_grid,COMPLETE_FORMAL_CASE,366
g2_GoodOverlap_n5000_rep0835,2,GoodOverlap,5000,835,104200835,204200835,remaining_formal_grid,COMPLETE_FORMAL_CASE,366
g2_GoodOverlap_n5000_rep0836,2,GoodOverlap,5000,836,104200836,204200836,remaining_formal_grid,COMPLETE_FORMAL_CASE,366
g2_GoodOverlap_n5000_rep0837,2,GoodOverlap,5000,837,104200837,204200837,remaining_formal_grid,COMPLETE_FORMAL_CASE,367
g2_GoodOverlap_n5000_rep0838,2,GoodOverlap,5000,838,104200838,204200838,remaining_formal_grid,COMPLETE_FORMAL_CASE,367
g2_GoodOverlap_n5000_rep0839,2,GoodOverlap,5000,839,104200839,204200839,remaining_formal_grid,COMPLETE_FORMAL_CASE,367
g2_GoodOverlap_n5000_rep0840,2,GoodOverlap,5000,840,104200840,204200840,remaining_formal_grid,COMPLETE_FORMAL_CASE,367
g2_GoodOverlap_n5000_rep0841,2,GoodOverlap,5000,841,104200841,204200841,remaining_formal_grid,COMPLETE_FORMAL_CASE,367
g2_GoodOverlap_n5000_rep0842,2,GoodOverlap,5000,842,104200842,204200842,remaining_formal_grid,COMPLETE_FORMAL_CASE,368
g2_GoodOverlap_n5000_rep0843,2,GoodOverlap,5000,843,104200843,204200843,remaining_formal_grid,COMPLETE_FORMAL_CASE,368
g2_GoodOverlap_n5000_rep0844,2,GoodOverlap,5000,844,104200844,204200844,remaining_formal_grid,COMPLETE_FORMAL_CASE,368
g2_GoodOverlap_n5000_rep0845,2,GoodOverlap,5000,845,104200845,204200845,remaining_formal_grid,COMPLETE_FORMAL_CASE,368
g2_GoodOverlap_n5000_rep0846,2,GoodOverlap,5000,846,104200846,204200846,remaining_formal_grid,COMPLETE_FORMAL_CASE,368
g2_GoodOverlap_n5000_rep0847,2,GoodOverlap,5000,847,104200847,204200847,remaining_formal_grid,COMPLETE_FORMAL_CASE,369
g2_GoodOverlap_n5000_rep0848,2,GoodOverlap,5000,848,104200848,204200848,remaining_formal_grid,COMPLETE_FORMAL_CASE,369
g2_GoodOverlap_n5000_rep0849,2,GoodOverlap,5000,849,104200849,204200849,remaining_formal_grid,COMPLETE_FORMAL_CASE,369
g2_GoodOverlap_n5000_rep0850,2,GoodOverlap,5000,850,104200850,204200850,remaining_formal_grid,COMPLETE_FORMAL_CASE,369
g2_GoodOverlap_n5000_rep0851,2,GoodOverlap,5000,851,104200851,204200851,remaining_formal_grid,COMPLETE_FORMAL_CASE,369
g2_GoodOverlap_n5000_rep0852,2,GoodOverlap,5000,852,104200852,204200852,remaining_formal_grid,COMPLETE_FORMAL_CASE,370
g2_GoodOverlap_n5000_rep0853,2,GoodOverlap,5000,853,104200853,204200853,remaining_formal_grid,COMPLETE_FORMAL_CASE,370
g2_GoodOverlap_n5000_rep0854,2,GoodOverlap,5000,854,104200854,204200854,remaining_formal_grid,COMPLETE_FORMAL_CASE,370
g2_GoodOverlap_n5000_rep0855,2,GoodOverlap,5000,855,104200855,204200855,remaining_formal_grid,COMPLETE_FORMAL_CASE,370
g2_GoodOverlap_n5000_rep0856,2,GoodOverlap,5000,856,104200856,204200856,remaining_formal_grid,COMPLETE_FORMAL_CASE,370
g2_GoodOverlap_n5000_rep0857,2,GoodOverlap,5000,857,104200857,204200857,remaining_formal_grid,COMPLETE_FORMAL_CASE,371
g2_GoodOverlap_n5000_rep0858,2,GoodOverlap,5000,858,104200858,204200858,remaining_formal_grid,COMPLETE_FORMAL_CASE,371
g2_GoodOverlap_n5000_rep0859,2,GoodOverlap,5000,859,104200859,204200859,remaining_formal_grid,COMPLETE_FORMAL_CASE,371
g2_GoodOverlap_n5000_rep0860,2,GoodOverlap,5000,860,104200860,204200860,remaining_formal_grid,COMPLETE_FORMAL_CASE,371
g2_GoodOverlap_n5000_rep0861,2,GoodOverlap,5000,861,104200861,204200861,remaining_formal_grid,COMPLETE_FORMAL_CASE,371
g2_GoodOverlap_n5000_rep0862,2,GoodOverlap,5000,862,104200862,204200862,remaining_formal_grid,COMPLETE_FORMAL_CASE,372
g2_GoodOverlap_n5000_rep0863,2,GoodOverlap,5000,863,104200863,204200863,remaining_formal_grid,COMPLETE_FORMAL_CASE,372
g2_GoodOverlap_n5000_rep0864,2,GoodOverlap,5000,864,104200864,204200864,remaining_formal_grid,COMPLETE_FORMAL_CASE,372
g2_GoodOverlap_n5000_rep0865,2,GoodOverlap,5000,865,104200865,204200865,remaining_formal_grid,COMPLETE_FORMAL_CASE,372
g2_GoodOverlap_n5000_rep0866,2,GoodOverlap,5000,866,104200866,204200866,remaining_formal_grid,COMPLETE_FORMAL_CASE,372
g2_GoodOverlap_n5000_rep0867,2,GoodOverlap,5000,867,104200867,204200867,remaining_formal_grid,COMPLETE_FORMAL_CASE,373
g2_GoodOverlap_n5000_rep0868,2,GoodOverlap,5000,868,104200868,204200868,remaining_formal_grid,COMPLETE_FORMAL_CASE,373
g2_GoodOverlap_n5000_rep0869,2,GoodOverlap,5000,869,104200869,204200869,remaining_formal_grid,COMPLETE_FORMAL_CASE,373
g2_GoodOverlap_n5000_rep0870,2,GoodOverlap,5000,870,104200870,204200870,remaining_formal_grid,COMPLETE_FORMAL_CASE,373
g2_GoodOverlap_n5000_rep0871,2,GoodOverlap,5000,871,104200871,204200871,remaining_formal_grid,COMPLETE_FORMAL_CASE,373
g2_GoodOverlap_n5000_rep0872,2,GoodOverlap,5000,872,104200872,204200872,remaining_formal_grid,COMPLETE_FORMAL_CASE,374
g2_GoodOverlap_n5000_rep0873,2,GoodOverlap,5000,873,104200873,204200873,remaining_formal_grid,COMPLETE_FORMAL_CASE,374
g2_GoodOverlap_n5000_rep0874,2,GoodOverlap,5000,874,104200874,204200874,remaining_formal_grid,COMPLETE_FORMAL_CASE,374
g2_GoodOverlap_n5000_rep0875,2,GoodOverlap,5000,875,104200875,204200875,remaining_formal_grid,COMPLETE_FORMAL_CASE,374
g2_GoodOverlap_n5000_rep0876,2,GoodOverlap,5000,876,104200876,204200876,remaining_formal_grid,COMPLETE_FORMAL_CASE,374
g2_GoodOverlap_n5000_rep0877,2,GoodOverlap,5000,877,104200877,204200877,remaining_formal_grid,COMPLETE_FORMAL_CASE,375
g2_GoodOverlap_n5000_rep0878,2,GoodOverlap,5000,878,104200878,204200878,remaining_formal_grid,COMPLETE_FORMAL_CASE,375
g2_GoodOverlap_n5000_rep0879,2,GoodOverlap,5000,879,104200879,204200879,remaining_formal_grid,COMPLETE_FORMAL_CASE,375
g2_GoodOverlap_n5000_rep0880,2,GoodOverlap,5000,880,104200880,204200880,remaining_formal_grid,COMPLETE_FORMAL_CASE,375
g2_GoodOverlap_n5000_rep0881,2,GoodOverlap,5000,881,104200881,204200881,remaining_formal_grid,COMPLETE_FORMAL_CASE,375
g2_GoodOverlap_n5000_rep0882,2,GoodOverlap,5000,882,104200882,204200882,remaining_formal_grid,COMPLETE_FORMAL_CASE,376
g2_GoodOverlap_n5000_rep0883,2,GoodOverlap,5000,883,104200883,204200883,remaining_formal_grid,COMPLETE_FORMAL_CASE,376
g2_GoodOverlap_n5000_rep0884,2,GoodOverlap,5000,884,104200884,204200884,remaining_formal_grid,COMPLETE_FORMAL_CASE,376
g2_GoodOverlap_n5000_rep0885,2,GoodOverlap,5000,885,104200885,204200885,remaining_formal_grid,COMPLETE_FORMAL_CASE,376
g2_GoodOverlap_n5000_rep0886,2,GoodOverlap,5000,886,104200886,204200886,remaining_formal_grid,COMPLETE_FORMAL_CASE,376
g2_GoodOverlap_n5000_rep0887,2,GoodOverlap,5000,887,104200887,204200887,original_case_adopted_from_incomplete_batch,COMPLETE_FORMAL_CASE,377
g2_GoodOverlap_n5000_rep0888,2,GoodOverlap,5000,888,104200888,204200888,original_case_adopted_from_incomplete_batch,COMPLETE_FORMAL_CASE,377
g2_GoodOverlap_n5000_rep0889,2,GoodOverlap,5000,889,104200889,204200889,original_case_adopted_from_incomplete_batch,COMPLETE_FORMAL_CASE,377
g2_GoodOverlap_n5000_rep0890,2,GoodOverlap,5000,890,104200890,204200890,original_case_adopted_from_incomplete_batch,COMPLETE_FORMAL_CASE,377
g2_GoodOverlap_n5000_rep0891,2,GoodOverlap,5000,891,104200891,204200891,saved_complete_engine_adopted_after_monitor_failure,COMPLETE_FORMAL_CASE,377
g2_GoodOverlap_n5000_rep0892,2,GoodOverlap,5000,892,104200892,204200892,original_case_adopted_from_incomplete_batch,COMPLETE_FORMAL_CASE,378
g2_GoodOverlap_n5000_rep0893,2,GoodOverlap,5000,893,104200893,204200893,original_case_adopted_from_incomplete_batch,COMPLETE_FORMAL_CASE,378
g2_GoodOverlap_n5000_rep0894,2,GoodOverlap,5000,894,104200894,204200894,original_case_adopted_from_incomplete_batch,COMPLETE_FORMAL_CASE,378
g2_GoodOverlap_n5000_rep0895,2,GoodOverlap,5000,895,104200895,204200895,original_case_adopted_from_incomplete_batch,COMPLETE_FORMAL_CASE,378
g2_GoodOverlap_n5000_rep0896,2,GoodOverlap,5000,896,104200896,204200896,checkpoint_completion,COMPLETE_CHECKPOINT_CASE,378
g2_GoodOverlap_n5000_rep0897,2,GoodOverlap,5000,897,104200897,204200897,original_case_adopted_from_incomplete_batch,COMPLETE_FORMAL_CASE,379
g2_GoodOverlap_n5000_rep0898,2,GoodOverlap,5000,898,104200898,204200898,original_case_adopted_from_incomplete_batch,COMPLETE_FORMAL_CASE,379
g2_GoodOverlap_n5000_rep0899,2,GoodOverlap,5000,899,104200899,204200899,original_case_adopted_from_incomplete_batch,COMPLETE_FORMAL_CASE,379
g2_GoodOverlap_n5000_rep0900,2,GoodOverlap,5000,900,104200900,204200900,original_case_adopted_from_incomplete_batch,COMPLETE_FORMAL_CASE,379
g2_GoodOverlap_n5000_rep0901,2,GoodOverlap,5000,901,104200901,204200901,saved_complete_engine_adopted_after_monitor_failure,COMPLETE_FORMAL_CASE,379
g2_GoodOverlap_n5000_rep0902,2,GoodOverlap,5000,902,104200902,204200902,remaining_formal_grid,COMPLETE_FORMAL_CASE,380
g2_GoodOverlap_n5000_rep0903,2,GoodOverlap,5000,903,104200903,204200903,remaining_formal_grid,COMPLETE_FORMAL_CASE,380
g2_GoodOverlap_n5000_rep0904,2,GoodOverlap,5000,904,104200904,204200904,remaining_formal_grid,COMPLETE_FORMAL_CASE,380
g2_GoodOverlap_n5000_rep0905,2,GoodOverlap,5000,905,104200905,204200905,remaining_formal_grid,COMPLETE_FORMAL_CASE,380
g2_GoodOverlap_n5000_rep0906,2,GoodOverlap,5000,906,104200906,204200906,remaining_formal_grid,COMPLETE_FORMAL_CASE,380
g2_GoodOverlap_n5000_rep0907,2,GoodOverlap,5000,907,104200907,204200907,remaining_formal_grid,COMPLETE_FORMAL_CASE,381
g2_GoodOverlap_n5000_rep0908,2,GoodOverlap,5000,908,104200908,204200908,remaining_formal_grid,COMPLETE_FORMAL_CASE,381
g2_GoodOverlap_n5000_rep0909,2,GoodOverlap,5000,909,104200909,204200909,remaining_formal_grid,COMPLETE_FORMAL_CASE,381
g2_GoodOverlap_n5000_rep0910,2,GoodOverlap,5000,910,104200910,204200910,remaining_formal_grid,COMPLETE_FORMAL_CASE,381
g2_GoodOverlap_n5000_rep0911,2,GoodOverlap,5000,911,104200911,204200911,remaining_formal_grid,COMPLETE_FORMAL_CASE,381
g2_GoodOverlap_n5000_rep0912,2,GoodOverlap,5000,912,104200912,204200912,remaining_formal_grid,COMPLETE_FORMAL_CASE,382
g2_GoodOverlap_n5000_rep0913,2,GoodOverlap,5000,913,104200913,204200913,remaining_formal_grid,COMPLETE_FORMAL_CASE,382
g2_GoodOverlap_n5000_rep0914,2,GoodOverlap,5000,914,104200914,204200914,remaining_formal_grid,COMPLETE_FORMAL_CASE,382
g2_GoodOverlap_n5000_rep0915,2,GoodOverlap,5000,915,104200915,204200915,remaining_formal_grid,COMPLETE_FORMAL_CASE,382
g2_GoodOverlap_n5000_rep0916,2,GoodOverlap,5000,916,104200916,204200916,remaining_formal_grid,COMPLETE_FORMAL_CASE,382
g2_GoodOverlap_n5000_rep0917,2,GoodOverlap,5000,917,104200917,204200917,remaining_formal_grid,COMPLETE_FORMAL_CASE,383
g2_GoodOverlap_n5000_rep0918,2,GoodOverlap,5000,918,104200918,204200918,remaining_formal_grid,COMPLETE_FORMAL_CASE,383
g2_GoodOverlap_n5000_rep0919,2,GoodOverlap,5000,919,104200919,204200919,remaining_formal_grid,COMPLETE_FORMAL_CASE,383
g2_GoodOverlap_n5000_rep0920,2,GoodOverlap,5000,920,104200920,204200920,remaining_formal_grid,COMPLETE_FORMAL_CASE,383
g2_GoodOverlap_n5000_rep0921,2,GoodOverlap,5000,921,104200921,204200921,remaining_formal_grid,COMPLETE_FORMAL_CASE,383
g2_GoodOverlap_n5000_rep0922,2,GoodOverlap,5000,922,104200922,204200922,remaining_formal_grid,COMPLETE_FORMAL_CASE,384
g2_GoodOverlap_n5000_rep0923,2,GoodOverlap,5000,923,104200923,204200923,remaining_formal_grid,COMPLETE_FORMAL_CASE,384
g2_GoodOverlap_n5000_rep0924,2,GoodOverlap,5000,924,104200924,204200924,remaining_formal_grid,COMPLETE_FORMAL_CASE,384
g2_GoodOverlap_n5000_rep0925,2,GoodOverlap,5000,925,104200925,204200925,remaining_formal_grid,COMPLETE_FORMAL_CASE,384
g2_GoodOverlap_n5000_rep0926,2,GoodOverlap,5000,926,104200926,204200926,remaining_formal_grid,COMPLETE_FORMAL_CASE,384
g2_GoodOverlap_n5000_rep0927,2,GoodOverlap,5000,927,104200927,204200927,remaining_formal_grid,COMPLETE_FORMAL_CASE,385
g2_GoodOverlap_n5000_rep0928,2,GoodOverlap,5000,928,104200928,204200928,remaining_formal_grid,COMPLETE_FORMAL_CASE,385
g2_GoodOverlap_n5000_rep0929,2,GoodOverlap,5000,929,104200929,204200929,remaining_formal_grid,COMPLETE_FORMAL_CASE,385
g2_GoodOverlap_n5000_rep0930,2,GoodOverlap,5000,930,104200930,204200930,remaining_formal_grid,COMPLETE_FORMAL_CASE,385
g2_GoodOverlap_n5000_rep0931,2,GoodOverlap,5000,931,104200931,204200931,remaining_formal_grid,COMPLETE_FORMAL_CASE,385
g2_GoodOverlap_n5000_rep0932,2,GoodOverlap,5000,932,104200932,204200932,remaining_formal_grid,COMPLETE_FORMAL_CASE,386
g2_GoodOverlap_n5000_rep0933,2,GoodOverlap,5000,933,104200933,204200933,remaining_formal_grid,COMPLETE_FORMAL_CASE,386
g2_GoodOverlap_n5000_rep0934,2,GoodOverlap,5000,934,104200934,204200934,remaining_formal_grid,COMPLETE_FORMAL_CASE,386
g2_GoodOverlap_n5000_rep0935,2,GoodOverlap,5000,935,104200935,204200935,remaining_formal_grid,COMPLETE_FORMAL_CASE,386
g2_GoodOverlap_n5000_rep0936,2,GoodOverlap,5000,936,104200936,204200936,remaining_formal_grid,COMPLETE_FORMAL_CASE,386
g2_GoodOverlap_n5000_rep0937,2,GoodOverlap,5000,937,104200937,204200937,remaining_formal_grid,COMPLETE_FORMAL_CASE,387
g2_GoodOverlap_n5000_rep0938,2,GoodOverlap,5000,938,104200938,204200938,remaining_formal_grid,COMPLETE_FORMAL_CASE,387
g2_GoodOverlap_n5000_rep0939,2,GoodOverlap,5000,939,104200939,204200939,remaining_formal_grid,COMPLETE_FORMAL_CASE,387
g2_GoodOverlap_n5000_rep0940,2,GoodOverlap,5000,940,104200940,204200940,remaining_formal_grid,COMPLETE_FORMAL_CASE,387
g2_GoodOverlap_n5000_rep0941,2,GoodOverlap,5000,941,104200941,204200941,remaining_formal_grid,COMPLETE_FORMAL_CASE,387
g2_GoodOverlap_n5000_rep0942,2,GoodOverlap,5000,942,104200942,204200942,remaining_formal_grid,COMPLETE_FORMAL_CASE,388
g2_GoodOverlap_n5000_rep0943,2,GoodOverlap,5000,943,104200943,204200943,remaining_formal_grid,COMPLETE_FORMAL_CASE,388
g2_GoodOverlap_n5000_rep0944,2,GoodOverlap,5000,944,104200944,204200944,remaining_formal_grid,COMPLETE_FORMAL_CASE,388
g2_GoodOverlap_n5000_rep0945,2,GoodOverlap,5000,945,104200945,204200945,remaining_formal_grid,COMPLETE_FORMAL_CASE,388
g2_GoodOverlap_n5000_rep0946,2,GoodOverlap,5000,946,104200946,204200946,remaining_formal_grid,COMPLETE_FORMAL_CASE,388
g2_GoodOverlap_n5000_rep0947,2,GoodOverlap,5000,947,104200947,204200947,remaining_formal_grid,COMPLETE_FORMAL_CASE,389
g2_GoodOverlap_n5000_rep0948,2,GoodOverlap,5000,948,104200948,204200948,remaining_formal_grid,COMPLETE_FORMAL_CASE,389
g2_GoodOverlap_n5000_rep0949,2,GoodOverlap,5000,949,104200949,204200949,remaining_formal_grid,COMPLETE_FORMAL_CASE,389
g2_GoodOverlap_n5000_rep0950,2,GoodOverlap,5000,950,104200950,204200950,remaining_formal_grid,COMPLETE_FORMAL_CASE,389
g2_GoodOverlap_n5000_rep0951,2,GoodOverlap,5000,951,104200951,204200951,remaining_formal_grid,COMPLETE_FORMAL_CASE,389
g2_GoodOverlap_n5000_rep0952,2,GoodOverlap,5000,952,104200952,204200952,remaining_formal_grid,COMPLETE_FORMAL_CASE,390
g2_GoodOverlap_n5000_rep0953,2,GoodOverlap,5000,953,104200953,204200953,remaining_formal_grid,COMPLETE_FORMAL_CASE,390
g2_GoodOverlap_n5000_rep0954,2,GoodOverlap,5000,954,104200954,204200954,remaining_formal_grid,COMPLETE_FORMAL_CASE,390
g2_GoodOverlap_n5000_rep0955,2,GoodOverlap,5000,955,104200955,204200955,remaining_formal_grid,COMPLETE_FORMAL_CASE,390
g2_GoodOverlap_n5000_rep0956,2,GoodOverlap,5000,956,104200956,204200956,remaining_formal_grid,COMPLETE_FORMAL_CASE,390
g2_GoodOverlap_n5000_rep0957,2,GoodOverlap,5000,957,104200957,204200957,remaining_formal_grid,COMPLETE_FORMAL_CASE,391
g2_GoodOverlap_n5000_rep0958,2,GoodOverlap,5000,958,104200958,204200958,remaining_formal_grid,COMPLETE_FORMAL_CASE,391
g2_GoodOverlap_n5000_rep0959,2,GoodOverlap,5000,959,104200959,204200959,remaining_formal_grid,COMPLETE_FORMAL_CASE,391
g2_GoodOverlap_n5000_rep0960,2,GoodOverlap,5000,960,104200960,204200960,remaining_formal_grid,COMPLETE_FORMAL_CASE,391
g2_GoodOverlap_n5000_rep0961,2,GoodOverlap,5000,961,104200961,204200961,remaining_formal_grid,COMPLETE_FORMAL_CASE,391
g2_GoodOverlap_n5000_rep0962,2,GoodOverlap,5000,962,104200962,204200962,remaining_formal_grid,COMPLETE_FORMAL_CASE,392
g2_GoodOverlap_n5000_rep0963,2,GoodOverlap,5000,963,104200963,204200963,remaining_formal_grid,COMPLETE_FORMAL_CASE,392
g2_GoodOverlap_n5000_rep0964,2,GoodOverlap,5000,964,104200964,204200964,remaining_formal_grid,COMPLETE_FORMAL_CASE,392
g2_GoodOverlap_n5000_rep0965,2,GoodOverlap,5000,965,104200965,204200965,remaining_formal_grid,COMPLETE_FORMAL_CASE,392
g2_GoodOverlap_n5000_rep0966,2,GoodOverlap,5000,966,104200966,204200966,remaining_formal_grid,COMPLETE_FORMAL_CASE,392
g2_GoodOverlap_n5000_rep0967,2,GoodOverlap,5000,967,104200967,204200967,remaining_formal_grid,COMPLETE_FORMAL_CASE,393
g2_GoodOverlap_n5000_rep0968,2,GoodOverlap,5000,968,104200968,204200968,remaining_formal_grid,COMPLETE_FORMAL_CASE,393
g2_GoodOverlap_n5000_rep0969,2,GoodOverlap,5000,969,104200969,204200969,remaining_formal_grid,COMPLETE_FORMAL_CASE,393
g2_GoodOverlap_n5000_rep0970,2,GoodOverlap,5000,970,104200970,204200970,remaining_formal_grid,COMPLETE_FORMAL_CASE,393
g2_GoodOverlap_n5000_rep0971,2,GoodOverlap,5000,971,104200971,204200971,remaining_formal_grid,COMPLETE_FORMAL_CASE,393
g2_GoodOverlap_n5000_rep0972,2,GoodOverlap,5000,972,104200972,204200972,remaining_formal_grid,COMPLETE_FORMAL_CASE,394
g2_GoodOverlap_n5000_rep0973,2,GoodOverlap,5000,973,104200973,204200973,remaining_formal_grid,COMPLETE_FORMAL_CASE,394
g2_GoodOverlap_n5000_rep0974,2,GoodOverlap,5000,974,104200974,204200974,remaining_formal_grid,COMPLETE_FORMAL_CASE,394
g2_GoodOverlap_n5000_rep0975,2,GoodOverlap,5000,975,104200975,204200975,remaining_formal_grid,COMPLETE_FORMAL_CASE,394
g2_GoodOverlap_n5000_rep0976,2,GoodOverlap,5000,976,104200976,204200976,remaining_formal_grid,COMPLETE_FORMAL_CASE,394
g2_GoodOverlap_n5000_rep0977,2,GoodOverlap,5000,977,104200977,204200977,remaining_formal_grid,COMPLETE_FORMAL_CASE,395
g2_GoodOverlap_n5000_rep0978,2,GoodOverlap,5000,978,104200978,204200978,remaining_formal_grid,COMPLETE_FORMAL_CASE,395
g2_GoodOverlap_n5000_rep0979,2,GoodOverlap,5000,979,104200979,204200979,remaining_formal_grid,COMPLETE_FORMAL_CASE,395
g2_GoodOverlap_n5000_rep0980,2,GoodOverlap,5000,980,104200980,204200980,remaining_formal_grid,COMPLETE_FORMAL_CASE,395
g2_GoodOverlap_n5000_rep0981,2,GoodOverlap,5000,981,104200981,204200981,remaining_formal_grid,COMPLETE_FORMAL_CASE,395
g2_GoodOverlap_n5000_rep0982,2,GoodOverlap,5000,982,104200982,204200982,remaining_formal_grid,COMPLETE_FORMAL_CASE,396
g2_GoodOverlap_n5000_rep0983,2,GoodOverlap,5000,983,104200983,204200983,remaining_formal_grid,COMPLETE_FORMAL_CASE,396
g2_GoodOverlap_n5000_rep0984,2,GoodOverlap,5000,984,104200984,204200984,remaining_formal_grid,COMPLETE_FORMAL_CASE,396
g2_GoodOverlap_n5000_rep0985,2,GoodOverlap,5000,985,104200985,204200985,remaining_formal_grid,COMPLETE_FORMAL_CASE,396
g2_GoodOverlap_n5000_rep0986,2,GoodOverlap,5000,986,104200986,204200986,remaining_formal_grid,COMPLETE_FORMAL_CASE,396
g2_GoodOverlap_n5000_rep0987,2,GoodOverlap,5000,987,104200987,204200987,remaining_formal_grid,COMPLETE_FORMAL_CASE,397
g2_GoodOverlap_n5000_rep0988,2,GoodOverlap,5000,988,104200988,204200988,remaining_formal_grid,COMPLETE_FORMAL_CASE,397
g2_GoodOverlap_n5000_rep0989,2,GoodOverlap,5000,989,104200989,204200989,remaining_formal_grid,COMPLETE_FORMAL_CASE,397
g2_GoodOverlap_n5000_rep0990,2,GoodOverlap,5000,990,104200990,204200990,remaining_formal_grid,COMPLETE_FORMAL_CASE,397
g2_GoodOverlap_n5000_rep0991,2,GoodOverlap,5000,991,104200991,204200991,remaining_formal_grid,COMPLETE_FORMAL_CASE,397
g2_GoodOverlap_n5000_rep0992,2,GoodOverlap,5000,992,104200992,204200992,remaining_formal_grid,COMPLETE_FORMAL_CASE,398
g2_GoodOverlap_n5000_rep0993,2,GoodOverlap,5000,993,104200993,204200993,remaining_formal_grid,COMPLETE_FORMAL_CASE,398
g2_GoodOverlap_n5000_rep0994,2,GoodOverlap,5000,994,104200994,204200994,remaining_formal_grid,COMPLETE_FORMAL_CASE,398
g2_GoodOverlap_n5000_rep0995,2,GoodOverlap,5000,995,104200995,204200995,remaining_formal_grid,COMPLETE_FORMAL_CASE,398
g2_GoodOverlap_n5000_rep0996,2,GoodOverlap,5000,996,104200996,204200996,remaining_formal_grid,COMPLETE_FORMAL_CASE,398
g2_GoodOverlap_n5000_rep0997,2,GoodOverlap,5000,997,104200997,204200997,remaining_formal_grid,COMPLETE_FORMAL_CASE,399
g2_GoodOverlap_n5000_rep0998,2,GoodOverlap,5000,998,104200998,204200998,remaining_formal_grid,COMPLETE_FORMAL_CASE,399
g2_GoodOverlap_n5000_rep0999,2,GoodOverlap,5000,999,104200999,204200999,remaining_formal_grid,COMPLETE_FORMAL_CASE,399
g2_GoodOverlap_n5000_rep1000,2,GoodOverlap,5000,1000,104201000,204201000,remaining_formal_grid,COMPLETE_FORMAL_CASE,399
g3_PoorOverlap_n1000_rep0001,3,PoorOverlap,1000,1,104300001,204300001,remaining_formal_grid,COMPLETE_FORMAL_CASE,399
g3_PoorOverlap_n1000_rep0002,3,PoorOverlap,1000,2,104300002,204300002,remaining_formal_grid,COMPLETE_FORMAL_CASE,400
g3_PoorOverlap_n1000_rep0003,3,PoorOverlap,1000,3,104300003,204300003,remaining_formal_grid,COMPLETE_FORMAL_CASE,400
g3_PoorOverlap_n1000_rep0004,3,PoorOverlap,1000,4,104300004,204300004,remaining_formal_grid,COMPLETE_FORMAL_CASE,400
g3_PoorOverlap_n1000_rep0005,3,PoorOverlap,1000,5,104300005,204300005,remaining_formal_grid,COMPLETE_FORMAL_CASE,400
g3_PoorOverlap_n1000_rep0006,3,PoorOverlap,1000,6,104300006,204300006,remaining_formal_grid,COMPLETE_FORMAL_CASE,400
g3_PoorOverlap_n1000_rep0007,3,PoorOverlap,1000,7,104300007,204300007,remaining_formal_grid,COMPLETE_FORMAL_CASE,401
g3_PoorOverlap_n1000_rep0008,3,PoorOverlap,1000,8,104300008,204300008,remaining_formal_grid,COMPLETE_FORMAL_CASE,401
g3_PoorOverlap_n1000_rep0009,3,PoorOverlap,1000,9,104300009,204300009,remaining_formal_grid,COMPLETE_FORMAL_CASE,401
g3_PoorOverlap_n1000_rep0010,3,PoorOverlap,1000,10,104300010,204300010,remaining_formal_grid,COMPLETE_FORMAL_CASE,401
g3_PoorOverlap_n1000_rep0011,3,PoorOverlap,1000,11,104300011,204300011,remaining_formal_grid,COMPLETE_FORMAL_CASE,401
g3_PoorOverlap_n1000_rep0012,3,PoorOverlap,1000,12,104300012,204300012,remaining_formal_grid,COMPLETE_FORMAL_CASE,402
g3_PoorOverlap_n1000_rep0013,3,PoorOverlap,1000,13,104300013,204300013,remaining_formal_grid,COMPLETE_FORMAL_CASE,402
g3_PoorOverlap_n1000_rep0014,3,PoorOverlap,1000,14,104300014,204300014,remaining_formal_grid,COMPLETE_FORMAL_CASE,402
g3_PoorOverlap_n1000_rep0015,3,PoorOverlap,1000,15,104300015,204300015,remaining_formal_grid,COMPLETE_FORMAL_CASE,402
g3_PoorOverlap_n1000_rep0016,3,PoorOverlap,1000,16,104300016,204300016,remaining_formal_grid,COMPLETE_FORMAL_CASE,402
g3_PoorOverlap_n1000_rep0017,3,PoorOverlap,1000,17,104300017,204300017,remaining_formal_grid,COMPLETE_FORMAL_CASE,403
g3_PoorOverlap_n1000_rep0018,3,PoorOverlap,1000,18,104300018,204300018,remaining_formal_grid,COMPLETE_FORMAL_CASE,403
g3_PoorOverlap_n1000_rep0019,3,PoorOverlap,1000,19,104300019,204300019,remaining_formal_grid,COMPLETE_FORMAL_CASE,403
g3_PoorOverlap_n1000_rep0020,3,PoorOverlap,1000,20,104300020,204300020,remaining_formal_grid,COMPLETE_FORMAL_CASE,403
g3_PoorOverlap_n1000_rep0021,3,PoorOverlap,1000,21,104300021,204300021,remaining_formal_grid,COMPLETE_FORMAL_CASE,403
g3_PoorOverlap_n1000_rep0022,3,PoorOverlap,1000,22,104300022,204300022,remaining_formal_grid,COMPLETE_FORMAL_CASE,404
g3_PoorOverlap_n1000_rep0023,3,PoorOverlap,1000,23,104300023,204300023,remaining_formal_grid,COMPLETE_FORMAL_CASE,404
g3_PoorOverlap_n1000_rep0024,3,PoorOverlap,1000,24,104300024,204300024,remaining_formal_grid,COMPLETE_FORMAL_CASE,404
g3_PoorOverlap_n1000_rep0025,3,PoorOverlap,1000,25,104300025,204300025,remaining_formal_grid,COMPLETE_FORMAL_CASE,404
g3_PoorOverlap_n1000_rep0026,3,PoorOverlap,1000,26,104300026,204300026,remaining_formal_grid,COMPLETE_FORMAL_CASE,404
g3_PoorOverlap_n1000_rep0027,3,PoorOverlap,1000,27,104300027,204300027,remaining_formal_grid,COMPLETE_FORMAL_CASE,405
g3_PoorOverlap_n1000_rep0028,3,PoorOverlap,1000,28,104300028,204300028,remaining_formal_grid,COMPLETE_FORMAL_CASE,405
g3_PoorOverlap_n1000_rep0029,3,PoorOverlap,1000,29,104300029,204300029,remaining_formal_grid,COMPLETE_FORMAL_CASE,405
g3_PoorOverlap_n1000_rep0030,3,PoorOverlap,1000,30,104300030,204300030,remaining_formal_grid,COMPLETE_FORMAL_CASE,405
g3_PoorOverlap_n1000_rep0031,3,PoorOverlap,1000,31,104300031,204300031,remaining_formal_grid,COMPLETE_FORMAL_CASE,405
g3_PoorOverlap_n1000_rep0032,3,PoorOverlap,1000,32,104300032,204300032,remaining_formal_grid,COMPLETE_FORMAL_CASE,406
g3_PoorOverlap_n1000_rep0033,3,PoorOverlap,1000,33,104300033,204300033,remaining_formal_grid,COMPLETE_FORMAL_CASE,406
g3_PoorOverlap_n1000_rep0034,3,PoorOverlap,1000,34,104300034,204300034,remaining_formal_grid,COMPLETE_FORMAL_CASE,406
g3_PoorOverlap_n1000_rep0035,3,PoorOverlap,1000,35,104300035,204300035,remaining_formal_grid,COMPLETE_FORMAL_CASE,406
g3_PoorOverlap_n1000_rep0036,3,PoorOverlap,1000,36,104300036,204300036,remaining_formal_grid,COMPLETE_FORMAL_CASE,406
g3_PoorOverlap_n1000_rep0037,3,PoorOverlap,1000,37,104300037,204300037,remaining_formal_grid,COMPLETE_FORMAL_CASE,407
g3_PoorOverlap_n1000_rep0038,3,PoorOverlap,1000,38,104300038,204300038,remaining_formal_grid,COMPLETE_FORMAL_CASE,407
g3_PoorOverlap_n1000_rep0039,3,PoorOverlap,1000,39,104300039,204300039,remaining_formal_grid,COMPLETE_FORMAL_CASE,407
g3_PoorOverlap_n1000_rep0040,3,PoorOverlap,1000,40,104300040,204300040,remaining_formal_grid,COMPLETE_FORMAL_CASE,407
g3_PoorOverlap_n1000_rep0041,3,PoorOverlap,1000,41,104300041,204300041,remaining_formal_grid,COMPLETE_FORMAL_CASE,407
g3_PoorOverlap_n1000_rep0042,3,PoorOverlap,1000,42,104300042,204300042,remaining_formal_grid,COMPLETE_FORMAL_CASE,408
g3_PoorOverlap_n1000_rep0043,3,PoorOverlap,1000,43,104300043,204300043,remaining_formal_grid,COMPLETE_FORMAL_CASE,408
g3_PoorOverlap_n1000_rep0044,3,PoorOverlap,1000,44,104300044,204300044,remaining_formal_grid,COMPLETE_FORMAL_CASE,408
g3_PoorOverlap_n1000_rep0045,3,PoorOverlap,1000,45,104300045,204300045,remaining_formal_grid,COMPLETE_FORMAL_CASE,408
g3_PoorOverlap_n1000_rep0046,3,PoorOverlap,1000,46,104300046,204300046,remaining_formal_grid,COMPLETE_FORMAL_CASE,408
g3_PoorOverlap_n1000_rep0047,3,PoorOverlap,1000,47,104300047,204300047,remaining_formal_grid,COMPLETE_FORMAL_CASE,409
g3_PoorOverlap_n1000_rep0048,3,PoorOverlap,1000,48,104300048,204300048,remaining_formal_grid,COMPLETE_FORMAL_CASE,409
g3_PoorOverlap_n1000_rep0049,3,PoorOverlap,1000,49,104300049,204300049,remaining_formal_grid,COMPLETE_FORMAL_CASE,409
g3_PoorOverlap_n1000_rep0050,3,PoorOverlap,1000,50,104300050,204300050,remaining_formal_grid,COMPLETE_FORMAL_CASE,409
g3_PoorOverlap_n1000_rep0051,3,PoorOverlap,1000,51,104300051,204300051,remaining_formal_grid,COMPLETE_FORMAL_CASE,409
g3_PoorOverlap_n1000_rep0052,3,PoorOverlap,1000,52,104300052,204300052,remaining_formal_grid,COMPLETE_FORMAL_CASE,410
g3_PoorOverlap_n1000_rep0053,3,PoorOverlap,1000,53,104300053,204300053,remaining_formal_grid,COMPLETE_FORMAL_CASE,410
g3_PoorOverlap_n1000_rep0054,3,PoorOverlap,1000,54,104300054,204300054,remaining_formal_grid,COMPLETE_FORMAL_CASE,410
g3_PoorOverlap_n1000_rep0055,3,PoorOverlap,1000,55,104300055,204300055,remaining_formal_grid,COMPLETE_FORMAL_CASE,410
g3_PoorOverlap_n1000_rep0056,3,PoorOverlap,1000,56,104300056,204300056,remaining_formal_grid,COMPLETE_FORMAL_CASE,410
g3_PoorOverlap_n1000_rep0057,3,PoorOverlap,1000,57,104300057,204300057,remaining_formal_grid,COMPLETE_FORMAL_CASE,411
g3_PoorOverlap_n1000_rep0058,3,PoorOverlap,1000,58,104300058,204300058,remaining_formal_grid,COMPLETE_FORMAL_CASE,411
g3_PoorOverlap_n1000_rep0059,3,PoorOverlap,1000,59,104300059,204300059,remaining_formal_grid,COMPLETE_FORMAL_CASE,411
g3_PoorOverlap_n1000_rep0060,3,PoorOverlap,1000,60,104300060,204300060,remaining_formal_grid,COMPLETE_FORMAL_CASE,411
g3_PoorOverlap_n1000_rep0061,3,PoorOverlap,1000,61,104300061,204300061,remaining_formal_grid,COMPLETE_FORMAL_CASE,411
g3_PoorOverlap_n1000_rep0062,3,PoorOverlap,1000,62,104300062,204300062,remaining_formal_grid,COMPLETE_FORMAL_CASE,412
g3_PoorOverlap_n1000_rep0063,3,PoorOverlap,1000,63,104300063,204300063,remaining_formal_grid,COMPLETE_FORMAL_CASE,412
g3_PoorOverlap_n1000_rep0064,3,PoorOverlap,1000,64,104300064,204300064,remaining_formal_grid,COMPLETE_FORMAL_CASE,412
g3_PoorOverlap_n1000_rep0065,3,PoorOverlap,1000,65,104300065,204300065,remaining_formal_grid,COMPLETE_FORMAL_CASE,412
g3_PoorOverlap_n1000_rep0066,3,PoorOverlap,1000,66,104300066,204300066,remaining_formal_grid,COMPLETE_FORMAL_CASE,412
g3_PoorOverlap_n1000_rep0067,3,PoorOverlap,1000,67,104300067,204300067,remaining_formal_grid,COMPLETE_FORMAL_CASE,413
g3_PoorOverlap_n1000_rep0068,3,PoorOverlap,1000,68,104300068,204300068,remaining_formal_grid,COMPLETE_FORMAL_CASE,413
g3_PoorOverlap_n1000_rep0069,3,PoorOverlap,1000,69,104300069,204300069,remaining_formal_grid,COMPLETE_FORMAL_CASE,413
g3_PoorOverlap_n1000_rep0070,3,PoorOverlap,1000,70,104300070,204300070,remaining_formal_grid,COMPLETE_FORMAL_CASE,413
g3_PoorOverlap_n1000_rep0071,3,PoorOverlap,1000,71,104300071,204300071,remaining_formal_grid,COMPLETE_FORMAL_CASE,413
g3_PoorOverlap_n1000_rep0072,3,PoorOverlap,1000,72,104300072,204300072,remaining_formal_grid,COMPLETE_FORMAL_CASE,414
g3_PoorOverlap_n1000_rep0073,3,PoorOverlap,1000,73,104300073,204300073,remaining_formal_grid,COMPLETE_FORMAL_CASE,414
g3_PoorOverlap_n1000_rep0074,3,PoorOverlap,1000,74,104300074,204300074,remaining_formal_grid,COMPLETE_FORMAL_CASE,414
g3_PoorOverlap_n1000_rep0075,3,PoorOverlap,1000,75,104300075,204300075,remaining_formal_grid,COMPLETE_FORMAL_CASE,414
g3_PoorOverlap_n1000_rep0076,3,PoorOverlap,1000,76,104300076,204300076,remaining_formal_grid,COMPLETE_FORMAL_CASE,414
g3_PoorOverlap_n1000_rep0077,3,PoorOverlap,1000,77,104300077,204300077,remaining_formal_grid,COMPLETE_FORMAL_CASE,415
g3_PoorOverlap_n1000_rep0078,3,PoorOverlap,1000,78,104300078,204300078,remaining_formal_grid,COMPLETE_FORMAL_CASE,415
g3_PoorOverlap_n1000_rep0079,3,PoorOverlap,1000,79,104300079,204300079,remaining_formal_grid,COMPLETE_FORMAL_CASE,415
g3_PoorOverlap_n1000_rep0080,3,PoorOverlap,1000,80,104300080,204300080,remaining_formal_grid,COMPLETE_FORMAL_CASE,415
g3_PoorOverlap_n1000_rep0081,3,PoorOverlap,1000,81,104300081,204300081,remaining_formal_grid,COMPLETE_FORMAL_CASE,415
g3_PoorOverlap_n1000_rep0082,3,PoorOverlap,1000,82,104300082,204300082,remaining_formal_grid,COMPLETE_FORMAL_CASE,416
g3_PoorOverlap_n1000_rep0083,3,PoorOverlap,1000,83,104300083,204300083,remaining_formal_grid,COMPLETE_FORMAL_CASE,416
g3_PoorOverlap_n1000_rep0084,3,PoorOverlap,1000,84,104300084,204300084,remaining_formal_grid,COMPLETE_FORMAL_CASE,416
g3_PoorOverlap_n1000_rep0085,3,PoorOverlap,1000,85,104300085,204300085,remaining_formal_grid,COMPLETE_FORMAL_CASE,416
g3_PoorOverlap_n1000_rep0086,3,PoorOverlap,1000,86,104300086,204300086,remaining_formal_grid,COMPLETE_FORMAL_CASE,416
g3_PoorOverlap_n1000_rep0087,3,PoorOverlap,1000,87,104300087,204300087,remaining_formal_grid,COMPLETE_FORMAL_CASE,417
g3_PoorOverlap_n1000_rep0088,3,PoorOverlap,1000,88,104300088,204300088,remaining_formal_grid,COMPLETE_FORMAL_CASE,417
g3_PoorOverlap_n1000_rep0089,3,PoorOverlap,1000,89,104300089,204300089,remaining_formal_grid,COMPLETE_FORMAL_CASE,417
g3_PoorOverlap_n1000_rep0090,3,PoorOverlap,1000,90,104300090,204300090,remaining_formal_grid,COMPLETE_FORMAL_CASE,417
g3_PoorOverlap_n1000_rep0091,3,PoorOverlap,1000,91,104300091,204300091,remaining_formal_grid,COMPLETE_FORMAL_CASE,417
g3_PoorOverlap_n1000_rep0092,3,PoorOverlap,1000,92,104300092,204300092,remaining_formal_grid,COMPLETE_FORMAL_CASE,418
g3_PoorOverlap_n1000_rep0093,3,PoorOverlap,1000,93,104300093,204300093,remaining_formal_grid,COMPLETE_FORMAL_CASE,418
g3_PoorOverlap_n1000_rep0094,3,PoorOverlap,1000,94,104300094,204300094,remaining_formal_grid,COMPLETE_FORMAL_CASE,418
g3_PoorOverlap_n1000_rep0095,3,PoorOverlap,1000,95,104300095,204300095,remaining_formal_grid,COMPLETE_FORMAL_CASE,418
g3_PoorOverlap_n1000_rep0096,3,PoorOverlap,1000,96,104300096,204300096,remaining_formal_grid,COMPLETE_FORMAL_CASE,418
g3_PoorOverlap_n1000_rep0097,3,PoorOverlap,1000,97,104300097,204300097,remaining_formal_grid,COMPLETE_FORMAL_CASE,419
g3_PoorOverlap_n1000_rep0098,3,PoorOverlap,1000,98,104300098,204300098,remaining_formal_grid,COMPLETE_FORMAL_CASE,419
g3_PoorOverlap_n1000_rep0099,3,PoorOverlap,1000,99,104300099,204300099,remaining_formal_grid,COMPLETE_FORMAL_CASE,419
g3_PoorOverlap_n1000_rep0100,3,PoorOverlap,1000,100,104300100,204300100,remaining_formal_grid,COMPLETE_FORMAL_CASE,419
g3_PoorOverlap_n1000_rep0101,3,PoorOverlap,1000,101,104300101,204300101,remaining_formal_grid,COMPLETE_FORMAL_CASE,419
g3_PoorOverlap_n1000_rep0102,3,PoorOverlap,1000,102,104300102,204300102,remaining_formal_grid,COMPLETE_FORMAL_CASE,420
g3_PoorOverlap_n1000_rep0103,3,PoorOverlap,1000,103,104300103,204300103,remaining_formal_grid,COMPLETE_FORMAL_CASE,420
g3_PoorOverlap_n1000_rep0104,3,PoorOverlap,1000,104,104300104,204300104,remaining_formal_grid,COMPLETE_FORMAL_CASE,420
g3_PoorOverlap_n1000_rep0105,3,PoorOverlap,1000,105,104300105,204300105,remaining_formal_grid,COMPLETE_FORMAL_CASE,420
g3_PoorOverlap_n1000_rep0106,3,PoorOverlap,1000,106,104300106,204300106,remaining_formal_grid,COMPLETE_FORMAL_CASE,420
g3_PoorOverlap_n1000_rep0107,3,PoorOverlap,1000,107,104300107,204300107,remaining_formal_grid,COMPLETE_FORMAL_CASE,421
g3_PoorOverlap_n1000_rep0108,3,PoorOverlap,1000,108,104300108,204300108,remaining_formal_grid,COMPLETE_FORMAL_CASE,421
g3_PoorOverlap_n1000_rep0109,3,PoorOverlap,1000,109,104300109,204300109,remaining_formal_grid,COMPLETE_FORMAL_CASE,421
g3_PoorOverlap_n1000_rep0110,3,PoorOverlap,1000,110,104300110,204300110,remaining_formal_grid,COMPLETE_FORMAL_CASE,421
g3_PoorOverlap_n1000_rep0111,3,PoorOverlap,1000,111,104300111,204300111,remaining_formal_grid,COMPLETE_FORMAL_CASE,421
g3_PoorOverlap_n1000_rep0112,3,PoorOverlap,1000,112,104300112,204300112,remaining_formal_grid,COMPLETE_FORMAL_CASE,422
g3_PoorOverlap_n1000_rep0113,3,PoorOverlap,1000,113,104300113,204300113,remaining_formal_grid,COMPLETE_FORMAL_CASE,422
g3_PoorOverlap_n1000_rep0114,3,PoorOverlap,1000,114,104300114,204300114,remaining_formal_grid,COMPLETE_FORMAL_CASE,422
g3_PoorOverlap_n1000_rep0115,3,PoorOverlap,1000,115,104300115,204300115,remaining_formal_grid,COMPLETE_FORMAL_CASE,422
g3_PoorOverlap_n1000_rep0116,3,PoorOverlap,1000,116,104300116,204300116,remaining_formal_grid,COMPLETE_FORMAL_CASE,422
g3_PoorOverlap_n1000_rep0117,3,PoorOverlap,1000,117,104300117,204300117,remaining_formal_grid,COMPLETE_FORMAL_CASE,423
g3_PoorOverlap_n1000_rep0118,3,PoorOverlap,1000,118,104300118,204300118,remaining_formal_grid,COMPLETE_FORMAL_CASE,423
g3_PoorOverlap_n1000_rep0119,3,PoorOverlap,1000,119,104300119,204300119,remaining_formal_grid,COMPLETE_FORMAL_CASE,423
g3_PoorOverlap_n1000_rep0120,3,PoorOverlap,1000,120,104300120,204300120,remaining_formal_grid,COMPLETE_FORMAL_CASE,423
g3_PoorOverlap_n1000_rep0121,3,PoorOverlap,1000,121,104300121,204300121,remaining_formal_grid,COMPLETE_FORMAL_CASE,423
g3_PoorOverlap_n1000_rep0122,3,PoorOverlap,1000,122,104300122,204300122,remaining_formal_grid,COMPLETE_FORMAL_CASE,424
g3_PoorOverlap_n1000_rep0123,3,PoorOverlap,1000,123,104300123,204300123,remaining_formal_grid,COMPLETE_FORMAL_CASE,424
g3_PoorOverlap_n1000_rep0124,3,PoorOverlap,1000,124,104300124,204300124,remaining_formal_grid,COMPLETE_FORMAL_CASE,424
g3_PoorOverlap_n1000_rep0125,3,PoorOverlap,1000,125,104300125,204300125,remaining_formal_grid,COMPLETE_FORMAL_CASE,424
g3_PoorOverlap_n1000_rep0126,3,PoorOverlap,1000,126,104300126,204300126,remaining_formal_grid,COMPLETE_FORMAL_CASE,424
g3_PoorOverlap_n1000_rep0127,3,PoorOverlap,1000,127,104300127,204300127,remaining_formal_grid,COMPLETE_FORMAL_CASE,425
g3_PoorOverlap_n1000_rep0128,3,PoorOverlap,1000,128,104300128,204300128,remaining_formal_grid,COMPLETE_FORMAL_CASE,425
g3_PoorOverlap_n1000_rep0129,3,PoorOverlap,1000,129,104300129,204300129,remaining_formal_grid,COMPLETE_FORMAL_CASE,425
g3_PoorOverlap_n1000_rep0130,3,PoorOverlap,1000,130,104300130,204300130,remaining_formal_grid,COMPLETE_FORMAL_CASE,425
g3_PoorOverlap_n1000_rep0131,3,PoorOverlap,1000,131,104300131,204300131,remaining_formal_grid,COMPLETE_FORMAL_CASE,425
g3_PoorOverlap_n1000_rep0132,3,PoorOverlap,1000,132,104300132,204300132,remaining_formal_grid,COMPLETE_FORMAL_CASE,426
g3_PoorOverlap_n1000_rep0133,3,PoorOverlap,1000,133,104300133,204300133,remaining_formal_grid,COMPLETE_FORMAL_CASE,426
g3_PoorOverlap_n1000_rep0134,3,PoorOverlap,1000,134,104300134,204300134,remaining_formal_grid,COMPLETE_FORMAL_CASE,426
g3_PoorOverlap_n1000_rep0135,3,PoorOverlap,1000,135,104300135,204300135,remaining_formal_grid,COMPLETE_FORMAL_CASE,426
g3_PoorOverlap_n1000_rep0136,3,PoorOverlap,1000,136,104300136,204300136,remaining_formal_grid,COMPLETE_FORMAL_CASE,426
g3_PoorOverlap_n1000_rep0137,3,PoorOverlap,1000,137,104300137,204300137,remaining_formal_grid,COMPLETE_FORMAL_CASE,427
g3_PoorOverlap_n1000_rep0138,3,PoorOverlap,1000,138,104300138,204300138,remaining_formal_grid,COMPLETE_FORMAL_CASE,427
g3_PoorOverlap_n1000_rep0139,3,PoorOverlap,1000,139,104300139,204300139,remaining_formal_grid,COMPLETE_FORMAL_CASE,427
g3_PoorOverlap_n1000_rep0140,3,PoorOverlap,1000,140,104300140,204300140,remaining_formal_grid,COMPLETE_FORMAL_CASE,427
g3_PoorOverlap_n1000_rep0141,3,PoorOverlap,1000,141,104300141,204300141,remaining_formal_grid,COMPLETE_FORMAL_CASE,427
g3_PoorOverlap_n1000_rep0142,3,PoorOverlap,1000,142,104300142,204300142,remaining_formal_grid,COMPLETE_FORMAL_CASE,428
g3_PoorOverlap_n1000_rep0143,3,PoorOverlap,1000,143,104300143,204300143,remaining_formal_grid,COMPLETE_FORMAL_CASE,428
g3_PoorOverlap_n1000_rep0144,3,PoorOverlap,1000,144,104300144,204300144,remaining_formal_grid,COMPLETE_FORMAL_CASE,428
g3_PoorOverlap_n1000_rep0145,3,PoorOverlap,1000,145,104300145,204300145,remaining_formal_grid,COMPLETE_FORMAL_CASE,428
g3_PoorOverlap_n1000_rep0146,3,PoorOverlap,1000,146,104300146,204300146,remaining_formal_grid,COMPLETE_FORMAL_CASE,428
g3_PoorOverlap_n1000_rep0147,3,PoorOverlap,1000,147,104300147,204300147,remaining_formal_grid,COMPLETE_FORMAL_CASE,429
g3_PoorOverlap_n1000_rep0148,3,PoorOverlap,1000,148,104300148,204300148,remaining_formal_grid,COMPLETE_FORMAL_CASE,429
g3_PoorOverlap_n1000_rep0149,3,PoorOverlap,1000,149,104300149,204300149,remaining_formal_grid,COMPLETE_FORMAL_CASE,429
g3_PoorOverlap_n1000_rep0150,3,PoorOverlap,1000,150,104300150,204300150,remaining_formal_grid,COMPLETE_FORMAL_CASE,429
g3_PoorOverlap_n1000_rep0151,3,PoorOverlap,1000,151,104300151,204300151,remaining_formal_grid,COMPLETE_FORMAL_CASE,429
g3_PoorOverlap_n1000_rep0152,3,PoorOverlap,1000,152,104300152,204300152,remaining_formal_grid,COMPLETE_FORMAL_CASE,430
g3_PoorOverlap_n1000_rep0153,3,PoorOverlap,1000,153,104300153,204300153,remaining_formal_grid,COMPLETE_FORMAL_CASE,430
g3_PoorOverlap_n1000_rep0154,3,PoorOverlap,1000,154,104300154,204300154,remaining_formal_grid,COMPLETE_FORMAL_CASE,430
g3_PoorOverlap_n1000_rep0155,3,PoorOverlap,1000,155,104300155,204300155,remaining_formal_grid,COMPLETE_FORMAL_CASE,430
g3_PoorOverlap_n1000_rep0156,3,PoorOverlap,1000,156,104300156,204300156,remaining_formal_grid,COMPLETE_FORMAL_CASE,430
g3_PoorOverlap_n1000_rep0157,3,PoorOverlap,1000,157,104300157,204300157,remaining_formal_grid,COMPLETE_FORMAL_CASE,431
g3_PoorOverlap_n1000_rep0158,3,PoorOverlap,1000,158,104300158,204300158,remaining_formal_grid,COMPLETE_FORMAL_CASE,431
g3_PoorOverlap_n1000_rep0159,3,PoorOverlap,1000,159,104300159,204300159,remaining_formal_grid,COMPLETE_FORMAL_CASE,431
g3_PoorOverlap_n1000_rep0160,3,PoorOverlap,1000,160,104300160,204300160,remaining_formal_grid,COMPLETE_FORMAL_CASE,431
g3_PoorOverlap_n1000_rep0161,3,PoorOverlap,1000,161,104300161,204300161,remaining_formal_grid,COMPLETE_FORMAL_CASE,431
g3_PoorOverlap_n1000_rep0162,3,PoorOverlap,1000,162,104300162,204300162,remaining_formal_grid,COMPLETE_FORMAL_CASE,432
g3_PoorOverlap_n1000_rep0163,3,PoorOverlap,1000,163,104300163,204300163,remaining_formal_grid,COMPLETE_FORMAL_CASE,432
g3_PoorOverlap_n1000_rep0164,3,PoorOverlap,1000,164,104300164,204300164,remaining_formal_grid,COMPLETE_FORMAL_CASE,432
g3_PoorOverlap_n1000_rep0165,3,PoorOverlap,1000,165,104300165,204300165,remaining_formal_grid,COMPLETE_FORMAL_CASE,432
g3_PoorOverlap_n1000_rep0166,3,PoorOverlap,1000,166,104300166,204300166,remaining_formal_grid,COMPLETE_FORMAL_CASE,432
g3_PoorOverlap_n1000_rep0167,3,PoorOverlap,1000,167,104300167,204300167,remaining_formal_grid,COMPLETE_FORMAL_CASE,433
g3_PoorOverlap_n1000_rep0168,3,PoorOverlap,1000,168,104300168,204300168,remaining_formal_grid,COMPLETE_FORMAL_CASE,433
g3_PoorOverlap_n1000_rep0169,3,PoorOverlap,1000,169,104300169,204300169,remaining_formal_grid,COMPLETE_FORMAL_CASE,433
g3_PoorOverlap_n1000_rep0170,3,PoorOverlap,1000,170,104300170,204300170,remaining_formal_grid,COMPLETE_FORMAL_CASE,433
g3_PoorOverlap_n1000_rep0171,3,PoorOverlap,1000,171,104300171,204300171,remaining_formal_grid,COMPLETE_FORMAL_CASE,433
g3_PoorOverlap_n1000_rep0172,3,PoorOverlap,1000,172,104300172,204300172,remaining_formal_grid,COMPLETE_FORMAL_CASE,434
g3_PoorOverlap_n1000_rep0173,3,PoorOverlap,1000,173,104300173,204300173,remaining_formal_grid,COMPLETE_FORMAL_CASE,434
g3_PoorOverlap_n1000_rep0174,3,PoorOverlap,1000,174,104300174,204300174,remaining_formal_grid,COMPLETE_FORMAL_CASE,434
g3_PoorOverlap_n1000_rep0175,3,PoorOverlap,1000,175,104300175,204300175,remaining_formal_grid,COMPLETE_FORMAL_CASE,434
g3_PoorOverlap_n1000_rep0176,3,PoorOverlap,1000,176,104300176,204300176,remaining_formal_grid,COMPLETE_FORMAL_CASE,434
g3_PoorOverlap_n1000_rep0177,3,PoorOverlap,1000,177,104300177,204300177,remaining_formal_grid,COMPLETE_FORMAL_CASE,435
g3_PoorOverlap_n1000_rep0178,3,PoorOverlap,1000,178,104300178,204300178,remaining_formal_grid,COMPLETE_FORMAL_CASE,435
g3_PoorOverlap_n1000_rep0179,3,PoorOverlap,1000,179,104300179,204300179,remaining_formal_grid,COMPLETE_FORMAL_CASE,435
g3_PoorOverlap_n1000_rep0180,3,PoorOverlap,1000,180,104300180,204300180,remaining_formal_grid,COMPLETE_FORMAL_CASE,435
g3_PoorOverlap_n1000_rep0181,3,PoorOverlap,1000,181,104300181,204300181,remaining_formal_grid,COMPLETE_FORMAL_CASE,435
g3_PoorOverlap_n1000_rep0182,3,PoorOverlap,1000,182,104300182,204300182,remaining_formal_grid,COMPLETE_FORMAL_CASE,436
g3_PoorOverlap_n1000_rep0183,3,PoorOverlap,1000,183,104300183,204300183,remaining_formal_grid,COMPLETE_FORMAL_CASE,436
g3_PoorOverlap_n1000_rep0184,3,PoorOverlap,1000,184,104300184,204300184,remaining_formal_grid,COMPLETE_FORMAL_CASE,436
g3_PoorOverlap_n1000_rep0185,3,PoorOverlap,1000,185,104300185,204300185,remaining_formal_grid,COMPLETE_FORMAL_CASE,436
g3_PoorOverlap_n1000_rep0186,3,PoorOverlap,1000,186,104300186,204300186,remaining_formal_grid,COMPLETE_FORMAL_CASE,436
g3_PoorOverlap_n1000_rep0187,3,PoorOverlap,1000,187,104300187,204300187,remaining_formal_grid,COMPLETE_FORMAL_CASE,437
g3_PoorOverlap_n1000_rep0188,3,PoorOverlap,1000,188,104300188,204300188,remaining_formal_grid,COMPLETE_FORMAL_CASE,437
g3_PoorOverlap_n1000_rep0189,3,PoorOverlap,1000,189,104300189,204300189,remaining_formal_grid,COMPLETE_FORMAL_CASE,437
g3_PoorOverlap_n1000_rep0190,3,PoorOverlap,1000,190,104300190,204300190,remaining_formal_grid,COMPLETE_FORMAL_CASE,437
g3_PoorOverlap_n1000_rep0191,3,PoorOverlap,1000,191,104300191,204300191,remaining_formal_grid,COMPLETE_FORMAL_CASE,437
g3_PoorOverlap_n1000_rep0192,3,PoorOverlap,1000,192,104300192,204300192,remaining_formal_grid,COMPLETE_FORMAL_CASE,438
g3_PoorOverlap_n1000_rep0193,3,PoorOverlap,1000,193,104300193,204300193,remaining_formal_grid,COMPLETE_FORMAL_CASE,438
g3_PoorOverlap_n1000_rep0194,3,PoorOverlap,1000,194,104300194,204300194,remaining_formal_grid,COMPLETE_FORMAL_CASE,438
g3_PoorOverlap_n1000_rep0195,3,PoorOverlap,1000,195,104300195,204300195,remaining_formal_grid,COMPLETE_FORMAL_CASE,438
g3_PoorOverlap_n1000_rep0196,3,PoorOverlap,1000,196,104300196,204300196,remaining_formal_grid,COMPLETE_FORMAL_CASE,438
g3_PoorOverlap_n1000_rep0197,3,PoorOverlap,1000,197,104300197,204300197,remaining_formal_grid,COMPLETE_FORMAL_CASE,439
g3_PoorOverlap_n1000_rep0198,3,PoorOverlap,1000,198,104300198,204300198,remaining_formal_grid,COMPLETE_FORMAL_CASE,439
g3_PoorOverlap_n1000_rep0199,3,PoorOverlap,1000,199,104300199,204300199,remaining_formal_grid,COMPLETE_FORMAL_CASE,439
g3_PoorOverlap_n1000_rep0200,3,PoorOverlap,1000,200,104300200,204300200,remaining_formal_grid,COMPLETE_FORMAL_CASE,439
g3_PoorOverlap_n1000_rep0201,3,PoorOverlap,1000,201,104300201,204300201,remaining_formal_grid,COMPLETE_FORMAL_CASE,439
g3_PoorOverlap_n1000_rep0202,3,PoorOverlap,1000,202,104300202,204300202,remaining_formal_grid,COMPLETE_FORMAL_CASE,440
g3_PoorOverlap_n1000_rep0203,3,PoorOverlap,1000,203,104300203,204300203,remaining_formal_grid,COMPLETE_FORMAL_CASE,440
g3_PoorOverlap_n1000_rep0204,3,PoorOverlap,1000,204,104300204,204300204,remaining_formal_grid,COMPLETE_FORMAL_CASE,440
g3_PoorOverlap_n1000_rep0205,3,PoorOverlap,1000,205,104300205,204300205,remaining_formal_grid,COMPLETE_FORMAL_CASE,440
g3_PoorOverlap_n1000_rep0206,3,PoorOverlap,1000,206,104300206,204300206,remaining_formal_grid,COMPLETE_FORMAL_CASE,440
g3_PoorOverlap_n1000_rep0207,3,PoorOverlap,1000,207,104300207,204300207,remaining_formal_grid,COMPLETE_FORMAL_CASE,441
g3_PoorOverlap_n1000_rep0208,3,PoorOverlap,1000,208,104300208,204300208,remaining_formal_grid,COMPLETE_FORMAL_CASE,441
g3_PoorOverlap_n1000_rep0209,3,PoorOverlap,1000,209,104300209,204300209,remaining_formal_grid,COMPLETE_FORMAL_CASE,441
g3_PoorOverlap_n1000_rep0210,3,PoorOverlap,1000,210,104300210,204300210,remaining_formal_grid,COMPLETE_FORMAL_CASE,441
g3_PoorOverlap_n1000_rep0211,3,PoorOverlap,1000,211,104300211,204300211,remaining_formal_grid,COMPLETE_FORMAL_CASE,441
g3_PoorOverlap_n1000_rep0212,3,PoorOverlap,1000,212,104300212,204300212,remaining_formal_grid,COMPLETE_FORMAL_CASE,442
g3_PoorOverlap_n1000_rep0213,3,PoorOverlap,1000,213,104300213,204300213,remaining_formal_grid,COMPLETE_FORMAL_CASE,442
g3_PoorOverlap_n1000_rep0214,3,PoorOverlap,1000,214,104300214,204300214,remaining_formal_grid,COMPLETE_FORMAL_CASE,442
g3_PoorOverlap_n1000_rep0215,3,PoorOverlap,1000,215,104300215,204300215,remaining_formal_grid,COMPLETE_FORMAL_CASE,442
g3_PoorOverlap_n1000_rep0216,3,PoorOverlap,1000,216,104300216,204300216,remaining_formal_grid,COMPLETE_FORMAL_CASE,442
g3_PoorOverlap_n1000_rep0217,3,PoorOverlap,1000,217,104300217,204300217,remaining_formal_grid,COMPLETE_FORMAL_CASE,443
g3_PoorOverlap_n1000_rep0218,3,PoorOverlap,1000,218,104300218,204300218,remaining_formal_grid,COMPLETE_FORMAL_CASE,443
g3_PoorOverlap_n1000_rep0219,3,PoorOverlap,1000,219,104300219,204300219,remaining_formal_grid,COMPLETE_FORMAL_CASE,443
g3_PoorOverlap_n1000_rep0220,3,PoorOverlap,1000,220,104300220,204300220,remaining_formal_grid,COMPLETE_FORMAL_CASE,443
g3_PoorOverlap_n1000_rep0221,3,PoorOverlap,1000,221,104300221,204300221,remaining_formal_grid,COMPLETE_FORMAL_CASE,443
g3_PoorOverlap_n1000_rep0222,3,PoorOverlap,1000,222,104300222,204300222,remaining_formal_grid,COMPLETE_FORMAL_CASE,444
g3_PoorOverlap_n1000_rep0223,3,PoorOverlap,1000,223,104300223,204300223,remaining_formal_grid,COMPLETE_FORMAL_CASE,444
g3_PoorOverlap_n1000_rep0224,3,PoorOverlap,1000,224,104300224,204300224,remaining_formal_grid,COMPLETE_FORMAL_CASE,444
g3_PoorOverlap_n1000_rep0225,3,PoorOverlap,1000,225,104300225,204300225,remaining_formal_grid,COMPLETE_FORMAL_CASE,444
g3_PoorOverlap_n1000_rep0226,3,PoorOverlap,1000,226,104300226,204300226,remaining_formal_grid,COMPLETE_FORMAL_CASE,444
g3_PoorOverlap_n1000_rep0227,3,PoorOverlap,1000,227,104300227,204300227,remaining_formal_grid,COMPLETE_FORMAL_CASE,445
g3_PoorOverlap_n1000_rep0228,3,PoorOverlap,1000,228,104300228,204300228,remaining_formal_grid,COMPLETE_FORMAL_CASE,445
g3_PoorOverlap_n1000_rep0229,3,PoorOverlap,1000,229,104300229,204300229,remaining_formal_grid,COMPLETE_FORMAL_CASE,445
g3_PoorOverlap_n1000_rep0230,3,PoorOverlap,1000,230,104300230,204300230,remaining_formal_grid,COMPLETE_FORMAL_CASE,445
g3_PoorOverlap_n1000_rep0231,3,PoorOverlap,1000,231,104300231,204300231,remaining_formal_grid,COMPLETE_FORMAL_CASE,445
g3_PoorOverlap_n1000_rep0232,3,PoorOverlap,1000,232,104300232,204300232,remaining_formal_grid,COMPLETE_FORMAL_CASE,446
g3_PoorOverlap_n1000_rep0233,3,PoorOverlap,1000,233,104300233,204300233,remaining_formal_grid,COMPLETE_FORMAL_CASE,446
g3_PoorOverlap_n1000_rep0234,3,PoorOverlap,1000,234,104300234,204300234,remaining_formal_grid,COMPLETE_FORMAL_CASE,446
g3_PoorOverlap_n1000_rep0235,3,PoorOverlap,1000,235,104300235,204300235,remaining_formal_grid,COMPLETE_FORMAL_CASE,446
g3_PoorOverlap_n1000_rep0236,3,PoorOverlap,1000,236,104300236,204300236,remaining_formal_grid,COMPLETE_FORMAL_CASE,446
g3_PoorOverlap_n1000_rep0237,3,PoorOverlap,1000,237,104300237,204300237,remaining_formal_grid,COMPLETE_FORMAL_CASE,447
g3_PoorOverlap_n1000_rep0238,3,PoorOverlap,1000,238,104300238,204300238,remaining_formal_grid,COMPLETE_FORMAL_CASE,447
g3_PoorOverlap_n1000_rep0239,3,PoorOverlap,1000,239,104300239,204300239,remaining_formal_grid,COMPLETE_FORMAL_CASE,447
g3_PoorOverlap_n1000_rep0240,3,PoorOverlap,1000,240,104300240,204300240,remaining_formal_grid,COMPLETE_FORMAL_CASE,447
g3_PoorOverlap_n1000_rep0241,3,PoorOverlap,1000,241,104300241,204300241,remaining_formal_grid,COMPLETE_FORMAL_CASE,447
g3_PoorOverlap_n1000_rep0242,3,PoorOverlap,1000,242,104300242,204300242,remaining_formal_grid,COMPLETE_FORMAL_CASE,448
g3_PoorOverlap_n1000_rep0243,3,PoorOverlap,1000,243,104300243,204300243,remaining_formal_grid,COMPLETE_FORMAL_CASE,448
g3_PoorOverlap_n1000_rep0244,3,PoorOverlap,1000,244,104300244,204300244,remaining_formal_grid,COMPLETE_FORMAL_CASE,448
g3_PoorOverlap_n1000_rep0245,3,PoorOverlap,1000,245,104300245,204300245,remaining_formal_grid,COMPLETE_FORMAL_CASE,448
g3_PoorOverlap_n1000_rep0246,3,PoorOverlap,1000,246,104300246,204300246,remaining_formal_grid,COMPLETE_FORMAL_CASE,448
g3_PoorOverlap_n1000_rep0247,3,PoorOverlap,1000,247,104300247,204300247,remaining_formal_grid,COMPLETE_FORMAL_CASE,449
g3_PoorOverlap_n1000_rep0248,3,PoorOverlap,1000,248,104300248,204300248,remaining_formal_grid,COMPLETE_FORMAL_CASE,449
g3_PoorOverlap_n1000_rep0249,3,PoorOverlap,1000,249,104300249,204300249,remaining_formal_grid,COMPLETE_FORMAL_CASE,449
g3_PoorOverlap_n1000_rep0250,3,PoorOverlap,1000,250,104300250,204300250,remaining_formal_grid,COMPLETE_FORMAL_CASE,449
g3_PoorOverlap_n1000_rep0251,3,PoorOverlap,1000,251,104300251,204300251,remaining_formal_grid,COMPLETE_FORMAL_CASE,449
g3_PoorOverlap_n1000_rep0252,3,PoorOverlap,1000,252,104300252,204300252,remaining_formal_grid,COMPLETE_FORMAL_CASE,450
g3_PoorOverlap_n1000_rep0253,3,PoorOverlap,1000,253,104300253,204300253,remaining_formal_grid,COMPLETE_FORMAL_CASE,450
g3_PoorOverlap_n1000_rep0254,3,PoorOverlap,1000,254,104300254,204300254,remaining_formal_grid,COMPLETE_FORMAL_CASE,450
g3_PoorOverlap_n1000_rep0255,3,PoorOverlap,1000,255,104300255,204300255,remaining_formal_grid,COMPLETE_FORMAL_CASE,450
g3_PoorOverlap_n1000_rep0256,3,PoorOverlap,1000,256,104300256,204300256,remaining_formal_grid,COMPLETE_FORMAL_CASE,450
g3_PoorOverlap_n1000_rep0257,3,PoorOverlap,1000,257,104300257,204300257,remaining_formal_grid,COMPLETE_FORMAL_CASE,451
g3_PoorOverlap_n1000_rep0258,3,PoorOverlap,1000,258,104300258,204300258,remaining_formal_grid,COMPLETE_FORMAL_CASE,451
g3_PoorOverlap_n1000_rep0259,3,PoorOverlap,1000,259,104300259,204300259,remaining_formal_grid,COMPLETE_FORMAL_CASE,451
g3_PoorOverlap_n1000_rep0260,3,PoorOverlap,1000,260,104300260,204300260,remaining_formal_grid,COMPLETE_FORMAL_CASE,451
g3_PoorOverlap_n1000_rep0261,3,PoorOverlap,1000,261,104300261,204300261,remaining_formal_grid,COMPLETE_FORMAL_CASE,451
g3_PoorOverlap_n1000_rep0262,3,PoorOverlap,1000,262,104300262,204300262,remaining_formal_grid,COMPLETE_FORMAL_CASE,452
g3_PoorOverlap_n1000_rep0263,3,PoorOverlap,1000,263,104300263,204300263,remaining_formal_grid,COMPLETE_FORMAL_CASE,452
g3_PoorOverlap_n1000_rep0264,3,PoorOverlap,1000,264,104300264,204300264,remaining_formal_grid,COMPLETE_FORMAL_CASE,452
g3_PoorOverlap_n1000_rep0265,3,PoorOverlap,1000,265,104300265,204300265,remaining_formal_grid,COMPLETE_FORMAL_CASE,452
g3_PoorOverlap_n1000_rep0266,3,PoorOverlap,1000,266,104300266,204300266,remaining_formal_grid,COMPLETE_FORMAL_CASE,452
g3_PoorOverlap_n1000_rep0267,3,PoorOverlap,1000,267,104300267,204300267,remaining_formal_grid,COMPLETE_FORMAL_CASE,453
g3_PoorOverlap_n1000_rep0268,3,PoorOverlap,1000,268,104300268,204300268,remaining_formal_grid,COMPLETE_FORMAL_CASE,453
g3_PoorOverlap_n1000_rep0269,3,PoorOverlap,1000,269,104300269,204300269,remaining_formal_grid,COMPLETE_FORMAL_CASE,453
g3_PoorOverlap_n1000_rep0270,3,PoorOverlap,1000,270,104300270,204300270,remaining_formal_grid,COMPLETE_FORMAL_CASE,453
g3_PoorOverlap_n1000_rep0271,3,PoorOverlap,1000,271,104300271,204300271,remaining_formal_grid,COMPLETE_FORMAL_CASE,453
g3_PoorOverlap_n1000_rep0272,3,PoorOverlap,1000,272,104300272,204300272,remaining_formal_grid,COMPLETE_FORMAL_CASE,454
g3_PoorOverlap_n1000_rep0273,3,PoorOverlap,1000,273,104300273,204300273,remaining_formal_grid,COMPLETE_FORMAL_CASE,454
g3_PoorOverlap_n1000_rep0274,3,PoorOverlap,1000,274,104300274,204300274,remaining_formal_grid,COMPLETE_FORMAL_CASE,454
g3_PoorOverlap_n1000_rep0275,3,PoorOverlap,1000,275,104300275,204300275,remaining_formal_grid,COMPLETE_FORMAL_CASE,454
g3_PoorOverlap_n1000_rep0276,3,PoorOverlap,1000,276,104300276,204300276,remaining_formal_grid,COMPLETE_FORMAL_CASE,454
g3_PoorOverlap_n1000_rep0277,3,PoorOverlap,1000,277,104300277,204300277,remaining_formal_grid,COMPLETE_FORMAL_CASE,455
g3_PoorOverlap_n1000_rep0278,3,PoorOverlap,1000,278,104300278,204300278,remaining_formal_grid,COMPLETE_FORMAL_CASE,455
g3_PoorOverlap_n1000_rep0279,3,PoorOverlap,1000,279,104300279,204300279,remaining_formal_grid,COMPLETE_FORMAL_CASE,455
g3_PoorOverlap_n1000_rep0280,3,PoorOverlap,1000,280,104300280,204300280,remaining_formal_grid,COMPLETE_FORMAL_CASE,455
g3_PoorOverlap_n1000_rep0281,3,PoorOverlap,1000,281,104300281,204300281,remaining_formal_grid,COMPLETE_FORMAL_CASE,455
g3_PoorOverlap_n1000_rep0282,3,PoorOverlap,1000,282,104300282,204300282,remaining_formal_grid,COMPLETE_FORMAL_CASE,456
g3_PoorOverlap_n1000_rep0283,3,PoorOverlap,1000,283,104300283,204300283,remaining_formal_grid,COMPLETE_FORMAL_CASE,456
g3_PoorOverlap_n1000_rep0284,3,PoorOverlap,1000,284,104300284,204300284,remaining_formal_grid,COMPLETE_FORMAL_CASE,456
g3_PoorOverlap_n1000_rep0285,3,PoorOverlap,1000,285,104300285,204300285,remaining_formal_grid,COMPLETE_FORMAL_CASE,456
g3_PoorOverlap_n1000_rep0286,3,PoorOverlap,1000,286,104300286,204300286,remaining_formal_grid,COMPLETE_FORMAL_CASE,456
g3_PoorOverlap_n1000_rep0287,3,PoorOverlap,1000,287,104300287,204300287,remaining_formal_grid,COMPLETE_FORMAL_CASE,457
g3_PoorOverlap_n1000_rep0288,3,PoorOverlap,1000,288,104300288,204300288,remaining_formal_grid,COMPLETE_FORMAL_CASE,457
g3_PoorOverlap_n1000_rep0289,3,PoorOverlap,1000,289,104300289,204300289,remaining_formal_grid,COMPLETE_FORMAL_CASE,457
g3_PoorOverlap_n1000_rep0290,3,PoorOverlap,1000,290,104300290,204300290,remaining_formal_grid,COMPLETE_FORMAL_CASE,457
g3_PoorOverlap_n1000_rep0291,3,PoorOverlap,1000,291,104300291,204300291,remaining_formal_grid,COMPLETE_FORMAL_CASE,457
g3_PoorOverlap_n1000_rep0292,3,PoorOverlap,1000,292,104300292,204300292,remaining_formal_grid,COMPLETE_FORMAL_CASE,458
g3_PoorOverlap_n1000_rep0293,3,PoorOverlap,1000,293,104300293,204300293,remaining_formal_grid,COMPLETE_FORMAL_CASE,458
g3_PoorOverlap_n1000_rep0294,3,PoorOverlap,1000,294,104300294,204300294,remaining_formal_grid,COMPLETE_FORMAL_CASE,458
g3_PoorOverlap_n1000_rep0295,3,PoorOverlap,1000,295,104300295,204300295,remaining_formal_grid,COMPLETE_FORMAL_CASE,458
g3_PoorOverlap_n1000_rep0296,3,PoorOverlap,1000,296,104300296,204300296,remaining_formal_grid,COMPLETE_FORMAL_CASE,458
g3_PoorOverlap_n1000_rep0297,3,PoorOverlap,1000,297,104300297,204300297,remaining_formal_grid,COMPLETE_FORMAL_CASE,459
g3_PoorOverlap_n1000_rep0298,3,PoorOverlap,1000,298,104300298,204300298,remaining_formal_grid,COMPLETE_FORMAL_CASE,459
g3_PoorOverlap_n1000_rep0299,3,PoorOverlap,1000,299,104300299,204300299,remaining_formal_grid,COMPLETE_FORMAL_CASE,459
g3_PoorOverlap_n1000_rep0300,3,PoorOverlap,1000,300,104300300,204300300,remaining_formal_grid,COMPLETE_FORMAL_CASE,459
g3_PoorOverlap_n1000_rep0301,3,PoorOverlap,1000,301,104300301,204300301,remaining_formal_grid,COMPLETE_FORMAL_CASE,459
g3_PoorOverlap_n1000_rep0302,3,PoorOverlap,1000,302,104300302,204300302,remaining_formal_grid,COMPLETE_FORMAL_CASE,460
g3_PoorOverlap_n1000_rep0303,3,PoorOverlap,1000,303,104300303,204300303,remaining_formal_grid,COMPLETE_FORMAL_CASE,460
g3_PoorOverlap_n1000_rep0304,3,PoorOverlap,1000,304,104300304,204300304,remaining_formal_grid,COMPLETE_FORMAL_CASE,460
g3_PoorOverlap_n1000_rep0305,3,PoorOverlap,1000,305,104300305,204300305,remaining_formal_grid,COMPLETE_FORMAL_CASE,460
g3_PoorOverlap_n1000_rep0306,3,PoorOverlap,1000,306,104300306,204300306,remaining_formal_grid,COMPLETE_FORMAL_CASE,460
g3_PoorOverlap_n1000_rep0307,3,PoorOverlap,1000,307,104300307,204300307,remaining_formal_grid,COMPLETE_FORMAL_CASE,461
g3_PoorOverlap_n1000_rep0308,3,PoorOverlap,1000,308,104300308,204300308,remaining_formal_grid,COMPLETE_FORMAL_CASE,461
g3_PoorOverlap_n1000_rep0309,3,PoorOverlap,1000,309,104300309,204300309,remaining_formal_grid,COMPLETE_FORMAL_CASE,461
g3_PoorOverlap_n1000_rep0310,3,PoorOverlap,1000,310,104300310,204300310,remaining_formal_grid,COMPLETE_FORMAL_CASE,461
g3_PoorOverlap_n1000_rep0311,3,PoorOverlap,1000,311,104300311,204300311,remaining_formal_grid,COMPLETE_FORMAL_CASE,461
g3_PoorOverlap_n1000_rep0312,3,PoorOverlap,1000,312,104300312,204300312,remaining_formal_grid,COMPLETE_FORMAL_CASE,462
g3_PoorOverlap_n1000_rep0313,3,PoorOverlap,1000,313,104300313,204300313,remaining_formal_grid,COMPLETE_FORMAL_CASE,462
g3_PoorOverlap_n1000_rep0314,3,PoorOverlap,1000,314,104300314,204300314,remaining_formal_grid,COMPLETE_FORMAL_CASE,462
g3_PoorOverlap_n1000_rep0315,3,PoorOverlap,1000,315,104300315,204300315,remaining_formal_grid,COMPLETE_FORMAL_CASE,462
g3_PoorOverlap_n1000_rep0316,3,PoorOverlap,1000,316,104300316,204300316,remaining_formal_grid,COMPLETE_FORMAL_CASE,462
g3_PoorOverlap_n1000_rep0317,3,PoorOverlap,1000,317,104300317,204300317,remaining_formal_grid,COMPLETE_FORMAL_CASE,463
g3_PoorOverlap_n1000_rep0318,3,PoorOverlap,1000,318,104300318,204300318,remaining_formal_grid,COMPLETE_FORMAL_CASE,463
g3_PoorOverlap_n1000_rep0319,3,PoorOverlap,1000,319,104300319,204300319,remaining_formal_grid,COMPLETE_FORMAL_CASE,463
g3_PoorOverlap_n1000_rep0320,3,PoorOverlap,1000,320,104300320,204300320,remaining_formal_grid,COMPLETE_FORMAL_CASE,463
g3_PoorOverlap_n1000_rep0321,3,PoorOverlap,1000,321,104300321,204300321,remaining_formal_grid,COMPLETE_FORMAL_CASE,463
g3_PoorOverlap_n1000_rep0322,3,PoorOverlap,1000,322,104300322,204300322,remaining_formal_grid,COMPLETE_FORMAL_CASE,464
g3_PoorOverlap_n1000_rep0323,3,PoorOverlap,1000,323,104300323,204300323,remaining_formal_grid,COMPLETE_FORMAL_CASE,464
g3_PoorOverlap_n1000_rep0324,3,PoorOverlap,1000,324,104300324,204300324,remaining_formal_grid,COMPLETE_FORMAL_CASE,464
g3_PoorOverlap_n1000_rep0325,3,PoorOverlap,1000,325,104300325,204300325,remaining_formal_grid,COMPLETE_FORMAL_CASE,464
g3_PoorOverlap_n1000_rep0326,3,PoorOverlap,1000,326,104300326,204300326,remaining_formal_grid,COMPLETE_FORMAL_CASE,464
g3_PoorOverlap_n1000_rep0327,3,PoorOverlap,1000,327,104300327,204300327,remaining_formal_grid,COMPLETE_FORMAL_CASE,465
g3_PoorOverlap_n1000_rep0328,3,PoorOverlap,1000,328,104300328,204300328,remaining_formal_grid,COMPLETE_FORMAL_CASE,465
g3_PoorOverlap_n1000_rep0329,3,PoorOverlap,1000,329,104300329,204300329,remaining_formal_grid,COMPLETE_FORMAL_CASE,465
g3_PoorOverlap_n1000_rep0330,3,PoorOverlap,1000,330,104300330,204300330,remaining_formal_grid,COMPLETE_FORMAL_CASE,465
g3_PoorOverlap_n1000_rep0331,3,PoorOverlap,1000,331,104300331,204300331,remaining_formal_grid,COMPLETE_FORMAL_CASE,465
g3_PoorOverlap_n1000_rep0332,3,PoorOverlap,1000,332,104300332,204300332,remaining_formal_grid,COMPLETE_FORMAL_CASE,466
g3_PoorOverlap_n1000_rep0333,3,PoorOverlap,1000,333,104300333,204300333,remaining_formal_grid,COMPLETE_FORMAL_CASE,466
g3_PoorOverlap_n1000_rep0334,3,PoorOverlap,1000,334,104300334,204300334,remaining_formal_grid,COMPLETE_FORMAL_CASE,466
g3_PoorOverlap_n1000_rep0335,3,PoorOverlap,1000,335,104300335,204300335,remaining_formal_grid,COMPLETE_FORMAL_CASE,466
g3_PoorOverlap_n1000_rep0336,3,PoorOverlap,1000,336,104300336,204300336,remaining_formal_grid,COMPLETE_FORMAL_CASE,466
g3_PoorOverlap_n1000_rep0337,3,PoorOverlap,1000,337,104300337,204300337,remaining_formal_grid,COMPLETE_FORMAL_CASE,467
g3_PoorOverlap_n1000_rep0338,3,PoorOverlap,1000,338,104300338,204300338,remaining_formal_grid,COMPLETE_FORMAL_CASE,467
g3_PoorOverlap_n1000_rep0339,3,PoorOverlap,1000,339,104300339,204300339,remaining_formal_grid,COMPLETE_FORMAL_CASE,467
g3_PoorOverlap_n1000_rep0340,3,PoorOverlap,1000,340,104300340,204300340,remaining_formal_grid,COMPLETE_FORMAL_CASE,467
g3_PoorOverlap_n1000_rep0341,3,PoorOverlap,1000,341,104300341,204300341,remaining_formal_grid,COMPLETE_FORMAL_CASE,467
g3_PoorOverlap_n1000_rep0342,3,PoorOverlap,1000,342,104300342,204300342,remaining_formal_grid,COMPLETE_FORMAL_CASE,468
g3_PoorOverlap_n1000_rep0343,3,PoorOverlap,1000,343,104300343,204300343,remaining_formal_grid,COMPLETE_FORMAL_CASE,468
g3_PoorOverlap_n1000_rep0344,3,PoorOverlap,1000,344,104300344,204300344,remaining_formal_grid,COMPLETE_FORMAL_CASE,468
g3_PoorOverlap_n1000_rep0345,3,PoorOverlap,1000,345,104300345,204300345,remaining_formal_grid,COMPLETE_FORMAL_CASE,468
g3_PoorOverlap_n1000_rep0346,3,PoorOverlap,1000,346,104300346,204300346,remaining_formal_grid,COMPLETE_FORMAL_CASE,468
g3_PoorOverlap_n1000_rep0347,3,PoorOverlap,1000,347,104300347,204300347,remaining_formal_grid,COMPLETE_FORMAL_CASE,469
g3_PoorOverlap_n1000_rep0348,3,PoorOverlap,1000,348,104300348,204300348,remaining_formal_grid,COMPLETE_FORMAL_CASE,469
g3_PoorOverlap_n1000_rep0349,3,PoorOverlap,1000,349,104300349,204300349,remaining_formal_grid,COMPLETE_FORMAL_CASE,469
g3_PoorOverlap_n1000_rep0350,3,PoorOverlap,1000,350,104300350,204300350,remaining_formal_grid,COMPLETE_FORMAL_CASE,469
g3_PoorOverlap_n1000_rep0351,3,PoorOverlap,1000,351,104300351,204300351,remaining_formal_grid,COMPLETE_FORMAL_CASE,469
g3_PoorOverlap_n1000_rep0352,3,PoorOverlap,1000,352,104300352,204300352,remaining_formal_grid,COMPLETE_FORMAL_CASE,470
g3_PoorOverlap_n1000_rep0353,3,PoorOverlap,1000,353,104300353,204300353,remaining_formal_grid,COMPLETE_FORMAL_CASE,470
g3_PoorOverlap_n1000_rep0354,3,PoorOverlap,1000,354,104300354,204300354,remaining_formal_grid,COMPLETE_FORMAL_CASE,470
g3_PoorOverlap_n1000_rep0355,3,PoorOverlap,1000,355,104300355,204300355,remaining_formal_grid,COMPLETE_FORMAL_CASE,470
g3_PoorOverlap_n1000_rep0356,3,PoorOverlap,1000,356,104300356,204300356,remaining_formal_grid,COMPLETE_FORMAL_CASE,470
g3_PoorOverlap_n1000_rep0357,3,PoorOverlap,1000,357,104300357,204300357,remaining_formal_grid,COMPLETE_FORMAL_CASE,471
g3_PoorOverlap_n1000_rep0358,3,PoorOverlap,1000,358,104300358,204300358,remaining_formal_grid,COMPLETE_FORMAL_CASE,471
g3_PoorOverlap_n1000_rep0359,3,PoorOverlap,1000,359,104300359,204300359,remaining_formal_grid,COMPLETE_FORMAL_CASE,471
g3_PoorOverlap_n1000_rep0360,3,PoorOverlap,1000,360,104300360,204300360,remaining_formal_grid,COMPLETE_FORMAL_CASE,471
g3_PoorOverlap_n1000_rep0361,3,PoorOverlap,1000,361,104300361,204300361,remaining_formal_grid,COMPLETE_FORMAL_CASE,471
g3_PoorOverlap_n1000_rep0362,3,PoorOverlap,1000,362,104300362,204300362,remaining_formal_grid,COMPLETE_FORMAL_CASE,472
g3_PoorOverlap_n1000_rep0363,3,PoorOverlap,1000,363,104300363,204300363,remaining_formal_grid,COMPLETE_FORMAL_CASE,472
g3_PoorOverlap_n1000_rep0364,3,PoorOverlap,1000,364,104300364,204300364,remaining_formal_grid,COMPLETE_FORMAL_CASE,472
g3_PoorOverlap_n1000_rep0365,3,PoorOverlap,1000,365,104300365,204300365,remaining_formal_grid,COMPLETE_FORMAL_CASE,472
g3_PoorOverlap_n1000_rep0366,3,PoorOverlap,1000,366,104300366,204300366,remaining_formal_grid,COMPLETE_FORMAL_CASE,472
g3_PoorOverlap_n1000_rep0367,3,PoorOverlap,1000,367,104300367,204300367,remaining_formal_grid,COMPLETE_FORMAL_CASE,473
g3_PoorOverlap_n1000_rep0368,3,PoorOverlap,1000,368,104300368,204300368,remaining_formal_grid,COMPLETE_FORMAL_CASE,473
g3_PoorOverlap_n1000_rep0369,3,PoorOverlap,1000,369,104300369,204300369,remaining_formal_grid,COMPLETE_FORMAL_CASE,473
g3_PoorOverlap_n1000_rep0370,3,PoorOverlap,1000,370,104300370,204300370,remaining_formal_grid,COMPLETE_FORMAL_CASE,473
g3_PoorOverlap_n1000_rep0371,3,PoorOverlap,1000,371,104300371,204300371,remaining_formal_grid,COMPLETE_FORMAL_CASE,473
g3_PoorOverlap_n1000_rep0372,3,PoorOverlap,1000,372,104300372,204300372,remaining_formal_grid,COMPLETE_FORMAL_CASE,474
g3_PoorOverlap_n1000_rep0373,3,PoorOverlap,1000,373,104300373,204300373,remaining_formal_grid,COMPLETE_FORMAL_CASE,474
g3_PoorOverlap_n1000_rep0374,3,PoorOverlap,1000,374,104300374,204300374,remaining_formal_grid,COMPLETE_FORMAL_CASE,474
g3_PoorOverlap_n1000_rep0375,3,PoorOverlap,1000,375,104300375,204300375,remaining_formal_grid,COMPLETE_FORMAL_CASE,474
g3_PoorOverlap_n1000_rep0376,3,PoorOverlap,1000,376,104300376,204300376,remaining_formal_grid,COMPLETE_FORMAL_CASE,474
g3_PoorOverlap_n1000_rep0377,3,PoorOverlap,1000,377,104300377,204300377,remaining_formal_grid,COMPLETE_FORMAL_CASE,475
g3_PoorOverlap_n1000_rep0378,3,PoorOverlap,1000,378,104300378,204300378,remaining_formal_grid,COMPLETE_FORMAL_CASE,475
g3_PoorOverlap_n1000_rep0379,3,PoorOverlap,1000,379,104300379,204300379,remaining_formal_grid,COMPLETE_FORMAL_CASE,475
g3_PoorOverlap_n1000_rep0380,3,PoorOverlap,1000,380,104300380,204300380,remaining_formal_grid,COMPLETE_FORMAL_CASE,475
g3_PoorOverlap_n1000_rep0381,3,PoorOverlap,1000,381,104300381,204300381,remaining_formal_grid,COMPLETE_FORMAL_CASE,475
g3_PoorOverlap_n1000_rep0382,3,PoorOverlap,1000,382,104300382,204300382,remaining_formal_grid,COMPLETE_FORMAL_CASE,476
g3_PoorOverlap_n1000_rep0383,3,PoorOverlap,1000,383,104300383,204300383,remaining_formal_grid,COMPLETE_FORMAL_CASE,476
g3_PoorOverlap_n1000_rep0384,3,PoorOverlap,1000,384,104300384,204300384,remaining_formal_grid,COMPLETE_FORMAL_CASE,476
g3_PoorOverlap_n1000_rep0385,3,PoorOverlap,1000,385,104300385,204300385,remaining_formal_grid,COMPLETE_FORMAL_CASE,476
g3_PoorOverlap_n1000_rep0386,3,PoorOverlap,1000,386,104300386,204300386,remaining_formal_grid,COMPLETE_FORMAL_CASE,476
g3_PoorOverlap_n1000_rep0387,3,PoorOverlap,1000,387,104300387,204300387,remaining_formal_grid,COMPLETE_FORMAL_CASE,477
g3_PoorOverlap_n1000_rep0388,3,PoorOverlap,1000,388,104300388,204300388,remaining_formal_grid,COMPLETE_FORMAL_CASE,477
g3_PoorOverlap_n1000_rep0389,3,PoorOverlap,1000,389,104300389,204300389,remaining_formal_grid,COMPLETE_FORMAL_CASE,477
g3_PoorOverlap_n1000_rep0390,3,PoorOverlap,1000,390,104300390,204300390,remaining_formal_grid,COMPLETE_FORMAL_CASE,477
g3_PoorOverlap_n1000_rep0391,3,PoorOverlap,1000,391,104300391,204300391,remaining_formal_grid,COMPLETE_FORMAL_CASE,477
g3_PoorOverlap_n1000_rep0392,3,PoorOverlap,1000,392,104300392,204300392,remaining_formal_grid,COMPLETE_FORMAL_CASE,478
g3_PoorOverlap_n1000_rep0393,3,PoorOverlap,1000,393,104300393,204300393,remaining_formal_grid,COMPLETE_FORMAL_CASE,478
g3_PoorOverlap_n1000_rep0394,3,PoorOverlap,1000,394,104300394,204300394,remaining_formal_grid,COMPLETE_FORMAL_CASE,478
g3_PoorOverlap_n1000_rep0395,3,PoorOverlap,1000,395,104300395,204300395,remaining_formal_grid,COMPLETE_FORMAL_CASE,478
g3_PoorOverlap_n1000_rep0396,3,PoorOverlap,1000,396,104300396,204300396,remaining_formal_grid,COMPLETE_FORMAL_CASE,478
g3_PoorOverlap_n1000_rep0397,3,PoorOverlap,1000,397,104300397,204300397,remaining_formal_grid,COMPLETE_FORMAL_CASE,479
g3_PoorOverlap_n1000_rep0398,3,PoorOverlap,1000,398,104300398,204300398,remaining_formal_grid,COMPLETE_FORMAL_CASE,479
g3_PoorOverlap_n1000_rep0399,3,PoorOverlap,1000,399,104300399,204300399,remaining_formal_grid,COMPLETE_FORMAL_CASE,479
g3_PoorOverlap_n1000_rep0400,3,PoorOverlap,1000,400,104300400,204300400,remaining_formal_grid,COMPLETE_FORMAL_CASE,479
g3_PoorOverlap_n1000_rep0401,3,PoorOverlap,1000,401,104300401,204300401,remaining_formal_grid,COMPLETE_FORMAL_CASE,479
g3_PoorOverlap_n1000_rep0402,3,PoorOverlap,1000,402,104300402,204300402,remaining_formal_grid,COMPLETE_FORMAL_CASE,480
g3_PoorOverlap_n1000_rep0403,3,PoorOverlap,1000,403,104300403,204300403,remaining_formal_grid,COMPLETE_FORMAL_CASE,480
g3_PoorOverlap_n1000_rep0404,3,PoorOverlap,1000,404,104300404,204300404,remaining_formal_grid,COMPLETE_FORMAL_CASE,480
g3_PoorOverlap_n1000_rep0405,3,PoorOverlap,1000,405,104300405,204300405,remaining_formal_grid,COMPLETE_FORMAL_CASE,480
g3_PoorOverlap_n1000_rep0406,3,PoorOverlap,1000,406,104300406,204300406,remaining_formal_grid,COMPLETE_FORMAL_CASE,480
g3_PoorOverlap_n1000_rep0407,3,PoorOverlap,1000,407,104300407,204300407,remaining_formal_grid,COMPLETE_FORMAL_CASE,481
g3_PoorOverlap_n1000_rep0408,3,PoorOverlap,1000,408,104300408,204300408,remaining_formal_grid,COMPLETE_FORMAL_CASE,481
g3_PoorOverlap_n1000_rep0409,3,PoorOverlap,1000,409,104300409,204300409,remaining_formal_grid,COMPLETE_FORMAL_CASE,481
g3_PoorOverlap_n1000_rep0410,3,PoorOverlap,1000,410,104300410,204300410,remaining_formal_grid,COMPLETE_FORMAL_CASE,481
g3_PoorOverlap_n1000_rep0411,3,PoorOverlap,1000,411,104300411,204300411,remaining_formal_grid,COMPLETE_FORMAL_CASE,481
g3_PoorOverlap_n1000_rep0412,3,PoorOverlap,1000,412,104300412,204300412,remaining_formal_grid,COMPLETE_FORMAL_CASE,482
g3_PoorOverlap_n1000_rep0413,3,PoorOverlap,1000,413,104300413,204300413,remaining_formal_grid,COMPLETE_FORMAL_CASE,482
g3_PoorOverlap_n1000_rep0414,3,PoorOverlap,1000,414,104300414,204300414,remaining_formal_grid,COMPLETE_FORMAL_CASE,482
g3_PoorOverlap_n1000_rep0415,3,PoorOverlap,1000,415,104300415,204300415,remaining_formal_grid,COMPLETE_FORMAL_CASE,482
g3_PoorOverlap_n1000_rep0416,3,PoorOverlap,1000,416,104300416,204300416,remaining_formal_grid,COMPLETE_FORMAL_CASE,482
g3_PoorOverlap_n1000_rep0417,3,PoorOverlap,1000,417,104300417,204300417,remaining_formal_grid,COMPLETE_FORMAL_CASE,483
g3_PoorOverlap_n1000_rep0418,3,PoorOverlap,1000,418,104300418,204300418,remaining_formal_grid,COMPLETE_FORMAL_CASE,483
g3_PoorOverlap_n1000_rep0419,3,PoorOverlap,1000,419,104300419,204300419,remaining_formal_grid,COMPLETE_FORMAL_CASE,483
g3_PoorOverlap_n1000_rep0420,3,PoorOverlap,1000,420,104300420,204300420,remaining_formal_grid,COMPLETE_FORMAL_CASE,483
g3_PoorOverlap_n1000_rep0421,3,PoorOverlap,1000,421,104300421,204300421,remaining_formal_grid,COMPLETE_FORMAL_CASE,483
g3_PoorOverlap_n1000_rep0422,3,PoorOverlap,1000,422,104300422,204300422,remaining_formal_grid,COMPLETE_FORMAL_CASE,484
g3_PoorOverlap_n1000_rep0423,3,PoorOverlap,1000,423,104300423,204300423,remaining_formal_grid,COMPLETE_FORMAL_CASE,484
g3_PoorOverlap_n1000_rep0424,3,PoorOverlap,1000,424,104300424,204300424,remaining_formal_grid,COMPLETE_FORMAL_CASE,484
g3_PoorOverlap_n1000_rep0425,3,PoorOverlap,1000,425,104300425,204300425,remaining_formal_grid,COMPLETE_FORMAL_CASE,484
g3_PoorOverlap_n1000_rep0426,3,PoorOverlap,1000,426,104300426,204300426,remaining_formal_grid,COMPLETE_FORMAL_CASE,484
g3_PoorOverlap_n1000_rep0427,3,PoorOverlap,1000,427,104300427,204300427,remaining_formal_grid,COMPLETE_FORMAL_CASE,485
g3_PoorOverlap_n1000_rep0428,3,PoorOverlap,1000,428,104300428,204300428,remaining_formal_grid,COMPLETE_FORMAL_CASE,485
g3_PoorOverlap_n1000_rep0429,3,PoorOverlap,1000,429,104300429,204300429,remaining_formal_grid,COMPLETE_FORMAL_CASE,485
g3_PoorOverlap_n1000_rep0430,3,PoorOverlap,1000,430,104300430,204300430,remaining_formal_grid,COMPLETE_FORMAL_CASE,485
g3_PoorOverlap_n1000_rep0431,3,PoorOverlap,1000,431,104300431,204300431,remaining_formal_grid,COMPLETE_FORMAL_CASE,485
g3_PoorOverlap_n1000_rep0432,3,PoorOverlap,1000,432,104300432,204300432,remaining_formal_grid,COMPLETE_FORMAL_CASE,486
g3_PoorOverlap_n1000_rep0433,3,PoorOverlap,1000,433,104300433,204300433,remaining_formal_grid,COMPLETE_FORMAL_CASE,486
g3_PoorOverlap_n1000_rep0434,3,PoorOverlap,1000,434,104300434,204300434,remaining_formal_grid,COMPLETE_FORMAL_CASE,486
g3_PoorOverlap_n1000_rep0435,3,PoorOverlap,1000,435,104300435,204300435,remaining_formal_grid,COMPLETE_FORMAL_CASE,486
g3_PoorOverlap_n1000_rep0436,3,PoorOverlap,1000,436,104300436,204300436,remaining_formal_grid,COMPLETE_FORMAL_CASE,486
g3_PoorOverlap_n1000_rep0437,3,PoorOverlap,1000,437,104300437,204300437,remaining_formal_grid,COMPLETE_FORMAL_CASE,487
g3_PoorOverlap_n1000_rep0438,3,PoorOverlap,1000,438,104300438,204300438,remaining_formal_grid,COMPLETE_FORMAL_CASE,487
g3_PoorOverlap_n1000_rep0439,3,PoorOverlap,1000,439,104300439,204300439,remaining_formal_grid,COMPLETE_FORMAL_CASE,487
g3_PoorOverlap_n1000_rep0440,3,PoorOverlap,1000,440,104300440,204300440,remaining_formal_grid,COMPLETE_FORMAL_CASE,487
g3_PoorOverlap_n1000_rep0441,3,PoorOverlap,1000,441,104300441,204300441,remaining_formal_grid,COMPLETE_FORMAL_CASE,487
g3_PoorOverlap_n1000_rep0442,3,PoorOverlap,1000,442,104300442,204300442,remaining_formal_grid,COMPLETE_FORMAL_CASE,488
g3_PoorOverlap_n1000_rep0443,3,PoorOverlap,1000,443,104300443,204300443,remaining_formal_grid,COMPLETE_FORMAL_CASE,488
g3_PoorOverlap_n1000_rep0444,3,PoorOverlap,1000,444,104300444,204300444,remaining_formal_grid,COMPLETE_FORMAL_CASE,488
g3_PoorOverlap_n1000_rep0445,3,PoorOverlap,1000,445,104300445,204300445,remaining_formal_grid,COMPLETE_FORMAL_CASE,488
g3_PoorOverlap_n1000_rep0446,3,PoorOverlap,1000,446,104300446,204300446,remaining_formal_grid,COMPLETE_FORMAL_CASE,488
g3_PoorOverlap_n1000_rep0447,3,PoorOverlap,1000,447,104300447,204300447,remaining_formal_grid,COMPLETE_FORMAL_CASE,489
g3_PoorOverlap_n1000_rep0448,3,PoorOverlap,1000,448,104300448,204300448,remaining_formal_grid,COMPLETE_FORMAL_CASE,489
g3_PoorOverlap_n1000_rep0449,3,PoorOverlap,1000,449,104300449,204300449,remaining_formal_grid,COMPLETE_FORMAL_CASE,489
g3_PoorOverlap_n1000_rep0450,3,PoorOverlap,1000,450,104300450,204300450,remaining_formal_grid,COMPLETE_FORMAL_CASE,489
g3_PoorOverlap_n1000_rep0451,3,PoorOverlap,1000,451,104300451,204300451,remaining_formal_grid,COMPLETE_FORMAL_CASE,489
g3_PoorOverlap_n1000_rep0452,3,PoorOverlap,1000,452,104300452,204300452,remaining_formal_grid,COMPLETE_FORMAL_CASE,490
g3_PoorOverlap_n1000_rep0453,3,PoorOverlap,1000,453,104300453,204300453,remaining_formal_grid,COMPLETE_FORMAL_CASE,490
g3_PoorOverlap_n1000_rep0454,3,PoorOverlap,1000,454,104300454,204300454,remaining_formal_grid,COMPLETE_FORMAL_CASE,490
g3_PoorOverlap_n1000_rep0455,3,PoorOverlap,1000,455,104300455,204300455,remaining_formal_grid,COMPLETE_FORMAL_CASE,490
g3_PoorOverlap_n1000_rep0456,3,PoorOverlap,1000,456,104300456,204300456,remaining_formal_grid,COMPLETE_FORMAL_CASE,490
g3_PoorOverlap_n1000_rep0457,3,PoorOverlap,1000,457,104300457,204300457,remaining_formal_grid,COMPLETE_FORMAL_CASE,491
g3_PoorOverlap_n1000_rep0458,3,PoorOverlap,1000,458,104300458,204300458,remaining_formal_grid,COMPLETE_FORMAL_CASE,491
g3_PoorOverlap_n1000_rep0459,3,PoorOverlap,1000,459,104300459,204300459,remaining_formal_grid,COMPLETE_FORMAL_CASE,491
g3_PoorOverlap_n1000_rep0460,3,PoorOverlap,1000,460,104300460,204300460,remaining_formal_grid,COMPLETE_FORMAL_CASE,491
g3_PoorOverlap_n1000_rep0461,3,PoorOverlap,1000,461,104300461,204300461,remaining_formal_grid,COMPLETE_FORMAL_CASE,491
g3_PoorOverlap_n1000_rep0462,3,PoorOverlap,1000,462,104300462,204300462,remaining_formal_grid,COMPLETE_FORMAL_CASE,492
g3_PoorOverlap_n1000_rep0463,3,PoorOverlap,1000,463,104300463,204300463,remaining_formal_grid,COMPLETE_FORMAL_CASE,492
g3_PoorOverlap_n1000_rep0464,3,PoorOverlap,1000,464,104300464,204300464,remaining_formal_grid,COMPLETE_FORMAL_CASE,492
g3_PoorOverlap_n1000_rep0465,3,PoorOverlap,1000,465,104300465,204300465,remaining_formal_grid,COMPLETE_FORMAL_CASE,492
g3_PoorOverlap_n1000_rep0466,3,PoorOverlap,1000,466,104300466,204300466,remaining_formal_grid,COMPLETE_FORMAL_CASE,492
g3_PoorOverlap_n1000_rep0467,3,PoorOverlap,1000,467,104300467,204300467,remaining_formal_grid,COMPLETE_FORMAL_CASE,493
g3_PoorOverlap_n1000_rep0468,3,PoorOverlap,1000,468,104300468,204300468,remaining_formal_grid,COMPLETE_FORMAL_CASE,493
g3_PoorOverlap_n1000_rep0469,3,PoorOverlap,1000,469,104300469,204300469,remaining_formal_grid,COMPLETE_FORMAL_CASE,493
g3_PoorOverlap_n1000_rep0470,3,PoorOverlap,1000,470,104300470,204300470,remaining_formal_grid,COMPLETE_FORMAL_CASE,493
g3_PoorOverlap_n1000_rep0471,3,PoorOverlap,1000,471,104300471,204300471,remaining_formal_grid,COMPLETE_FORMAL_CASE,493
g3_PoorOverlap_n1000_rep0472,3,PoorOverlap,1000,472,104300472,204300472,remaining_formal_grid,COMPLETE_FORMAL_CASE,494
g3_PoorOverlap_n1000_rep0473,3,PoorOverlap,1000,473,104300473,204300473,remaining_formal_grid,COMPLETE_FORMAL_CASE,494
g3_PoorOverlap_n1000_rep0474,3,PoorOverlap,1000,474,104300474,204300474,remaining_formal_grid,COMPLETE_FORMAL_CASE,494
g3_PoorOverlap_n1000_rep0475,3,PoorOverlap,1000,475,104300475,204300475,remaining_formal_grid,COMPLETE_FORMAL_CASE,494
g3_PoorOverlap_n1000_rep0476,3,PoorOverlap,1000,476,104300476,204300476,remaining_formal_grid,COMPLETE_FORMAL_CASE,494
g3_PoorOverlap_n1000_rep0477,3,PoorOverlap,1000,477,104300477,204300477,remaining_formal_grid,COMPLETE_FORMAL_CASE,495
g3_PoorOverlap_n1000_rep0478,3,PoorOverlap,1000,478,104300478,204300478,remaining_formal_grid,COMPLETE_FORMAL_CASE,495
g3_PoorOverlap_n1000_rep0479,3,PoorOverlap,1000,479,104300479,204300479,remaining_formal_grid,COMPLETE_FORMAL_CASE,495
g3_PoorOverlap_n1000_rep0480,3,PoorOverlap,1000,480,104300480,204300480,remaining_formal_grid,COMPLETE_FORMAL_CASE,495
g3_PoorOverlap_n1000_rep0481,3,PoorOverlap,1000,481,104300481,204300481,remaining_formal_grid,COMPLETE_FORMAL_CASE,495
g3_PoorOverlap_n1000_rep0482,3,PoorOverlap,1000,482,104300482,204300482,remaining_formal_grid,COMPLETE_FORMAL_CASE,496
g3_PoorOverlap_n1000_rep0483,3,PoorOverlap,1000,483,104300483,204300483,remaining_formal_grid,COMPLETE_FORMAL_CASE,496
g3_PoorOverlap_n1000_rep0484,3,PoorOverlap,1000,484,104300484,204300484,remaining_formal_grid,COMPLETE_FORMAL_CASE,496
g3_PoorOverlap_n1000_rep0485,3,PoorOverlap,1000,485,104300485,204300485,remaining_formal_grid,COMPLETE_FORMAL_CASE,496
g3_PoorOverlap_n1000_rep0486,3,PoorOverlap,1000,486,104300486,204300486,remaining_formal_grid,COMPLETE_FORMAL_CASE,496
g3_PoorOverlap_n1000_rep0487,3,PoorOverlap,1000,487,104300487,204300487,remaining_formal_grid,COMPLETE_FORMAL_CASE,497
g3_PoorOverlap_n1000_rep0488,3,PoorOverlap,1000,488,104300488,204300488,remaining_formal_grid,COMPLETE_FORMAL_CASE,497
g3_PoorOverlap_n1000_rep0489,3,PoorOverlap,1000,489,104300489,204300489,remaining_formal_grid,COMPLETE_FORMAL_CASE,497
g3_PoorOverlap_n1000_rep0490,3,PoorOverlap,1000,490,104300490,204300490,remaining_formal_grid,COMPLETE_FORMAL_CASE,497
g3_PoorOverlap_n1000_rep0491,3,PoorOverlap,1000,491,104300491,204300491,remaining_formal_grid,COMPLETE_FORMAL_CASE,497
g3_PoorOverlap_n1000_rep0492,3,PoorOverlap,1000,492,104300492,204300492,remaining_formal_grid,COMPLETE_FORMAL_CASE,498
g3_PoorOverlap_n1000_rep0493,3,PoorOverlap,1000,493,104300493,204300493,remaining_formal_grid,COMPLETE_FORMAL_CASE,498
g3_PoorOverlap_n1000_rep0494,3,PoorOverlap,1000,494,104300494,204300494,remaining_formal_grid,COMPLETE_FORMAL_CASE,498
g3_PoorOverlap_n1000_rep0495,3,PoorOverlap,1000,495,104300495,204300495,remaining_formal_grid,COMPLETE_FORMAL_CASE,498
g3_PoorOverlap_n1000_rep0496,3,PoorOverlap,1000,496,104300496,204300496,remaining_formal_grid,COMPLETE_FORMAL_CASE,498
g3_PoorOverlap_n1000_rep0497,3,PoorOverlap,1000,497,104300497,204300497,remaining_formal_grid,COMPLETE_FORMAL_CASE,499
g3_PoorOverlap_n1000_rep0498,3,PoorOverlap,1000,498,104300498,204300498,remaining_formal_grid,COMPLETE_FORMAL_CASE,499
g3_PoorOverlap_n1000_rep0499,3,PoorOverlap,1000,499,104300499,204300499,remaining_formal_grid,COMPLETE_FORMAL_CASE,499
g3_PoorOverlap_n1000_rep0500,3,PoorOverlap,1000,500,104300500,204300500,remaining_formal_grid,COMPLETE_FORMAL_CASE,499
g3_PoorOverlap_n1000_rep0501,3,PoorOverlap,1000,501,104300501,204300501,remaining_formal_grid,COMPLETE_FORMAL_CASE,499
g3_PoorOverlap_n1000_rep0502,3,PoorOverlap,1000,502,104300502,204300502,remaining_formal_grid,COMPLETE_FORMAL_CASE,500
g3_PoorOverlap_n1000_rep0503,3,PoorOverlap,1000,503,104300503,204300503,remaining_formal_grid,COMPLETE_FORMAL_CASE,500
g3_PoorOverlap_n1000_rep0504,3,PoorOverlap,1000,504,104300504,204300504,remaining_formal_grid,COMPLETE_FORMAL_CASE,500
g3_PoorOverlap_n1000_rep0505,3,PoorOverlap,1000,505,104300505,204300505,remaining_formal_grid,COMPLETE_FORMAL_CASE,500
g3_PoorOverlap_n1000_rep0506,3,PoorOverlap,1000,506,104300506,204300506,remaining_formal_grid,COMPLETE_FORMAL_CASE,500
g3_PoorOverlap_n1000_rep0507,3,PoorOverlap,1000,507,104300507,204300507,remaining_formal_grid,COMPLETE_FORMAL_CASE,501
g3_PoorOverlap_n1000_rep0508,3,PoorOverlap,1000,508,104300508,204300508,remaining_formal_grid,COMPLETE_FORMAL_CASE,501
g3_PoorOverlap_n1000_rep0509,3,PoorOverlap,1000,509,104300509,204300509,remaining_formal_grid,COMPLETE_FORMAL_CASE,501
g3_PoorOverlap_n1000_rep0510,3,PoorOverlap,1000,510,104300510,204300510,remaining_formal_grid,COMPLETE_FORMAL_CASE,501
g3_PoorOverlap_n1000_rep0511,3,PoorOverlap,1000,511,104300511,204300511,remaining_formal_grid,COMPLETE_FORMAL_CASE,501
g3_PoorOverlap_n1000_rep0512,3,PoorOverlap,1000,512,104300512,204300512,remaining_formal_grid,COMPLETE_FORMAL_CASE,502
g3_PoorOverlap_n1000_rep0513,3,PoorOverlap,1000,513,104300513,204300513,remaining_formal_grid,COMPLETE_FORMAL_CASE,502
g3_PoorOverlap_n1000_rep0514,3,PoorOverlap,1000,514,104300514,204300514,remaining_formal_grid,COMPLETE_FORMAL_CASE,502
g3_PoorOverlap_n1000_rep0515,3,PoorOverlap,1000,515,104300515,204300515,remaining_formal_grid,COMPLETE_FORMAL_CASE,502
g3_PoorOverlap_n1000_rep0516,3,PoorOverlap,1000,516,104300516,204300516,remaining_formal_grid,COMPLETE_FORMAL_CASE,502
g3_PoorOverlap_n1000_rep0517,3,PoorOverlap,1000,517,104300517,204300517,remaining_formal_grid,COMPLETE_FORMAL_CASE,503
g3_PoorOverlap_n1000_rep0518,3,PoorOverlap,1000,518,104300518,204300518,remaining_formal_grid,COMPLETE_FORMAL_CASE,503
g3_PoorOverlap_n1000_rep0519,3,PoorOverlap,1000,519,104300519,204300519,remaining_formal_grid,COMPLETE_FORMAL_CASE,503
g3_PoorOverlap_n1000_rep0520,3,PoorOverlap,1000,520,104300520,204300520,remaining_formal_grid,COMPLETE_FORMAL_CASE,503
g3_PoorOverlap_n1000_rep0521,3,PoorOverlap,1000,521,104300521,204300521,remaining_formal_grid,COMPLETE_FORMAL_CASE,503
g3_PoorOverlap_n1000_rep0522,3,PoorOverlap,1000,522,104300522,204300522,remaining_formal_grid,COMPLETE_FORMAL_CASE,504
g3_PoorOverlap_n1000_rep0523,3,PoorOverlap,1000,523,104300523,204300523,remaining_formal_grid,COMPLETE_FORMAL_CASE,504
g3_PoorOverlap_n1000_rep0524,3,PoorOverlap,1000,524,104300524,204300524,remaining_formal_grid,COMPLETE_FORMAL_CASE,504
g3_PoorOverlap_n1000_rep0525,3,PoorOverlap,1000,525,104300525,204300525,remaining_formal_grid,COMPLETE_FORMAL_CASE,504
g3_PoorOverlap_n1000_rep0526,3,PoorOverlap,1000,526,104300526,204300526,remaining_formal_grid,COMPLETE_FORMAL_CASE,504
g3_PoorOverlap_n1000_rep0527,3,PoorOverlap,1000,527,104300527,204300527,remaining_formal_grid,COMPLETE_FORMAL_CASE,505
g3_PoorOverlap_n1000_rep0528,3,PoorOverlap,1000,528,104300528,204300528,remaining_formal_grid,COMPLETE_FORMAL_CASE,505
g3_PoorOverlap_n1000_rep0529,3,PoorOverlap,1000,529,104300529,204300529,remaining_formal_grid,COMPLETE_FORMAL_CASE,505
g3_PoorOverlap_n1000_rep0530,3,PoorOverlap,1000,530,104300530,204300530,remaining_formal_grid,COMPLETE_FORMAL_CASE,505
g3_PoorOverlap_n1000_rep0531,3,PoorOverlap,1000,531,104300531,204300531,remaining_formal_grid,COMPLETE_FORMAL_CASE,505
g3_PoorOverlap_n1000_rep0532,3,PoorOverlap,1000,532,104300532,204300532,remaining_formal_grid,COMPLETE_FORMAL_CASE,506
g3_PoorOverlap_n1000_rep0533,3,PoorOverlap,1000,533,104300533,204300533,remaining_formal_grid,COMPLETE_FORMAL_CASE,506
g3_PoorOverlap_n1000_rep0534,3,PoorOverlap,1000,534,104300534,204300534,remaining_formal_grid,COMPLETE_FORMAL_CASE,506
g3_PoorOverlap_n1000_rep0535,3,PoorOverlap,1000,535,104300535,204300535,remaining_formal_grid,COMPLETE_FORMAL_CASE,506
g3_PoorOverlap_n1000_rep0536,3,PoorOverlap,1000,536,104300536,204300536,remaining_formal_grid,COMPLETE_FORMAL_CASE,506
g3_PoorOverlap_n1000_rep0537,3,PoorOverlap,1000,537,104300537,204300537,remaining_formal_grid,COMPLETE_FORMAL_CASE,507
g3_PoorOverlap_n1000_rep0538,3,PoorOverlap,1000,538,104300538,204300538,remaining_formal_grid,COMPLETE_FORMAL_CASE,507
g3_PoorOverlap_n1000_rep0539,3,PoorOverlap,1000,539,104300539,204300539,remaining_formal_grid,COMPLETE_FORMAL_CASE,507
g3_PoorOverlap_n1000_rep0540,3,PoorOverlap,1000,540,104300540,204300540,remaining_formal_grid,COMPLETE_FORMAL_CASE,507
g3_PoorOverlap_n1000_rep0541,3,PoorOverlap,1000,541,104300541,204300541,remaining_formal_grid,COMPLETE_FORMAL_CASE,507
g3_PoorOverlap_n1000_rep0542,3,PoorOverlap,1000,542,104300542,204300542,remaining_formal_grid,COMPLETE_FORMAL_CASE,508
g3_PoorOverlap_n1000_rep0543,3,PoorOverlap,1000,543,104300543,204300543,remaining_formal_grid,COMPLETE_FORMAL_CASE,508
g3_PoorOverlap_n1000_rep0544,3,PoorOverlap,1000,544,104300544,204300544,remaining_formal_grid,COMPLETE_FORMAL_CASE,508
g3_PoorOverlap_n1000_rep0545,3,PoorOverlap,1000,545,104300545,204300545,remaining_formal_grid,COMPLETE_FORMAL_CASE,508
g3_PoorOverlap_n1000_rep0546,3,PoorOverlap,1000,546,104300546,204300546,remaining_formal_grid,COMPLETE_FORMAL_CASE,508
g3_PoorOverlap_n1000_rep0547,3,PoorOverlap,1000,547,104300547,204300547,remaining_formal_grid,COMPLETE_FORMAL_CASE,509
g3_PoorOverlap_n1000_rep0548,3,PoorOverlap,1000,548,104300548,204300548,remaining_formal_grid,COMPLETE_FORMAL_CASE,509
g3_PoorOverlap_n1000_rep0549,3,PoorOverlap,1000,549,104300549,204300549,remaining_formal_grid,COMPLETE_FORMAL_CASE,509
g3_PoorOverlap_n1000_rep0550,3,PoorOverlap,1000,550,104300550,204300550,remaining_formal_grid,COMPLETE_FORMAL_CASE,509
g3_PoorOverlap_n1000_rep0551,3,PoorOverlap,1000,551,104300551,204300551,remaining_formal_grid,COMPLETE_FORMAL_CASE,509
g3_PoorOverlap_n1000_rep0552,3,PoorOverlap,1000,552,104300552,204300552,remaining_formal_grid,COMPLETE_FORMAL_CASE,510
g3_PoorOverlap_n1000_rep0553,3,PoorOverlap,1000,553,104300553,204300553,remaining_formal_grid,COMPLETE_FORMAL_CASE,510
g3_PoorOverlap_n1000_rep0554,3,PoorOverlap,1000,554,104300554,204300554,remaining_formal_grid,COMPLETE_FORMAL_CASE,510
g3_PoorOverlap_n1000_rep0555,3,PoorOverlap,1000,555,104300555,204300555,remaining_formal_grid,COMPLETE_FORMAL_CASE,510
g3_PoorOverlap_n1000_rep0556,3,PoorOverlap,1000,556,104300556,204300556,remaining_formal_grid,COMPLETE_FORMAL_CASE,510
g3_PoorOverlap_n1000_rep0557,3,PoorOverlap,1000,557,104300557,204300557,remaining_formal_grid,COMPLETE_FORMAL_CASE,511
g3_PoorOverlap_n1000_rep0558,3,PoorOverlap,1000,558,104300558,204300558,remaining_formal_grid,COMPLETE_FORMAL_CASE,511
g3_PoorOverlap_n1000_rep0559,3,PoorOverlap,1000,559,104300559,204300559,remaining_formal_grid,COMPLETE_FORMAL_CASE,511
g3_PoorOverlap_n1000_rep0560,3,PoorOverlap,1000,560,104300560,204300560,remaining_formal_grid,COMPLETE_FORMAL_CASE,511
g3_PoorOverlap_n1000_rep0561,3,PoorOverlap,1000,561,104300561,204300561,remaining_formal_grid,COMPLETE_FORMAL_CASE,511
g3_PoorOverlap_n1000_rep0562,3,PoorOverlap,1000,562,104300562,204300562,remaining_formal_grid,COMPLETE_FORMAL_CASE,512
g3_PoorOverlap_n1000_rep0563,3,PoorOverlap,1000,563,104300563,204300563,remaining_formal_grid,COMPLETE_FORMAL_CASE,512
g3_PoorOverlap_n1000_rep0564,3,PoorOverlap,1000,564,104300564,204300564,remaining_formal_grid,COMPLETE_FORMAL_CASE,512
g3_PoorOverlap_n1000_rep0565,3,PoorOverlap,1000,565,104300565,204300565,remaining_formal_grid,COMPLETE_FORMAL_CASE,512
g3_PoorOverlap_n1000_rep0566,3,PoorOverlap,1000,566,104300566,204300566,remaining_formal_grid,COMPLETE_FORMAL_CASE,512
g3_PoorOverlap_n1000_rep0567,3,PoorOverlap,1000,567,104300567,204300567,remaining_formal_grid,COMPLETE_FORMAL_CASE,513
g3_PoorOverlap_n1000_rep0568,3,PoorOverlap,1000,568,104300568,204300568,remaining_formal_grid,COMPLETE_FORMAL_CASE,513
g3_PoorOverlap_n1000_rep0569,3,PoorOverlap,1000,569,104300569,204300569,remaining_formal_grid,COMPLETE_FORMAL_CASE,513
g3_PoorOverlap_n1000_rep0570,3,PoorOverlap,1000,570,104300570,204300570,remaining_formal_grid,COMPLETE_FORMAL_CASE,513
g3_PoorOverlap_n1000_rep0571,3,PoorOverlap,1000,571,104300571,204300571,remaining_formal_grid,COMPLETE_FORMAL_CASE,513
g3_PoorOverlap_n1000_rep0572,3,PoorOverlap,1000,572,104300572,204300572,remaining_formal_grid,COMPLETE_FORMAL_CASE,514
g3_PoorOverlap_n1000_rep0573,3,PoorOverlap,1000,573,104300573,204300573,remaining_formal_grid,COMPLETE_FORMAL_CASE,514
g3_PoorOverlap_n1000_rep0574,3,PoorOverlap,1000,574,104300574,204300574,remaining_formal_grid,COMPLETE_FORMAL_CASE,514
g3_PoorOverlap_n1000_rep0575,3,PoorOverlap,1000,575,104300575,204300575,remaining_formal_grid,COMPLETE_FORMAL_CASE,514
g3_PoorOverlap_n1000_rep0576,3,PoorOverlap,1000,576,104300576,204300576,remaining_formal_grid,COMPLETE_FORMAL_CASE,514
g3_PoorOverlap_n1000_rep0577,3,PoorOverlap,1000,577,104300577,204300577,remaining_formal_grid,COMPLETE_FORMAL_CASE,515
g3_PoorOverlap_n1000_rep0578,3,PoorOverlap,1000,578,104300578,204300578,remaining_formal_grid,COMPLETE_FORMAL_CASE,515
g3_PoorOverlap_n1000_rep0579,3,PoorOverlap,1000,579,104300579,204300579,remaining_formal_grid,COMPLETE_FORMAL_CASE,515
g3_PoorOverlap_n1000_rep0580,3,PoorOverlap,1000,580,104300580,204300580,remaining_formal_grid,COMPLETE_FORMAL_CASE,515
g3_PoorOverlap_n1000_rep0581,3,PoorOverlap,1000,581,104300581,204300581,remaining_formal_grid,COMPLETE_FORMAL_CASE,515
g3_PoorOverlap_n1000_rep0582,3,PoorOverlap,1000,582,104300582,204300582,remaining_formal_grid,COMPLETE_FORMAL_CASE,516
g3_PoorOverlap_n1000_rep0583,3,PoorOverlap,1000,583,104300583,204300583,remaining_formal_grid,COMPLETE_FORMAL_CASE,516
g3_PoorOverlap_n1000_rep0584,3,PoorOverlap,1000,584,104300584,204300584,remaining_formal_grid,COMPLETE_FORMAL_CASE,516
g3_PoorOverlap_n1000_rep0585,3,PoorOverlap,1000,585,104300585,204300585,remaining_formal_grid,COMPLETE_FORMAL_CASE,516
g3_PoorOverlap_n1000_rep0586,3,PoorOverlap,1000,586,104300586,204300586,remaining_formal_grid,COMPLETE_FORMAL_CASE,516
g3_PoorOverlap_n1000_rep0587,3,PoorOverlap,1000,587,104300587,204300587,remaining_formal_grid,COMPLETE_FORMAL_CASE,517
g3_PoorOverlap_n1000_rep0588,3,PoorOverlap,1000,588,104300588,204300588,remaining_formal_grid,COMPLETE_FORMAL_CASE,517
g3_PoorOverlap_n1000_rep0589,3,PoorOverlap,1000,589,104300589,204300589,remaining_formal_grid,COMPLETE_FORMAL_CASE,517
g3_PoorOverlap_n1000_rep0590,3,PoorOverlap,1000,590,104300590,204300590,remaining_formal_grid,COMPLETE_FORMAL_CASE,517
g3_PoorOverlap_n1000_rep0591,3,PoorOverlap,1000,591,104300591,204300591,remaining_formal_grid,COMPLETE_FORMAL_CASE,517
g3_PoorOverlap_n1000_rep0592,3,PoorOverlap,1000,592,104300592,204300592,remaining_formal_grid,COMPLETE_FORMAL_CASE,518
g3_PoorOverlap_n1000_rep0593,3,PoorOverlap,1000,593,104300593,204300593,remaining_formal_grid,COMPLETE_FORMAL_CASE,518
g3_PoorOverlap_n1000_rep0594,3,PoorOverlap,1000,594,104300594,204300594,remaining_formal_grid,COMPLETE_FORMAL_CASE,518
g3_PoorOverlap_n1000_rep0595,3,PoorOverlap,1000,595,104300595,204300595,remaining_formal_grid,COMPLETE_FORMAL_CASE,518
g3_PoorOverlap_n1000_rep0596,3,PoorOverlap,1000,596,104300596,204300596,remaining_formal_grid,COMPLETE_FORMAL_CASE,518
g3_PoorOverlap_n1000_rep0597,3,PoorOverlap,1000,597,104300597,204300597,remaining_formal_grid,COMPLETE_FORMAL_CASE,519
g3_PoorOverlap_n1000_rep0598,3,PoorOverlap,1000,598,104300598,204300598,remaining_formal_grid,COMPLETE_FORMAL_CASE,519
g3_PoorOverlap_n1000_rep0599,3,PoorOverlap,1000,599,104300599,204300599,remaining_formal_grid,COMPLETE_FORMAL_CASE,519
g3_PoorOverlap_n1000_rep0600,3,PoorOverlap,1000,600,104300600,204300600,remaining_formal_grid,COMPLETE_FORMAL_CASE,519
g3_PoorOverlap_n1000_rep0601,3,PoorOverlap,1000,601,104300601,204300601,remaining_formal_grid,COMPLETE_FORMAL_CASE,519
g3_PoorOverlap_n1000_rep0602,3,PoorOverlap,1000,602,104300602,204300602,remaining_formal_grid,COMPLETE_FORMAL_CASE,520
g3_PoorOverlap_n1000_rep0603,3,PoorOverlap,1000,603,104300603,204300603,remaining_formal_grid,COMPLETE_FORMAL_CASE,520
g3_PoorOverlap_n1000_rep0604,3,PoorOverlap,1000,604,104300604,204300604,remaining_formal_grid,COMPLETE_FORMAL_CASE,520
g3_PoorOverlap_n1000_rep0605,3,PoorOverlap,1000,605,104300605,204300605,remaining_formal_grid,COMPLETE_FORMAL_CASE,520
g3_PoorOverlap_n1000_rep0606,3,PoorOverlap,1000,606,104300606,204300606,remaining_formal_grid,COMPLETE_FORMAL_CASE,520
g3_PoorOverlap_n1000_rep0607,3,PoorOverlap,1000,607,104300607,204300607,remaining_formal_grid,COMPLETE_FORMAL_CASE,521
g3_PoorOverlap_n1000_rep0608,3,PoorOverlap,1000,608,104300608,204300608,remaining_formal_grid,COMPLETE_FORMAL_CASE,521
g3_PoorOverlap_n1000_rep0609,3,PoorOverlap,1000,609,104300609,204300609,remaining_formal_grid,COMPLETE_FORMAL_CASE,521
g3_PoorOverlap_n1000_rep0610,3,PoorOverlap,1000,610,104300610,204300610,remaining_formal_grid,COMPLETE_FORMAL_CASE,521
g3_PoorOverlap_n1000_rep0611,3,PoorOverlap,1000,611,104300611,204300611,remaining_formal_grid,COMPLETE_FORMAL_CASE,521
g3_PoorOverlap_n1000_rep0612,3,PoorOverlap,1000,612,104300612,204300612,remaining_formal_grid,COMPLETE_FORMAL_CASE,522
g3_PoorOverlap_n1000_rep0613,3,PoorOverlap,1000,613,104300613,204300613,remaining_formal_grid,COMPLETE_FORMAL_CASE,522
g3_PoorOverlap_n1000_rep0614,3,PoorOverlap,1000,614,104300614,204300614,remaining_formal_grid,COMPLETE_FORMAL_CASE,522
g3_PoorOverlap_n1000_rep0615,3,PoorOverlap,1000,615,104300615,204300615,remaining_formal_grid,COMPLETE_FORMAL_CASE,522
g3_PoorOverlap_n1000_rep0616,3,PoorOverlap,1000,616,104300616,204300616,remaining_formal_grid,COMPLETE_FORMAL_CASE,522
g3_PoorOverlap_n1000_rep0617,3,PoorOverlap,1000,617,104300617,204300617,remaining_formal_grid,COMPLETE_FORMAL_CASE,523
g3_PoorOverlap_n1000_rep0618,3,PoorOverlap,1000,618,104300618,204300618,remaining_formal_grid,COMPLETE_FORMAL_CASE,523
g3_PoorOverlap_n1000_rep0619,3,PoorOverlap,1000,619,104300619,204300619,remaining_formal_grid,COMPLETE_FORMAL_CASE,523
g3_PoorOverlap_n1000_rep0620,3,PoorOverlap,1000,620,104300620,204300620,remaining_formal_grid,COMPLETE_FORMAL_CASE,523
g3_PoorOverlap_n1000_rep0621,3,PoorOverlap,1000,621,104300621,204300621,remaining_formal_grid,COMPLETE_FORMAL_CASE,523
g3_PoorOverlap_n1000_rep0622,3,PoorOverlap,1000,622,104300622,204300622,remaining_formal_grid,COMPLETE_FORMAL_CASE,524
g3_PoorOverlap_n1000_rep0623,3,PoorOverlap,1000,623,104300623,204300623,remaining_formal_grid,COMPLETE_FORMAL_CASE,524
g3_PoorOverlap_n1000_rep0624,3,PoorOverlap,1000,624,104300624,204300624,remaining_formal_grid,COMPLETE_FORMAL_CASE,524
g3_PoorOverlap_n1000_rep0625,3,PoorOverlap,1000,625,104300625,204300625,remaining_formal_grid,COMPLETE_FORMAL_CASE,524
g3_PoorOverlap_n1000_rep0626,3,PoorOverlap,1000,626,104300626,204300626,remaining_formal_grid,COMPLETE_FORMAL_CASE,524
g3_PoorOverlap_n1000_rep0627,3,PoorOverlap,1000,627,104300627,204300627,remaining_formal_grid,COMPLETE_FORMAL_CASE,525
g3_PoorOverlap_n1000_rep0628,3,PoorOverlap,1000,628,104300628,204300628,remaining_formal_grid,COMPLETE_FORMAL_CASE,525
g3_PoorOverlap_n1000_rep0629,3,PoorOverlap,1000,629,104300629,204300629,remaining_formal_grid,COMPLETE_FORMAL_CASE,525
g3_PoorOverlap_n1000_rep0630,3,PoorOverlap,1000,630,104300630,204300630,remaining_formal_grid,COMPLETE_FORMAL_CASE,525
g3_PoorOverlap_n1000_rep0631,3,PoorOverlap,1000,631,104300631,204300631,remaining_formal_grid,COMPLETE_FORMAL_CASE,525
g3_PoorOverlap_n1000_rep0632,3,PoorOverlap,1000,632,104300632,204300632,remaining_formal_grid,COMPLETE_FORMAL_CASE,526
g3_PoorOverlap_n1000_rep0633,3,PoorOverlap,1000,633,104300633,204300633,remaining_formal_grid,COMPLETE_FORMAL_CASE,526
g3_PoorOverlap_n1000_rep0634,3,PoorOverlap,1000,634,104300634,204300634,remaining_formal_grid,COMPLETE_FORMAL_CASE,526
g3_PoorOverlap_n1000_rep0635,3,PoorOverlap,1000,635,104300635,204300635,remaining_formal_grid,COMPLETE_FORMAL_CASE,526
g3_PoorOverlap_n1000_rep0636,3,PoorOverlap,1000,636,104300636,204300636,remaining_formal_grid,COMPLETE_FORMAL_CASE,526
g3_PoorOverlap_n1000_rep0637,3,PoorOverlap,1000,637,104300637,204300637,remaining_formal_grid,COMPLETE_FORMAL_CASE,527
g3_PoorOverlap_n1000_rep0638,3,PoorOverlap,1000,638,104300638,204300638,remaining_formal_grid,COMPLETE_FORMAL_CASE,527
g3_PoorOverlap_n1000_rep0639,3,PoorOverlap,1000,639,104300639,204300639,remaining_formal_grid,COMPLETE_FORMAL_CASE,527
g3_PoorOverlap_n1000_rep0640,3,PoorOverlap,1000,640,104300640,204300640,remaining_formal_grid,COMPLETE_FORMAL_CASE,527
g3_PoorOverlap_n1000_rep0641,3,PoorOverlap,1000,641,104300641,204300641,remaining_formal_grid,COMPLETE_FORMAL_CASE,527
g3_PoorOverlap_n1000_rep0642,3,PoorOverlap,1000,642,104300642,204300642,remaining_formal_grid,COMPLETE_FORMAL_CASE,528
g3_PoorOverlap_n1000_rep0643,3,PoorOverlap,1000,643,104300643,204300643,remaining_formal_grid,COMPLETE_FORMAL_CASE,528
g3_PoorOverlap_n1000_rep0644,3,PoorOverlap,1000,644,104300644,204300644,remaining_formal_grid,COMPLETE_FORMAL_CASE,528
g3_PoorOverlap_n1000_rep0645,3,PoorOverlap,1000,645,104300645,204300645,remaining_formal_grid,COMPLETE_FORMAL_CASE,528
g3_PoorOverlap_n1000_rep0646,3,PoorOverlap,1000,646,104300646,204300646,remaining_formal_grid,COMPLETE_FORMAL_CASE,528
g3_PoorOverlap_n1000_rep0647,3,PoorOverlap,1000,647,104300647,204300647,remaining_formal_grid,COMPLETE_FORMAL_CASE,529
g3_PoorOverlap_n1000_rep0648,3,PoorOverlap,1000,648,104300648,204300648,remaining_formal_grid,COMPLETE_FORMAL_CASE,529
g3_PoorOverlap_n1000_rep0649,3,PoorOverlap,1000,649,104300649,204300649,remaining_formal_grid,COMPLETE_FORMAL_CASE,529
g3_PoorOverlap_n1000_rep0650,3,PoorOverlap,1000,650,104300650,204300650,remaining_formal_grid,COMPLETE_FORMAL_CASE,529
g3_PoorOverlap_n1000_rep0651,3,PoorOverlap,1000,651,104300651,204300651,remaining_formal_grid,COMPLETE_FORMAL_CASE,529
g3_PoorOverlap_n1000_rep0652,3,PoorOverlap,1000,652,104300652,204300652,remaining_formal_grid,COMPLETE_FORMAL_CASE,530
g3_PoorOverlap_n1000_rep0653,3,PoorOverlap,1000,653,104300653,204300653,remaining_formal_grid,COMPLETE_FORMAL_CASE,530
g3_PoorOverlap_n1000_rep0654,3,PoorOverlap,1000,654,104300654,204300654,remaining_formal_grid,COMPLETE_FORMAL_CASE,530
g3_PoorOverlap_n1000_rep0655,3,PoorOverlap,1000,655,104300655,204300655,remaining_formal_grid,COMPLETE_FORMAL_CASE,530
g3_PoorOverlap_n1000_rep0656,3,PoorOverlap,1000,656,104300656,204300656,remaining_formal_grid,COMPLETE_FORMAL_CASE,530
g3_PoorOverlap_n1000_rep0657,3,PoorOverlap,1000,657,104300657,204300657,remaining_formal_grid,COMPLETE_FORMAL_CASE,531
g3_PoorOverlap_n1000_rep0658,3,PoorOverlap,1000,658,104300658,204300658,remaining_formal_grid,COMPLETE_FORMAL_CASE,531
g3_PoorOverlap_n1000_rep0659,3,PoorOverlap,1000,659,104300659,204300659,remaining_formal_grid,COMPLETE_FORMAL_CASE,531
g3_PoorOverlap_n1000_rep0660,3,PoorOverlap,1000,660,104300660,204300660,remaining_formal_grid,COMPLETE_FORMAL_CASE,531
g3_PoorOverlap_n1000_rep0661,3,PoorOverlap,1000,661,104300661,204300661,remaining_formal_grid,COMPLETE_FORMAL_CASE,531
g3_PoorOverlap_n1000_rep0662,3,PoorOverlap,1000,662,104300662,204300662,remaining_formal_grid,COMPLETE_FORMAL_CASE,532
g3_PoorOverlap_n1000_rep0663,3,PoorOverlap,1000,663,104300663,204300663,remaining_formal_grid,COMPLETE_FORMAL_CASE,532
g3_PoorOverlap_n1000_rep0664,3,PoorOverlap,1000,664,104300664,204300664,remaining_formal_grid,COMPLETE_FORMAL_CASE,532
g3_PoorOverlap_n1000_rep0665,3,PoorOverlap,1000,665,104300665,204300665,remaining_formal_grid,COMPLETE_FORMAL_CASE,532
g3_PoorOverlap_n1000_rep0666,3,PoorOverlap,1000,666,104300666,204300666,remaining_formal_grid,COMPLETE_FORMAL_CASE,532
g3_PoorOverlap_n1000_rep0667,3,PoorOverlap,1000,667,104300667,204300667,remaining_formal_grid,COMPLETE_FORMAL_CASE,533
g3_PoorOverlap_n1000_rep0668,3,PoorOverlap,1000,668,104300668,204300668,remaining_formal_grid,COMPLETE_FORMAL_CASE,533
g3_PoorOverlap_n1000_rep0669,3,PoorOverlap,1000,669,104300669,204300669,remaining_formal_grid,COMPLETE_FORMAL_CASE,533
g3_PoorOverlap_n1000_rep0670,3,PoorOverlap,1000,670,104300670,204300670,remaining_formal_grid,COMPLETE_FORMAL_CASE,533
g3_PoorOverlap_n1000_rep0671,3,PoorOverlap,1000,671,104300671,204300671,remaining_formal_grid,COMPLETE_FORMAL_CASE,533
g3_PoorOverlap_n1000_rep0672,3,PoorOverlap,1000,672,104300672,204300672,remaining_formal_grid,COMPLETE_FORMAL_CASE,534
g3_PoorOverlap_n1000_rep0673,3,PoorOverlap,1000,673,104300673,204300673,remaining_formal_grid,COMPLETE_FORMAL_CASE,534
g3_PoorOverlap_n1000_rep0674,3,PoorOverlap,1000,674,104300674,204300674,remaining_formal_grid,COMPLETE_FORMAL_CASE,534
g3_PoorOverlap_n1000_rep0675,3,PoorOverlap,1000,675,104300675,204300675,remaining_formal_grid,COMPLETE_FORMAL_CASE,534
g3_PoorOverlap_n1000_rep0676,3,PoorOverlap,1000,676,104300676,204300676,remaining_formal_grid,COMPLETE_FORMAL_CASE,534
g3_PoorOverlap_n1000_rep0677,3,PoorOverlap,1000,677,104300677,204300677,remaining_formal_grid,COMPLETE_FORMAL_CASE,535
g3_PoorOverlap_n1000_rep0678,3,PoorOverlap,1000,678,104300678,204300678,remaining_formal_grid,COMPLETE_FORMAL_CASE,535
g3_PoorOverlap_n1000_rep0679,3,PoorOverlap,1000,679,104300679,204300679,remaining_formal_grid,COMPLETE_FORMAL_CASE,535
g3_PoorOverlap_n1000_rep0680,3,PoorOverlap,1000,680,104300680,204300680,remaining_formal_grid,COMPLETE_FORMAL_CASE,535
g3_PoorOverlap_n1000_rep0681,3,PoorOverlap,1000,681,104300681,204300681,remaining_formal_grid,COMPLETE_FORMAL_CASE,535
g3_PoorOverlap_n1000_rep0682,3,PoorOverlap,1000,682,104300682,204300682,remaining_formal_grid,COMPLETE_FORMAL_CASE,536
g3_PoorOverlap_n1000_rep0683,3,PoorOverlap,1000,683,104300683,204300683,remaining_formal_grid,COMPLETE_FORMAL_CASE,536
g3_PoorOverlap_n1000_rep0684,3,PoorOverlap,1000,684,104300684,204300684,remaining_formal_grid,COMPLETE_FORMAL_CASE,536
g3_PoorOverlap_n1000_rep0685,3,PoorOverlap,1000,685,104300685,204300685,remaining_formal_grid,COMPLETE_FORMAL_CASE,536
g3_PoorOverlap_n1000_rep0686,3,PoorOverlap,1000,686,104300686,204300686,remaining_formal_grid,COMPLETE_FORMAL_CASE,536
g3_PoorOverlap_n1000_rep0687,3,PoorOverlap,1000,687,104300687,204300687,remaining_formal_grid,COMPLETE_FORMAL_CASE,537
g3_PoorOverlap_n1000_rep0688,3,PoorOverlap,1000,688,104300688,204300688,remaining_formal_grid,COMPLETE_FORMAL_CASE,537
g3_PoorOverlap_n1000_rep0689,3,PoorOverlap,1000,689,104300689,204300689,remaining_formal_grid,COMPLETE_FORMAL_CASE,537
g3_PoorOverlap_n1000_rep0690,3,PoorOverlap,1000,690,104300690,204300690,remaining_formal_grid,COMPLETE_FORMAL_CASE,537
g3_PoorOverlap_n1000_rep0691,3,PoorOverlap,1000,691,104300691,204300691,remaining_formal_grid,COMPLETE_FORMAL_CASE,537
g3_PoorOverlap_n1000_rep0692,3,PoorOverlap,1000,692,104300692,204300692,remaining_formal_grid,COMPLETE_FORMAL_CASE,538
g3_PoorOverlap_n1000_rep0693,3,PoorOverlap,1000,693,104300693,204300693,remaining_formal_grid,COMPLETE_FORMAL_CASE,538
g3_PoorOverlap_n1000_rep0694,3,PoorOverlap,1000,694,104300694,204300694,remaining_formal_grid,COMPLETE_FORMAL_CASE,538
g3_PoorOverlap_n1000_rep0695,3,PoorOverlap,1000,695,104300695,204300695,remaining_formal_grid,COMPLETE_FORMAL_CASE,538
g3_PoorOverlap_n1000_rep0696,3,PoorOverlap,1000,696,104300696,204300696,remaining_formal_grid,COMPLETE_FORMAL_CASE,538
g3_PoorOverlap_n1000_rep0697,3,PoorOverlap,1000,697,104300697,204300697,remaining_formal_grid,COMPLETE_FORMAL_CASE,539
g3_PoorOverlap_n1000_rep0698,3,PoorOverlap,1000,698,104300698,204300698,remaining_formal_grid,COMPLETE_FORMAL_CASE,539
g3_PoorOverlap_n1000_rep0699,3,PoorOverlap,1000,699,104300699,204300699,remaining_formal_grid,COMPLETE_FORMAL_CASE,539
g3_PoorOverlap_n1000_rep0700,3,PoorOverlap,1000,700,104300700,204300700,remaining_formal_grid,COMPLETE_FORMAL_CASE,539
g3_PoorOverlap_n1000_rep0701,3,PoorOverlap,1000,701,104300701,204300701,remaining_formal_grid,COMPLETE_FORMAL_CASE,539
g3_PoorOverlap_n1000_rep0702,3,PoorOverlap,1000,702,104300702,204300702,remaining_formal_grid,COMPLETE_FORMAL_CASE,540
g3_PoorOverlap_n1000_rep0703,3,PoorOverlap,1000,703,104300703,204300703,remaining_formal_grid,COMPLETE_FORMAL_CASE,540
g3_PoorOverlap_n1000_rep0704,3,PoorOverlap,1000,704,104300704,204300704,remaining_formal_grid,COMPLETE_FORMAL_CASE,540
g3_PoorOverlap_n1000_rep0705,3,PoorOverlap,1000,705,104300705,204300705,remaining_formal_grid,COMPLETE_FORMAL_CASE,540
g3_PoorOverlap_n1000_rep0706,3,PoorOverlap,1000,706,104300706,204300706,remaining_formal_grid,COMPLETE_FORMAL_CASE,540
g3_PoorOverlap_n1000_rep0707,3,PoorOverlap,1000,707,104300707,204300707,remaining_formal_grid,COMPLETE_FORMAL_CASE,541
g3_PoorOverlap_n1000_rep0708,3,PoorOverlap,1000,708,104300708,204300708,remaining_formal_grid,COMPLETE_FORMAL_CASE,541
g3_PoorOverlap_n1000_rep0709,3,PoorOverlap,1000,709,104300709,204300709,remaining_formal_grid,COMPLETE_FORMAL_CASE,541
g3_PoorOverlap_n1000_rep0710,3,PoorOverlap,1000,710,104300710,204300710,remaining_formal_grid,COMPLETE_FORMAL_CASE,541
g3_PoorOverlap_n1000_rep0711,3,PoorOverlap,1000,711,104300711,204300711,remaining_formal_grid,COMPLETE_FORMAL_CASE,541
g3_PoorOverlap_n1000_rep0712,3,PoorOverlap,1000,712,104300712,204300712,remaining_formal_grid,COMPLETE_FORMAL_CASE,542
g3_PoorOverlap_n1000_rep0713,3,PoorOverlap,1000,713,104300713,204300713,remaining_formal_grid,COMPLETE_FORMAL_CASE,542
g3_PoorOverlap_n1000_rep0714,3,PoorOverlap,1000,714,104300714,204300714,remaining_formal_grid,COMPLETE_FORMAL_CASE,542
g3_PoorOverlap_n1000_rep0715,3,PoorOverlap,1000,715,104300715,204300715,remaining_formal_grid,COMPLETE_FORMAL_CASE,542
g3_PoorOverlap_n1000_rep0716,3,PoorOverlap,1000,716,104300716,204300716,remaining_formal_grid,COMPLETE_FORMAL_CASE,542
g3_PoorOverlap_n1000_rep0717,3,PoorOverlap,1000,717,104300717,204300717,remaining_formal_grid,COMPLETE_FORMAL_CASE,543
g3_PoorOverlap_n1000_rep0718,3,PoorOverlap,1000,718,104300718,204300718,remaining_formal_grid,COMPLETE_FORMAL_CASE,543
g3_PoorOverlap_n1000_rep0719,3,PoorOverlap,1000,719,104300719,204300719,remaining_formal_grid,COMPLETE_FORMAL_CASE,543
g3_PoorOverlap_n1000_rep0720,3,PoorOverlap,1000,720,104300720,204300720,remaining_formal_grid,COMPLETE_FORMAL_CASE,543
g3_PoorOverlap_n1000_rep0721,3,PoorOverlap,1000,721,104300721,204300721,remaining_formal_grid,COMPLETE_FORMAL_CASE,543
g3_PoorOverlap_n1000_rep0722,3,PoorOverlap,1000,722,104300722,204300722,remaining_formal_grid,COMPLETE_FORMAL_CASE,544
g3_PoorOverlap_n1000_rep0723,3,PoorOverlap,1000,723,104300723,204300723,remaining_formal_grid,COMPLETE_FORMAL_CASE,544
g3_PoorOverlap_n1000_rep0724,3,PoorOverlap,1000,724,104300724,204300724,remaining_formal_grid,COMPLETE_FORMAL_CASE,544
g3_PoorOverlap_n1000_rep0725,3,PoorOverlap,1000,725,104300725,204300725,remaining_formal_grid,COMPLETE_FORMAL_CASE,544
g3_PoorOverlap_n1000_rep0726,3,PoorOverlap,1000,726,104300726,204300726,remaining_formal_grid,COMPLETE_FORMAL_CASE,544
g3_PoorOverlap_n1000_rep0727,3,PoorOverlap,1000,727,104300727,204300727,remaining_formal_grid,COMPLETE_FORMAL_CASE,545
g3_PoorOverlap_n1000_rep0728,3,PoorOverlap,1000,728,104300728,204300728,remaining_formal_grid,COMPLETE_FORMAL_CASE,545
g3_PoorOverlap_n1000_rep0729,3,PoorOverlap,1000,729,104300729,204300729,remaining_formal_grid,COMPLETE_FORMAL_CASE,545
g3_PoorOverlap_n1000_rep0730,3,PoorOverlap,1000,730,104300730,204300730,remaining_formal_grid,COMPLETE_FORMAL_CASE,545
g3_PoorOverlap_n1000_rep0731,3,PoorOverlap,1000,731,104300731,204300731,remaining_formal_grid,COMPLETE_FORMAL_CASE,545
g3_PoorOverlap_n1000_rep0732,3,PoorOverlap,1000,732,104300732,204300732,remaining_formal_grid,COMPLETE_FORMAL_CASE,546
g3_PoorOverlap_n1000_rep0733,3,PoorOverlap,1000,733,104300733,204300733,remaining_formal_grid,COMPLETE_FORMAL_CASE,546
g3_PoorOverlap_n1000_rep0734,3,PoorOverlap,1000,734,104300734,204300734,remaining_formal_grid,COMPLETE_FORMAL_CASE,546
g3_PoorOverlap_n1000_rep0735,3,PoorOverlap,1000,735,104300735,204300735,remaining_formal_grid,COMPLETE_FORMAL_CASE,546
g3_PoorOverlap_n1000_rep0736,3,PoorOverlap,1000,736,104300736,204300736,remaining_formal_grid,COMPLETE_FORMAL_CASE,546
g3_PoorOverlap_n1000_rep0737,3,PoorOverlap,1000,737,104300737,204300737,remaining_formal_grid,COMPLETE_FORMAL_CASE,547
g3_PoorOverlap_n1000_rep0738,3,PoorOverlap,1000,738,104300738,204300738,remaining_formal_grid,COMPLETE_FORMAL_CASE,547
g3_PoorOverlap_n1000_rep0739,3,PoorOverlap,1000,739,104300739,204300739,remaining_formal_grid,COMPLETE_FORMAL_CASE,547
g3_PoorOverlap_n1000_rep0740,3,PoorOverlap,1000,740,104300740,204300740,remaining_formal_grid,COMPLETE_FORMAL_CASE,547
g3_PoorOverlap_n1000_rep0741,3,PoorOverlap,1000,741,104300741,204300741,remaining_formal_grid,COMPLETE_FORMAL_CASE,547
g3_PoorOverlap_n1000_rep0742,3,PoorOverlap,1000,742,104300742,204300742,remaining_formal_grid,COMPLETE_FORMAL_CASE,548
g3_PoorOverlap_n1000_rep0743,3,PoorOverlap,1000,743,104300743,204300743,remaining_formal_grid,COMPLETE_FORMAL_CASE,548
g3_PoorOverlap_n1000_rep0744,3,PoorOverlap,1000,744,104300744,204300744,remaining_formal_grid,COMPLETE_FORMAL_CASE,548
g3_PoorOverlap_n1000_rep0745,3,PoorOverlap,1000,745,104300745,204300745,remaining_formal_grid,COMPLETE_FORMAL_CASE,548
g3_PoorOverlap_n1000_rep0746,3,PoorOverlap,1000,746,104300746,204300746,remaining_formal_grid,COMPLETE_FORMAL_CASE,548
g3_PoorOverlap_n1000_rep0747,3,PoorOverlap,1000,747,104300747,204300747,remaining_formal_grid,COMPLETE_FORMAL_CASE,549
g3_PoorOverlap_n1000_rep0748,3,PoorOverlap,1000,748,104300748,204300748,remaining_formal_grid,COMPLETE_FORMAL_CASE,549
g3_PoorOverlap_n1000_rep0749,3,PoorOverlap,1000,749,104300749,204300749,remaining_formal_grid,COMPLETE_FORMAL_CASE,549
g3_PoorOverlap_n1000_rep0750,3,PoorOverlap,1000,750,104300750,204300750,remaining_formal_grid,COMPLETE_FORMAL_CASE,549
g3_PoorOverlap_n1000_rep0751,3,PoorOverlap,1000,751,104300751,204300751,remaining_formal_grid,COMPLETE_FORMAL_CASE,549
g3_PoorOverlap_n1000_rep0752,3,PoorOverlap,1000,752,104300752,204300752,remaining_formal_grid,COMPLETE_FORMAL_CASE,550
g3_PoorOverlap_n1000_rep0753,3,PoorOverlap,1000,753,104300753,204300753,remaining_formal_grid,COMPLETE_FORMAL_CASE,550
g3_PoorOverlap_n1000_rep0754,3,PoorOverlap,1000,754,104300754,204300754,remaining_formal_grid,COMPLETE_FORMAL_CASE,550
g3_PoorOverlap_n1000_rep0755,3,PoorOverlap,1000,755,104300755,204300755,remaining_formal_grid,COMPLETE_FORMAL_CASE,550
g3_PoorOverlap_n1000_rep0756,3,PoorOverlap,1000,756,104300756,204300756,remaining_formal_grid,COMPLETE_FORMAL_CASE,550
g3_PoorOverlap_n1000_rep0757,3,PoorOverlap,1000,757,104300757,204300757,remaining_formal_grid,COMPLETE_FORMAL_CASE,551
g3_PoorOverlap_n1000_rep0758,3,PoorOverlap,1000,758,104300758,204300758,remaining_formal_grid,COMPLETE_FORMAL_CASE,551
g3_PoorOverlap_n1000_rep0759,3,PoorOverlap,1000,759,104300759,204300759,remaining_formal_grid,COMPLETE_FORMAL_CASE,551
g3_PoorOverlap_n1000_rep0760,3,PoorOverlap,1000,760,104300760,204300760,remaining_formal_grid,COMPLETE_FORMAL_CASE,551
g3_PoorOverlap_n1000_rep0761,3,PoorOverlap,1000,761,104300761,204300761,remaining_formal_grid,COMPLETE_FORMAL_CASE,551
g3_PoorOverlap_n1000_rep0762,3,PoorOverlap,1000,762,104300762,204300762,remaining_formal_grid,COMPLETE_FORMAL_CASE,552
g3_PoorOverlap_n1000_rep0763,3,PoorOverlap,1000,763,104300763,204300763,remaining_formal_grid,COMPLETE_FORMAL_CASE,552
g3_PoorOverlap_n1000_rep0764,3,PoorOverlap,1000,764,104300764,204300764,remaining_formal_grid,COMPLETE_FORMAL_CASE,552
g3_PoorOverlap_n1000_rep0765,3,PoorOverlap,1000,765,104300765,204300765,remaining_formal_grid,COMPLETE_FORMAL_CASE,552
g3_PoorOverlap_n1000_rep0766,3,PoorOverlap,1000,766,104300766,204300766,remaining_formal_grid,COMPLETE_FORMAL_CASE,552
g3_PoorOverlap_n1000_rep0767,3,PoorOverlap,1000,767,104300767,204300767,remaining_formal_grid,COMPLETE_FORMAL_CASE,553
g3_PoorOverlap_n1000_rep0768,3,PoorOverlap,1000,768,104300768,204300768,remaining_formal_grid,COMPLETE_FORMAL_CASE,553
g3_PoorOverlap_n1000_rep0769,3,PoorOverlap,1000,769,104300769,204300769,remaining_formal_grid,COMPLETE_FORMAL_CASE,553
g3_PoorOverlap_n1000_rep0770,3,PoorOverlap,1000,770,104300770,204300770,remaining_formal_grid,COMPLETE_FORMAL_CASE,553
g3_PoorOverlap_n1000_rep0771,3,PoorOverlap,1000,771,104300771,204300771,remaining_formal_grid,COMPLETE_FORMAL_CASE,553
g3_PoorOverlap_n1000_rep0772,3,PoorOverlap,1000,772,104300772,204300772,remaining_formal_grid,COMPLETE_FORMAL_CASE,554
g3_PoorOverlap_n1000_rep0773,3,PoorOverlap,1000,773,104300773,204300773,remaining_formal_grid,COMPLETE_FORMAL_CASE,554
g3_PoorOverlap_n1000_rep0774,3,PoorOverlap,1000,774,104300774,204300774,remaining_formal_grid,COMPLETE_FORMAL_CASE,554
g3_PoorOverlap_n1000_rep0775,3,PoorOverlap,1000,775,104300775,204300775,remaining_formal_grid,COMPLETE_FORMAL_CASE,554
g3_PoorOverlap_n1000_rep0776,3,PoorOverlap,1000,776,104300776,204300776,remaining_formal_grid,COMPLETE_FORMAL_CASE,554
g3_PoorOverlap_n1000_rep0777,3,PoorOverlap,1000,777,104300777,204300777,remaining_formal_grid,COMPLETE_FORMAL_CASE,555
g3_PoorOverlap_n1000_rep0778,3,PoorOverlap,1000,778,104300778,204300778,remaining_formal_grid,COMPLETE_FORMAL_CASE,555
g3_PoorOverlap_n1000_rep0779,3,PoorOverlap,1000,779,104300779,204300779,remaining_formal_grid,COMPLETE_FORMAL_CASE,555
g3_PoorOverlap_n1000_rep0780,3,PoorOverlap,1000,780,104300780,204300780,remaining_formal_grid,COMPLETE_FORMAL_CASE,555
g3_PoorOverlap_n1000_rep0781,3,PoorOverlap,1000,781,104300781,204300781,remaining_formal_grid,COMPLETE_FORMAL_CASE,555
g3_PoorOverlap_n1000_rep0782,3,PoorOverlap,1000,782,104300782,204300782,remaining_formal_grid,COMPLETE_FORMAL_CASE,556
g3_PoorOverlap_n1000_rep0783,3,PoorOverlap,1000,783,104300783,204300783,remaining_formal_grid,COMPLETE_FORMAL_CASE,556
g3_PoorOverlap_n1000_rep0784,3,PoorOverlap,1000,784,104300784,204300784,remaining_formal_grid,COMPLETE_FORMAL_CASE,556
g3_PoorOverlap_n1000_rep0785,3,PoorOverlap,1000,785,104300785,204300785,remaining_formal_grid,COMPLETE_FORMAL_CASE,556
g3_PoorOverlap_n1000_rep0786,3,PoorOverlap,1000,786,104300786,204300786,remaining_formal_grid,COMPLETE_FORMAL_CASE,556
g3_PoorOverlap_n1000_rep0787,3,PoorOverlap,1000,787,104300787,204300787,remaining_formal_grid,COMPLETE_FORMAL_CASE,557
g3_PoorOverlap_n1000_rep0788,3,PoorOverlap,1000,788,104300788,204300788,remaining_formal_grid,COMPLETE_FORMAL_CASE,557
g3_PoorOverlap_n1000_rep0789,3,PoorOverlap,1000,789,104300789,204300789,remaining_formal_grid,COMPLETE_FORMAL_CASE,557
g3_PoorOverlap_n1000_rep0790,3,PoorOverlap,1000,790,104300790,204300790,remaining_formal_grid,COMPLETE_FORMAL_CASE,557
g3_PoorOverlap_n1000_rep0791,3,PoorOverlap,1000,791,104300791,204300791,remaining_formal_grid,COMPLETE_FORMAL_CASE,557
g3_PoorOverlap_n1000_rep0792,3,PoorOverlap,1000,792,104300792,204300792,remaining_formal_grid,COMPLETE_FORMAL_CASE,558
g3_PoorOverlap_n1000_rep0793,3,PoorOverlap,1000,793,104300793,204300793,remaining_formal_grid,COMPLETE_FORMAL_CASE,558
g3_PoorOverlap_n1000_rep0794,3,PoorOverlap,1000,794,104300794,204300794,remaining_formal_grid,COMPLETE_FORMAL_CASE,558
g3_PoorOverlap_n1000_rep0795,3,PoorOverlap,1000,795,104300795,204300795,remaining_formal_grid,COMPLETE_FORMAL_CASE,558
g3_PoorOverlap_n1000_rep0796,3,PoorOverlap,1000,796,104300796,204300796,remaining_formal_grid,COMPLETE_FORMAL_CASE,558
g3_PoorOverlap_n1000_rep0797,3,PoorOverlap,1000,797,104300797,204300797,remaining_formal_grid,COMPLETE_FORMAL_CASE,559
g3_PoorOverlap_n1000_rep0798,3,PoorOverlap,1000,798,104300798,204300798,remaining_formal_grid,COMPLETE_FORMAL_CASE,559
g3_PoorOverlap_n1000_rep0799,3,PoorOverlap,1000,799,104300799,204300799,remaining_formal_grid,COMPLETE_FORMAL_CASE,559
g3_PoorOverlap_n1000_rep0800,3,PoorOverlap,1000,800,104300800,204300800,remaining_formal_grid,COMPLETE_FORMAL_CASE,559
g3_PoorOverlap_n1000_rep0801,3,PoorOverlap,1000,801,104300801,204300801,remaining_formal_grid,COMPLETE_FORMAL_CASE,559
g3_PoorOverlap_n1000_rep0802,3,PoorOverlap,1000,802,104300802,204300802,remaining_formal_grid,COMPLETE_FORMAL_CASE,560
g3_PoorOverlap_n1000_rep0803,3,PoorOverlap,1000,803,104300803,204300803,remaining_formal_grid,COMPLETE_FORMAL_CASE,560
g3_PoorOverlap_n1000_rep0804,3,PoorOverlap,1000,804,104300804,204300804,remaining_formal_grid,COMPLETE_FORMAL_CASE,560
g3_PoorOverlap_n1000_rep0805,3,PoorOverlap,1000,805,104300805,204300805,remaining_formal_grid,COMPLETE_FORMAL_CASE,560
g3_PoorOverlap_n1000_rep0806,3,PoorOverlap,1000,806,104300806,204300806,remaining_formal_grid,COMPLETE_FORMAL_CASE,560
g3_PoorOverlap_n1000_rep0807,3,PoorOverlap,1000,807,104300807,204300807,remaining_formal_grid,COMPLETE_FORMAL_CASE,561
g3_PoorOverlap_n1000_rep0808,3,PoorOverlap,1000,808,104300808,204300808,remaining_formal_grid,COMPLETE_FORMAL_CASE,561
g3_PoorOverlap_n1000_rep0809,3,PoorOverlap,1000,809,104300809,204300809,remaining_formal_grid,COMPLETE_FORMAL_CASE,561
g3_PoorOverlap_n1000_rep0810,3,PoorOverlap,1000,810,104300810,204300810,remaining_formal_grid,COMPLETE_FORMAL_CASE,561
g3_PoorOverlap_n1000_rep0811,3,PoorOverlap,1000,811,104300811,204300811,remaining_formal_grid,COMPLETE_FORMAL_CASE,561
g3_PoorOverlap_n1000_rep0812,3,PoorOverlap,1000,812,104300812,204300812,remaining_formal_grid,COMPLETE_FORMAL_CASE,562
g3_PoorOverlap_n1000_rep0813,3,PoorOverlap,1000,813,104300813,204300813,remaining_formal_grid,COMPLETE_FORMAL_CASE,562
g3_PoorOverlap_n1000_rep0814,3,PoorOverlap,1000,814,104300814,204300814,remaining_formal_grid,COMPLETE_FORMAL_CASE,562
g3_PoorOverlap_n1000_rep0815,3,PoorOverlap,1000,815,104300815,204300815,remaining_formal_grid,COMPLETE_FORMAL_CASE,562
g3_PoorOverlap_n1000_rep0816,3,PoorOverlap,1000,816,104300816,204300816,remaining_formal_grid,COMPLETE_FORMAL_CASE,562
g3_PoorOverlap_n1000_rep0817,3,PoorOverlap,1000,817,104300817,204300817,remaining_formal_grid,COMPLETE_FORMAL_CASE,563
g3_PoorOverlap_n1000_rep0818,3,PoorOverlap,1000,818,104300818,204300818,remaining_formal_grid,COMPLETE_FORMAL_CASE,563
g3_PoorOverlap_n1000_rep0819,3,PoorOverlap,1000,819,104300819,204300819,remaining_formal_grid,COMPLETE_FORMAL_CASE,563
g3_PoorOverlap_n1000_rep0820,3,PoorOverlap,1000,820,104300820,204300820,remaining_formal_grid,COMPLETE_FORMAL_CASE,563
g3_PoorOverlap_n1000_rep0821,3,PoorOverlap,1000,821,104300821,204300821,remaining_formal_grid,COMPLETE_FORMAL_CASE,563
g3_PoorOverlap_n1000_rep0822,3,PoorOverlap,1000,822,104300822,204300822,remaining_formal_grid,COMPLETE_FORMAL_CASE,564
g3_PoorOverlap_n1000_rep0823,3,PoorOverlap,1000,823,104300823,204300823,remaining_formal_grid,COMPLETE_FORMAL_CASE,564
g3_PoorOverlap_n1000_rep0824,3,PoorOverlap,1000,824,104300824,204300824,remaining_formal_grid,COMPLETE_FORMAL_CASE,564
g3_PoorOverlap_n1000_rep0825,3,PoorOverlap,1000,825,104300825,204300825,remaining_formal_grid,COMPLETE_FORMAL_CASE,564
g3_PoorOverlap_n1000_rep0826,3,PoorOverlap,1000,826,104300826,204300826,remaining_formal_grid,COMPLETE_FORMAL_CASE,564
g3_PoorOverlap_n1000_rep0827,3,PoorOverlap,1000,827,104300827,204300827,remaining_formal_grid,COMPLETE_FORMAL_CASE,565
g3_PoorOverlap_n1000_rep0828,3,PoorOverlap,1000,828,104300828,204300828,remaining_formal_grid,COMPLETE_FORMAL_CASE,565
g3_PoorOverlap_n1000_rep0829,3,PoorOverlap,1000,829,104300829,204300829,remaining_formal_grid,COMPLETE_FORMAL_CASE,565
g3_PoorOverlap_n1000_rep0830,3,PoorOverlap,1000,830,104300830,204300830,remaining_formal_grid,COMPLETE_FORMAL_CASE,565
g3_PoorOverlap_n1000_rep0831,3,PoorOverlap,1000,831,104300831,204300831,remaining_formal_grid,COMPLETE_FORMAL_CASE,565
g3_PoorOverlap_n1000_rep0832,3,PoorOverlap,1000,832,104300832,204300832,remaining_formal_grid,COMPLETE_FORMAL_CASE,566
g3_PoorOverlap_n1000_rep0833,3,PoorOverlap,1000,833,104300833,204300833,remaining_formal_grid,COMPLETE_FORMAL_CASE,566
g3_PoorOverlap_n1000_rep0834,3,PoorOverlap,1000,834,104300834,204300834,remaining_formal_grid,COMPLETE_FORMAL_CASE,566
g3_PoorOverlap_n1000_rep0835,3,PoorOverlap,1000,835,104300835,204300835,remaining_formal_grid,COMPLETE_FORMAL_CASE,566
g3_PoorOverlap_n1000_rep0836,3,PoorOverlap,1000,836,104300836,204300836,remaining_formal_grid,COMPLETE_FORMAL_CASE,566
g3_PoorOverlap_n1000_rep0837,3,PoorOverlap,1000,837,104300837,204300837,remaining_formal_grid,COMPLETE_FORMAL_CASE,567
g3_PoorOverlap_n1000_rep0838,3,PoorOverlap,1000,838,104300838,204300838,remaining_formal_grid,COMPLETE_FORMAL_CASE,567
g3_PoorOverlap_n1000_rep0839,3,PoorOverlap,1000,839,104300839,204300839,remaining_formal_grid,COMPLETE_FORMAL_CASE,567
g3_PoorOverlap_n1000_rep0840,3,PoorOverlap,1000,840,104300840,204300840,remaining_formal_grid,COMPLETE_FORMAL_CASE,567
g3_PoorOverlap_n1000_rep0841,3,PoorOverlap,1000,841,104300841,204300841,remaining_formal_grid,COMPLETE_FORMAL_CASE,567
g3_PoorOverlap_n1000_rep0842,3,PoorOverlap,1000,842,104300842,204300842,remaining_formal_grid,COMPLETE_FORMAL_CASE,568
g3_PoorOverlap_n1000_rep0843,3,PoorOverlap,1000,843,104300843,204300843,remaining_formal_grid,COMPLETE_FORMAL_CASE,568
g3_PoorOverlap_n1000_rep0844,3,PoorOverlap,1000,844,104300844,204300844,remaining_formal_grid,COMPLETE_FORMAL_CASE,568
g3_PoorOverlap_n1000_rep0845,3,PoorOverlap,1000,845,104300845,204300845,remaining_formal_grid,COMPLETE_FORMAL_CASE,568
g3_PoorOverlap_n1000_rep0846,3,PoorOverlap,1000,846,104300846,204300846,remaining_formal_grid,COMPLETE_FORMAL_CASE,568
g3_PoorOverlap_n1000_rep0847,3,PoorOverlap,1000,847,104300847,204300847,remaining_formal_grid,COMPLETE_FORMAL_CASE,569
g3_PoorOverlap_n1000_rep0848,3,PoorOverlap,1000,848,104300848,204300848,remaining_formal_grid,COMPLETE_FORMAL_CASE,569
g3_PoorOverlap_n1000_rep0849,3,PoorOverlap,1000,849,104300849,204300849,remaining_formal_grid,COMPLETE_FORMAL_CASE,569
g3_PoorOverlap_n1000_rep0850,3,PoorOverlap,1000,850,104300850,204300850,remaining_formal_grid,COMPLETE_FORMAL_CASE,569
g3_PoorOverlap_n1000_rep0851,3,PoorOverlap,1000,851,104300851,204300851,remaining_formal_grid,COMPLETE_FORMAL_CASE,569
g3_PoorOverlap_n1000_rep0852,3,PoorOverlap,1000,852,104300852,204300852,remaining_formal_grid,COMPLETE_FORMAL_CASE,570
g3_PoorOverlap_n1000_rep0853,3,PoorOverlap,1000,853,104300853,204300853,remaining_formal_grid,COMPLETE_FORMAL_CASE,570
g3_PoorOverlap_n1000_rep0854,3,PoorOverlap,1000,854,104300854,204300854,remaining_formal_grid,COMPLETE_FORMAL_CASE,570
g3_PoorOverlap_n1000_rep0855,3,PoorOverlap,1000,855,104300855,204300855,remaining_formal_grid,COMPLETE_FORMAL_CASE,570
g3_PoorOverlap_n1000_rep0856,3,PoorOverlap,1000,856,104300856,204300856,remaining_formal_grid,COMPLETE_FORMAL_CASE,570
g3_PoorOverlap_n1000_rep0857,3,PoorOverlap,1000,857,104300857,204300857,remaining_formal_grid,COMPLETE_FORMAL_CASE,571
g3_PoorOverlap_n1000_rep0858,3,PoorOverlap,1000,858,104300858,204300858,remaining_formal_grid,COMPLETE_FORMAL_CASE,571
g3_PoorOverlap_n1000_rep0859,3,PoorOverlap,1000,859,104300859,204300859,remaining_formal_grid,COMPLETE_FORMAL_CASE,571
g3_PoorOverlap_n1000_rep0860,3,PoorOverlap,1000,860,104300860,204300860,remaining_formal_grid,COMPLETE_FORMAL_CASE,571
g3_PoorOverlap_n1000_rep0861,3,PoorOverlap,1000,861,104300861,204300861,remaining_formal_grid,COMPLETE_FORMAL_CASE,571
g3_PoorOverlap_n1000_rep0862,3,PoorOverlap,1000,862,104300862,204300862,remaining_formal_grid,COMPLETE_FORMAL_CASE,572
g3_PoorOverlap_n1000_rep0863,3,PoorOverlap,1000,863,104300863,204300863,remaining_formal_grid,COMPLETE_FORMAL_CASE,572
g3_PoorOverlap_n1000_rep0864,3,PoorOverlap,1000,864,104300864,204300864,remaining_formal_grid,COMPLETE_FORMAL_CASE,572
g3_PoorOverlap_n1000_rep0865,3,PoorOverlap,1000,865,104300865,204300865,remaining_formal_grid,COMPLETE_FORMAL_CASE,572
g3_PoorOverlap_n1000_rep0866,3,PoorOverlap,1000,866,104300866,204300866,remaining_formal_grid,COMPLETE_FORMAL_CASE,572
g3_PoorOverlap_n1000_rep0867,3,PoorOverlap,1000,867,104300867,204300867,remaining_formal_grid,COMPLETE_FORMAL_CASE,573
g3_PoorOverlap_n1000_rep0868,3,PoorOverlap,1000,868,104300868,204300868,remaining_formal_grid,COMPLETE_FORMAL_CASE,573
g3_PoorOverlap_n1000_rep0869,3,PoorOverlap,1000,869,104300869,204300869,remaining_formal_grid,COMPLETE_FORMAL_CASE,573
g3_PoorOverlap_n1000_rep0870,3,PoorOverlap,1000,870,104300870,204300870,remaining_formal_grid,COMPLETE_FORMAL_CASE,573
g3_PoorOverlap_n1000_rep0871,3,PoorOverlap,1000,871,104300871,204300871,remaining_formal_grid,COMPLETE_FORMAL_CASE,573
g3_PoorOverlap_n1000_rep0872,3,PoorOverlap,1000,872,104300872,204300872,remaining_formal_grid,COMPLETE_FORMAL_CASE,574
g3_PoorOverlap_n1000_rep0873,3,PoorOverlap,1000,873,104300873,204300873,remaining_formal_grid,COMPLETE_FORMAL_CASE,574
g3_PoorOverlap_n1000_rep0874,3,PoorOverlap,1000,874,104300874,204300874,remaining_formal_grid,COMPLETE_FORMAL_CASE,574
g3_PoorOverlap_n1000_rep0875,3,PoorOverlap,1000,875,104300875,204300875,remaining_formal_grid,COMPLETE_FORMAL_CASE,574
g3_PoorOverlap_n1000_rep0876,3,PoorOverlap,1000,876,104300876,204300876,remaining_formal_grid,COMPLETE_FORMAL_CASE,574
g3_PoorOverlap_n1000_rep0877,3,PoorOverlap,1000,877,104300877,204300877,remaining_formal_grid,COMPLETE_FORMAL_CASE,575
g3_PoorOverlap_n1000_rep0878,3,PoorOverlap,1000,878,104300878,204300878,remaining_formal_grid,COMPLETE_FORMAL_CASE,575
g3_PoorOverlap_n1000_rep0879,3,PoorOverlap,1000,879,104300879,204300879,remaining_formal_grid,COMPLETE_FORMAL_CASE,575
g3_PoorOverlap_n1000_rep0880,3,PoorOverlap,1000,880,104300880,204300880,remaining_formal_grid,COMPLETE_FORMAL_CASE,575
g3_PoorOverlap_n1000_rep0881,3,PoorOverlap,1000,881,104300881,204300881,remaining_formal_grid,COMPLETE_FORMAL_CASE,575
g3_PoorOverlap_n1000_rep0882,3,PoorOverlap,1000,882,104300882,204300882,remaining_formal_grid,COMPLETE_FORMAL_CASE,576
g3_PoorOverlap_n1000_rep0883,3,PoorOverlap,1000,883,104300883,204300883,remaining_formal_grid,COMPLETE_FORMAL_CASE,576
g3_PoorOverlap_n1000_rep0884,3,PoorOverlap,1000,884,104300884,204300884,remaining_formal_grid,COMPLETE_FORMAL_CASE,576
g3_PoorOverlap_n1000_rep0885,3,PoorOverlap,1000,885,104300885,204300885,remaining_formal_grid,COMPLETE_FORMAL_CASE,576
g3_PoorOverlap_n1000_rep0886,3,PoorOverlap,1000,886,104300886,204300886,remaining_formal_grid,COMPLETE_FORMAL_CASE,576
g3_PoorOverlap_n1000_rep0887,3,PoorOverlap,1000,887,104300887,204300887,remaining_formal_grid,COMPLETE_FORMAL_CASE,577
g3_PoorOverlap_n1000_rep0888,3,PoorOverlap,1000,888,104300888,204300888,remaining_formal_grid,COMPLETE_FORMAL_CASE,577
g3_PoorOverlap_n1000_rep0889,3,PoorOverlap,1000,889,104300889,204300889,remaining_formal_grid,COMPLETE_FORMAL_CASE,577
g3_PoorOverlap_n1000_rep0890,3,PoorOverlap,1000,890,104300890,204300890,remaining_formal_grid,COMPLETE_FORMAL_CASE,577
g3_PoorOverlap_n1000_rep0891,3,PoorOverlap,1000,891,104300891,204300891,remaining_formal_grid,COMPLETE_FORMAL_CASE,577
g3_PoorOverlap_n1000_rep0892,3,PoorOverlap,1000,892,104300892,204300892,remaining_formal_grid,COMPLETE_FORMAL_CASE,578
g3_PoorOverlap_n1000_rep0893,3,PoorOverlap,1000,893,104300893,204300893,remaining_formal_grid,COMPLETE_FORMAL_CASE,578
g3_PoorOverlap_n1000_rep0894,3,PoorOverlap,1000,894,104300894,204300894,remaining_formal_grid,COMPLETE_FORMAL_CASE,578
g3_PoorOverlap_n1000_rep0895,3,PoorOverlap,1000,895,104300895,204300895,remaining_formal_grid,COMPLETE_FORMAL_CASE,578
g3_PoorOverlap_n1000_rep0896,3,PoorOverlap,1000,896,104300896,204300896,remaining_formal_grid,COMPLETE_FORMAL_CASE,578
g3_PoorOverlap_n1000_rep0897,3,PoorOverlap,1000,897,104300897,204300897,remaining_formal_grid,COMPLETE_FORMAL_CASE,579
g3_PoorOverlap_n1000_rep0898,3,PoorOverlap,1000,898,104300898,204300898,remaining_formal_grid,COMPLETE_FORMAL_CASE,579
g3_PoorOverlap_n1000_rep0899,3,PoorOverlap,1000,899,104300899,204300899,remaining_formal_grid,COMPLETE_FORMAL_CASE,579
g3_PoorOverlap_n1000_rep0900,3,PoorOverlap,1000,900,104300900,204300900,remaining_formal_grid,COMPLETE_FORMAL_CASE,579
g3_PoorOverlap_n1000_rep0901,3,PoorOverlap,1000,901,104300901,204300901,remaining_formal_grid,COMPLETE_FORMAL_CASE,579
g3_PoorOverlap_n1000_rep0902,3,PoorOverlap,1000,902,104300902,204300902,remaining_formal_grid,COMPLETE_FORMAL_CASE,580
g3_PoorOverlap_n1000_rep0903,3,PoorOverlap,1000,903,104300903,204300903,remaining_formal_grid,COMPLETE_FORMAL_CASE,580
g3_PoorOverlap_n1000_rep0904,3,PoorOverlap,1000,904,104300904,204300904,remaining_formal_grid,COMPLETE_FORMAL_CASE,580
g3_PoorOverlap_n1000_rep0905,3,PoorOverlap,1000,905,104300905,204300905,remaining_formal_grid,COMPLETE_FORMAL_CASE,580
g3_PoorOverlap_n1000_rep0906,3,PoorOverlap,1000,906,104300906,204300906,remaining_formal_grid,COMPLETE_FORMAL_CASE,580
g3_PoorOverlap_n1000_rep0907,3,PoorOverlap,1000,907,104300907,204300907,remaining_formal_grid,COMPLETE_FORMAL_CASE,581
g3_PoorOverlap_n1000_rep0908,3,PoorOverlap,1000,908,104300908,204300908,remaining_formal_grid,COMPLETE_FORMAL_CASE,581
g3_PoorOverlap_n1000_rep0909,3,PoorOverlap,1000,909,104300909,204300909,remaining_formal_grid,COMPLETE_FORMAL_CASE,581
g3_PoorOverlap_n1000_rep0910,3,PoorOverlap,1000,910,104300910,204300910,remaining_formal_grid,COMPLETE_FORMAL_CASE,581
g3_PoorOverlap_n1000_rep0911,3,PoorOverlap,1000,911,104300911,204300911,remaining_formal_grid,COMPLETE_FORMAL_CASE,581
g3_PoorOverlap_n1000_rep0912,3,PoorOverlap,1000,912,104300912,204300912,remaining_formal_grid,COMPLETE_FORMAL_CASE,582
g3_PoorOverlap_n1000_rep0913,3,PoorOverlap,1000,913,104300913,204300913,remaining_formal_grid,COMPLETE_FORMAL_CASE,582
g3_PoorOverlap_n1000_rep0914,3,PoorOverlap,1000,914,104300914,204300914,remaining_formal_grid,COMPLETE_FORMAL_CASE,582
g3_PoorOverlap_n1000_rep0915,3,PoorOverlap,1000,915,104300915,204300915,remaining_formal_grid,COMPLETE_FORMAL_CASE,582
g3_PoorOverlap_n1000_rep0916,3,PoorOverlap,1000,916,104300916,204300916,remaining_formal_grid,COMPLETE_FORMAL_CASE,582
g3_PoorOverlap_n1000_rep0917,3,PoorOverlap,1000,917,104300917,204300917,remaining_formal_grid,COMPLETE_FORMAL_CASE,583
g3_PoorOverlap_n1000_rep0918,3,PoorOverlap,1000,918,104300918,204300918,remaining_formal_grid,COMPLETE_FORMAL_CASE,583
g3_PoorOverlap_n1000_rep0919,3,PoorOverlap,1000,919,104300919,204300919,remaining_formal_grid,COMPLETE_FORMAL_CASE,583
g3_PoorOverlap_n1000_rep0920,3,PoorOverlap,1000,920,104300920,204300920,remaining_formal_grid,COMPLETE_FORMAL_CASE,583
g3_PoorOverlap_n1000_rep0921,3,PoorOverlap,1000,921,104300921,204300921,remaining_formal_grid,COMPLETE_FORMAL_CASE,583
g3_PoorOverlap_n1000_rep0922,3,PoorOverlap,1000,922,104300922,204300922,remaining_formal_grid,COMPLETE_FORMAL_CASE,584
g3_PoorOverlap_n1000_rep0923,3,PoorOverlap,1000,923,104300923,204300923,remaining_formal_grid,COMPLETE_FORMAL_CASE,584
g3_PoorOverlap_n1000_rep0924,3,PoorOverlap,1000,924,104300924,204300924,remaining_formal_grid,COMPLETE_FORMAL_CASE,584
g3_PoorOverlap_n1000_rep0925,3,PoorOverlap,1000,925,104300925,204300925,remaining_formal_grid,COMPLETE_FORMAL_CASE,584
g3_PoorOverlap_n1000_rep0926,3,PoorOverlap,1000,926,104300926,204300926,remaining_formal_grid,COMPLETE_FORMAL_CASE,584
g3_PoorOverlap_n1000_rep0927,3,PoorOverlap,1000,927,104300927,204300927,remaining_formal_grid,COMPLETE_FORMAL_CASE,585
g3_PoorOverlap_n1000_rep0928,3,PoorOverlap,1000,928,104300928,204300928,remaining_formal_grid,COMPLETE_FORMAL_CASE,585
g3_PoorOverlap_n1000_rep0929,3,PoorOverlap,1000,929,104300929,204300929,remaining_formal_grid,COMPLETE_FORMAL_CASE,585
g3_PoorOverlap_n1000_rep0930,3,PoorOverlap,1000,930,104300930,204300930,remaining_formal_grid,COMPLETE_FORMAL_CASE,585
g3_PoorOverlap_n1000_rep0931,3,PoorOverlap,1000,931,104300931,204300931,remaining_formal_grid,COMPLETE_FORMAL_CASE,585
g3_PoorOverlap_n1000_rep0932,3,PoorOverlap,1000,932,104300932,204300932,remaining_formal_grid,COMPLETE_FORMAL_CASE,586
g3_PoorOverlap_n1000_rep0933,3,PoorOverlap,1000,933,104300933,204300933,remaining_formal_grid,COMPLETE_FORMAL_CASE,586
g3_PoorOverlap_n1000_rep0934,3,PoorOverlap,1000,934,104300934,204300934,remaining_formal_grid,COMPLETE_FORMAL_CASE,586
g3_PoorOverlap_n1000_rep0935,3,PoorOverlap,1000,935,104300935,204300935,remaining_formal_grid,COMPLETE_FORMAL_CASE,586
g3_PoorOverlap_n1000_rep0936,3,PoorOverlap,1000,936,104300936,204300936,remaining_formal_grid,COMPLETE_FORMAL_CASE,586
g3_PoorOverlap_n1000_rep0937,3,PoorOverlap,1000,937,104300937,204300937,remaining_formal_grid,COMPLETE_FORMAL_CASE,587
g3_PoorOverlap_n1000_rep0938,3,PoorOverlap,1000,938,104300938,204300938,remaining_formal_grid,COMPLETE_FORMAL_CASE,587
g3_PoorOverlap_n1000_rep0939,3,PoorOverlap,1000,939,104300939,204300939,remaining_formal_grid,COMPLETE_FORMAL_CASE,587
g3_PoorOverlap_n1000_rep0940,3,PoorOverlap,1000,940,104300940,204300940,remaining_formal_grid,COMPLETE_FORMAL_CASE,587
g3_PoorOverlap_n1000_rep0941,3,PoorOverlap,1000,941,104300941,204300941,remaining_formal_grid,COMPLETE_FORMAL_CASE,587
g3_PoorOverlap_n1000_rep0942,3,PoorOverlap,1000,942,104300942,204300942,remaining_formal_grid,COMPLETE_FORMAL_CASE,588
g3_PoorOverlap_n1000_rep0943,3,PoorOverlap,1000,943,104300943,204300943,remaining_formal_grid,COMPLETE_FORMAL_CASE,588
g3_PoorOverlap_n1000_rep0944,3,PoorOverlap,1000,944,104300944,204300944,remaining_formal_grid,COMPLETE_FORMAL_CASE,588
g3_PoorOverlap_n1000_rep0945,3,PoorOverlap,1000,945,104300945,204300945,remaining_formal_grid,COMPLETE_FORMAL_CASE,588
g3_PoorOverlap_n1000_rep0946,3,PoorOverlap,1000,946,104300946,204300946,remaining_formal_grid,COMPLETE_FORMAL_CASE,588
g3_PoorOverlap_n1000_rep0947,3,PoorOverlap,1000,947,104300947,204300947,remaining_formal_grid,COMPLETE_FORMAL_CASE,589
g3_PoorOverlap_n1000_rep0948,3,PoorOverlap,1000,948,104300948,204300948,remaining_formal_grid,COMPLETE_FORMAL_CASE,589
g3_PoorOverlap_n1000_rep0949,3,PoorOverlap,1000,949,104300949,204300949,remaining_formal_grid,COMPLETE_FORMAL_CASE,589
g3_PoorOverlap_n1000_rep0950,3,PoorOverlap,1000,950,104300950,204300950,remaining_formal_grid,COMPLETE_FORMAL_CASE,589
g3_PoorOverlap_n1000_rep0951,3,PoorOverlap,1000,951,104300951,204300951,remaining_formal_grid,COMPLETE_FORMAL_CASE,589
g3_PoorOverlap_n1000_rep0952,3,PoorOverlap,1000,952,104300952,204300952,remaining_formal_grid,COMPLETE_FORMAL_CASE,590
g3_PoorOverlap_n1000_rep0953,3,PoorOverlap,1000,953,104300953,204300953,remaining_formal_grid,COMPLETE_FORMAL_CASE,590
g3_PoorOverlap_n1000_rep0954,3,PoorOverlap,1000,954,104300954,204300954,remaining_formal_grid,COMPLETE_FORMAL_CASE,590
g3_PoorOverlap_n1000_rep0955,3,PoorOverlap,1000,955,104300955,204300955,remaining_formal_grid,COMPLETE_FORMAL_CASE,590
g3_PoorOverlap_n1000_rep0956,3,PoorOverlap,1000,956,104300956,204300956,remaining_formal_grid,COMPLETE_FORMAL_CASE,590
g3_PoorOverlap_n1000_rep0957,3,PoorOverlap,1000,957,104300957,204300957,remaining_formal_grid,COMPLETE_FORMAL_CASE,591
g3_PoorOverlap_n1000_rep0958,3,PoorOverlap,1000,958,104300958,204300958,remaining_formal_grid,COMPLETE_FORMAL_CASE,591
g3_PoorOverlap_n1000_rep0959,3,PoorOverlap,1000,959,104300959,204300959,remaining_formal_grid,COMPLETE_FORMAL_CASE,591
g3_PoorOverlap_n1000_rep0960,3,PoorOverlap,1000,960,104300960,204300960,remaining_formal_grid,COMPLETE_FORMAL_CASE,591
g3_PoorOverlap_n1000_rep0961,3,PoorOverlap,1000,961,104300961,204300961,remaining_formal_grid,COMPLETE_FORMAL_CASE,591
g3_PoorOverlap_n1000_rep0962,3,PoorOverlap,1000,962,104300962,204300962,remaining_formal_grid,COMPLETE_FORMAL_CASE,592
g3_PoorOverlap_n1000_rep0963,3,PoorOverlap,1000,963,104300963,204300963,remaining_formal_grid,COMPLETE_FORMAL_CASE,592
g3_PoorOverlap_n1000_rep0964,3,PoorOverlap,1000,964,104300964,204300964,remaining_formal_grid,COMPLETE_FORMAL_CASE,592
g3_PoorOverlap_n1000_rep0965,3,PoorOverlap,1000,965,104300965,204300965,remaining_formal_grid,COMPLETE_FORMAL_CASE,592
g3_PoorOverlap_n1000_rep0966,3,PoorOverlap,1000,966,104300966,204300966,remaining_formal_grid,COMPLETE_FORMAL_CASE,592
g3_PoorOverlap_n1000_rep0967,3,PoorOverlap,1000,967,104300967,204300967,remaining_formal_grid,COMPLETE_FORMAL_CASE,593
g3_PoorOverlap_n1000_rep0968,3,PoorOverlap,1000,968,104300968,204300968,remaining_formal_grid,COMPLETE_FORMAL_CASE,593
g3_PoorOverlap_n1000_rep0969,3,PoorOverlap,1000,969,104300969,204300969,remaining_formal_grid,COMPLETE_FORMAL_CASE,593
g3_PoorOverlap_n1000_rep0970,3,PoorOverlap,1000,970,104300970,204300970,remaining_formal_grid,COMPLETE_FORMAL_CASE,593
g3_PoorOverlap_n1000_rep0971,3,PoorOverlap,1000,971,104300971,204300971,remaining_formal_grid,COMPLETE_FORMAL_CASE,593
g3_PoorOverlap_n1000_rep0972,3,PoorOverlap,1000,972,104300972,204300972,remaining_formal_grid,COMPLETE_FORMAL_CASE,594
g3_PoorOverlap_n1000_rep0973,3,PoorOverlap,1000,973,104300973,204300973,remaining_formal_grid,COMPLETE_FORMAL_CASE,594
g3_PoorOverlap_n1000_rep0974,3,PoorOverlap,1000,974,104300974,204300974,remaining_formal_grid,COMPLETE_FORMAL_CASE,594
g3_PoorOverlap_n1000_rep0975,3,PoorOverlap,1000,975,104300975,204300975,remaining_formal_grid,COMPLETE_FORMAL_CASE,594
g3_PoorOverlap_n1000_rep0976,3,PoorOverlap,1000,976,104300976,204300976,remaining_formal_grid,COMPLETE_FORMAL_CASE,594
g3_PoorOverlap_n1000_rep0977,3,PoorOverlap,1000,977,104300977,204300977,remaining_formal_grid,COMPLETE_FORMAL_CASE,595
g3_PoorOverlap_n1000_rep0978,3,PoorOverlap,1000,978,104300978,204300978,remaining_formal_grid,COMPLETE_FORMAL_CASE,595
g3_PoorOverlap_n1000_rep0979,3,PoorOverlap,1000,979,104300979,204300979,remaining_formal_grid,COMPLETE_FORMAL_CASE,595
g3_PoorOverlap_n1000_rep0980,3,PoorOverlap,1000,980,104300980,204300980,remaining_formal_grid,COMPLETE_FORMAL_CASE,595
g3_PoorOverlap_n1000_rep0981,3,PoorOverlap,1000,981,104300981,204300981,remaining_formal_grid,COMPLETE_FORMAL_CASE,595
g3_PoorOverlap_n1000_rep0982,3,PoorOverlap,1000,982,104300982,204300982,remaining_formal_grid,COMPLETE_FORMAL_CASE,596
g3_PoorOverlap_n1000_rep0983,3,PoorOverlap,1000,983,104300983,204300983,remaining_formal_grid,COMPLETE_FORMAL_CASE,596
g3_PoorOverlap_n1000_rep0984,3,PoorOverlap,1000,984,104300984,204300984,remaining_formal_grid,COMPLETE_FORMAL_CASE,596
g3_PoorOverlap_n1000_rep0985,3,PoorOverlap,1000,985,104300985,204300985,remaining_formal_grid,COMPLETE_FORMAL_CASE,596
g3_PoorOverlap_n1000_rep0986,3,PoorOverlap,1000,986,104300986,204300986,remaining_formal_grid,COMPLETE_FORMAL_CASE,596
g3_PoorOverlap_n1000_rep0987,3,PoorOverlap,1000,987,104300987,204300987,remaining_formal_grid,COMPLETE_FORMAL_CASE,597
g3_PoorOverlap_n1000_rep0988,3,PoorOverlap,1000,988,104300988,204300988,remaining_formal_grid,COMPLETE_FORMAL_CASE,597
g3_PoorOverlap_n1000_rep0989,3,PoorOverlap,1000,989,104300989,204300989,remaining_formal_grid,COMPLETE_FORMAL_CASE,597
g3_PoorOverlap_n1000_rep0990,3,PoorOverlap,1000,990,104300990,204300990,remaining_formal_grid,COMPLETE_FORMAL_CASE,597
g3_PoorOverlap_n1000_rep0991,3,PoorOverlap,1000,991,104300991,204300991,remaining_formal_grid,COMPLETE_FORMAL_CASE,597
g3_PoorOverlap_n1000_rep0992,3,PoorOverlap,1000,992,104300992,204300992,remaining_formal_grid,COMPLETE_FORMAL_CASE,598
g3_PoorOverlap_n1000_rep0993,3,PoorOverlap,1000,993,104300993,204300993,remaining_formal_grid,COMPLETE_FORMAL_CASE,598
g3_PoorOverlap_n1000_rep0994,3,PoorOverlap,1000,994,104300994,204300994,remaining_formal_grid,COMPLETE_FORMAL_CASE,598
g3_PoorOverlap_n1000_rep0995,3,PoorOverlap,1000,995,104300995,204300995,remaining_formal_grid,COMPLETE_FORMAL_CASE,598
g3_PoorOverlap_n1000_rep0996,3,PoorOverlap,1000,996,104300996,204300996,remaining_formal_grid,COMPLETE_FORMAL_CASE,598
g3_PoorOverlap_n1000_rep0997,3,PoorOverlap,1000,997,104300997,204300997,remaining_formal_grid,COMPLETE_FORMAL_CASE,599
g3_PoorOverlap_n1000_rep0998,3,PoorOverlap,1000,998,104300998,204300998,remaining_formal_grid,COMPLETE_FORMAL_CASE,599
g3_PoorOverlap_n1000_rep0999,3,PoorOverlap,1000,999,104300999,204300999,remaining_formal_grid,COMPLETE_FORMAL_CASE,599
g3_PoorOverlap_n1000_rep1000,3,PoorOverlap,1000,1000,104301000,204301000,remaining_formal_grid,COMPLETE_FORMAL_CASE,599
g4_PoorOverlap_n5000_rep0001,4,PoorOverlap,5000,1,104400001,204400001,remaining_formal_grid,COMPLETE_FORMAL_CASE,599
g4_PoorOverlap_n5000_rep0002,4,PoorOverlap,5000,2,104400002,204400002,remaining_formal_grid,COMPLETE_FORMAL_CASE,600
g4_PoorOverlap_n5000_rep0003,4,PoorOverlap,5000,3,104400003,204400003,remaining_formal_grid,COMPLETE_FORMAL_CASE,600
g4_PoorOverlap_n5000_rep0004,4,PoorOverlap,5000,4,104400004,204400004,remaining_formal_grid,COMPLETE_FORMAL_CASE,600
g4_PoorOverlap_n5000_rep0005,4,PoorOverlap,5000,5,104400005,204400005,remaining_formal_grid,COMPLETE_FORMAL_CASE,600
g4_PoorOverlap_n5000_rep0006,4,PoorOverlap,5000,6,104400006,204400006,remaining_formal_grid,COMPLETE_FORMAL_CASE,600
g4_PoorOverlap_n5000_rep0007,4,PoorOverlap,5000,7,104400007,204400007,remaining_formal_grid,COMPLETE_FORMAL_CASE,601
g4_PoorOverlap_n5000_rep0008,4,PoorOverlap,5000,8,104400008,204400008,remaining_formal_grid,COMPLETE_FORMAL_CASE,601
g4_PoorOverlap_n5000_rep0009,4,PoorOverlap,5000,9,104400009,204400009,remaining_formal_grid,COMPLETE_FORMAL_CASE,601
g4_PoorOverlap_n5000_rep0010,4,PoorOverlap,5000,10,104400010,204400010,remaining_formal_grid,COMPLETE_FORMAL_CASE,601
g4_PoorOverlap_n5000_rep0011,4,PoorOverlap,5000,11,104400011,204400011,remaining_formal_grid,COMPLETE_FORMAL_CASE,601
g4_PoorOverlap_n5000_rep0012,4,PoorOverlap,5000,12,104400012,204400012,remaining_formal_grid,COMPLETE_FORMAL_CASE,602
g4_PoorOverlap_n5000_rep0013,4,PoorOverlap,5000,13,104400013,204400013,remaining_formal_grid,COMPLETE_FORMAL_CASE,602
g4_PoorOverlap_n5000_rep0014,4,PoorOverlap,5000,14,104400014,204400014,remaining_formal_grid,COMPLETE_FORMAL_CASE,602
g4_PoorOverlap_n5000_rep0015,4,PoorOverlap,5000,15,104400015,204400015,remaining_formal_grid,COMPLETE_FORMAL_CASE,602
g4_PoorOverlap_n5000_rep0016,4,PoorOverlap,5000,16,104400016,204400016,remaining_formal_grid,COMPLETE_FORMAL_CASE,602
g4_PoorOverlap_n5000_rep0017,4,PoorOverlap,5000,17,104400017,204400017,remaining_formal_grid,COMPLETE_FORMAL_CASE,603
g4_PoorOverlap_n5000_rep0018,4,PoorOverlap,5000,18,104400018,204400018,remaining_formal_grid,COMPLETE_FORMAL_CASE,603
g4_PoorOverlap_n5000_rep0019,4,PoorOverlap,5000,19,104400019,204400019,remaining_formal_grid,COMPLETE_FORMAL_CASE,603
g4_PoorOverlap_n5000_rep0020,4,PoorOverlap,5000,20,104400020,204400020,remaining_formal_grid,COMPLETE_FORMAL_CASE,603
g4_PoorOverlap_n5000_rep0021,4,PoorOverlap,5000,21,104400021,204400021,remaining_formal_grid,COMPLETE_FORMAL_CASE,603
g4_PoorOverlap_n5000_rep0022,4,PoorOverlap,5000,22,104400022,204400022,remaining_formal_grid,COMPLETE_FORMAL_CASE,604
g4_PoorOverlap_n5000_rep0023,4,PoorOverlap,5000,23,104400023,204400023,remaining_formal_grid,COMPLETE_FORMAL_CASE,604
g4_PoorOverlap_n5000_rep0024,4,PoorOverlap,5000,24,104400024,204400024,remaining_formal_grid,COMPLETE_FORMAL_CASE,604
g4_PoorOverlap_n5000_rep0025,4,PoorOverlap,5000,25,104400025,204400025,remaining_formal_grid,COMPLETE_FORMAL_CASE,604
g4_PoorOverlap_n5000_rep0026,4,PoorOverlap,5000,26,104400026,204400026,remaining_formal_grid,COMPLETE_FORMAL_CASE,604
g4_PoorOverlap_n5000_rep0027,4,PoorOverlap,5000,27,104400027,204400027,remaining_formal_grid,COMPLETE_FORMAL_CASE,605
g4_PoorOverlap_n5000_rep0028,4,PoorOverlap,5000,28,104400028,204400028,remaining_formal_grid,COMPLETE_FORMAL_CASE,605
g4_PoorOverlap_n5000_rep0029,4,PoorOverlap,5000,29,104400029,204400029,remaining_formal_grid,COMPLETE_FORMAL_CASE,605
g4_PoorOverlap_n5000_rep0030,4,PoorOverlap,5000,30,104400030,204400030,remaining_formal_grid,COMPLETE_FORMAL_CASE,605
g4_PoorOverlap_n5000_rep0031,4,PoorOverlap,5000,31,104400031,204400031,remaining_formal_grid,COMPLETE_FORMAL_CASE,605
g4_PoorOverlap_n5000_rep0032,4,PoorOverlap,5000,32,104400032,204400032,remaining_formal_grid,COMPLETE_FORMAL_CASE,606
g4_PoorOverlap_n5000_rep0033,4,PoorOverlap,5000,33,104400033,204400033,remaining_formal_grid,COMPLETE_FORMAL_CASE,606
g4_PoorOverlap_n5000_rep0034,4,PoorOverlap,5000,34,104400034,204400034,remaining_formal_grid,COMPLETE_FORMAL_CASE,606
g4_PoorOverlap_n5000_rep0035,4,PoorOverlap,5000,35,104400035,204400035,remaining_formal_grid,COMPLETE_FORMAL_CASE,606
g4_PoorOverlap_n5000_rep0036,4,PoorOverlap,5000,36,104400036,204400036,remaining_formal_grid,COMPLETE_FORMAL_CASE,606
g4_PoorOverlap_n5000_rep0037,4,PoorOverlap,5000,37,104400037,204400037,remaining_formal_grid,COMPLETE_FORMAL_CASE,607
g4_PoorOverlap_n5000_rep0038,4,PoorOverlap,5000,38,104400038,204400038,remaining_formal_grid,COMPLETE_FORMAL_CASE,607
g4_PoorOverlap_n5000_rep0039,4,PoorOverlap,5000,39,104400039,204400039,remaining_formal_grid,COMPLETE_FORMAL_CASE,607
g4_PoorOverlap_n5000_rep0040,4,PoorOverlap,5000,40,104400040,204400040,remaining_formal_grid,COMPLETE_FORMAL_CASE,607
g4_PoorOverlap_n5000_rep0041,4,PoorOverlap,5000,41,104400041,204400041,remaining_formal_grid,COMPLETE_FORMAL_CASE,607
g4_PoorOverlap_n5000_rep0042,4,PoorOverlap,5000,42,104400042,204400042,remaining_formal_grid,COMPLETE_FORMAL_CASE,608
g4_PoorOverlap_n5000_rep0043,4,PoorOverlap,5000,43,104400043,204400043,remaining_formal_grid,COMPLETE_FORMAL_CASE,608
g4_PoorOverlap_n5000_rep0044,4,PoorOverlap,5000,44,104400044,204400044,remaining_formal_grid,COMPLETE_FORMAL_CASE,608
g4_PoorOverlap_n5000_rep0045,4,PoorOverlap,5000,45,104400045,204400045,remaining_formal_grid,COMPLETE_FORMAL_CASE,608
g4_PoorOverlap_n5000_rep0046,4,PoorOverlap,5000,46,104400046,204400046,remaining_formal_grid,COMPLETE_FORMAL_CASE,608
g4_PoorOverlap_n5000_rep0047,4,PoorOverlap,5000,47,104400047,204400047,remaining_formal_grid,COMPLETE_FORMAL_CASE,609
g4_PoorOverlap_n5000_rep0048,4,PoorOverlap,5000,48,104400048,204400048,remaining_formal_grid,COMPLETE_FORMAL_CASE,609
g4_PoorOverlap_n5000_rep0049,4,PoorOverlap,5000,49,104400049,204400049,remaining_formal_grid,COMPLETE_FORMAL_CASE,609
g4_PoorOverlap_n5000_rep0050,4,PoorOverlap,5000,50,104400050,204400050,remaining_formal_grid,COMPLETE_FORMAL_CASE,609
g4_PoorOverlap_n5000_rep0051,4,PoorOverlap,5000,51,104400051,204400051,remaining_formal_grid,COMPLETE_FORMAL_CASE,609
g4_PoorOverlap_n5000_rep0052,4,PoorOverlap,5000,52,104400052,204400052,remaining_formal_grid,COMPLETE_FORMAL_CASE,610
g4_PoorOverlap_n5000_rep0053,4,PoorOverlap,5000,53,104400053,204400053,remaining_formal_grid,COMPLETE_FORMAL_CASE,610
g4_PoorOverlap_n5000_rep0054,4,PoorOverlap,5000,54,104400054,204400054,remaining_formal_grid,COMPLETE_FORMAL_CASE,610
g4_PoorOverlap_n5000_rep0055,4,PoorOverlap,5000,55,104400055,204400055,remaining_formal_grid,COMPLETE_FORMAL_CASE,610
g4_PoorOverlap_n5000_rep0056,4,PoorOverlap,5000,56,104400056,204400056,remaining_formal_grid,COMPLETE_FORMAL_CASE,610
g4_PoorOverlap_n5000_rep0057,4,PoorOverlap,5000,57,104400057,204400057,remaining_formal_grid,COMPLETE_FORMAL_CASE,611
g4_PoorOverlap_n5000_rep0058,4,PoorOverlap,5000,58,104400058,204400058,remaining_formal_grid,COMPLETE_FORMAL_CASE,611
g4_PoorOverlap_n5000_rep0059,4,PoorOverlap,5000,59,104400059,204400059,remaining_formal_grid,COMPLETE_FORMAL_CASE,611
g4_PoorOverlap_n5000_rep0060,4,PoorOverlap,5000,60,104400060,204400060,remaining_formal_grid,COMPLETE_FORMAL_CASE,611
g4_PoorOverlap_n5000_rep0061,4,PoorOverlap,5000,61,104400061,204400061,remaining_formal_grid,COMPLETE_FORMAL_CASE,611
g4_PoorOverlap_n5000_rep0062,4,PoorOverlap,5000,62,104400062,204400062,remaining_formal_grid,COMPLETE_FORMAL_CASE,612
g4_PoorOverlap_n5000_rep0063,4,PoorOverlap,5000,63,104400063,204400063,remaining_formal_grid,COMPLETE_FORMAL_CASE,612
g4_PoorOverlap_n5000_rep0064,4,PoorOverlap,5000,64,104400064,204400064,remaining_formal_grid,COMPLETE_FORMAL_CASE,612
g4_PoorOverlap_n5000_rep0065,4,PoorOverlap,5000,65,104400065,204400065,remaining_formal_grid,COMPLETE_FORMAL_CASE,612
g4_PoorOverlap_n5000_rep0066,4,PoorOverlap,5000,66,104400066,204400066,remaining_formal_grid,COMPLETE_FORMAL_CASE,612
g4_PoorOverlap_n5000_rep0067,4,PoorOverlap,5000,67,104400067,204400067,remaining_formal_grid,COMPLETE_FORMAL_CASE,613
g4_PoorOverlap_n5000_rep0068,4,PoorOverlap,5000,68,104400068,204400068,remaining_formal_grid,COMPLETE_FORMAL_CASE,613
g4_PoorOverlap_n5000_rep0069,4,PoorOverlap,5000,69,104400069,204400069,remaining_formal_grid,COMPLETE_FORMAL_CASE,613
g4_PoorOverlap_n5000_rep0070,4,PoorOverlap,5000,70,104400070,204400070,remaining_formal_grid,COMPLETE_FORMAL_CASE,613
g4_PoorOverlap_n5000_rep0071,4,PoorOverlap,5000,71,104400071,204400071,remaining_formal_grid,COMPLETE_FORMAL_CASE,613
g4_PoorOverlap_n5000_rep0072,4,PoorOverlap,5000,72,104400072,204400072,remaining_formal_grid,COMPLETE_FORMAL_CASE,614
g4_PoorOverlap_n5000_rep0073,4,PoorOverlap,5000,73,104400073,204400073,remaining_formal_grid,COMPLETE_FORMAL_CASE,614
g4_PoorOverlap_n5000_rep0074,4,PoorOverlap,5000,74,104400074,204400074,remaining_formal_grid,COMPLETE_FORMAL_CASE,614
g4_PoorOverlap_n5000_rep0075,4,PoorOverlap,5000,75,104400075,204400075,remaining_formal_grid,COMPLETE_FORMAL_CASE,614
g4_PoorOverlap_n5000_rep0076,4,PoorOverlap,5000,76,104400076,204400076,remaining_formal_grid,COMPLETE_FORMAL_CASE,614
g4_PoorOverlap_n5000_rep0077,4,PoorOverlap,5000,77,104400077,204400077,remaining_formal_grid,COMPLETE_FORMAL_CASE,615
g4_PoorOverlap_n5000_rep0078,4,PoorOverlap,5000,78,104400078,204400078,remaining_formal_grid,COMPLETE_FORMAL_CASE,615
g4_PoorOverlap_n5000_rep0079,4,PoorOverlap,5000,79,104400079,204400079,remaining_formal_grid,COMPLETE_FORMAL_CASE,615
g4_PoorOverlap_n5000_rep0080,4,PoorOverlap,5000,80,104400080,204400080,remaining_formal_grid,COMPLETE_FORMAL_CASE,615
g4_PoorOverlap_n5000_rep0081,4,PoorOverlap,5000,81,104400081,204400081,remaining_formal_grid,COMPLETE_FORMAL_CASE,615
g4_PoorOverlap_n5000_rep0082,4,PoorOverlap,5000,82,104400082,204400082,remaining_formal_grid,COMPLETE_FORMAL_CASE,616
g4_PoorOverlap_n5000_rep0083,4,PoorOverlap,5000,83,104400083,204400083,remaining_formal_grid,COMPLETE_FORMAL_CASE,616
g4_PoorOverlap_n5000_rep0084,4,PoorOverlap,5000,84,104400084,204400084,remaining_formal_grid,COMPLETE_FORMAL_CASE,616
g4_PoorOverlap_n5000_rep0085,4,PoorOverlap,5000,85,104400085,204400085,remaining_formal_grid,COMPLETE_FORMAL_CASE,616
g4_PoorOverlap_n5000_rep0086,4,PoorOverlap,5000,86,104400086,204400086,remaining_formal_grid,COMPLETE_FORMAL_CASE,616
g4_PoorOverlap_n5000_rep0087,4,PoorOverlap,5000,87,104400087,204400087,remaining_formal_grid,COMPLETE_FORMAL_CASE,617
g4_PoorOverlap_n5000_rep0088,4,PoorOverlap,5000,88,104400088,204400088,remaining_formal_grid,COMPLETE_FORMAL_CASE,617
g4_PoorOverlap_n5000_rep0089,4,PoorOverlap,5000,89,104400089,204400089,remaining_formal_grid,COMPLETE_FORMAL_CASE,617
g4_PoorOverlap_n5000_rep0090,4,PoorOverlap,5000,90,104400090,204400090,remaining_formal_grid,COMPLETE_FORMAL_CASE,617
g4_PoorOverlap_n5000_rep0091,4,PoorOverlap,5000,91,104400091,204400091,remaining_formal_grid,COMPLETE_FORMAL_CASE,617
g4_PoorOverlap_n5000_rep0092,4,PoorOverlap,5000,92,104400092,204400092,remaining_formal_grid,COMPLETE_FORMAL_CASE,618
g4_PoorOverlap_n5000_rep0093,4,PoorOverlap,5000,93,104400093,204400093,remaining_formal_grid,COMPLETE_FORMAL_CASE,618
g4_PoorOverlap_n5000_rep0094,4,PoorOverlap,5000,94,104400094,204400094,remaining_formal_grid,COMPLETE_FORMAL_CASE,618
g4_PoorOverlap_n5000_rep0095,4,PoorOverlap,5000,95,104400095,204400095,remaining_formal_grid,COMPLETE_FORMAL_CASE,618
g4_PoorOverlap_n5000_rep0096,4,PoorOverlap,5000,96,104400096,204400096,remaining_formal_grid,COMPLETE_FORMAL_CASE,618
g4_PoorOverlap_n5000_rep0097,4,PoorOverlap,5000,97,104400097,204400097,remaining_formal_grid,COMPLETE_FORMAL_CASE,619
g4_PoorOverlap_n5000_rep0098,4,PoorOverlap,5000,98,104400098,204400098,remaining_formal_grid,COMPLETE_FORMAL_CASE,619
g4_PoorOverlap_n5000_rep0099,4,PoorOverlap,5000,99,104400099,204400099,remaining_formal_grid,COMPLETE_FORMAL_CASE,619
g4_PoorOverlap_n5000_rep0100,4,PoorOverlap,5000,100,104400100,204400100,remaining_formal_grid,COMPLETE_FORMAL_CASE,619
g4_PoorOverlap_n5000_rep0101,4,PoorOverlap,5000,101,104400101,204400101,remaining_formal_grid,COMPLETE_FORMAL_CASE,619
g4_PoorOverlap_n5000_rep0102,4,PoorOverlap,5000,102,104400102,204400102,remaining_formal_grid,COMPLETE_FORMAL_CASE,620
g4_PoorOverlap_n5000_rep0103,4,PoorOverlap,5000,103,104400103,204400103,remaining_formal_grid,COMPLETE_FORMAL_CASE,620
g4_PoorOverlap_n5000_rep0104,4,PoorOverlap,5000,104,104400104,204400104,remaining_formal_grid,COMPLETE_FORMAL_CASE,620
g4_PoorOverlap_n5000_rep0105,4,PoorOverlap,5000,105,104400105,204400105,remaining_formal_grid,COMPLETE_FORMAL_CASE,620
g4_PoorOverlap_n5000_rep0106,4,PoorOverlap,5000,106,104400106,204400106,remaining_formal_grid,COMPLETE_FORMAL_CASE,620
g4_PoorOverlap_n5000_rep0107,4,PoorOverlap,5000,107,104400107,204400107,remaining_formal_grid,COMPLETE_FORMAL_CASE,621
g4_PoorOverlap_n5000_rep0108,4,PoorOverlap,5000,108,104400108,204400108,remaining_formal_grid,COMPLETE_FORMAL_CASE,621
g4_PoorOverlap_n5000_rep0109,4,PoorOverlap,5000,109,104400109,204400109,remaining_formal_grid,COMPLETE_FORMAL_CASE,621
g4_PoorOverlap_n5000_rep0110,4,PoorOverlap,5000,110,104400110,204400110,remaining_formal_grid,COMPLETE_FORMAL_CASE,621
g4_PoorOverlap_n5000_rep0111,4,PoorOverlap,5000,111,104400111,204400111,remaining_formal_grid,COMPLETE_FORMAL_CASE,621
g4_PoorOverlap_n5000_rep0112,4,PoorOverlap,5000,112,104400112,204400112,remaining_formal_grid,COMPLETE_FORMAL_CASE,622
g4_PoorOverlap_n5000_rep0113,4,PoorOverlap,5000,113,104400113,204400113,remaining_formal_grid,COMPLETE_FORMAL_CASE,622
g4_PoorOverlap_n5000_rep0114,4,PoorOverlap,5000,114,104400114,204400114,remaining_formal_grid,COMPLETE_FORMAL_CASE,622
g4_PoorOverlap_n5000_rep0115,4,PoorOverlap,5000,115,104400115,204400115,remaining_formal_grid,COMPLETE_FORMAL_CASE,622
g4_PoorOverlap_n5000_rep0116,4,PoorOverlap,5000,116,104400116,204400116,remaining_formal_grid,COMPLETE_FORMAL_CASE,622
g4_PoorOverlap_n5000_rep0117,4,PoorOverlap,5000,117,104400117,204400117,remaining_formal_grid,COMPLETE_FORMAL_CASE,623
g4_PoorOverlap_n5000_rep0118,4,PoorOverlap,5000,118,104400118,204400118,remaining_formal_grid,COMPLETE_FORMAL_CASE,623
g4_PoorOverlap_n5000_rep0119,4,PoorOverlap,5000,119,104400119,204400119,remaining_formal_grid,COMPLETE_FORMAL_CASE,623
g4_PoorOverlap_n5000_rep0120,4,PoorOverlap,5000,120,104400120,204400120,remaining_formal_grid,COMPLETE_FORMAL_CASE,623
g4_PoorOverlap_n5000_rep0121,4,PoorOverlap,5000,121,104400121,204400121,remaining_formal_grid,COMPLETE_FORMAL_CASE,623
g4_PoorOverlap_n5000_rep0122,4,PoorOverlap,5000,122,104400122,204400122,remaining_formal_grid,COMPLETE_FORMAL_CASE,624
g4_PoorOverlap_n5000_rep0123,4,PoorOverlap,5000,123,104400123,204400123,remaining_formal_grid,COMPLETE_FORMAL_CASE,624
g4_PoorOverlap_n5000_rep0124,4,PoorOverlap,5000,124,104400124,204400124,remaining_formal_grid,COMPLETE_FORMAL_CASE,624
g4_PoorOverlap_n5000_rep0125,4,PoorOverlap,5000,125,104400125,204400125,remaining_formal_grid,COMPLETE_FORMAL_CASE,624
g4_PoorOverlap_n5000_rep0126,4,PoorOverlap,5000,126,104400126,204400126,remaining_formal_grid,COMPLETE_FORMAL_CASE,624
g4_PoorOverlap_n5000_rep0127,4,PoorOverlap,5000,127,104400127,204400127,remaining_formal_grid,COMPLETE_FORMAL_CASE,625
g4_PoorOverlap_n5000_rep0128,4,PoorOverlap,5000,128,104400128,204400128,remaining_formal_grid,COMPLETE_FORMAL_CASE,625
g4_PoorOverlap_n5000_rep0129,4,PoorOverlap,5000,129,104400129,204400129,remaining_formal_grid,COMPLETE_FORMAL_CASE,625
g4_PoorOverlap_n5000_rep0130,4,PoorOverlap,5000,130,104400130,204400130,remaining_formal_grid,COMPLETE_FORMAL_CASE,625
g4_PoorOverlap_n5000_rep0131,4,PoorOverlap,5000,131,104400131,204400131,remaining_formal_grid,COMPLETE_FORMAL_CASE,625
g4_PoorOverlap_n5000_rep0132,4,PoorOverlap,5000,132,104400132,204400132,remaining_formal_grid,COMPLETE_FORMAL_CASE,626
g4_PoorOverlap_n5000_rep0133,4,PoorOverlap,5000,133,104400133,204400133,remaining_formal_grid,COMPLETE_FORMAL_CASE,626
g4_PoorOverlap_n5000_rep0134,4,PoorOverlap,5000,134,104400134,204400134,remaining_formal_grid,COMPLETE_FORMAL_CASE,626
g4_PoorOverlap_n5000_rep0135,4,PoorOverlap,5000,135,104400135,204400135,remaining_formal_grid,COMPLETE_FORMAL_CASE,626
g4_PoorOverlap_n5000_rep0136,4,PoorOverlap,5000,136,104400136,204400136,remaining_formal_grid,COMPLETE_FORMAL_CASE,626
g4_PoorOverlap_n5000_rep0137,4,PoorOverlap,5000,137,104400137,204400137,original_case_adopted_from_incomplete_batch,COMPLETE_FORMAL_CASE,627
g4_PoorOverlap_n5000_rep0138,4,PoorOverlap,5000,138,104400138,204400138,original_case_adopted_from_incomplete_batch,COMPLETE_FORMAL_CASE,627
g4_PoorOverlap_n5000_rep0139,4,PoorOverlap,5000,139,104400139,204400139,original_case_adopted_from_incomplete_batch,COMPLETE_FORMAL_CASE,627
g4_PoorOverlap_n5000_rep0140,4,PoorOverlap,5000,140,104400140,204400140,saved_complete_engine_adopted_after_monitor_failure,COMPLETE_FORMAL_CASE,627
g4_PoorOverlap_n5000_rep0141,4,PoorOverlap,5000,141,104400141,204400141,monitor_recovery,COMPLETE_FORMAL_CASE,627
g4_PoorOverlap_n5000_rep0142,4,PoorOverlap,5000,142,104400142,204400142,original_case_adopted_from_incomplete_batch,COMPLETE_FORMAL_CASE,628
g4_PoorOverlap_n5000_rep0143,4,PoorOverlap,5000,143,104400143,204400143,original_case_adopted_from_incomplete_batch,COMPLETE_FORMAL_CASE,628
g4_PoorOverlap_n5000_rep0144,4,PoorOverlap,5000,144,104400144,204400144,original_case_adopted_from_incomplete_batch,COMPLETE_FORMAL_CASE,628
g4_PoorOverlap_n5000_rep0145,4,PoorOverlap,5000,145,104400145,204400145,saved_complete_engine_adopted_after_monitor_failure,COMPLETE_FORMAL_CASE,628
g4_PoorOverlap_n5000_rep0146,4,PoorOverlap,5000,146,104400146,204400146,monitor_recovery,COMPLETE_FORMAL_CASE,628
g4_PoorOverlap_n5000_rep0147,4,PoorOverlap,5000,147,104400147,204400147,original_case_adopted_from_incomplete_batch,COMPLETE_FORMAL_CASE,629
g4_PoorOverlap_n5000_rep0148,4,PoorOverlap,5000,148,104400148,204400148,original_case_adopted_from_incomplete_batch,COMPLETE_FORMAL_CASE,629
g4_PoorOverlap_n5000_rep0149,4,PoorOverlap,5000,149,104400149,204400149,original_case_adopted_from_incomplete_batch,COMPLETE_FORMAL_CASE,629
g4_PoorOverlap_n5000_rep0150,4,PoorOverlap,5000,150,104400150,204400150,saved_complete_engine_adopted_after_monitor_failure,COMPLETE_FORMAL_CASE,629
g4_PoorOverlap_n5000_rep0151,4,PoorOverlap,5000,151,104400151,204400151,monitor_recovery,COMPLETE_FORMAL_CASE,629
g4_PoorOverlap_n5000_rep0152,4,PoorOverlap,5000,152,104400152,204400152,original_case_adopted_from_incomplete_batch,COMPLETE_FORMAL_CASE,630
g4_PoorOverlap_n5000_rep0153,4,PoorOverlap,5000,153,104400153,204400153,original_case_adopted_from_incomplete_batch,COMPLETE_FORMAL_CASE,630
g4_PoorOverlap_n5000_rep0154,4,PoorOverlap,5000,154,104400154,204400154,original_case_adopted_from_incomplete_batch,COMPLETE_FORMAL_CASE,630
g4_PoorOverlap_n5000_rep0155,4,PoorOverlap,5000,155,104400155,204400155,saved_complete_engine_adopted_after_monitor_failure,COMPLETE_FORMAL_CASE,630
g4_PoorOverlap_n5000_rep0156,4,PoorOverlap,5000,156,104400156,204400156,monitor_recovery,COMPLETE_FORMAL_CASE,630
g4_PoorOverlap_n5000_rep0157,4,PoorOverlap,5000,157,104400157,204400157,original_case_adopted_from_incomplete_batch,COMPLETE_FORMAL_CASE,631
g4_PoorOverlap_n5000_rep0158,4,PoorOverlap,5000,158,104400158,204400158,original_case_adopted_from_incomplete_batch,COMPLETE_FORMAL_CASE,631
g4_PoorOverlap_n5000_rep0159,4,PoorOverlap,5000,159,104400159,204400159,original_case_adopted_from_incomplete_batch,COMPLETE_FORMAL_CASE,631
g4_PoorOverlap_n5000_rep0160,4,PoorOverlap,5000,160,104400160,204400160,saved_complete_engine_adopted_after_monitor_failure,COMPLETE_FORMAL_CASE,631
g4_PoorOverlap_n5000_rep0161,4,PoorOverlap,5000,161,104400161,204400161,monitor_recovery,COMPLETE_FORMAL_CASE,631
g4_PoorOverlap_n5000_rep0162,4,PoorOverlap,5000,162,104400162,204400162,remaining_formal_grid,COMPLETE_FORMAL_CASE,632
g4_PoorOverlap_n5000_rep0163,4,PoorOverlap,5000,163,104400163,204400163,remaining_formal_grid,COMPLETE_FORMAL_CASE,632
g4_PoorOverlap_n5000_rep0164,4,PoorOverlap,5000,164,104400164,204400164,remaining_formal_grid,COMPLETE_FORMAL_CASE,632
g4_PoorOverlap_n5000_rep0165,4,PoorOverlap,5000,165,104400165,204400165,remaining_formal_grid,COMPLETE_FORMAL_CASE,632
g4_PoorOverlap_n5000_rep0166,4,PoorOverlap,5000,166,104400166,204400166,remaining_formal_grid,COMPLETE_FORMAL_CASE,632
g4_PoorOverlap_n5000_rep0167,4,PoorOverlap,5000,167,104400167,204400167,remaining_formal_grid,COMPLETE_FORMAL_CASE,633
g4_PoorOverlap_n5000_rep0168,4,PoorOverlap,5000,168,104400168,204400168,remaining_formal_grid,COMPLETE_FORMAL_CASE,633
g4_PoorOverlap_n5000_rep0169,4,PoorOverlap,5000,169,104400169,204400169,remaining_formal_grid,COMPLETE_FORMAL_CASE,633
g4_PoorOverlap_n5000_rep0170,4,PoorOverlap,5000,170,104400170,204400170,remaining_formal_grid,COMPLETE_FORMAL_CASE,633
g4_PoorOverlap_n5000_rep0171,4,PoorOverlap,5000,171,104400171,204400171,remaining_formal_grid,COMPLETE_FORMAL_CASE,633
g4_PoorOverlap_n5000_rep0172,4,PoorOverlap,5000,172,104400172,204400172,remaining_formal_grid,COMPLETE_FORMAL_CASE,634
g4_PoorOverlap_n5000_rep0173,4,PoorOverlap,5000,173,104400173,204400173,remaining_formal_grid,COMPLETE_FORMAL_CASE,634
g4_PoorOverlap_n5000_rep0174,4,PoorOverlap,5000,174,104400174,204400174,remaining_formal_grid,COMPLETE_FORMAL_CASE,634
g4_PoorOverlap_n5000_rep0175,4,PoorOverlap,5000,175,104400175,204400175,remaining_formal_grid,COMPLETE_FORMAL_CASE,634
g4_PoorOverlap_n5000_rep0176,4,PoorOverlap,5000,176,104400176,204400176,remaining_formal_grid,COMPLETE_FORMAL_CASE,634
g4_PoorOverlap_n5000_rep0177,4,PoorOverlap,5000,177,104400177,204400177,remaining_formal_grid,COMPLETE_FORMAL_CASE,635
g4_PoorOverlap_n5000_rep0178,4,PoorOverlap,5000,178,104400178,204400178,remaining_formal_grid,COMPLETE_FORMAL_CASE,635
g4_PoorOverlap_n5000_rep0179,4,PoorOverlap,5000,179,104400179,204400179,remaining_formal_grid,COMPLETE_FORMAL_CASE,635
g4_PoorOverlap_n5000_rep0180,4,PoorOverlap,5000,180,104400180,204400180,remaining_formal_grid,COMPLETE_FORMAL_CASE,635
g4_PoorOverlap_n5000_rep0181,4,PoorOverlap,5000,181,104400181,204400181,remaining_formal_grid,COMPLETE_FORMAL_CASE,635
g4_PoorOverlap_n5000_rep0182,4,PoorOverlap,5000,182,104400182,204400182,remaining_formal_grid,COMPLETE_FORMAL_CASE,636
g4_PoorOverlap_n5000_rep0183,4,PoorOverlap,5000,183,104400183,204400183,remaining_formal_grid,COMPLETE_FORMAL_CASE,636
g4_PoorOverlap_n5000_rep0184,4,PoorOverlap,5000,184,104400184,204400184,remaining_formal_grid,COMPLETE_FORMAL_CASE,636
g4_PoorOverlap_n5000_rep0185,4,PoorOverlap,5000,185,104400185,204400185,remaining_formal_grid,COMPLETE_FORMAL_CASE,636
g4_PoorOverlap_n5000_rep0186,4,PoorOverlap,5000,186,104400186,204400186,remaining_formal_grid,COMPLETE_FORMAL_CASE,636
g4_PoorOverlap_n5000_rep0187,4,PoorOverlap,5000,187,104400187,204400187,remaining_formal_grid,COMPLETE_FORMAL_CASE,637
g4_PoorOverlap_n5000_rep0188,4,PoorOverlap,5000,188,104400188,204400188,remaining_formal_grid,COMPLETE_FORMAL_CASE,637
g4_PoorOverlap_n5000_rep0189,4,PoorOverlap,5000,189,104400189,204400189,remaining_formal_grid,COMPLETE_FORMAL_CASE,637
g4_PoorOverlap_n5000_rep0190,4,PoorOverlap,5000,190,104400190,204400190,remaining_formal_grid,COMPLETE_FORMAL_CASE,637
g4_PoorOverlap_n5000_rep0191,4,PoorOverlap,5000,191,104400191,204400191,remaining_formal_grid,COMPLETE_FORMAL_CASE,637
g4_PoorOverlap_n5000_rep0192,4,PoorOverlap,5000,192,104400192,204400192,remaining_formal_grid,COMPLETE_FORMAL_CASE,638
g4_PoorOverlap_n5000_rep0193,4,PoorOverlap,5000,193,104400193,204400193,remaining_formal_grid,COMPLETE_FORMAL_CASE,638
g4_PoorOverlap_n5000_rep0194,4,PoorOverlap,5000,194,104400194,204400194,remaining_formal_grid,COMPLETE_FORMAL_CASE,638
g4_PoorOverlap_n5000_rep0195,4,PoorOverlap,5000,195,104400195,204400195,remaining_formal_grid,COMPLETE_FORMAL_CASE,638
g4_PoorOverlap_n5000_rep0196,4,PoorOverlap,5000,196,104400196,204400196,remaining_formal_grid,COMPLETE_FORMAL_CASE,638
g4_PoorOverlap_n5000_rep0197,4,PoorOverlap,5000,197,104400197,204400197,remaining_formal_grid,COMPLETE_FORMAL_CASE,639
g4_PoorOverlap_n5000_rep0198,4,PoorOverlap,5000,198,104400198,204400198,remaining_formal_grid,COMPLETE_FORMAL_CASE,639
g4_PoorOverlap_n5000_rep0199,4,PoorOverlap,5000,199,104400199,204400199,remaining_formal_grid,COMPLETE_FORMAL_CASE,639
g4_PoorOverlap_n5000_rep0200,4,PoorOverlap,5000,200,104400200,204400200,remaining_formal_grid,COMPLETE_FORMAL_CASE,639
g4_PoorOverlap_n5000_rep0201,4,PoorOverlap,5000,201,104400201,204400201,remaining_formal_grid,COMPLETE_FORMAL_CASE,639
g4_PoorOverlap_n5000_rep0202,4,PoorOverlap,5000,202,104400202,204400202,remaining_formal_grid,COMPLETE_FORMAL_CASE,640
g4_PoorOverlap_n5000_rep0203,4,PoorOverlap,5000,203,104400203,204400203,remaining_formal_grid,COMPLETE_FORMAL_CASE,640
g4_PoorOverlap_n5000_rep0204,4,PoorOverlap,5000,204,104400204,204400204,remaining_formal_grid,COMPLETE_FORMAL_CASE,640
g4_PoorOverlap_n5000_rep0205,4,PoorOverlap,5000,205,104400205,204400205,remaining_formal_grid,COMPLETE_FORMAL_CASE,640
g4_PoorOverlap_n5000_rep0206,4,PoorOverlap,5000,206,104400206,204400206,remaining_formal_grid,COMPLETE_FORMAL_CASE,640
g4_PoorOverlap_n5000_rep0207,4,PoorOverlap,5000,207,104400207,204400207,remaining_formal_grid,COMPLETE_FORMAL_CASE,641
g4_PoorOverlap_n5000_rep0208,4,PoorOverlap,5000,208,104400208,204400208,remaining_formal_grid,COMPLETE_FORMAL_CASE,641
g4_PoorOverlap_n5000_rep0209,4,PoorOverlap,5000,209,104400209,204400209,remaining_formal_grid,COMPLETE_FORMAL_CASE,641
g4_PoorOverlap_n5000_rep0210,4,PoorOverlap,5000,210,104400210,204400210,remaining_formal_grid,COMPLETE_FORMAL_CASE,641
g4_PoorOverlap_n5000_rep0211,4,PoorOverlap,5000,211,104400211,204400211,remaining_formal_grid,COMPLETE_FORMAL_CASE,641
g4_PoorOverlap_n5000_rep0212,4,PoorOverlap,5000,212,104400212,204400212,remaining_formal_grid,COMPLETE_FORMAL_CASE,642
g4_PoorOverlap_n5000_rep0213,4,PoorOverlap,5000,213,104400213,204400213,remaining_formal_grid,COMPLETE_FORMAL_CASE,642
g4_PoorOverlap_n5000_rep0214,4,PoorOverlap,5000,214,104400214,204400214,remaining_formal_grid,COMPLETE_FORMAL_CASE,642
g4_PoorOverlap_n5000_rep0215,4,PoorOverlap,5000,215,104400215,204400215,remaining_formal_grid,COMPLETE_FORMAL_CASE,642
g4_PoorOverlap_n5000_rep0216,4,PoorOverlap,5000,216,104400216,204400216,remaining_formal_grid,COMPLETE_FORMAL_CASE,642
g4_PoorOverlap_n5000_rep0217,4,PoorOverlap,5000,217,104400217,204400217,remaining_formal_grid,COMPLETE_FORMAL_CASE,643
g4_PoorOverlap_n5000_rep0218,4,PoorOverlap,5000,218,104400218,204400218,remaining_formal_grid,COMPLETE_FORMAL_CASE,643
g4_PoorOverlap_n5000_rep0219,4,PoorOverlap,5000,219,104400219,204400219,remaining_formal_grid,COMPLETE_FORMAL_CASE,643
g4_PoorOverlap_n5000_rep0220,4,PoorOverlap,5000,220,104400220,204400220,remaining_formal_grid,COMPLETE_FORMAL_CASE,643
g4_PoorOverlap_n5000_rep0221,4,PoorOverlap,5000,221,104400221,204400221,remaining_formal_grid,COMPLETE_FORMAL_CASE,643
g4_PoorOverlap_n5000_rep0222,4,PoorOverlap,5000,222,104400222,204400222,remaining_formal_grid,COMPLETE_FORMAL_CASE,644
g4_PoorOverlap_n5000_rep0223,4,PoorOverlap,5000,223,104400223,204400223,remaining_formal_grid,COMPLETE_FORMAL_CASE,644
g4_PoorOverlap_n5000_rep0224,4,PoorOverlap,5000,224,104400224,204400224,remaining_formal_grid,COMPLETE_FORMAL_CASE,644
g4_PoorOverlap_n5000_rep0225,4,PoorOverlap,5000,225,104400225,204400225,remaining_formal_grid,COMPLETE_FORMAL_CASE,644
g4_PoorOverlap_n5000_rep0226,4,PoorOverlap,5000,226,104400226,204400226,remaining_formal_grid,COMPLETE_FORMAL_CASE,644
g4_PoorOverlap_n5000_rep0227,4,PoorOverlap,5000,227,104400227,204400227,remaining_formal_grid,COMPLETE_FORMAL_CASE,645
g4_PoorOverlap_n5000_rep0228,4,PoorOverlap,5000,228,104400228,204400228,remaining_formal_grid,COMPLETE_FORMAL_CASE,645
g4_PoorOverlap_n5000_rep0229,4,PoorOverlap,5000,229,104400229,204400229,remaining_formal_grid,COMPLETE_FORMAL_CASE,645
g4_PoorOverlap_n5000_rep0230,4,PoorOverlap,5000,230,104400230,204400230,remaining_formal_grid,COMPLETE_FORMAL_CASE,645
g4_PoorOverlap_n5000_rep0231,4,PoorOverlap,5000,231,104400231,204400231,remaining_formal_grid,COMPLETE_FORMAL_CASE,645
g4_PoorOverlap_n5000_rep0232,4,PoorOverlap,5000,232,104400232,204400232,remaining_formal_grid,COMPLETE_FORMAL_CASE,646
g4_PoorOverlap_n5000_rep0233,4,PoorOverlap,5000,233,104400233,204400233,remaining_formal_grid,COMPLETE_FORMAL_CASE,646
g4_PoorOverlap_n5000_rep0234,4,PoorOverlap,5000,234,104400234,204400234,remaining_formal_grid,COMPLETE_FORMAL_CASE,646
g4_PoorOverlap_n5000_rep0235,4,PoorOverlap,5000,235,104400235,204400235,remaining_formal_grid,COMPLETE_FORMAL_CASE,646
g4_PoorOverlap_n5000_rep0236,4,PoorOverlap,5000,236,104400236,204400236,remaining_formal_grid,COMPLETE_FORMAL_CASE,646
g4_PoorOverlap_n5000_rep0237,4,PoorOverlap,5000,237,104400237,204400237,remaining_formal_grid,COMPLETE_FORMAL_CASE,647
g4_PoorOverlap_n5000_rep0238,4,PoorOverlap,5000,238,104400238,204400238,remaining_formal_grid,COMPLETE_FORMAL_CASE,647
g4_PoorOverlap_n5000_rep0239,4,PoorOverlap,5000,239,104400239,204400239,remaining_formal_grid,COMPLETE_FORMAL_CASE,647
g4_PoorOverlap_n5000_rep0240,4,PoorOverlap,5000,240,104400240,204400240,remaining_formal_grid,COMPLETE_FORMAL_CASE,647
g4_PoorOverlap_n5000_rep0241,4,PoorOverlap,5000,241,104400241,204400241,remaining_formal_grid,COMPLETE_FORMAL_CASE,647
g4_PoorOverlap_n5000_rep0242,4,PoorOverlap,5000,242,104400242,204400242,remaining_formal_grid,COMPLETE_FORMAL_CASE,648
g4_PoorOverlap_n5000_rep0243,4,PoorOverlap,5000,243,104400243,204400243,remaining_formal_grid,COMPLETE_FORMAL_CASE,648
g4_PoorOverlap_n5000_rep0244,4,PoorOverlap,5000,244,104400244,204400244,remaining_formal_grid,COMPLETE_FORMAL_CASE,648
g4_PoorOverlap_n5000_rep0245,4,PoorOverlap,5000,245,104400245,204400245,remaining_formal_grid,COMPLETE_FORMAL_CASE,648
g4_PoorOverlap_n5000_rep0246,4,PoorOverlap,5000,246,104400246,204400246,remaining_formal_grid,COMPLETE_FORMAL_CASE,648
g4_PoorOverlap_n5000_rep0247,4,PoorOverlap,5000,247,104400247,204400247,remaining_formal_grid,COMPLETE_FORMAL_CASE,649
g4_PoorOverlap_n5000_rep0248,4,PoorOverlap,5000,248,104400248,204400248,remaining_formal_grid,COMPLETE_FORMAL_CASE,649
g4_PoorOverlap_n5000_rep0249,4,PoorOverlap,5000,249,104400249,204400249,remaining_formal_grid,COMPLETE_FORMAL_CASE,649
g4_PoorOverlap_n5000_rep0250,4,PoorOverlap,5000,250,104400250,204400250,remaining_formal_grid,COMPLETE_FORMAL_CASE,649
g4_PoorOverlap_n5000_rep0251,4,PoorOverlap,5000,251,104400251,204400251,remaining_formal_grid,COMPLETE_FORMAL_CASE,649
g4_PoorOverlap_n5000_rep0252,4,PoorOverlap,5000,252,104400252,204400252,remaining_formal_grid,COMPLETE_FORMAL_CASE,650
g4_PoorOverlap_n5000_rep0253,4,PoorOverlap,5000,253,104400253,204400253,remaining_formal_grid,COMPLETE_FORMAL_CASE,650
g4_PoorOverlap_n5000_rep0254,4,PoorOverlap,5000,254,104400254,204400254,remaining_formal_grid,COMPLETE_FORMAL_CASE,650
g4_PoorOverlap_n5000_rep0255,4,PoorOverlap,5000,255,104400255,204400255,remaining_formal_grid,COMPLETE_FORMAL_CASE,650
g4_PoorOverlap_n5000_rep0256,4,PoorOverlap,5000,256,104400256,204400256,remaining_formal_grid,COMPLETE_FORMAL_CASE,650
g4_PoorOverlap_n5000_rep0257,4,PoorOverlap,5000,257,104400257,204400257,remaining_formal_grid,COMPLETE_FORMAL_CASE,651
g4_PoorOverlap_n5000_rep0258,4,PoorOverlap,5000,258,104400258,204400258,remaining_formal_grid,COMPLETE_FORMAL_CASE,651
g4_PoorOverlap_n5000_rep0259,4,PoorOverlap,5000,259,104400259,204400259,remaining_formal_grid,COMPLETE_FORMAL_CASE,651
g4_PoorOverlap_n5000_rep0260,4,PoorOverlap,5000,260,104400260,204400260,remaining_formal_grid,COMPLETE_FORMAL_CASE,651
g4_PoorOverlap_n5000_rep0261,4,PoorOverlap,5000,261,104400261,204400261,remaining_formal_grid,COMPLETE_FORMAL_CASE,651
g4_PoorOverlap_n5000_rep0262,4,PoorOverlap,5000,262,104400262,204400262,remaining_formal_grid,COMPLETE_FORMAL_CASE,652
g4_PoorOverlap_n5000_rep0263,4,PoorOverlap,5000,263,104400263,204400263,remaining_formal_grid,COMPLETE_FORMAL_CASE,652
g4_PoorOverlap_n5000_rep0264,4,PoorOverlap,5000,264,104400264,204400264,remaining_formal_grid,COMPLETE_FORMAL_CASE,652
g4_PoorOverlap_n5000_rep0265,4,PoorOverlap,5000,265,104400265,204400265,remaining_formal_grid,COMPLETE_FORMAL_CASE,652
g4_PoorOverlap_n5000_rep0266,4,PoorOverlap,5000,266,104400266,204400266,remaining_formal_grid,COMPLETE_FORMAL_CASE,652
g4_PoorOverlap_n5000_rep0267,4,PoorOverlap,5000,267,104400267,204400267,remaining_formal_grid,COMPLETE_FORMAL_CASE,653
g4_PoorOverlap_n5000_rep0268,4,PoorOverlap,5000,268,104400268,204400268,remaining_formal_grid,COMPLETE_FORMAL_CASE,653
g4_PoorOverlap_n5000_rep0269,4,PoorOverlap,5000,269,104400269,204400269,remaining_formal_grid,COMPLETE_FORMAL_CASE,653
g4_PoorOverlap_n5000_rep0270,4,PoorOverlap,5000,270,104400270,204400270,remaining_formal_grid,COMPLETE_FORMAL_CASE,653
g4_PoorOverlap_n5000_rep0271,4,PoorOverlap,5000,271,104400271,204400271,remaining_formal_grid,COMPLETE_FORMAL_CASE,653
g4_PoorOverlap_n5000_rep0272,4,PoorOverlap,5000,272,104400272,204400272,remaining_formal_grid,COMPLETE_FORMAL_CASE,654
g4_PoorOverlap_n5000_rep0273,4,PoorOverlap,5000,273,104400273,204400273,remaining_formal_grid,COMPLETE_FORMAL_CASE,654
g4_PoorOverlap_n5000_rep0274,4,PoorOverlap,5000,274,104400274,204400274,remaining_formal_grid,COMPLETE_FORMAL_CASE,654
g4_PoorOverlap_n5000_rep0275,4,PoorOverlap,5000,275,104400275,204400275,remaining_formal_grid,COMPLETE_FORMAL_CASE,654
g4_PoorOverlap_n5000_rep0276,4,PoorOverlap,5000,276,104400276,204400276,remaining_formal_grid,COMPLETE_FORMAL_CASE,654
g4_PoorOverlap_n5000_rep0277,4,PoorOverlap,5000,277,104400277,204400277,remaining_formal_grid,COMPLETE_FORMAL_CASE,655
g4_PoorOverlap_n5000_rep0278,4,PoorOverlap,5000,278,104400278,204400278,remaining_formal_grid,COMPLETE_FORMAL_CASE,655
g4_PoorOverlap_n5000_rep0279,4,PoorOverlap,5000,279,104400279,204400279,remaining_formal_grid,COMPLETE_FORMAL_CASE,655
g4_PoorOverlap_n5000_rep0280,4,PoorOverlap,5000,280,104400280,204400280,remaining_formal_grid,COMPLETE_FORMAL_CASE,655
g4_PoorOverlap_n5000_rep0281,4,PoorOverlap,5000,281,104400281,204400281,remaining_formal_grid,COMPLETE_FORMAL_CASE,655
g4_PoorOverlap_n5000_rep0282,4,PoorOverlap,5000,282,104400282,204400282,remaining_formal_grid,COMPLETE_FORMAL_CASE,656
g4_PoorOverlap_n5000_rep0283,4,PoorOverlap,5000,283,104400283,204400283,remaining_formal_grid,COMPLETE_FORMAL_CASE,656
g4_PoorOverlap_n5000_rep0284,4,PoorOverlap,5000,284,104400284,204400284,remaining_formal_grid,COMPLETE_FORMAL_CASE,656
g4_PoorOverlap_n5000_rep0285,4,PoorOverlap,5000,285,104400285,204400285,remaining_formal_grid,COMPLETE_FORMAL_CASE,656
g4_PoorOverlap_n5000_rep0286,4,PoorOverlap,5000,286,104400286,204400286,remaining_formal_grid,COMPLETE_FORMAL_CASE,656
g4_PoorOverlap_n5000_rep0287,4,PoorOverlap,5000,287,104400287,204400287,remaining_formal_grid,COMPLETE_FORMAL_CASE,657
g4_PoorOverlap_n5000_rep0288,4,PoorOverlap,5000,288,104400288,204400288,remaining_formal_grid,COMPLETE_FORMAL_CASE,657
g4_PoorOverlap_n5000_rep0289,4,PoorOverlap,5000,289,104400289,204400289,remaining_formal_grid,COMPLETE_FORMAL_CASE,657
g4_PoorOverlap_n5000_rep0290,4,PoorOverlap,5000,290,104400290,204400290,remaining_formal_grid,COMPLETE_FORMAL_CASE,657
g4_PoorOverlap_n5000_rep0291,4,PoorOverlap,5000,291,104400291,204400291,remaining_formal_grid,COMPLETE_FORMAL_CASE,657
g4_PoorOverlap_n5000_rep0292,4,PoorOverlap,5000,292,104400292,204400292,original_case_adopted_from_incomplete_batch,COMPLETE_FORMAL_CASE,658
g4_PoorOverlap_n5000_rep0293,4,PoorOverlap,5000,293,104400293,204400293,original_case_adopted_from_incomplete_batch,COMPLETE_FORMAL_CASE,658
g4_PoorOverlap_n5000_rep0294,4,PoorOverlap,5000,294,104400294,204400294,original_case_adopted_from_incomplete_batch,COMPLETE_FORMAL_CASE,658
g4_PoorOverlap_n5000_rep0295,4,PoorOverlap,5000,295,104400295,204400295,checkpoint_completion,COMPLETE_CHECKPOINT_CASE,658
g4_PoorOverlap_n5000_rep0296,4,PoorOverlap,5000,296,104400296,204400296,monitor_recovery,COMPLETE_FORMAL_CASE,658
g4_PoorOverlap_n5000_rep0297,4,PoorOverlap,5000,297,104400297,204400297,remaining_formal_grid,COMPLETE_FORMAL_CASE,659
g4_PoorOverlap_n5000_rep0298,4,PoorOverlap,5000,298,104400298,204400298,remaining_formal_grid,COMPLETE_FORMAL_CASE,659
g4_PoorOverlap_n5000_rep0299,4,PoorOverlap,5000,299,104400299,204400299,remaining_formal_grid,COMPLETE_FORMAL_CASE,659
g4_PoorOverlap_n5000_rep0300,4,PoorOverlap,5000,300,104400300,204400300,remaining_formal_grid,COMPLETE_FORMAL_CASE,659
g4_PoorOverlap_n5000_rep0301,4,PoorOverlap,5000,301,104400301,204400301,remaining_formal_grid,COMPLETE_FORMAL_CASE,659
g4_PoorOverlap_n5000_rep0302,4,PoorOverlap,5000,302,104400302,204400302,remaining_formal_grid,COMPLETE_FORMAL_CASE,660
g4_PoorOverlap_n5000_rep0303,4,PoorOverlap,5000,303,104400303,204400303,remaining_formal_grid,COMPLETE_FORMAL_CASE,660
g4_PoorOverlap_n5000_rep0304,4,PoorOverlap,5000,304,104400304,204400304,remaining_formal_grid,COMPLETE_FORMAL_CASE,660
g4_PoorOverlap_n5000_rep0305,4,PoorOverlap,5000,305,104400305,204400305,remaining_formal_grid,COMPLETE_FORMAL_CASE,660
g4_PoorOverlap_n5000_rep0306,4,PoorOverlap,5000,306,104400306,204400306,remaining_formal_grid,COMPLETE_FORMAL_CASE,660
g4_PoorOverlap_n5000_rep0307,4,PoorOverlap,5000,307,104400307,204400307,original_case_adopted_from_incomplete_batch,COMPLETE_FORMAL_CASE,661
g4_PoorOverlap_n5000_rep0308,4,PoorOverlap,5000,308,104400308,204400308,original_case_adopted_from_incomplete_batch,COMPLETE_FORMAL_CASE,661
g4_PoorOverlap_n5000_rep0309,4,PoorOverlap,5000,309,104400309,204400309,original_case_adopted_from_incomplete_batch,COMPLETE_FORMAL_CASE,661
g4_PoorOverlap_n5000_rep0310,4,PoorOverlap,5000,310,104400310,204400310,checkpoint_completion,COMPLETE_CHECKPOINT_CASE,661
g4_PoorOverlap_n5000_rep0311,4,PoorOverlap,5000,311,104400311,204400311,monitor_recovery,COMPLETE_FORMAL_CASE,661
g4_PoorOverlap_n5000_rep0312,4,PoorOverlap,5000,312,104400312,204400312,original_case_adopted_from_incomplete_batch,COMPLETE_FORMAL_CASE,662
g4_PoorOverlap_n5000_rep0313,4,PoorOverlap,5000,313,104400313,204400313,original_case_adopted_from_incomplete_batch,COMPLETE_FORMAL_CASE,662
g4_PoorOverlap_n5000_rep0314,4,PoorOverlap,5000,314,104400314,204400314,original_case_adopted_from_incomplete_batch,COMPLETE_FORMAL_CASE,662
g4_PoorOverlap_n5000_rep0315,4,PoorOverlap,5000,315,104400315,204400315,checkpoint_completion,COMPLETE_CHECKPOINT_CASE,662
g4_PoorOverlap_n5000_rep0316,4,PoorOverlap,5000,316,104400316,204400316,monitor_recovery,COMPLETE_FORMAL_CASE,662
g4_PoorOverlap_n5000_rep0317,4,PoorOverlap,5000,317,104400317,204400317,remaining_formal_grid,COMPLETE_FORMAL_CASE,663
g4_PoorOverlap_n5000_rep0318,4,PoorOverlap,5000,318,104400318,204400318,remaining_formal_grid,COMPLETE_FORMAL_CASE,663
g4_PoorOverlap_n5000_rep0319,4,PoorOverlap,5000,319,104400319,204400319,remaining_formal_grid,COMPLETE_FORMAL_CASE,663
g4_PoorOverlap_n5000_rep0320,4,PoorOverlap,5000,320,104400320,204400320,remaining_formal_grid,COMPLETE_FORMAL_CASE,663
g4_PoorOverlap_n5000_rep0321,4,PoorOverlap,5000,321,104400321,204400321,remaining_formal_grid,COMPLETE_FORMAL_CASE,663
g4_PoorOverlap_n5000_rep0322,4,PoorOverlap,5000,322,104400322,204400322,remaining_formal_grid,COMPLETE_FORMAL_CASE,664
g4_PoorOverlap_n5000_rep0323,4,PoorOverlap,5000,323,104400323,204400323,remaining_formal_grid,COMPLETE_FORMAL_CASE,664
g4_PoorOverlap_n5000_rep0324,4,PoorOverlap,5000,324,104400324,204400324,remaining_formal_grid,COMPLETE_FORMAL_CASE,664
g4_PoorOverlap_n5000_rep0325,4,PoorOverlap,5000,325,104400325,204400325,remaining_formal_grid,COMPLETE_FORMAL_CASE,664
g4_PoorOverlap_n5000_rep0326,4,PoorOverlap,5000,326,104400326,204400326,remaining_formal_grid,COMPLETE_FORMAL_CASE,664
g4_PoorOverlap_n5000_rep0327,4,PoorOverlap,5000,327,104400327,204400327,remaining_formal_grid,COMPLETE_FORMAL_CASE,665
g4_PoorOverlap_n5000_rep0328,4,PoorOverlap,5000,328,104400328,204400328,remaining_formal_grid,COMPLETE_FORMAL_CASE,665
g4_PoorOverlap_n5000_rep0329,4,PoorOverlap,5000,329,104400329,204400329,remaining_formal_grid,COMPLETE_FORMAL_CASE,665
g4_PoorOverlap_n5000_rep0330,4,PoorOverlap,5000,330,104400330,204400330,remaining_formal_grid,COMPLETE_FORMAL_CASE,665
g4_PoorOverlap_n5000_rep0331,4,PoorOverlap,5000,331,104400331,204400331,remaining_formal_grid,COMPLETE_FORMAL_CASE,665
g4_PoorOverlap_n5000_rep0332,4,PoorOverlap,5000,332,104400332,204400332,remaining_formal_grid,COMPLETE_FORMAL_CASE,666
g4_PoorOverlap_n5000_rep0333,4,PoorOverlap,5000,333,104400333,204400333,remaining_formal_grid,COMPLETE_FORMAL_CASE,666
g4_PoorOverlap_n5000_rep0334,4,PoorOverlap,5000,334,104400334,204400334,remaining_formal_grid,COMPLETE_FORMAL_CASE,666
g4_PoorOverlap_n5000_rep0335,4,PoorOverlap,5000,335,104400335,204400335,remaining_formal_grid,COMPLETE_FORMAL_CASE,666
g4_PoorOverlap_n5000_rep0336,4,PoorOverlap,5000,336,104400336,204400336,remaining_formal_grid,COMPLETE_FORMAL_CASE,666
g4_PoorOverlap_n5000_rep0337,4,PoorOverlap,5000,337,104400337,204400337,remaining_formal_grid,COMPLETE_FORMAL_CASE,667
g4_PoorOverlap_n5000_rep0338,4,PoorOverlap,5000,338,104400338,204400338,remaining_formal_grid,COMPLETE_FORMAL_CASE,667
g4_PoorOverlap_n5000_rep0339,4,PoorOverlap,5000,339,104400339,204400339,remaining_formal_grid,COMPLETE_FORMAL_CASE,667
g4_PoorOverlap_n5000_rep0340,4,PoorOverlap,5000,340,104400340,204400340,remaining_formal_grid,COMPLETE_FORMAL_CASE,667
g4_PoorOverlap_n5000_rep0341,4,PoorOverlap,5000,341,104400341,204400341,remaining_formal_grid,COMPLETE_FORMAL_CASE,667
g4_PoorOverlap_n5000_rep0342,4,PoorOverlap,5000,342,104400342,204400342,remaining_formal_grid,COMPLETE_FORMAL_CASE,668
g4_PoorOverlap_n5000_rep0343,4,PoorOverlap,5000,343,104400343,204400343,remaining_formal_grid,COMPLETE_FORMAL_CASE,668
g4_PoorOverlap_n5000_rep0344,4,PoorOverlap,5000,344,104400344,204400344,remaining_formal_grid,COMPLETE_FORMAL_CASE,668
g4_PoorOverlap_n5000_rep0345,4,PoorOverlap,5000,345,104400345,204400345,remaining_formal_grid,COMPLETE_FORMAL_CASE,668
g4_PoorOverlap_n5000_rep0346,4,PoorOverlap,5000,346,104400346,204400346,remaining_formal_grid,COMPLETE_FORMAL_CASE,668
g4_PoorOverlap_n5000_rep0347,4,PoorOverlap,5000,347,104400347,204400347,remaining_formal_grid,COMPLETE_FORMAL_CASE,669
g4_PoorOverlap_n5000_rep0348,4,PoorOverlap,5000,348,104400348,204400348,remaining_formal_grid,COMPLETE_FORMAL_CASE,669
g4_PoorOverlap_n5000_rep0349,4,PoorOverlap,5000,349,104400349,204400349,remaining_formal_grid,COMPLETE_FORMAL_CASE,669
g4_PoorOverlap_n5000_rep0350,4,PoorOverlap,5000,350,104400350,204400350,remaining_formal_grid,COMPLETE_FORMAL_CASE,669
g4_PoorOverlap_n5000_rep0351,4,PoorOverlap,5000,351,104400351,204400351,remaining_formal_grid,COMPLETE_FORMAL_CASE,669
g4_PoorOverlap_n5000_rep0352,4,PoorOverlap,5000,352,104400352,204400352,remaining_formal_grid,COMPLETE_FORMAL_CASE,670
g4_PoorOverlap_n5000_rep0353,4,PoorOverlap,5000,353,104400353,204400353,remaining_formal_grid,COMPLETE_FORMAL_CASE,670
g4_PoorOverlap_n5000_rep0354,4,PoorOverlap,5000,354,104400354,204400354,remaining_formal_grid,COMPLETE_FORMAL_CASE,670
g4_PoorOverlap_n5000_rep0355,4,PoorOverlap,5000,355,104400355,204400355,remaining_formal_grid,COMPLETE_FORMAL_CASE,670
g4_PoorOverlap_n5000_rep0356,4,PoorOverlap,5000,356,104400356,204400356,remaining_formal_grid,COMPLETE_FORMAL_CASE,670
g4_PoorOverlap_n5000_rep0357,4,PoorOverlap,5000,357,104400357,204400357,remaining_formal_grid,COMPLETE_FORMAL_CASE,671
g4_PoorOverlap_n5000_rep0358,4,PoorOverlap,5000,358,104400358,204400358,remaining_formal_grid,COMPLETE_FORMAL_CASE,671
g4_PoorOverlap_n5000_rep0359,4,PoorOverlap,5000,359,104400359,204400359,remaining_formal_grid,COMPLETE_FORMAL_CASE,671
g4_PoorOverlap_n5000_rep0360,4,PoorOverlap,5000,360,104400360,204400360,remaining_formal_grid,COMPLETE_FORMAL_CASE,671
g4_PoorOverlap_n5000_rep0361,4,PoorOverlap,5000,361,104400361,204400361,remaining_formal_grid,COMPLETE_FORMAL_CASE,671
g4_PoorOverlap_n5000_rep0362,4,PoorOverlap,5000,362,104400362,204400362,remaining_formal_grid,COMPLETE_FORMAL_CASE,672
g4_PoorOverlap_n5000_rep0363,4,PoorOverlap,5000,363,104400363,204400363,remaining_formal_grid,COMPLETE_FORMAL_CASE,672
g4_PoorOverlap_n5000_rep0364,4,PoorOverlap,5000,364,104400364,204400364,remaining_formal_grid,COMPLETE_FORMAL_CASE,672
g4_PoorOverlap_n5000_rep0365,4,PoorOverlap,5000,365,104400365,204400365,remaining_formal_grid,COMPLETE_FORMAL_CASE,672
g4_PoorOverlap_n5000_rep0366,4,PoorOverlap,5000,366,104400366,204400366,remaining_formal_grid,COMPLETE_FORMAL_CASE,672
g4_PoorOverlap_n5000_rep0367,4,PoorOverlap,5000,367,104400367,204400367,remaining_formal_grid,COMPLETE_FORMAL_CASE,673
g4_PoorOverlap_n5000_rep0368,4,PoorOverlap,5000,368,104400368,204400368,remaining_formal_grid,COMPLETE_FORMAL_CASE,673
g4_PoorOverlap_n5000_rep0369,4,PoorOverlap,5000,369,104400369,204400369,remaining_formal_grid,COMPLETE_FORMAL_CASE,673
g4_PoorOverlap_n5000_rep0370,4,PoorOverlap,5000,370,104400370,204400370,remaining_formal_grid,COMPLETE_FORMAL_CASE,673
g4_PoorOverlap_n5000_rep0371,4,PoorOverlap,5000,371,104400371,204400371,remaining_formal_grid,COMPLETE_FORMAL_CASE,673
g4_PoorOverlap_n5000_rep0372,4,PoorOverlap,5000,372,104400372,204400372,remaining_formal_grid,COMPLETE_FORMAL_CASE,674
g4_PoorOverlap_n5000_rep0373,4,PoorOverlap,5000,373,104400373,204400373,remaining_formal_grid,COMPLETE_FORMAL_CASE,674
g4_PoorOverlap_n5000_rep0374,4,PoorOverlap,5000,374,104400374,204400374,remaining_formal_grid,COMPLETE_FORMAL_CASE,674
g4_PoorOverlap_n5000_rep0375,4,PoorOverlap,5000,375,104400375,204400375,remaining_formal_grid,COMPLETE_FORMAL_CASE,674
g4_PoorOverlap_n5000_rep0376,4,PoorOverlap,5000,376,104400376,204400376,remaining_formal_grid,COMPLETE_FORMAL_CASE,674
g4_PoorOverlap_n5000_rep0377,4,PoorOverlap,5000,377,104400377,204400377,remaining_formal_grid,COMPLETE_FORMAL_CASE,675
g4_PoorOverlap_n5000_rep0378,4,PoorOverlap,5000,378,104400378,204400378,remaining_formal_grid,COMPLETE_FORMAL_CASE,675
g4_PoorOverlap_n5000_rep0379,4,PoorOverlap,5000,379,104400379,204400379,remaining_formal_grid,COMPLETE_FORMAL_CASE,675
g4_PoorOverlap_n5000_rep0380,4,PoorOverlap,5000,380,104400380,204400380,remaining_formal_grid,COMPLETE_FORMAL_CASE,675
g4_PoorOverlap_n5000_rep0381,4,PoorOverlap,5000,381,104400381,204400381,remaining_formal_grid,COMPLETE_FORMAL_CASE,675
g4_PoorOverlap_n5000_rep0382,4,PoorOverlap,5000,382,104400382,204400382,remaining_formal_grid,COMPLETE_FORMAL_CASE,676
g4_PoorOverlap_n5000_rep0383,4,PoorOverlap,5000,383,104400383,204400383,remaining_formal_grid,COMPLETE_FORMAL_CASE,676
g4_PoorOverlap_n5000_rep0384,4,PoorOverlap,5000,384,104400384,204400384,remaining_formal_grid,COMPLETE_FORMAL_CASE,676
g4_PoorOverlap_n5000_rep0385,4,PoorOverlap,5000,385,104400385,204400385,remaining_formal_grid,COMPLETE_FORMAL_CASE,676
g4_PoorOverlap_n5000_rep0386,4,PoorOverlap,5000,386,104400386,204400386,remaining_formal_grid,COMPLETE_FORMAL_CASE,676
g4_PoorOverlap_n5000_rep0387,4,PoorOverlap,5000,387,104400387,204400387,remaining_formal_grid,COMPLETE_FORMAL_CASE,677
g4_PoorOverlap_n5000_rep0388,4,PoorOverlap,5000,388,104400388,204400388,remaining_formal_grid,COMPLETE_FORMAL_CASE,677
g4_PoorOverlap_n5000_rep0389,4,PoorOverlap,5000,389,104400389,204400389,remaining_formal_grid,COMPLETE_FORMAL_CASE,677
g4_PoorOverlap_n5000_rep0390,4,PoorOverlap,5000,390,104400390,204400390,remaining_formal_grid,COMPLETE_FORMAL_CASE,677
g4_PoorOverlap_n5000_rep0391,4,PoorOverlap,5000,391,104400391,204400391,remaining_formal_grid,COMPLETE_FORMAL_CASE,677
g4_PoorOverlap_n5000_rep0392,4,PoorOverlap,5000,392,104400392,204400392,remaining_formal_grid,COMPLETE_FORMAL_CASE,678
g4_PoorOverlap_n5000_rep0393,4,PoorOverlap,5000,393,104400393,204400393,remaining_formal_grid,COMPLETE_FORMAL_CASE,678
g4_PoorOverlap_n5000_rep0394,4,PoorOverlap,5000,394,104400394,204400394,remaining_formal_grid,COMPLETE_FORMAL_CASE,678
g4_PoorOverlap_n5000_rep0395,4,PoorOverlap,5000,395,104400395,204400395,remaining_formal_grid,COMPLETE_FORMAL_CASE,678
g4_PoorOverlap_n5000_rep0396,4,PoorOverlap,5000,396,104400396,204400396,remaining_formal_grid,COMPLETE_FORMAL_CASE,678
g4_PoorOverlap_n5000_rep0397,4,PoorOverlap,5000,397,104400397,204400397,remaining_formal_grid,COMPLETE_FORMAL_CASE,679
g4_PoorOverlap_n5000_rep0398,4,PoorOverlap,5000,398,104400398,204400398,remaining_formal_grid,COMPLETE_FORMAL_CASE,679
g4_PoorOverlap_n5000_rep0399,4,PoorOverlap,5000,399,104400399,204400399,remaining_formal_grid,COMPLETE_FORMAL_CASE,679
g4_PoorOverlap_n5000_rep0400,4,PoorOverlap,5000,400,104400400,204400400,remaining_formal_grid,COMPLETE_FORMAL_CASE,679
g4_PoorOverlap_n5000_rep0401,4,PoorOverlap,5000,401,104400401,204400401,remaining_formal_grid,COMPLETE_FORMAL_CASE,679
g4_PoorOverlap_n5000_rep0402,4,PoorOverlap,5000,402,104400402,204400402,remaining_formal_grid,COMPLETE_FORMAL_CASE,680
g4_PoorOverlap_n5000_rep0403,4,PoorOverlap,5000,403,104400403,204400403,remaining_formal_grid,COMPLETE_FORMAL_CASE,680
g4_PoorOverlap_n5000_rep0404,4,PoorOverlap,5000,404,104400404,204400404,remaining_formal_grid,COMPLETE_FORMAL_CASE,680
g4_PoorOverlap_n5000_rep0405,4,PoorOverlap,5000,405,104400405,204400405,remaining_formal_grid,COMPLETE_FORMAL_CASE,680
g4_PoorOverlap_n5000_rep0406,4,PoorOverlap,5000,406,104400406,204400406,remaining_formal_grid,COMPLETE_FORMAL_CASE,680
g4_PoorOverlap_n5000_rep0407,4,PoorOverlap,5000,407,104400407,204400407,remaining_formal_grid,COMPLETE_FORMAL_CASE,681
g4_PoorOverlap_n5000_rep0408,4,PoorOverlap,5000,408,104400408,204400408,remaining_formal_grid,COMPLETE_FORMAL_CASE,681
g4_PoorOverlap_n5000_rep0409,4,PoorOverlap,5000,409,104400409,204400409,remaining_formal_grid,COMPLETE_FORMAL_CASE,681
g4_PoorOverlap_n5000_rep0410,4,PoorOverlap,5000,410,104400410,204400410,remaining_formal_grid,COMPLETE_FORMAL_CASE,681
g4_PoorOverlap_n5000_rep0411,4,PoorOverlap,5000,411,104400411,204400411,remaining_formal_grid,COMPLETE_FORMAL_CASE,681
g4_PoorOverlap_n5000_rep0412,4,PoorOverlap,5000,412,104400412,204400412,remaining_formal_grid,COMPLETE_FORMAL_CASE,682
g4_PoorOverlap_n5000_rep0413,4,PoorOverlap,5000,413,104400413,204400413,remaining_formal_grid,COMPLETE_FORMAL_CASE,682
g4_PoorOverlap_n5000_rep0414,4,PoorOverlap,5000,414,104400414,204400414,remaining_formal_grid,COMPLETE_FORMAL_CASE,682
g4_PoorOverlap_n5000_rep0415,4,PoorOverlap,5000,415,104400415,204400415,remaining_formal_grid,COMPLETE_FORMAL_CASE,682
g4_PoorOverlap_n5000_rep0416,4,PoorOverlap,5000,416,104400416,204400416,remaining_formal_grid,COMPLETE_FORMAL_CASE,682
g4_PoorOverlap_n5000_rep0417,4,PoorOverlap,5000,417,104400417,204400417,remaining_formal_grid,COMPLETE_FORMAL_CASE,683
g4_PoorOverlap_n5000_rep0418,4,PoorOverlap,5000,418,104400418,204400418,remaining_formal_grid,COMPLETE_FORMAL_CASE,683
g4_PoorOverlap_n5000_rep0419,4,PoorOverlap,5000,419,104400419,204400419,remaining_formal_grid,COMPLETE_FORMAL_CASE,683
g4_PoorOverlap_n5000_rep0420,4,PoorOverlap,5000,420,104400420,204400420,remaining_formal_grid,COMPLETE_FORMAL_CASE,683
g4_PoorOverlap_n5000_rep0421,4,PoorOverlap,5000,421,104400421,204400421,remaining_formal_grid,COMPLETE_FORMAL_CASE,683
g4_PoorOverlap_n5000_rep0422,4,PoorOverlap,5000,422,104400422,204400422,remaining_formal_grid,COMPLETE_FORMAL_CASE,684
g4_PoorOverlap_n5000_rep0423,4,PoorOverlap,5000,423,104400423,204400423,remaining_formal_grid,COMPLETE_FORMAL_CASE,684
g4_PoorOverlap_n5000_rep0424,4,PoorOverlap,5000,424,104400424,204400424,remaining_formal_grid,COMPLETE_FORMAL_CASE,684
g4_PoorOverlap_n5000_rep0425,4,PoorOverlap,5000,425,104400425,204400425,remaining_formal_grid,COMPLETE_FORMAL_CASE,684
g4_PoorOverlap_n5000_rep0426,4,PoorOverlap,5000,426,104400426,204400426,remaining_formal_grid,COMPLETE_FORMAL_CASE,684
g4_PoorOverlap_n5000_rep0427,4,PoorOverlap,5000,427,104400427,204400427,remaining_formal_grid,COMPLETE_FORMAL_CASE,685
g4_PoorOverlap_n5000_rep0428,4,PoorOverlap,5000,428,104400428,204400428,remaining_formal_grid,COMPLETE_FORMAL_CASE,685
g4_PoorOverlap_n5000_rep0429,4,PoorOverlap,5000,429,104400429,204400429,remaining_formal_grid,COMPLETE_FORMAL_CASE,685
g4_PoorOverlap_n5000_rep0430,4,PoorOverlap,5000,430,104400430,204400430,remaining_formal_grid,COMPLETE_FORMAL_CASE,685
g4_PoorOverlap_n5000_rep0431,4,PoorOverlap,5000,431,104400431,204400431,remaining_formal_grid,COMPLETE_FORMAL_CASE,685
g4_PoorOverlap_n5000_rep0432,4,PoorOverlap,5000,432,104400432,204400432,remaining_formal_grid,COMPLETE_FORMAL_CASE,686
g4_PoorOverlap_n5000_rep0433,4,PoorOverlap,5000,433,104400433,204400433,remaining_formal_grid,COMPLETE_FORMAL_CASE,686
g4_PoorOverlap_n5000_rep0434,4,PoorOverlap,5000,434,104400434,204400434,remaining_formal_grid,COMPLETE_FORMAL_CASE,686
g4_PoorOverlap_n5000_rep0435,4,PoorOverlap,5000,435,104400435,204400435,remaining_formal_grid,COMPLETE_FORMAL_CASE,686
g4_PoorOverlap_n5000_rep0436,4,PoorOverlap,5000,436,104400436,204400436,remaining_formal_grid,COMPLETE_FORMAL_CASE,686
g4_PoorOverlap_n5000_rep0437,4,PoorOverlap,5000,437,104400437,204400437,remaining_formal_grid,COMPLETE_FORMAL_CASE,687
g4_PoorOverlap_n5000_rep0438,4,PoorOverlap,5000,438,104400438,204400438,remaining_formal_grid,COMPLETE_FORMAL_CASE,687
g4_PoorOverlap_n5000_rep0439,4,PoorOverlap,5000,439,104400439,204400439,remaining_formal_grid,COMPLETE_FORMAL_CASE,687
g4_PoorOverlap_n5000_rep0440,4,PoorOverlap,5000,440,104400440,204400440,remaining_formal_grid,COMPLETE_FORMAL_CASE,687
g4_PoorOverlap_n5000_rep0441,4,PoorOverlap,5000,441,104400441,204400441,remaining_formal_grid,COMPLETE_FORMAL_CASE,687
g4_PoorOverlap_n5000_rep0442,4,PoorOverlap,5000,442,104400442,204400442,remaining_formal_grid,COMPLETE_FORMAL_CASE,688
g4_PoorOverlap_n5000_rep0443,4,PoorOverlap,5000,443,104400443,204400443,remaining_formal_grid,COMPLETE_FORMAL_CASE,688
g4_PoorOverlap_n5000_rep0444,4,PoorOverlap,5000,444,104400444,204400444,remaining_formal_grid,COMPLETE_FORMAL_CASE,688
g4_PoorOverlap_n5000_rep0445,4,PoorOverlap,5000,445,104400445,204400445,remaining_formal_grid,COMPLETE_FORMAL_CASE,688
g4_PoorOverlap_n5000_rep0446,4,PoorOverlap,5000,446,104400446,204400446,remaining_formal_grid,COMPLETE_FORMAL_CASE,688
g4_PoorOverlap_n5000_rep0447,4,PoorOverlap,5000,447,104400447,204400447,remaining_formal_grid,COMPLETE_FORMAL_CASE,689
g4_PoorOverlap_n5000_rep0448,4,PoorOverlap,5000,448,104400448,204400448,remaining_formal_grid,COMPLETE_FORMAL_CASE,689
g4_PoorOverlap_n5000_rep0449,4,PoorOverlap,5000,449,104400449,204400449,remaining_formal_grid,COMPLETE_FORMAL_CASE,689
g4_PoorOverlap_n5000_rep0450,4,PoorOverlap,5000,450,104400450,204400450,remaining_formal_grid,COMPLETE_FORMAL_CASE,689
g4_PoorOverlap_n5000_rep0451,4,PoorOverlap,5000,451,104400451,204400451,remaining_formal_grid,COMPLETE_FORMAL_CASE,689
g4_PoorOverlap_n5000_rep0452,4,PoorOverlap,5000,452,104400452,204400452,remaining_formal_grid,COMPLETE_FORMAL_CASE,690
g4_PoorOverlap_n5000_rep0453,4,PoorOverlap,5000,453,104400453,204400453,remaining_formal_grid,COMPLETE_FORMAL_CASE,690
g4_PoorOverlap_n5000_rep0454,4,PoorOverlap,5000,454,104400454,204400454,remaining_formal_grid,COMPLETE_FORMAL_CASE,690
g4_PoorOverlap_n5000_rep0455,4,PoorOverlap,5000,455,104400455,204400455,remaining_formal_grid,COMPLETE_FORMAL_CASE,690
g4_PoorOverlap_n5000_rep0456,4,PoorOverlap,5000,456,104400456,204400456,remaining_formal_grid,COMPLETE_FORMAL_CASE,690
g4_PoorOverlap_n5000_rep0457,4,PoorOverlap,5000,457,104400457,204400457,remaining_formal_grid,COMPLETE_FORMAL_CASE,691
g4_PoorOverlap_n5000_rep0458,4,PoorOverlap,5000,458,104400458,204400458,remaining_formal_grid,COMPLETE_FORMAL_CASE,691
g4_PoorOverlap_n5000_rep0459,4,PoorOverlap,5000,459,104400459,204400459,remaining_formal_grid,COMPLETE_FORMAL_CASE,691
g4_PoorOverlap_n5000_rep0460,4,PoorOverlap,5000,460,104400460,204400460,remaining_formal_grid,COMPLETE_FORMAL_CASE,691
g4_PoorOverlap_n5000_rep0461,4,PoorOverlap,5000,461,104400461,204400461,remaining_formal_grid,COMPLETE_FORMAL_CASE,691
g4_PoorOverlap_n5000_rep0462,4,PoorOverlap,5000,462,104400462,204400462,remaining_formal_grid,COMPLETE_FORMAL_CASE,692
g4_PoorOverlap_n5000_rep0463,4,PoorOverlap,5000,463,104400463,204400463,remaining_formal_grid,COMPLETE_FORMAL_CASE,692
g4_PoorOverlap_n5000_rep0464,4,PoorOverlap,5000,464,104400464,204400464,remaining_formal_grid,COMPLETE_FORMAL_CASE,692
g4_PoorOverlap_n5000_rep0465,4,PoorOverlap,5000,465,104400465,204400465,remaining_formal_grid,COMPLETE_FORMAL_CASE,692
g4_PoorOverlap_n5000_rep0466,4,PoorOverlap,5000,466,104400466,204400466,remaining_formal_grid,COMPLETE_FORMAL_CASE,692
g4_PoorOverlap_n5000_rep0467,4,PoorOverlap,5000,467,104400467,204400467,remaining_formal_grid,COMPLETE_FORMAL_CASE,693
g4_PoorOverlap_n5000_rep0468,4,PoorOverlap,5000,468,104400468,204400468,remaining_formal_grid,COMPLETE_FORMAL_CASE,693
g4_PoorOverlap_n5000_rep0469,4,PoorOverlap,5000,469,104400469,204400469,remaining_formal_grid,COMPLETE_FORMAL_CASE,693
g4_PoorOverlap_n5000_rep0470,4,PoorOverlap,5000,470,104400470,204400470,remaining_formal_grid,COMPLETE_FORMAL_CASE,693
g4_PoorOverlap_n5000_rep0471,4,PoorOverlap,5000,471,104400471,204400471,remaining_formal_grid,COMPLETE_FORMAL_CASE,693
g4_PoorOverlap_n5000_rep0472,4,PoorOverlap,5000,472,104400472,204400472,remaining_formal_grid,COMPLETE_FORMAL_CASE,694
g4_PoorOverlap_n5000_rep0473,4,PoorOverlap,5000,473,104400473,204400473,remaining_formal_grid,COMPLETE_FORMAL_CASE,694
g4_PoorOverlap_n5000_rep0474,4,PoorOverlap,5000,474,104400474,204400474,remaining_formal_grid,COMPLETE_FORMAL_CASE,694
g4_PoorOverlap_n5000_rep0475,4,PoorOverlap,5000,475,104400475,204400475,remaining_formal_grid,COMPLETE_FORMAL_CASE,694
g4_PoorOverlap_n5000_rep0476,4,PoorOverlap,5000,476,104400476,204400476,remaining_formal_grid,COMPLETE_FORMAL_CASE,694
g4_PoorOverlap_n5000_rep0477,4,PoorOverlap,5000,477,104400477,204400477,remaining_formal_grid,COMPLETE_FORMAL_CASE,695
g4_PoorOverlap_n5000_rep0478,4,PoorOverlap,5000,478,104400478,204400478,remaining_formal_grid,COMPLETE_FORMAL_CASE,695
g4_PoorOverlap_n5000_rep0479,4,PoorOverlap,5000,479,104400479,204400479,remaining_formal_grid,COMPLETE_FORMAL_CASE,695
g4_PoorOverlap_n5000_rep0480,4,PoorOverlap,5000,480,104400480,204400480,remaining_formal_grid,COMPLETE_FORMAL_CASE,695
g4_PoorOverlap_n5000_rep0481,4,PoorOverlap,5000,481,104400481,204400481,remaining_formal_grid,COMPLETE_FORMAL_CASE,695
g4_PoorOverlap_n5000_rep0482,4,PoorOverlap,5000,482,104400482,204400482,remaining_formal_grid,COMPLETE_FORMAL_CASE,696
g4_PoorOverlap_n5000_rep0483,4,PoorOverlap,5000,483,104400483,204400483,remaining_formal_grid,COMPLETE_FORMAL_CASE,696
g4_PoorOverlap_n5000_rep0484,4,PoorOverlap,5000,484,104400484,204400484,remaining_formal_grid,COMPLETE_FORMAL_CASE,696
g4_PoorOverlap_n5000_rep0485,4,PoorOverlap,5000,485,104400485,204400485,remaining_formal_grid,COMPLETE_FORMAL_CASE,696
g4_PoorOverlap_n5000_rep0486,4,PoorOverlap,5000,486,104400486,204400486,remaining_formal_grid,COMPLETE_FORMAL_CASE,696
g4_PoorOverlap_n5000_rep0487,4,PoorOverlap,5000,487,104400487,204400487,remaining_formal_grid,COMPLETE_FORMAL_CASE,697
g4_PoorOverlap_n5000_rep0488,4,PoorOverlap,5000,488,104400488,204400488,remaining_formal_grid,COMPLETE_FORMAL_CASE,697
g4_PoorOverlap_n5000_rep0489,4,PoorOverlap,5000,489,104400489,204400489,remaining_formal_grid,COMPLETE_FORMAL_CASE,697
g4_PoorOverlap_n5000_rep0490,4,PoorOverlap,5000,490,104400490,204400490,remaining_formal_grid,COMPLETE_FORMAL_CASE,697
g4_PoorOverlap_n5000_rep0491,4,PoorOverlap,5000,491,104400491,204400491,remaining_formal_grid,COMPLETE_FORMAL_CASE,697
g4_PoorOverlap_n5000_rep0492,4,PoorOverlap,5000,492,104400492,204400492,remaining_formal_grid,COMPLETE_FORMAL_CASE,698
g4_PoorOverlap_n5000_rep0493,4,PoorOverlap,5000,493,104400493,204400493,remaining_formal_grid,COMPLETE_FORMAL_CASE,698
g4_PoorOverlap_n5000_rep0494,4,PoorOverlap,5000,494,104400494,204400494,remaining_formal_grid,COMPLETE_FORMAL_CASE,698
g4_PoorOverlap_n5000_rep0495,4,PoorOverlap,5000,495,104400495,204400495,remaining_formal_grid,COMPLETE_FORMAL_CASE,698
g4_PoorOverlap_n5000_rep0496,4,PoorOverlap,5000,496,104400496,204400496,remaining_formal_grid,COMPLETE_FORMAL_CASE,698
g4_PoorOverlap_n5000_rep0497,4,PoorOverlap,5000,497,104400497,204400497,remaining_formal_grid,COMPLETE_FORMAL_CASE,699
g4_PoorOverlap_n5000_rep0498,4,PoorOverlap,5000,498,104400498,204400498,remaining_formal_grid,COMPLETE_FORMAL_CASE,699
g4_PoorOverlap_n5000_rep0499,4,PoorOverlap,5000,499,104400499,204400499,remaining_formal_grid,COMPLETE_FORMAL_CASE,699
g4_PoorOverlap_n5000_rep0500,4,PoorOverlap,5000,500,104400500,204400500,remaining_formal_grid,COMPLETE_FORMAL_CASE,699
g4_PoorOverlap_n5000_rep0501,4,PoorOverlap,5000,501,104400501,204400501,remaining_formal_grid,COMPLETE_FORMAL_CASE,699
g4_PoorOverlap_n5000_rep0502,4,PoorOverlap,5000,502,104400502,204400502,remaining_formal_grid,COMPLETE_FORMAL_CASE,700
g4_PoorOverlap_n5000_rep0503,4,PoorOverlap,5000,503,104400503,204400503,remaining_formal_grid,COMPLETE_FORMAL_CASE,700
g4_PoorOverlap_n5000_rep0504,4,PoorOverlap,5000,504,104400504,204400504,remaining_formal_grid,COMPLETE_FORMAL_CASE,700
g4_PoorOverlap_n5000_rep0505,4,PoorOverlap,5000,505,104400505,204400505,remaining_formal_grid,COMPLETE_FORMAL_CASE,700
g4_PoorOverlap_n5000_rep0506,4,PoorOverlap,5000,506,104400506,204400506,remaining_formal_grid,COMPLETE_FORMAL_CASE,700
g4_PoorOverlap_n5000_rep0507,4,PoorOverlap,5000,507,104400507,204400507,remaining_formal_grid,COMPLETE_FORMAL_CASE,701
g4_PoorOverlap_n5000_rep0508,4,PoorOverlap,5000,508,104400508,204400508,remaining_formal_grid,COMPLETE_FORMAL_CASE,701
g4_PoorOverlap_n5000_rep0509,4,PoorOverlap,5000,509,104400509,204400509,remaining_formal_grid,COMPLETE_FORMAL_CASE,701
g4_PoorOverlap_n5000_rep0510,4,PoorOverlap,5000,510,104400510,204400510,remaining_formal_grid,COMPLETE_FORMAL_CASE,701
g4_PoorOverlap_n5000_rep0511,4,PoorOverlap,5000,511,104400511,204400511,remaining_formal_grid,COMPLETE_FORMAL_CASE,701
g4_PoorOverlap_n5000_rep0512,4,PoorOverlap,5000,512,104400512,204400512,remaining_formal_grid,COMPLETE_FORMAL_CASE,702
g4_PoorOverlap_n5000_rep0513,4,PoorOverlap,5000,513,104400513,204400513,remaining_formal_grid,COMPLETE_FORMAL_CASE,702
g4_PoorOverlap_n5000_rep0514,4,PoorOverlap,5000,514,104400514,204400514,remaining_formal_grid,COMPLETE_FORMAL_CASE,702
g4_PoorOverlap_n5000_rep0515,4,PoorOverlap,5000,515,104400515,204400515,remaining_formal_grid,COMPLETE_FORMAL_CASE,702
g4_PoorOverlap_n5000_rep0516,4,PoorOverlap,5000,516,104400516,204400516,remaining_formal_grid,COMPLETE_FORMAL_CASE,702
g4_PoorOverlap_n5000_rep0517,4,PoorOverlap,5000,517,104400517,204400517,remaining_formal_grid,COMPLETE_FORMAL_CASE,703
g4_PoorOverlap_n5000_rep0518,4,PoorOverlap,5000,518,104400518,204400518,remaining_formal_grid,COMPLETE_FORMAL_CASE,703
g4_PoorOverlap_n5000_rep0519,4,PoorOverlap,5000,519,104400519,204400519,remaining_formal_grid,COMPLETE_FORMAL_CASE,703
g4_PoorOverlap_n5000_rep0520,4,PoorOverlap,5000,520,104400520,204400520,remaining_formal_grid,COMPLETE_FORMAL_CASE,703
g4_PoorOverlap_n5000_rep0521,4,PoorOverlap,5000,521,104400521,204400521,remaining_formal_grid,COMPLETE_FORMAL_CASE,703
g4_PoorOverlap_n5000_rep0522,4,PoorOverlap,5000,522,104400522,204400522,remaining_formal_grid,COMPLETE_FORMAL_CASE,704
g4_PoorOverlap_n5000_rep0523,4,PoorOverlap,5000,523,104400523,204400523,remaining_formal_grid,COMPLETE_FORMAL_CASE,704
g4_PoorOverlap_n5000_rep0524,4,PoorOverlap,5000,524,104400524,204400524,remaining_formal_grid,COMPLETE_FORMAL_CASE,704
g4_PoorOverlap_n5000_rep0525,4,PoorOverlap,5000,525,104400525,204400525,remaining_formal_grid,COMPLETE_FORMAL_CASE,704
g4_PoorOverlap_n5000_rep0526,4,PoorOverlap,5000,526,104400526,204400526,remaining_formal_grid,COMPLETE_FORMAL_CASE,704
g4_PoorOverlap_n5000_rep0527,4,PoorOverlap,5000,527,104400527,204400527,remaining_formal_grid,COMPLETE_FORMAL_CASE,705
g4_PoorOverlap_n5000_rep0528,4,PoorOverlap,5000,528,104400528,204400528,remaining_formal_grid,COMPLETE_FORMAL_CASE,705
g4_PoorOverlap_n5000_rep0529,4,PoorOverlap,5000,529,104400529,204400529,remaining_formal_grid,COMPLETE_FORMAL_CASE,705
g4_PoorOverlap_n5000_rep0530,4,PoorOverlap,5000,530,104400530,204400530,remaining_formal_grid,COMPLETE_FORMAL_CASE,705
g4_PoorOverlap_n5000_rep0531,4,PoorOverlap,5000,531,104400531,204400531,remaining_formal_grid,COMPLETE_FORMAL_CASE,705
g4_PoorOverlap_n5000_rep0532,4,PoorOverlap,5000,532,104400532,204400532,remaining_formal_grid,COMPLETE_FORMAL_CASE,706
g4_PoorOverlap_n5000_rep0533,4,PoorOverlap,5000,533,104400533,204400533,remaining_formal_grid,COMPLETE_FORMAL_CASE,706
g4_PoorOverlap_n5000_rep0534,4,PoorOverlap,5000,534,104400534,204400534,remaining_formal_grid,COMPLETE_FORMAL_CASE,706
g4_PoorOverlap_n5000_rep0535,4,PoorOverlap,5000,535,104400535,204400535,remaining_formal_grid,COMPLETE_FORMAL_CASE,706
g4_PoorOverlap_n5000_rep0536,4,PoorOverlap,5000,536,104400536,204400536,remaining_formal_grid,COMPLETE_FORMAL_CASE,706
g4_PoorOverlap_n5000_rep0537,4,PoorOverlap,5000,537,104400537,204400537,remaining_formal_grid,COMPLETE_FORMAL_CASE,707
g4_PoorOverlap_n5000_rep0538,4,PoorOverlap,5000,538,104400538,204400538,remaining_formal_grid,COMPLETE_FORMAL_CASE,707
g4_PoorOverlap_n5000_rep0539,4,PoorOverlap,5000,539,104400539,204400539,remaining_formal_grid,COMPLETE_FORMAL_CASE,707
g4_PoorOverlap_n5000_rep0540,4,PoorOverlap,5000,540,104400540,204400540,remaining_formal_grid,COMPLETE_FORMAL_CASE,707
g4_PoorOverlap_n5000_rep0541,4,PoorOverlap,5000,541,104400541,204400541,remaining_formal_grid,COMPLETE_FORMAL_CASE,707
g4_PoorOverlap_n5000_rep0542,4,PoorOverlap,5000,542,104400542,204400542,remaining_formal_grid,COMPLETE_FORMAL_CASE,708
g4_PoorOverlap_n5000_rep0543,4,PoorOverlap,5000,543,104400543,204400543,remaining_formal_grid,COMPLETE_FORMAL_CASE,708
g4_PoorOverlap_n5000_rep0544,4,PoorOverlap,5000,544,104400544,204400544,remaining_formal_grid,COMPLETE_FORMAL_CASE,708
g4_PoorOverlap_n5000_rep0545,4,PoorOverlap,5000,545,104400545,204400545,remaining_formal_grid,COMPLETE_FORMAL_CASE,708
g4_PoorOverlap_n5000_rep0546,4,PoorOverlap,5000,546,104400546,204400546,remaining_formal_grid,COMPLETE_FORMAL_CASE,708
g4_PoorOverlap_n5000_rep0547,4,PoorOverlap,5000,547,104400547,204400547,remaining_formal_grid,COMPLETE_FORMAL_CASE,709
g4_PoorOverlap_n5000_rep0548,4,PoorOverlap,5000,548,104400548,204400548,remaining_formal_grid,COMPLETE_FORMAL_CASE,709
g4_PoorOverlap_n5000_rep0549,4,PoorOverlap,5000,549,104400549,204400549,remaining_formal_grid,COMPLETE_FORMAL_CASE,709
g4_PoorOverlap_n5000_rep0550,4,PoorOverlap,5000,550,104400550,204400550,remaining_formal_grid,COMPLETE_FORMAL_CASE,709
g4_PoorOverlap_n5000_rep0551,4,PoorOverlap,5000,551,104400551,204400551,remaining_formal_grid,COMPLETE_FORMAL_CASE,709
g4_PoorOverlap_n5000_rep0552,4,PoorOverlap,5000,552,104400552,204400552,remaining_formal_grid,COMPLETE_FORMAL_CASE,710
g4_PoorOverlap_n5000_rep0553,4,PoorOverlap,5000,553,104400553,204400553,remaining_formal_grid,COMPLETE_FORMAL_CASE,710
g4_PoorOverlap_n5000_rep0554,4,PoorOverlap,5000,554,104400554,204400554,remaining_formal_grid,COMPLETE_FORMAL_CASE,710
g4_PoorOverlap_n5000_rep0555,4,PoorOverlap,5000,555,104400555,204400555,remaining_formal_grid,COMPLETE_FORMAL_CASE,710
g4_PoorOverlap_n5000_rep0556,4,PoorOverlap,5000,556,104400556,204400556,remaining_formal_grid,COMPLETE_FORMAL_CASE,710
g4_PoorOverlap_n5000_rep0557,4,PoorOverlap,5000,557,104400557,204400557,remaining_formal_grid,COMPLETE_FORMAL_CASE,711
g4_PoorOverlap_n5000_rep0558,4,PoorOverlap,5000,558,104400558,204400558,remaining_formal_grid,COMPLETE_FORMAL_CASE,711
g4_PoorOverlap_n5000_rep0559,4,PoorOverlap,5000,559,104400559,204400559,remaining_formal_grid,COMPLETE_FORMAL_CASE,711
g4_PoorOverlap_n5000_rep0560,4,PoorOverlap,5000,560,104400560,204400560,remaining_formal_grid,COMPLETE_FORMAL_CASE,711
g4_PoorOverlap_n5000_rep0561,4,PoorOverlap,5000,561,104400561,204400561,remaining_formal_grid,COMPLETE_FORMAL_CASE,711
g4_PoorOverlap_n5000_rep0562,4,PoorOverlap,5000,562,104400562,204400562,remaining_formal_grid,COMPLETE_FORMAL_CASE,712
g4_PoorOverlap_n5000_rep0563,4,PoorOverlap,5000,563,104400563,204400563,remaining_formal_grid,COMPLETE_FORMAL_CASE,712
g4_PoorOverlap_n5000_rep0564,4,PoorOverlap,5000,564,104400564,204400564,remaining_formal_grid,COMPLETE_FORMAL_CASE,712
g4_PoorOverlap_n5000_rep0565,4,PoorOverlap,5000,565,104400565,204400565,remaining_formal_grid,COMPLETE_FORMAL_CASE,712
g4_PoorOverlap_n5000_rep0566,4,PoorOverlap,5000,566,104400566,204400566,remaining_formal_grid,COMPLETE_FORMAL_CASE,712
g4_PoorOverlap_n5000_rep0567,4,PoorOverlap,5000,567,104400567,204400567,remaining_formal_grid,COMPLETE_FORMAL_CASE,713
g4_PoorOverlap_n5000_rep0568,4,PoorOverlap,5000,568,104400568,204400568,remaining_formal_grid,COMPLETE_FORMAL_CASE,713
g4_PoorOverlap_n5000_rep0569,4,PoorOverlap,5000,569,104400569,204400569,remaining_formal_grid,COMPLETE_FORMAL_CASE,713
g4_PoorOverlap_n5000_rep0570,4,PoorOverlap,5000,570,104400570,204400570,remaining_formal_grid,COMPLETE_FORMAL_CASE,713
g4_PoorOverlap_n5000_rep0571,4,PoorOverlap,5000,571,104400571,204400571,remaining_formal_grid,COMPLETE_FORMAL_CASE,713
g4_PoorOverlap_n5000_rep0572,4,PoorOverlap,5000,572,104400572,204400572,remaining_formal_grid,COMPLETE_FORMAL_CASE,714
g4_PoorOverlap_n5000_rep0573,4,PoorOverlap,5000,573,104400573,204400573,remaining_formal_grid,COMPLETE_FORMAL_CASE,714
g4_PoorOverlap_n5000_rep0574,4,PoorOverlap,5000,574,104400574,204400574,remaining_formal_grid,COMPLETE_FORMAL_CASE,714
g4_PoorOverlap_n5000_rep0575,4,PoorOverlap,5000,575,104400575,204400575,remaining_formal_grid,COMPLETE_FORMAL_CASE,714
g4_PoorOverlap_n5000_rep0576,4,PoorOverlap,5000,576,104400576,204400576,remaining_formal_grid,COMPLETE_FORMAL_CASE,714
g4_PoorOverlap_n5000_rep0577,4,PoorOverlap,5000,577,104400577,204400577,remaining_formal_grid,COMPLETE_FORMAL_CASE,715
g4_PoorOverlap_n5000_rep0578,4,PoorOverlap,5000,578,104400578,204400578,remaining_formal_grid,COMPLETE_FORMAL_CASE,715
g4_PoorOverlap_n5000_rep0579,4,PoorOverlap,5000,579,104400579,204400579,remaining_formal_grid,COMPLETE_FORMAL_CASE,715
g4_PoorOverlap_n5000_rep0580,4,PoorOverlap,5000,580,104400580,204400580,remaining_formal_grid,COMPLETE_FORMAL_CASE,715
g4_PoorOverlap_n5000_rep0581,4,PoorOverlap,5000,581,104400581,204400581,remaining_formal_grid,COMPLETE_FORMAL_CASE,715
g4_PoorOverlap_n5000_rep0582,4,PoorOverlap,5000,582,104400582,204400582,remaining_formal_grid,COMPLETE_FORMAL_CASE,716
g4_PoorOverlap_n5000_rep0583,4,PoorOverlap,5000,583,104400583,204400583,remaining_formal_grid,COMPLETE_FORMAL_CASE,716
g4_PoorOverlap_n5000_rep0584,4,PoorOverlap,5000,584,104400584,204400584,remaining_formal_grid,COMPLETE_FORMAL_CASE,716
g4_PoorOverlap_n5000_rep0585,4,PoorOverlap,5000,585,104400585,204400585,remaining_formal_grid,COMPLETE_FORMAL_CASE,716
g4_PoorOverlap_n5000_rep0586,4,PoorOverlap,5000,586,104400586,204400586,remaining_formal_grid,COMPLETE_FORMAL_CASE,716
g4_PoorOverlap_n5000_rep0587,4,PoorOverlap,5000,587,104400587,204400587,remaining_formal_grid,COMPLETE_FORMAL_CASE,717
g4_PoorOverlap_n5000_rep0588,4,PoorOverlap,5000,588,104400588,204400588,remaining_formal_grid,COMPLETE_FORMAL_CASE,717
g4_PoorOverlap_n5000_rep0589,4,PoorOverlap,5000,589,104400589,204400589,remaining_formal_grid,COMPLETE_FORMAL_CASE,717
g4_PoorOverlap_n5000_rep0590,4,PoorOverlap,5000,590,104400590,204400590,remaining_formal_grid,COMPLETE_FORMAL_CASE,717
g4_PoorOverlap_n5000_rep0591,4,PoorOverlap,5000,591,104400591,204400591,remaining_formal_grid,COMPLETE_FORMAL_CASE,717
g4_PoorOverlap_n5000_rep0592,4,PoorOverlap,5000,592,104400592,204400592,remaining_formal_grid,COMPLETE_FORMAL_CASE,718
g4_PoorOverlap_n5000_rep0593,4,PoorOverlap,5000,593,104400593,204400593,remaining_formal_grid,COMPLETE_FORMAL_CASE,718
g4_PoorOverlap_n5000_rep0594,4,PoorOverlap,5000,594,104400594,204400594,remaining_formal_grid,COMPLETE_FORMAL_CASE,718
g4_PoorOverlap_n5000_rep0595,4,PoorOverlap,5000,595,104400595,204400595,remaining_formal_grid,COMPLETE_FORMAL_CASE,718
g4_PoorOverlap_n5000_rep0596,4,PoorOverlap,5000,596,104400596,204400596,remaining_formal_grid,COMPLETE_FORMAL_CASE,718
g4_PoorOverlap_n5000_rep0597,4,PoorOverlap,5000,597,104400597,204400597,remaining_formal_grid,COMPLETE_FORMAL_CASE,719
g4_PoorOverlap_n5000_rep0598,4,PoorOverlap,5000,598,104400598,204400598,remaining_formal_grid,COMPLETE_FORMAL_CASE,719
g4_PoorOverlap_n5000_rep0599,4,PoorOverlap,5000,599,104400599,204400599,remaining_formal_grid,COMPLETE_FORMAL_CASE,719
g4_PoorOverlap_n5000_rep0600,4,PoorOverlap,5000,600,104400600,204400600,remaining_formal_grid,COMPLETE_FORMAL_CASE,719
g4_PoorOverlap_n5000_rep0601,4,PoorOverlap,5000,601,104400601,204400601,remaining_formal_grid,COMPLETE_FORMAL_CASE,719
g4_PoorOverlap_n5000_rep0602,4,PoorOverlap,5000,602,104400602,204400602,remaining_formal_grid,COMPLETE_FORMAL_CASE,720
g4_PoorOverlap_n5000_rep0603,4,PoorOverlap,5000,603,104400603,204400603,remaining_formal_grid,COMPLETE_FORMAL_CASE,720
g4_PoorOverlap_n5000_rep0604,4,PoorOverlap,5000,604,104400604,204400604,remaining_formal_grid,COMPLETE_FORMAL_CASE,720
g4_PoorOverlap_n5000_rep0605,4,PoorOverlap,5000,605,104400605,204400605,remaining_formal_grid,COMPLETE_FORMAL_CASE,720
g4_PoorOverlap_n5000_rep0606,4,PoorOverlap,5000,606,104400606,204400606,remaining_formal_grid,COMPLETE_FORMAL_CASE,720
g4_PoorOverlap_n5000_rep0607,4,PoorOverlap,5000,607,104400607,204400607,remaining_formal_grid,COMPLETE_FORMAL_CASE,721
g4_PoorOverlap_n5000_rep0608,4,PoorOverlap,5000,608,104400608,204400608,remaining_formal_grid,COMPLETE_FORMAL_CASE,721
g4_PoorOverlap_n5000_rep0609,4,PoorOverlap,5000,609,104400609,204400609,remaining_formal_grid,COMPLETE_FORMAL_CASE,721
g4_PoorOverlap_n5000_rep0610,4,PoorOverlap,5000,610,104400610,204400610,remaining_formal_grid,COMPLETE_FORMAL_CASE,721
g4_PoorOverlap_n5000_rep0611,4,PoorOverlap,5000,611,104400611,204400611,remaining_formal_grid,COMPLETE_FORMAL_CASE,721
g4_PoorOverlap_n5000_rep0612,4,PoorOverlap,5000,612,104400612,204400612,remaining_formal_grid,COMPLETE_FORMAL_CASE,722
g4_PoorOverlap_n5000_rep0613,4,PoorOverlap,5000,613,104400613,204400613,remaining_formal_grid,COMPLETE_FORMAL_CASE,722
g4_PoorOverlap_n5000_rep0614,4,PoorOverlap,5000,614,104400614,204400614,remaining_formal_grid,COMPLETE_FORMAL_CASE,722
g4_PoorOverlap_n5000_rep0615,4,PoorOverlap,5000,615,104400615,204400615,remaining_formal_grid,COMPLETE_FORMAL_CASE,722
g4_PoorOverlap_n5000_rep0616,4,PoorOverlap,5000,616,104400616,204400616,remaining_formal_grid,COMPLETE_FORMAL_CASE,722
g4_PoorOverlap_n5000_rep0617,4,PoorOverlap,5000,617,104400617,204400617,remaining_formal_grid,COMPLETE_FORMAL_CASE,723
g4_PoorOverlap_n5000_rep0618,4,PoorOverlap,5000,618,104400618,204400618,remaining_formal_grid,COMPLETE_FORMAL_CASE,723
g4_PoorOverlap_n5000_rep0619,4,PoorOverlap,5000,619,104400619,204400619,remaining_formal_grid,COMPLETE_FORMAL_CASE,723
g4_PoorOverlap_n5000_rep0620,4,PoorOverlap,5000,620,104400620,204400620,remaining_formal_grid,COMPLETE_FORMAL_CASE,723
g4_PoorOverlap_n5000_rep0621,4,PoorOverlap,5000,621,104400621,204400621,remaining_formal_grid,COMPLETE_FORMAL_CASE,723
g4_PoorOverlap_n5000_rep0622,4,PoorOverlap,5000,622,104400622,204400622,remaining_formal_grid,COMPLETE_FORMAL_CASE,724
g4_PoorOverlap_n5000_rep0623,4,PoorOverlap,5000,623,104400623,204400623,remaining_formal_grid,COMPLETE_FORMAL_CASE,724
g4_PoorOverlap_n5000_rep0624,4,PoorOverlap,5000,624,104400624,204400624,remaining_formal_grid,COMPLETE_FORMAL_CASE,724
g4_PoorOverlap_n5000_rep0625,4,PoorOverlap,5000,625,104400625,204400625,remaining_formal_grid,COMPLETE_FORMAL_CASE,724
g4_PoorOverlap_n5000_rep0626,4,PoorOverlap,5000,626,104400626,204400626,remaining_formal_grid,COMPLETE_FORMAL_CASE,724
g4_PoorOverlap_n5000_rep0627,4,PoorOverlap,5000,627,104400627,204400627,remaining_formal_grid,COMPLETE_FORMAL_CASE,725
g4_PoorOverlap_n5000_rep0628,4,PoorOverlap,5000,628,104400628,204400628,remaining_formal_grid,COMPLETE_FORMAL_CASE,725
g4_PoorOverlap_n5000_rep0629,4,PoorOverlap,5000,629,104400629,204400629,remaining_formal_grid,COMPLETE_FORMAL_CASE,725
g4_PoorOverlap_n5000_rep0630,4,PoorOverlap,5000,630,104400630,204400630,remaining_formal_grid,COMPLETE_FORMAL_CASE,725
g4_PoorOverlap_n5000_rep0631,4,PoorOverlap,5000,631,104400631,204400631,remaining_formal_grid,COMPLETE_FORMAL_CASE,725
g4_PoorOverlap_n5000_rep0632,4,PoorOverlap,5000,632,104400632,204400632,remaining_formal_grid,COMPLETE_FORMAL_CASE,726
g4_PoorOverlap_n5000_rep0633,4,PoorOverlap,5000,633,104400633,204400633,remaining_formal_grid,COMPLETE_FORMAL_CASE,726
g4_PoorOverlap_n5000_rep0634,4,PoorOverlap,5000,634,104400634,204400634,remaining_formal_grid,COMPLETE_FORMAL_CASE,726
g4_PoorOverlap_n5000_rep0635,4,PoorOverlap,5000,635,104400635,204400635,remaining_formal_grid,COMPLETE_FORMAL_CASE,726
g4_PoorOverlap_n5000_rep0636,4,PoorOverlap,5000,636,104400636,204400636,remaining_formal_grid,COMPLETE_FORMAL_CASE,726
g4_PoorOverlap_n5000_rep0637,4,PoorOverlap,5000,637,104400637,204400637,remaining_formal_grid,COMPLETE_FORMAL_CASE,727
g4_PoorOverlap_n5000_rep0638,4,PoorOverlap,5000,638,104400638,204400638,remaining_formal_grid,COMPLETE_FORMAL_CASE,727
g4_PoorOverlap_n5000_rep0639,4,PoorOverlap,5000,639,104400639,204400639,remaining_formal_grid,COMPLETE_FORMAL_CASE,727
g4_PoorOverlap_n5000_rep0640,4,PoorOverlap,5000,640,104400640,204400640,remaining_formal_grid,COMPLETE_FORMAL_CASE,727
g4_PoorOverlap_n5000_rep0641,4,PoorOverlap,5000,641,104400641,204400641,remaining_formal_grid,COMPLETE_FORMAL_CASE,727
g4_PoorOverlap_n5000_rep0642,4,PoorOverlap,5000,642,104400642,204400642,remaining_formal_grid,COMPLETE_FORMAL_CASE,728
g4_PoorOverlap_n5000_rep0643,4,PoorOverlap,5000,643,104400643,204400643,remaining_formal_grid,COMPLETE_FORMAL_CASE,728
g4_PoorOverlap_n5000_rep0644,4,PoorOverlap,5000,644,104400644,204400644,remaining_formal_grid,COMPLETE_FORMAL_CASE,728
g4_PoorOverlap_n5000_rep0645,4,PoorOverlap,5000,645,104400645,204400645,remaining_formal_grid,COMPLETE_FORMAL_CASE,728
g4_PoorOverlap_n5000_rep0646,4,PoorOverlap,5000,646,104400646,204400646,remaining_formal_grid,COMPLETE_FORMAL_CASE,728
g4_PoorOverlap_n5000_rep0647,4,PoorOverlap,5000,647,104400647,204400647,remaining_formal_grid,COMPLETE_FORMAL_CASE,729
g4_PoorOverlap_n5000_rep0648,4,PoorOverlap,5000,648,104400648,204400648,remaining_formal_grid,COMPLETE_FORMAL_CASE,729
g4_PoorOverlap_n5000_rep0649,4,PoorOverlap,5000,649,104400649,204400649,remaining_formal_grid,COMPLETE_FORMAL_CASE,729
g4_PoorOverlap_n5000_rep0650,4,PoorOverlap,5000,650,104400650,204400650,remaining_formal_grid,COMPLETE_FORMAL_CASE,729
g4_PoorOverlap_n5000_rep0651,4,PoorOverlap,5000,651,104400651,204400651,remaining_formal_grid,COMPLETE_FORMAL_CASE,729
g4_PoorOverlap_n5000_rep0652,4,PoorOverlap,5000,652,104400652,204400652,remaining_formal_grid,COMPLETE_FORMAL_CASE,730
g4_PoorOverlap_n5000_rep0653,4,PoorOverlap,5000,653,104400653,204400653,remaining_formal_grid,COMPLETE_FORMAL_CASE,730
g4_PoorOverlap_n5000_rep0654,4,PoorOverlap,5000,654,104400654,204400654,remaining_formal_grid,COMPLETE_FORMAL_CASE,730
g4_PoorOverlap_n5000_rep0655,4,PoorOverlap,5000,655,104400655,204400655,remaining_formal_grid,COMPLETE_FORMAL_CASE,730
g4_PoorOverlap_n5000_rep0656,4,PoorOverlap,5000,656,104400656,204400656,remaining_formal_grid,COMPLETE_FORMAL_CASE,730
g4_PoorOverlap_n5000_rep0657,4,PoorOverlap,5000,657,104400657,204400657,remaining_formal_grid,COMPLETE_FORMAL_CASE,731
g4_PoorOverlap_n5000_rep0658,4,PoorOverlap,5000,658,104400658,204400658,remaining_formal_grid,COMPLETE_FORMAL_CASE,731
g4_PoorOverlap_n5000_rep0659,4,PoorOverlap,5000,659,104400659,204400659,remaining_formal_grid,COMPLETE_FORMAL_CASE,731
g4_PoorOverlap_n5000_rep0660,4,PoorOverlap,5000,660,104400660,204400660,remaining_formal_grid,COMPLETE_FORMAL_CASE,731
g4_PoorOverlap_n5000_rep0661,4,PoorOverlap,5000,661,104400661,204400661,remaining_formal_grid,COMPLETE_FORMAL_CASE,731
g4_PoorOverlap_n5000_rep0662,4,PoorOverlap,5000,662,104400662,204400662,remaining_formal_grid,COMPLETE_FORMAL_CASE,732
g4_PoorOverlap_n5000_rep0663,4,PoorOverlap,5000,663,104400663,204400663,remaining_formal_grid,COMPLETE_FORMAL_CASE,732
g4_PoorOverlap_n5000_rep0664,4,PoorOverlap,5000,664,104400664,204400664,remaining_formal_grid,COMPLETE_FORMAL_CASE,732
g4_PoorOverlap_n5000_rep0665,4,PoorOverlap,5000,665,104400665,204400665,remaining_formal_grid,COMPLETE_FORMAL_CASE,732
g4_PoorOverlap_n5000_rep0666,4,PoorOverlap,5000,666,104400666,204400666,remaining_formal_grid,COMPLETE_FORMAL_CASE,732
g4_PoorOverlap_n5000_rep0667,4,PoorOverlap,5000,667,104400667,204400667,remaining_formal_grid,COMPLETE_FORMAL_CASE,733
g4_PoorOverlap_n5000_rep0668,4,PoorOverlap,5000,668,104400668,204400668,remaining_formal_grid,COMPLETE_FORMAL_CASE,733
g4_PoorOverlap_n5000_rep0669,4,PoorOverlap,5000,669,104400669,204400669,remaining_formal_grid,COMPLETE_FORMAL_CASE,733
g4_PoorOverlap_n5000_rep0670,4,PoorOverlap,5000,670,104400670,204400670,remaining_formal_grid,COMPLETE_FORMAL_CASE,733
g4_PoorOverlap_n5000_rep0671,4,PoorOverlap,5000,671,104400671,204400671,remaining_formal_grid,COMPLETE_FORMAL_CASE,733
g4_PoorOverlap_n5000_rep0672,4,PoorOverlap,5000,672,104400672,204400672,remaining_formal_grid,COMPLETE_FORMAL_CASE,734
g4_PoorOverlap_n5000_rep0673,4,PoorOverlap,5000,673,104400673,204400673,remaining_formal_grid,COMPLETE_FORMAL_CASE,734
g4_PoorOverlap_n5000_rep0674,4,PoorOverlap,5000,674,104400674,204400674,remaining_formal_grid,COMPLETE_FORMAL_CASE,734
g4_PoorOverlap_n5000_rep0675,4,PoorOverlap,5000,675,104400675,204400675,remaining_formal_grid,COMPLETE_FORMAL_CASE,734
g4_PoorOverlap_n5000_rep0676,4,PoorOverlap,5000,676,104400676,204400676,remaining_formal_grid,COMPLETE_FORMAL_CASE,734
g4_PoorOverlap_n5000_rep0677,4,PoorOverlap,5000,677,104400677,204400677,remaining_formal_grid,COMPLETE_FORMAL_CASE,735
g4_PoorOverlap_n5000_rep0678,4,PoorOverlap,5000,678,104400678,204400678,remaining_formal_grid,COMPLETE_FORMAL_CASE,735
g4_PoorOverlap_n5000_rep0679,4,PoorOverlap,5000,679,104400679,204400679,remaining_formal_grid,COMPLETE_FORMAL_CASE,735
g4_PoorOverlap_n5000_rep0680,4,PoorOverlap,5000,680,104400680,204400680,remaining_formal_grid,COMPLETE_FORMAL_CASE,735
g4_PoorOverlap_n5000_rep0681,4,PoorOverlap,5000,681,104400681,204400681,remaining_formal_grid,COMPLETE_FORMAL_CASE,735
g4_PoorOverlap_n5000_rep0682,4,PoorOverlap,5000,682,104400682,204400682,remaining_formal_grid,COMPLETE_FORMAL_CASE,736
g4_PoorOverlap_n5000_rep0683,4,PoorOverlap,5000,683,104400683,204400683,remaining_formal_grid,COMPLETE_FORMAL_CASE,736
g4_PoorOverlap_n5000_rep0684,4,PoorOverlap,5000,684,104400684,204400684,remaining_formal_grid,COMPLETE_FORMAL_CASE,736
g4_PoorOverlap_n5000_rep0685,4,PoorOverlap,5000,685,104400685,204400685,remaining_formal_grid,COMPLETE_FORMAL_CASE,736
g4_PoorOverlap_n5000_rep0686,4,PoorOverlap,5000,686,104400686,204400686,remaining_formal_grid,COMPLETE_FORMAL_CASE,736
g4_PoorOverlap_n5000_rep0687,4,PoorOverlap,5000,687,104400687,204400687,remaining_formal_grid,COMPLETE_FORMAL_CASE,737
g4_PoorOverlap_n5000_rep0688,4,PoorOverlap,5000,688,104400688,204400688,remaining_formal_grid,COMPLETE_FORMAL_CASE,737
g4_PoorOverlap_n5000_rep0689,4,PoorOverlap,5000,689,104400689,204400689,remaining_formal_grid,COMPLETE_FORMAL_CASE,737
g4_PoorOverlap_n5000_rep0690,4,PoorOverlap,5000,690,104400690,204400690,remaining_formal_grid,COMPLETE_FORMAL_CASE,737
g4_PoorOverlap_n5000_rep0691,4,PoorOverlap,5000,691,104400691,204400691,remaining_formal_grid,COMPLETE_FORMAL_CASE,737
g4_PoorOverlap_n5000_rep0692,4,PoorOverlap,5000,692,104400692,204400692,remaining_formal_grid,COMPLETE_FORMAL_CASE,738
g4_PoorOverlap_n5000_rep0693,4,PoorOverlap,5000,693,104400693,204400693,remaining_formal_grid,COMPLETE_FORMAL_CASE,738
g4_PoorOverlap_n5000_rep0694,4,PoorOverlap,5000,694,104400694,204400694,remaining_formal_grid,COMPLETE_FORMAL_CASE,738
g4_PoorOverlap_n5000_rep0695,4,PoorOverlap,5000,695,104400695,204400695,remaining_formal_grid,COMPLETE_FORMAL_CASE,738
g4_PoorOverlap_n5000_rep0696,4,PoorOverlap,5000,696,104400696,204400696,remaining_formal_grid,COMPLETE_FORMAL_CASE,738
g4_PoorOverlap_n5000_rep0697,4,PoorOverlap,5000,697,104400697,204400697,remaining_formal_grid,COMPLETE_FORMAL_CASE,739
g4_PoorOverlap_n5000_rep0698,4,PoorOverlap,5000,698,104400698,204400698,remaining_formal_grid,COMPLETE_FORMAL_CASE,739
g4_PoorOverlap_n5000_rep0699,4,PoorOverlap,5000,699,104400699,204400699,remaining_formal_grid,COMPLETE_FORMAL_CASE,739
g4_PoorOverlap_n5000_rep0700,4,PoorOverlap,5000,700,104400700,204400700,remaining_formal_grid,COMPLETE_FORMAL_CASE,739
g4_PoorOverlap_n5000_rep0701,4,PoorOverlap,5000,701,104400701,204400701,remaining_formal_grid,COMPLETE_FORMAL_CASE,739
g4_PoorOverlap_n5000_rep0702,4,PoorOverlap,5000,702,104400702,204400702,remaining_formal_grid,COMPLETE_FORMAL_CASE,740
g4_PoorOverlap_n5000_rep0703,4,PoorOverlap,5000,703,104400703,204400703,remaining_formal_grid,COMPLETE_FORMAL_CASE,740
g4_PoorOverlap_n5000_rep0704,4,PoorOverlap,5000,704,104400704,204400704,remaining_formal_grid,COMPLETE_FORMAL_CASE,740
g4_PoorOverlap_n5000_rep0705,4,PoorOverlap,5000,705,104400705,204400705,remaining_formal_grid,COMPLETE_FORMAL_CASE,740
g4_PoorOverlap_n5000_rep0706,4,PoorOverlap,5000,706,104400706,204400706,remaining_formal_grid,COMPLETE_FORMAL_CASE,740
g4_PoorOverlap_n5000_rep0707,4,PoorOverlap,5000,707,104400707,204400707,remaining_formal_grid,COMPLETE_FORMAL_CASE,741
g4_PoorOverlap_n5000_rep0708,4,PoorOverlap,5000,708,104400708,204400708,remaining_formal_grid,COMPLETE_FORMAL_CASE,741
g4_PoorOverlap_n5000_rep0709,4,PoorOverlap,5000,709,104400709,204400709,remaining_formal_grid,COMPLETE_FORMAL_CASE,741
g4_PoorOverlap_n5000_rep0710,4,PoorOverlap,5000,710,104400710,204400710,remaining_formal_grid,COMPLETE_FORMAL_CASE,741
g4_PoorOverlap_n5000_rep0711,4,PoorOverlap,5000,711,104400711,204400711,remaining_formal_grid,COMPLETE_FORMAL_CASE,741
g4_PoorOverlap_n5000_rep0712,4,PoorOverlap,5000,712,104400712,204400712,remaining_formal_grid,COMPLETE_FORMAL_CASE,742
g4_PoorOverlap_n5000_rep0713,4,PoorOverlap,5000,713,104400713,204400713,remaining_formal_grid,COMPLETE_FORMAL_CASE,742
g4_PoorOverlap_n5000_rep0714,4,PoorOverlap,5000,714,104400714,204400714,remaining_formal_grid,COMPLETE_FORMAL_CASE,742
g4_PoorOverlap_n5000_rep0715,4,PoorOverlap,5000,715,104400715,204400715,remaining_formal_grid,COMPLETE_FORMAL_CASE,742
g4_PoorOverlap_n5000_rep0716,4,PoorOverlap,5000,716,104400716,204400716,remaining_formal_grid,COMPLETE_FORMAL_CASE,742
g4_PoorOverlap_n5000_rep0717,4,PoorOverlap,5000,717,104400717,204400717,remaining_formal_grid,COMPLETE_FORMAL_CASE,743
g4_PoorOverlap_n5000_rep0718,4,PoorOverlap,5000,718,104400718,204400718,remaining_formal_grid,COMPLETE_FORMAL_CASE,743
g4_PoorOverlap_n5000_rep0719,4,PoorOverlap,5000,719,104400719,204400719,remaining_formal_grid,COMPLETE_FORMAL_CASE,743
g4_PoorOverlap_n5000_rep0720,4,PoorOverlap,5000,720,104400720,204400720,remaining_formal_grid,COMPLETE_FORMAL_CASE,743
g4_PoorOverlap_n5000_rep0721,4,PoorOverlap,5000,721,104400721,204400721,remaining_formal_grid,COMPLETE_FORMAL_CASE,743
g4_PoorOverlap_n5000_rep0722,4,PoorOverlap,5000,722,104400722,204400722,remaining_formal_grid,COMPLETE_FORMAL_CASE,744
g4_PoorOverlap_n5000_rep0723,4,PoorOverlap,5000,723,104400723,204400723,remaining_formal_grid,COMPLETE_FORMAL_CASE,744
g4_PoorOverlap_n5000_rep0724,4,PoorOverlap,5000,724,104400724,204400724,remaining_formal_grid,COMPLETE_FORMAL_CASE,744
g4_PoorOverlap_n5000_rep0725,4,PoorOverlap,5000,725,104400725,204400725,remaining_formal_grid,COMPLETE_FORMAL_CASE,744
g4_PoorOverlap_n5000_rep0726,4,PoorOverlap,5000,726,104400726,204400726,remaining_formal_grid,COMPLETE_FORMAL_CASE,744
g4_PoorOverlap_n5000_rep0727,4,PoorOverlap,5000,727,104400727,204400727,remaining_formal_grid,COMPLETE_FORMAL_CASE,745
g4_PoorOverlap_n5000_rep0728,4,PoorOverlap,5000,728,104400728,204400728,remaining_formal_grid,COMPLETE_FORMAL_CASE,745
g4_PoorOverlap_n5000_rep0729,4,PoorOverlap,5000,729,104400729,204400729,remaining_formal_grid,COMPLETE_FORMAL_CASE,745
g4_PoorOverlap_n5000_rep0730,4,PoorOverlap,5000,730,104400730,204400730,remaining_formal_grid,COMPLETE_FORMAL_CASE,745
g4_PoorOverlap_n5000_rep0731,4,PoorOverlap,5000,731,104400731,204400731,remaining_formal_grid,COMPLETE_FORMAL_CASE,745
g4_PoorOverlap_n5000_rep0732,4,PoorOverlap,5000,732,104400732,204400732,remaining_formal_grid,COMPLETE_FORMAL_CASE,746
g4_PoorOverlap_n5000_rep0733,4,PoorOverlap,5000,733,104400733,204400733,remaining_formal_grid,COMPLETE_FORMAL_CASE,746
g4_PoorOverlap_n5000_rep0734,4,PoorOverlap,5000,734,104400734,204400734,remaining_formal_grid,COMPLETE_FORMAL_CASE,746
g4_PoorOverlap_n5000_rep0735,4,PoorOverlap,5000,735,104400735,204400735,remaining_formal_grid,COMPLETE_FORMAL_CASE,746
g4_PoorOverlap_n5000_rep0736,4,PoorOverlap,5000,736,104400736,204400736,remaining_formal_grid,COMPLETE_FORMAL_CASE,746
g4_PoorOverlap_n5000_rep0737,4,PoorOverlap,5000,737,104400737,204400737,remaining_formal_grid,COMPLETE_FORMAL_CASE,747
g4_PoorOverlap_n5000_rep0738,4,PoorOverlap,5000,738,104400738,204400738,remaining_formal_grid,COMPLETE_FORMAL_CASE,747
g4_PoorOverlap_n5000_rep0739,4,PoorOverlap,5000,739,104400739,204400739,remaining_formal_grid,COMPLETE_FORMAL_CASE,747
g4_PoorOverlap_n5000_rep0740,4,PoorOverlap,5000,740,104400740,204400740,remaining_formal_grid,COMPLETE_FORMAL_CASE,747
g4_PoorOverlap_n5000_rep0741,4,PoorOverlap,5000,741,104400741,204400741,remaining_formal_grid,COMPLETE_FORMAL_CASE,747
g4_PoorOverlap_n5000_rep0742,4,PoorOverlap,5000,742,104400742,204400742,remaining_formal_grid,COMPLETE_FORMAL_CASE,748
g4_PoorOverlap_n5000_rep0743,4,PoorOverlap,5000,743,104400743,204400743,remaining_formal_grid,COMPLETE_FORMAL_CASE,748
g4_PoorOverlap_n5000_rep0744,4,PoorOverlap,5000,744,104400744,204400744,remaining_formal_grid,COMPLETE_FORMAL_CASE,748
g4_PoorOverlap_n5000_rep0745,4,PoorOverlap,5000,745,104400745,204400745,remaining_formal_grid,COMPLETE_FORMAL_CASE,748
g4_PoorOverlap_n5000_rep0746,4,PoorOverlap,5000,746,104400746,204400746,remaining_formal_grid,COMPLETE_FORMAL_CASE,748
g4_PoorOverlap_n5000_rep0747,4,PoorOverlap,5000,747,104400747,204400747,remaining_formal_grid,COMPLETE_FORMAL_CASE,749
g4_PoorOverlap_n5000_rep0748,4,PoorOverlap,5000,748,104400748,204400748,remaining_formal_grid,COMPLETE_FORMAL_CASE,749
g4_PoorOverlap_n5000_rep0749,4,PoorOverlap,5000,749,104400749,204400749,remaining_formal_grid,COMPLETE_FORMAL_CASE,749
g4_PoorOverlap_n5000_rep0750,4,PoorOverlap,5000,750,104400750,204400750,remaining_formal_grid,COMPLETE_FORMAL_CASE,749
g4_PoorOverlap_n5000_rep0751,4,PoorOverlap,5000,751,104400751,204400751,remaining_formal_grid,COMPLETE_FORMAL_CASE,749
g4_PoorOverlap_n5000_rep0752,4,PoorOverlap,5000,752,104400752,204400752,remaining_formal_grid,COMPLETE_FORMAL_CASE,750
g4_PoorOverlap_n5000_rep0753,4,PoorOverlap,5000,753,104400753,204400753,remaining_formal_grid,COMPLETE_FORMAL_CASE,750
g4_PoorOverlap_n5000_rep0754,4,PoorOverlap,5000,754,104400754,204400754,remaining_formal_grid,COMPLETE_FORMAL_CASE,750
g4_PoorOverlap_n5000_rep0755,4,PoorOverlap,5000,755,104400755,204400755,remaining_formal_grid,COMPLETE_FORMAL_CASE,750
g4_PoorOverlap_n5000_rep0756,4,PoorOverlap,5000,756,104400756,204400756,remaining_formal_grid,COMPLETE_FORMAL_CASE,750
g4_PoorOverlap_n5000_rep0757,4,PoorOverlap,5000,757,104400757,204400757,remaining_formal_grid,COMPLETE_FORMAL_CASE,751
g4_PoorOverlap_n5000_rep0758,4,PoorOverlap,5000,758,104400758,204400758,remaining_formal_grid,COMPLETE_FORMAL_CASE,751
g4_PoorOverlap_n5000_rep0759,4,PoorOverlap,5000,759,104400759,204400759,remaining_formal_grid,COMPLETE_FORMAL_CASE,751
g4_PoorOverlap_n5000_rep0760,4,PoorOverlap,5000,760,104400760,204400760,remaining_formal_grid,COMPLETE_FORMAL_CASE,751
g4_PoorOverlap_n5000_rep0761,4,PoorOverlap,5000,761,104400761,204400761,remaining_formal_grid,COMPLETE_FORMAL_CASE,751
g4_PoorOverlap_n5000_rep0762,4,PoorOverlap,5000,762,104400762,204400762,remaining_formal_grid,COMPLETE_FORMAL_CASE,752
g4_PoorOverlap_n5000_rep0763,4,PoorOverlap,5000,763,104400763,204400763,remaining_formal_grid,COMPLETE_FORMAL_CASE,752
g4_PoorOverlap_n5000_rep0764,4,PoorOverlap,5000,764,104400764,204400764,remaining_formal_grid,COMPLETE_FORMAL_CASE,752
g4_PoorOverlap_n5000_rep0765,4,PoorOverlap,5000,765,104400765,204400765,remaining_formal_grid,COMPLETE_FORMAL_CASE,752
g4_PoorOverlap_n5000_rep0766,4,PoorOverlap,5000,766,104400766,204400766,remaining_formal_grid,COMPLETE_FORMAL_CASE,752
g4_PoorOverlap_n5000_rep0767,4,PoorOverlap,5000,767,104400767,204400767,remaining_formal_grid,COMPLETE_FORMAL_CASE,753
g4_PoorOverlap_n5000_rep0768,4,PoorOverlap,5000,768,104400768,204400768,remaining_formal_grid,COMPLETE_FORMAL_CASE,753
g4_PoorOverlap_n5000_rep0769,4,PoorOverlap,5000,769,104400769,204400769,remaining_formal_grid,COMPLETE_FORMAL_CASE,753
g4_PoorOverlap_n5000_rep0770,4,PoorOverlap,5000,770,104400770,204400770,remaining_formal_grid,COMPLETE_FORMAL_CASE,753
g4_PoorOverlap_n5000_rep0771,4,PoorOverlap,5000,771,104400771,204400771,remaining_formal_grid,COMPLETE_FORMAL_CASE,753
g4_PoorOverlap_n5000_rep0772,4,PoorOverlap,5000,772,104400772,204400772,remaining_formal_grid,COMPLETE_FORMAL_CASE,754
g4_PoorOverlap_n5000_rep0773,4,PoorOverlap,5000,773,104400773,204400773,remaining_formal_grid,COMPLETE_FORMAL_CASE,754
g4_PoorOverlap_n5000_rep0774,4,PoorOverlap,5000,774,104400774,204400774,remaining_formal_grid,COMPLETE_FORMAL_CASE,754
g4_PoorOverlap_n5000_rep0775,4,PoorOverlap,5000,775,104400775,204400775,remaining_formal_grid,COMPLETE_FORMAL_CASE,754
g4_PoorOverlap_n5000_rep0776,4,PoorOverlap,5000,776,104400776,204400776,remaining_formal_grid,COMPLETE_FORMAL_CASE,754
g4_PoorOverlap_n5000_rep0777,4,PoorOverlap,5000,777,104400777,204400777,remaining_formal_grid,COMPLETE_FORMAL_CASE,755
g4_PoorOverlap_n5000_rep0778,4,PoorOverlap,5000,778,104400778,204400778,remaining_formal_grid,COMPLETE_FORMAL_CASE,755
g4_PoorOverlap_n5000_rep0779,4,PoorOverlap,5000,779,104400779,204400779,remaining_formal_grid,COMPLETE_FORMAL_CASE,755
g4_PoorOverlap_n5000_rep0780,4,PoorOverlap,5000,780,104400780,204400780,remaining_formal_grid,COMPLETE_FORMAL_CASE,755
g4_PoorOverlap_n5000_rep0781,4,PoorOverlap,5000,781,104400781,204400781,remaining_formal_grid,COMPLETE_FORMAL_CASE,755
g4_PoorOverlap_n5000_rep0782,4,PoorOverlap,5000,782,104400782,204400782,remaining_formal_grid,COMPLETE_FORMAL_CASE,756
g4_PoorOverlap_n5000_rep0783,4,PoorOverlap,5000,783,104400783,204400783,remaining_formal_grid,COMPLETE_FORMAL_CASE,756
g4_PoorOverlap_n5000_rep0784,4,PoorOverlap,5000,784,104400784,204400784,remaining_formal_grid,COMPLETE_FORMAL_CASE,756
g4_PoorOverlap_n5000_rep0785,4,PoorOverlap,5000,785,104400785,204400785,remaining_formal_grid,COMPLETE_FORMAL_CASE,756
g4_PoorOverlap_n5000_rep0786,4,PoorOverlap,5000,786,104400786,204400786,remaining_formal_grid,COMPLETE_FORMAL_CASE,756
g4_PoorOverlap_n5000_rep0787,4,PoorOverlap,5000,787,104400787,204400787,remaining_formal_grid,COMPLETE_FORMAL_CASE,757
g4_PoorOverlap_n5000_rep0788,4,PoorOverlap,5000,788,104400788,204400788,remaining_formal_grid,COMPLETE_FORMAL_CASE,757
g4_PoorOverlap_n5000_rep0789,4,PoorOverlap,5000,789,104400789,204400789,remaining_formal_grid,COMPLETE_FORMAL_CASE,757
g4_PoorOverlap_n5000_rep0790,4,PoorOverlap,5000,790,104400790,204400790,remaining_formal_grid,COMPLETE_FORMAL_CASE,757
g4_PoorOverlap_n5000_rep0791,4,PoorOverlap,5000,791,104400791,204400791,remaining_formal_grid,COMPLETE_FORMAL_CASE,757
g4_PoorOverlap_n5000_rep0792,4,PoorOverlap,5000,792,104400792,204400792,remaining_formal_grid,COMPLETE_FORMAL_CASE,758
g4_PoorOverlap_n5000_rep0793,4,PoorOverlap,5000,793,104400793,204400793,remaining_formal_grid,COMPLETE_FORMAL_CASE,758
g4_PoorOverlap_n5000_rep0794,4,PoorOverlap,5000,794,104400794,204400794,remaining_formal_grid,COMPLETE_FORMAL_CASE,758
g4_PoorOverlap_n5000_rep0795,4,PoorOverlap,5000,795,104400795,204400795,remaining_formal_grid,COMPLETE_FORMAL_CASE,758
g4_PoorOverlap_n5000_rep0796,4,PoorOverlap,5000,796,104400796,204400796,remaining_formal_grid,COMPLETE_FORMAL_CASE,758
g4_PoorOverlap_n5000_rep0797,4,PoorOverlap,5000,797,104400797,204400797,remaining_formal_grid,COMPLETE_FORMAL_CASE,759
g4_PoorOverlap_n5000_rep0798,4,PoorOverlap,5000,798,104400798,204400798,remaining_formal_grid,COMPLETE_FORMAL_CASE,759
g4_PoorOverlap_n5000_rep0799,4,PoorOverlap,5000,799,104400799,204400799,remaining_formal_grid,COMPLETE_FORMAL_CASE,759
g4_PoorOverlap_n5000_rep0800,4,PoorOverlap,5000,800,104400800,204400800,remaining_formal_grid,COMPLETE_FORMAL_CASE,759
g4_PoorOverlap_n5000_rep0801,4,PoorOverlap,5000,801,104400801,204400801,remaining_formal_grid,COMPLETE_FORMAL_CASE,759
g4_PoorOverlap_n5000_rep0802,4,PoorOverlap,5000,802,104400802,204400802,remaining_formal_grid,COMPLETE_FORMAL_CASE,760
g4_PoorOverlap_n5000_rep0803,4,PoorOverlap,5000,803,104400803,204400803,remaining_formal_grid,COMPLETE_FORMAL_CASE,760
g4_PoorOverlap_n5000_rep0804,4,PoorOverlap,5000,804,104400804,204400804,remaining_formal_grid,COMPLETE_FORMAL_CASE,760
g4_PoorOverlap_n5000_rep0805,4,PoorOverlap,5000,805,104400805,204400805,remaining_formal_grid,COMPLETE_FORMAL_CASE,760
g4_PoorOverlap_n5000_rep0806,4,PoorOverlap,5000,806,104400806,204400806,remaining_formal_grid,COMPLETE_FORMAL_CASE,760
g4_PoorOverlap_n5000_rep0807,4,PoorOverlap,5000,807,104400807,204400807,remaining_formal_grid,COMPLETE_FORMAL_CASE,761
g4_PoorOverlap_n5000_rep0808,4,PoorOverlap,5000,808,104400808,204400808,remaining_formal_grid,COMPLETE_FORMAL_CASE,761
g4_PoorOverlap_n5000_rep0809,4,PoorOverlap,5000,809,104400809,204400809,remaining_formal_grid,COMPLETE_FORMAL_CASE,761
g4_PoorOverlap_n5000_rep0810,4,PoorOverlap,5000,810,104400810,204400810,remaining_formal_grid,COMPLETE_FORMAL_CASE,761
g4_PoorOverlap_n5000_rep0811,4,PoorOverlap,5000,811,104400811,204400811,remaining_formal_grid,COMPLETE_FORMAL_CASE,761
g4_PoorOverlap_n5000_rep0812,4,PoorOverlap,5000,812,104400812,204400812,remaining_formal_grid,COMPLETE_FORMAL_CASE,762
g4_PoorOverlap_n5000_rep0813,4,PoorOverlap,5000,813,104400813,204400813,remaining_formal_grid,COMPLETE_FORMAL_CASE,762
g4_PoorOverlap_n5000_rep0814,4,PoorOverlap,5000,814,104400814,204400814,remaining_formal_grid,COMPLETE_FORMAL_CASE,762
g4_PoorOverlap_n5000_rep0815,4,PoorOverlap,5000,815,104400815,204400815,remaining_formal_grid,COMPLETE_FORMAL_CASE,762
g4_PoorOverlap_n5000_rep0816,4,PoorOverlap,5000,816,104400816,204400816,remaining_formal_grid,COMPLETE_FORMAL_CASE,762
g4_PoorOverlap_n5000_rep0817,4,PoorOverlap,5000,817,104400817,204400817,remaining_formal_grid,COMPLETE_FORMAL_CASE,763
g4_PoorOverlap_n5000_rep0818,4,PoorOverlap,5000,818,104400818,204400818,remaining_formal_grid,COMPLETE_FORMAL_CASE,763
g4_PoorOverlap_n5000_rep0819,4,PoorOverlap,5000,819,104400819,204400819,remaining_formal_grid,COMPLETE_FORMAL_CASE,763
g4_PoorOverlap_n5000_rep0820,4,PoorOverlap,5000,820,104400820,204400820,remaining_formal_grid,COMPLETE_FORMAL_CASE,763
g4_PoorOverlap_n5000_rep0821,4,PoorOverlap,5000,821,104400821,204400821,remaining_formal_grid,COMPLETE_FORMAL_CASE,763
g4_PoorOverlap_n5000_rep0822,4,PoorOverlap,5000,822,104400822,204400822,remaining_formal_grid,COMPLETE_FORMAL_CASE,764
g4_PoorOverlap_n5000_rep0823,4,PoorOverlap,5000,823,104400823,204400823,remaining_formal_grid,COMPLETE_FORMAL_CASE,764
g4_PoorOverlap_n5000_rep0824,4,PoorOverlap,5000,824,104400824,204400824,remaining_formal_grid,COMPLETE_FORMAL_CASE,764
g4_PoorOverlap_n5000_rep0825,4,PoorOverlap,5000,825,104400825,204400825,remaining_formal_grid,COMPLETE_FORMAL_CASE,764
g4_PoorOverlap_n5000_rep0826,4,PoorOverlap,5000,826,104400826,204400826,remaining_formal_grid,COMPLETE_FORMAL_CASE,764
g4_PoorOverlap_n5000_rep0827,4,PoorOverlap,5000,827,104400827,204400827,remaining_formal_grid,COMPLETE_FORMAL_CASE,765
g4_PoorOverlap_n5000_rep0828,4,PoorOverlap,5000,828,104400828,204400828,remaining_formal_grid,COMPLETE_FORMAL_CASE,765
g4_PoorOverlap_n5000_rep0829,4,PoorOverlap,5000,829,104400829,204400829,remaining_formal_grid,COMPLETE_FORMAL_CASE,765
g4_PoorOverlap_n5000_rep0830,4,PoorOverlap,5000,830,104400830,204400830,remaining_formal_grid,COMPLETE_FORMAL_CASE,765
g4_PoorOverlap_n5000_rep0831,4,PoorOverlap,5000,831,104400831,204400831,remaining_formal_grid,COMPLETE_FORMAL_CASE,765
g4_PoorOverlap_n5000_rep0832,4,PoorOverlap,5000,832,104400832,204400832,remaining_formal_grid,COMPLETE_FORMAL_CASE,766
g4_PoorOverlap_n5000_rep0833,4,PoorOverlap,5000,833,104400833,204400833,remaining_formal_grid,COMPLETE_FORMAL_CASE,766
g4_PoorOverlap_n5000_rep0834,4,PoorOverlap,5000,834,104400834,204400834,remaining_formal_grid,COMPLETE_FORMAL_CASE,766
g4_PoorOverlap_n5000_rep0835,4,PoorOverlap,5000,835,104400835,204400835,remaining_formal_grid,COMPLETE_FORMAL_CASE,766
g4_PoorOverlap_n5000_rep0836,4,PoorOverlap,5000,836,104400836,204400836,remaining_formal_grid,COMPLETE_FORMAL_CASE,766
g4_PoorOverlap_n5000_rep0837,4,PoorOverlap,5000,837,104400837,204400837,remaining_formal_grid,COMPLETE_FORMAL_CASE,767
g4_PoorOverlap_n5000_rep0838,4,PoorOverlap,5000,838,104400838,204400838,remaining_formal_grid,COMPLETE_FORMAL_CASE,767
g4_PoorOverlap_n5000_rep0839,4,PoorOverlap,5000,839,104400839,204400839,remaining_formal_grid,COMPLETE_FORMAL_CASE,767
g4_PoorOverlap_n5000_rep0840,4,PoorOverlap,5000,840,104400840,204400840,remaining_formal_grid,COMPLETE_FORMAL_CASE,767
g4_PoorOverlap_n5000_rep0841,4,PoorOverlap,5000,841,104400841,204400841,remaining_formal_grid,COMPLETE_FORMAL_CASE,767
g4_PoorOverlap_n5000_rep0842,4,PoorOverlap,5000,842,104400842,204400842,remaining_formal_grid,COMPLETE_FORMAL_CASE,768
g4_PoorOverlap_n5000_rep0843,4,PoorOverlap,5000,843,104400843,204400843,remaining_formal_grid,COMPLETE_FORMAL_CASE,768
g4_PoorOverlap_n5000_rep0844,4,PoorOverlap,5000,844,104400844,204400844,remaining_formal_grid,COMPLETE_FORMAL_CASE,768
g4_PoorOverlap_n5000_rep0845,4,PoorOverlap,5000,845,104400845,204400845,remaining_formal_grid,COMPLETE_FORMAL_CASE,768
g4_PoorOverlap_n5000_rep0846,4,PoorOverlap,5000,846,104400846,204400846,remaining_formal_grid,COMPLETE_FORMAL_CASE,768
g4_PoorOverlap_n5000_rep0847,4,PoorOverlap,5000,847,104400847,204400847,remaining_formal_grid,COMPLETE_FORMAL_CASE,769
g4_PoorOverlap_n5000_rep0848,4,PoorOverlap,5000,848,104400848,204400848,remaining_formal_grid,COMPLETE_FORMAL_CASE,769
g4_PoorOverlap_n5000_rep0849,4,PoorOverlap,5000,849,104400849,204400849,remaining_formal_grid,COMPLETE_FORMAL_CASE,769
g4_PoorOverlap_n5000_rep0850,4,PoorOverlap,5000,850,104400850,204400850,remaining_formal_grid,COMPLETE_FORMAL_CASE,769
g4_PoorOverlap_n5000_rep0851,4,PoorOverlap,5000,851,104400851,204400851,remaining_formal_grid,COMPLETE_FORMAL_CASE,769
g4_PoorOverlap_n5000_rep0852,4,PoorOverlap,5000,852,104400852,204400852,remaining_formal_grid,COMPLETE_FORMAL_CASE,770
g4_PoorOverlap_n5000_rep0853,4,PoorOverlap,5000,853,104400853,204400853,remaining_formal_grid,COMPLETE_FORMAL_CASE,770
g4_PoorOverlap_n5000_rep0854,4,PoorOverlap,5000,854,104400854,204400854,remaining_formal_grid,COMPLETE_FORMAL_CASE,770
g4_PoorOverlap_n5000_rep0855,4,PoorOverlap,5000,855,104400855,204400855,remaining_formal_grid,COMPLETE_FORMAL_CASE,770
g4_PoorOverlap_n5000_rep0856,4,PoorOverlap,5000,856,104400856,204400856,remaining_formal_grid,COMPLETE_FORMAL_CASE,770
g4_PoorOverlap_n5000_rep0857,4,PoorOverlap,5000,857,104400857,204400857,remaining_formal_grid,COMPLETE_FORMAL_CASE,771
g4_PoorOverlap_n5000_rep0858,4,PoorOverlap,5000,858,104400858,204400858,remaining_formal_grid,COMPLETE_FORMAL_CASE,771
g4_PoorOverlap_n5000_rep0859,4,PoorOverlap,5000,859,104400859,204400859,remaining_formal_grid,COMPLETE_FORMAL_CASE,771
g4_PoorOverlap_n5000_rep0860,4,PoorOverlap,5000,860,104400860,204400860,remaining_formal_grid,COMPLETE_FORMAL_CASE,771
g4_PoorOverlap_n5000_rep0861,4,PoorOverlap,5000,861,104400861,204400861,remaining_formal_grid,COMPLETE_FORMAL_CASE,771
g4_PoorOverlap_n5000_rep0862,4,PoorOverlap,5000,862,104400862,204400862,remaining_formal_grid,COMPLETE_FORMAL_CASE,772
g4_PoorOverlap_n5000_rep0863,4,PoorOverlap,5000,863,104400863,204400863,remaining_formal_grid,COMPLETE_FORMAL_CASE,772
g4_PoorOverlap_n5000_rep0864,4,PoorOverlap,5000,864,104400864,204400864,remaining_formal_grid,COMPLETE_FORMAL_CASE,772
g4_PoorOverlap_n5000_rep0865,4,PoorOverlap,5000,865,104400865,204400865,remaining_formal_grid,COMPLETE_FORMAL_CASE,772
g4_PoorOverlap_n5000_rep0866,4,PoorOverlap,5000,866,104400866,204400866,remaining_formal_grid,COMPLETE_FORMAL_CASE,772
g4_PoorOverlap_n5000_rep0867,4,PoorOverlap,5000,867,104400867,204400867,remaining_formal_grid,COMPLETE_FORMAL_CASE,773
g4_PoorOverlap_n5000_rep0868,4,PoorOverlap,5000,868,104400868,204400868,remaining_formal_grid,COMPLETE_FORMAL_CASE,773
g4_PoorOverlap_n5000_rep0869,4,PoorOverlap,5000,869,104400869,204400869,remaining_formal_grid,COMPLETE_FORMAL_CASE,773
g4_PoorOverlap_n5000_rep0870,4,PoorOverlap,5000,870,104400870,204400870,remaining_formal_grid,COMPLETE_FORMAL_CASE,773
g4_PoorOverlap_n5000_rep0871,4,PoorOverlap,5000,871,104400871,204400871,remaining_formal_grid,COMPLETE_FORMAL_CASE,773
g4_PoorOverlap_n5000_rep0872,4,PoorOverlap,5000,872,104400872,204400872,remaining_formal_grid,COMPLETE_FORMAL_CASE,774
g4_PoorOverlap_n5000_rep0873,4,PoorOverlap,5000,873,104400873,204400873,remaining_formal_grid,COMPLETE_FORMAL_CASE,774
g4_PoorOverlap_n5000_rep0874,4,PoorOverlap,5000,874,104400874,204400874,remaining_formal_grid,COMPLETE_FORMAL_CASE,774
g4_PoorOverlap_n5000_rep0875,4,PoorOverlap,5000,875,104400875,204400875,remaining_formal_grid,COMPLETE_FORMAL_CASE,774
g4_PoorOverlap_n5000_rep0876,4,PoorOverlap,5000,876,104400876,204400876,remaining_formal_grid,COMPLETE_FORMAL_CASE,774
g4_PoorOverlap_n5000_rep0877,4,PoorOverlap,5000,877,104400877,204400877,remaining_formal_grid,COMPLETE_FORMAL_CASE,775
g4_PoorOverlap_n5000_rep0878,4,PoorOverlap,5000,878,104400878,204400878,remaining_formal_grid,COMPLETE_FORMAL_CASE,775
g4_PoorOverlap_n5000_rep0879,4,PoorOverlap,5000,879,104400879,204400879,remaining_formal_grid,COMPLETE_FORMAL_CASE,775
g4_PoorOverlap_n5000_rep0880,4,PoorOverlap,5000,880,104400880,204400880,remaining_formal_grid,COMPLETE_FORMAL_CASE,775
g4_PoorOverlap_n5000_rep0881,4,PoorOverlap,5000,881,104400881,204400881,remaining_formal_grid,COMPLETE_FORMAL_CASE,775
g4_PoorOverlap_n5000_rep0882,4,PoorOverlap,5000,882,104400882,204400882,remaining_formal_grid,COMPLETE_FORMAL_CASE,776
g4_PoorOverlap_n5000_rep0883,4,PoorOverlap,5000,883,104400883,204400883,remaining_formal_grid,COMPLETE_FORMAL_CASE,776
g4_PoorOverlap_n5000_rep0884,4,PoorOverlap,5000,884,104400884,204400884,remaining_formal_grid,COMPLETE_FORMAL_CASE,776
g4_PoorOverlap_n5000_rep0885,4,PoorOverlap,5000,885,104400885,204400885,remaining_formal_grid,COMPLETE_FORMAL_CASE,776
g4_PoorOverlap_n5000_rep0886,4,PoorOverlap,5000,886,104400886,204400886,remaining_formal_grid,COMPLETE_FORMAL_CASE,776
g4_PoorOverlap_n5000_rep0887,4,PoorOverlap,5000,887,104400887,204400887,remaining_formal_grid,COMPLETE_FORMAL_CASE,777
g4_PoorOverlap_n5000_rep0888,4,PoorOverlap,5000,888,104400888,204400888,remaining_formal_grid,COMPLETE_FORMAL_CASE,777
g4_PoorOverlap_n5000_rep0889,4,PoorOverlap,5000,889,104400889,204400889,remaining_formal_grid,COMPLETE_FORMAL_CASE,777
g4_PoorOverlap_n5000_rep0890,4,PoorOverlap,5000,890,104400890,204400890,remaining_formal_grid,COMPLETE_FORMAL_CASE,777
g4_PoorOverlap_n5000_rep0891,4,PoorOverlap,5000,891,104400891,204400891,remaining_formal_grid,COMPLETE_FORMAL_CASE,777
g4_PoorOverlap_n5000_rep0892,4,PoorOverlap,5000,892,104400892,204400892,remaining_formal_grid,COMPLETE_FORMAL_CASE,778
g4_PoorOverlap_n5000_rep0893,4,PoorOverlap,5000,893,104400893,204400893,remaining_formal_grid,COMPLETE_FORMAL_CASE,778
g4_PoorOverlap_n5000_rep0894,4,PoorOverlap,5000,894,104400894,204400894,remaining_formal_grid,COMPLETE_FORMAL_CASE,778
g4_PoorOverlap_n5000_rep0895,4,PoorOverlap,5000,895,104400895,204400895,remaining_formal_grid,COMPLETE_FORMAL_CASE,778
g4_PoorOverlap_n5000_rep0896,4,PoorOverlap,5000,896,104400896,204400896,remaining_formal_grid,COMPLETE_FORMAL_CASE,778
g4_PoorOverlap_n5000_rep0897,4,PoorOverlap,5000,897,104400897,204400897,remaining_formal_grid,COMPLETE_FORMAL_CASE,779
g4_PoorOverlap_n5000_rep0898,4,PoorOverlap,5000,898,104400898,204400898,remaining_formal_grid,COMPLETE_FORMAL_CASE,779
g4_PoorOverlap_n5000_rep0899,4,PoorOverlap,5000,899,104400899,204400899,remaining_formal_grid,COMPLETE_FORMAL_CASE,779
g4_PoorOverlap_n5000_rep0900,4,PoorOverlap,5000,900,104400900,204400900,remaining_formal_grid,COMPLETE_FORMAL_CASE,779
g4_PoorOverlap_n5000_rep0901,4,PoorOverlap,5000,901,104400901,204400901,remaining_formal_grid,COMPLETE_FORMAL_CASE,779
g4_PoorOverlap_n5000_rep0902,4,PoorOverlap,5000,902,104400902,204400902,remaining_formal_grid,COMPLETE_FORMAL_CASE,780
g4_PoorOverlap_n5000_rep0903,4,PoorOverlap,5000,903,104400903,204400903,remaining_formal_grid,COMPLETE_FORMAL_CASE,780
g4_PoorOverlap_n5000_rep0904,4,PoorOverlap,5000,904,104400904,204400904,remaining_formal_grid,COMPLETE_FORMAL_CASE,780
g4_PoorOverlap_n5000_rep0905,4,PoorOverlap,5000,905,104400905,204400905,remaining_formal_grid,COMPLETE_FORMAL_CASE,780
g4_PoorOverlap_n5000_rep0906,4,PoorOverlap,5000,906,104400906,204400906,remaining_formal_grid,COMPLETE_FORMAL_CASE,780
g4_PoorOverlap_n5000_rep0907,4,PoorOverlap,5000,907,104400907,204400907,remaining_formal_grid,COMPLETE_FORMAL_CASE,781
g4_PoorOverlap_n5000_rep0908,4,PoorOverlap,5000,908,104400908,204400908,remaining_formal_grid,COMPLETE_FORMAL_CASE,781
g4_PoorOverlap_n5000_rep0909,4,PoorOverlap,5000,909,104400909,204400909,remaining_formal_grid,COMPLETE_FORMAL_CASE,781
g4_PoorOverlap_n5000_rep0910,4,PoorOverlap,5000,910,104400910,204400910,remaining_formal_grid,COMPLETE_FORMAL_CASE,781
g4_PoorOverlap_n5000_rep0911,4,PoorOverlap,5000,911,104400911,204400911,remaining_formal_grid,COMPLETE_FORMAL_CASE,781
g4_PoorOverlap_n5000_rep0912,4,PoorOverlap,5000,912,104400912,204400912,remaining_formal_grid,COMPLETE_FORMAL_CASE,782
g4_PoorOverlap_n5000_rep0913,4,PoorOverlap,5000,913,104400913,204400913,remaining_formal_grid,COMPLETE_FORMAL_CASE,782
g4_PoorOverlap_n5000_rep0914,4,PoorOverlap,5000,914,104400914,204400914,remaining_formal_grid,COMPLETE_FORMAL_CASE,782
g4_PoorOverlap_n5000_rep0915,4,PoorOverlap,5000,915,104400915,204400915,remaining_formal_grid,COMPLETE_FORMAL_CASE,782
g4_PoorOverlap_n5000_rep0916,4,PoorOverlap,5000,916,104400916,204400916,remaining_formal_grid,COMPLETE_FORMAL_CASE,782
g4_PoorOverlap_n5000_rep0917,4,PoorOverlap,5000,917,104400917,204400917,remaining_formal_grid,COMPLETE_FORMAL_CASE,783
g4_PoorOverlap_n5000_rep0918,4,PoorOverlap,5000,918,104400918,204400918,remaining_formal_grid,COMPLETE_FORMAL_CASE,783
g4_PoorOverlap_n5000_rep0919,4,PoorOverlap,5000,919,104400919,204400919,remaining_formal_grid,COMPLETE_FORMAL_CASE,783
g4_PoorOverlap_n5000_rep0920,4,PoorOverlap,5000,920,104400920,204400920,remaining_formal_grid,COMPLETE_FORMAL_CASE,783
g4_PoorOverlap_n5000_rep0921,4,PoorOverlap,5000,921,104400921,204400921,remaining_formal_grid,COMPLETE_FORMAL_CASE,783
g4_PoorOverlap_n5000_rep0922,4,PoorOverlap,5000,922,104400922,204400922,remaining_formal_grid,COMPLETE_FORMAL_CASE,784
g4_PoorOverlap_n5000_rep0923,4,PoorOverlap,5000,923,104400923,204400923,remaining_formal_grid,COMPLETE_FORMAL_CASE,784
g4_PoorOverlap_n5000_rep0924,4,PoorOverlap,5000,924,104400924,204400924,remaining_formal_grid,COMPLETE_FORMAL_CASE,784
g4_PoorOverlap_n5000_rep0925,4,PoorOverlap,5000,925,104400925,204400925,remaining_formal_grid,COMPLETE_FORMAL_CASE,784
g4_PoorOverlap_n5000_rep0926,4,PoorOverlap,5000,926,104400926,204400926,remaining_formal_grid,COMPLETE_FORMAL_CASE,784
g4_PoorOverlap_n5000_rep0927,4,PoorOverlap,5000,927,104400927,204400927,remaining_formal_grid,COMPLETE_FORMAL_CASE,785
g4_PoorOverlap_n5000_rep0928,4,PoorOverlap,5000,928,104400928,204400928,remaining_formal_grid,COMPLETE_FORMAL_CASE,785
g4_PoorOverlap_n5000_rep0929,4,PoorOverlap,5000,929,104400929,204400929,remaining_formal_grid,COMPLETE_FORMAL_CASE,785
g4_PoorOverlap_n5000_rep0930,4,PoorOverlap,5000,930,104400930,204400930,remaining_formal_grid,COMPLETE_FORMAL_CASE,785
g4_PoorOverlap_n5000_rep0931,4,PoorOverlap,5000,931,104400931,204400931,remaining_formal_grid,COMPLETE_FORMAL_CASE,785
g4_PoorOverlap_n5000_rep0932,4,PoorOverlap,5000,932,104400932,204400932,remaining_formal_grid,COMPLETE_FORMAL_CASE,786
g4_PoorOverlap_n5000_rep0933,4,PoorOverlap,5000,933,104400933,204400933,remaining_formal_grid,COMPLETE_FORMAL_CASE,786
g4_PoorOverlap_n5000_rep0934,4,PoorOverlap,5000,934,104400934,204400934,remaining_formal_grid,COMPLETE_FORMAL_CASE,786
g4_PoorOverlap_n5000_rep0935,4,PoorOverlap,5000,935,104400935,204400935,remaining_formal_grid,COMPLETE_FORMAL_CASE,786
g4_PoorOverlap_n5000_rep0936,4,PoorOverlap,5000,936,104400936,204400936,remaining_formal_grid,COMPLETE_FORMAL_CASE,786
g4_PoorOverlap_n5000_rep0937,4,PoorOverlap,5000,937,104400937,204400937,remaining_formal_grid,COMPLETE_FORMAL_CASE,787
g4_PoorOverlap_n5000_rep0938,4,PoorOverlap,5000,938,104400938,204400938,remaining_formal_grid,COMPLETE_FORMAL_CASE,787
g4_PoorOverlap_n5000_rep0939,4,PoorOverlap,5000,939,104400939,204400939,remaining_formal_grid,COMPLETE_FORMAL_CASE,787
g4_PoorOverlap_n5000_rep0940,4,PoorOverlap,5000,940,104400940,204400940,remaining_formal_grid,COMPLETE_FORMAL_CASE,787
g4_PoorOverlap_n5000_rep0941,4,PoorOverlap,5000,941,104400941,204400941,remaining_formal_grid,COMPLETE_FORMAL_CASE,787
g4_PoorOverlap_n5000_rep0942,4,PoorOverlap,5000,942,104400942,204400942,remaining_formal_grid,COMPLETE_FORMAL_CASE,788
g4_PoorOverlap_n5000_rep0943,4,PoorOverlap,5000,943,104400943,204400943,remaining_formal_grid,COMPLETE_FORMAL_CASE,788
g4_PoorOverlap_n5000_rep0944,4,PoorOverlap,5000,944,104400944,204400944,remaining_formal_grid,COMPLETE_FORMAL_CASE,788
g4_PoorOverlap_n5000_rep0945,4,PoorOverlap,5000,945,104400945,204400945,remaining_formal_grid,COMPLETE_FORMAL_CASE,788
g4_PoorOverlap_n5000_rep0946,4,PoorOverlap,5000,946,104400946,204400946,remaining_formal_grid,COMPLETE_FORMAL_CASE,788
g4_PoorOverlap_n5000_rep0947,4,PoorOverlap,5000,947,104400947,204400947,remaining_formal_grid,COMPLETE_FORMAL_CASE,789
g4_PoorOverlap_n5000_rep0948,4,PoorOverlap,5000,948,104400948,204400948,remaining_formal_grid,COMPLETE_FORMAL_CASE,789
g4_PoorOverlap_n5000_rep0949,4,PoorOverlap,5000,949,104400949,204400949,remaining_formal_grid,COMPLETE_FORMAL_CASE,789
g4_PoorOverlap_n5000_rep0950,4,PoorOverlap,5000,950,104400950,204400950,remaining_formal_grid,COMPLETE_FORMAL_CASE,789
g4_PoorOverlap_n5000_rep0951,4,PoorOverlap,5000,951,104400951,204400951,remaining_formal_grid,COMPLETE_FORMAL_CASE,789
g4_PoorOverlap_n5000_rep0952,4,PoorOverlap,5000,952,104400952,204400952,remaining_formal_grid,COMPLETE_FORMAL_CASE,790
g4_PoorOverlap_n5000_rep0953,4,PoorOverlap,5000,953,104400953,204400953,remaining_formal_grid,COMPLETE_FORMAL_CASE,790
g4_PoorOverlap_n5000_rep0954,4,PoorOverlap,5000,954,104400954,204400954,remaining_formal_grid,COMPLETE_FORMAL_CASE,790
g4_PoorOverlap_n5000_rep0955,4,PoorOverlap,5000,955,104400955,204400955,remaining_formal_grid,COMPLETE_FORMAL_CASE,790
g4_PoorOverlap_n5000_rep0956,4,PoorOverlap,5000,956,104400956,204400956,remaining_formal_grid,COMPLETE_FORMAL_CASE,790
g4_PoorOverlap_n5000_rep0957,4,PoorOverlap,5000,957,104400957,204400957,remaining_formal_grid,COMPLETE_FORMAL_CASE,791
g4_PoorOverlap_n5000_rep0958,4,PoorOverlap,5000,958,104400958,204400958,remaining_formal_grid,COMPLETE_FORMAL_CASE,791
g4_PoorOverlap_n5000_rep0959,4,PoorOverlap,5000,959,104400959,204400959,remaining_formal_grid,COMPLETE_FORMAL_CASE,791
g4_PoorOverlap_n5000_rep0960,4,PoorOverlap,5000,960,104400960,204400960,remaining_formal_grid,COMPLETE_FORMAL_CASE,791
g4_PoorOverlap_n5000_rep0961,4,PoorOverlap,5000,961,104400961,204400961,remaining_formal_grid,COMPLETE_FORMAL_CASE,791
g4_PoorOverlap_n5000_rep0962,4,PoorOverlap,5000,962,104400962,204400962,remaining_formal_grid,COMPLETE_FORMAL_CASE,792
g4_PoorOverlap_n5000_rep0963,4,PoorOverlap,5000,963,104400963,204400963,remaining_formal_grid,COMPLETE_FORMAL_CASE,792
g4_PoorOverlap_n5000_rep0964,4,PoorOverlap,5000,964,104400964,204400964,remaining_formal_grid,COMPLETE_FORMAL_CASE,792
g4_PoorOverlap_n5000_rep0965,4,PoorOverlap,5000,965,104400965,204400965,remaining_formal_grid,COMPLETE_FORMAL_CASE,792
g4_PoorOverlap_n5000_rep0966,4,PoorOverlap,5000,966,104400966,204400966,remaining_formal_grid,COMPLETE_FORMAL_CASE,792
g4_PoorOverlap_n5000_rep0967,4,PoorOverlap,5000,967,104400967,204400967,remaining_formal_grid,COMPLETE_FORMAL_CASE,793
g4_PoorOverlap_n5000_rep0968,4,PoorOverlap,5000,968,104400968,204400968,remaining_formal_grid,COMPLETE_FORMAL_CASE,793
g4_PoorOverlap_n5000_rep0969,4,PoorOverlap,5000,969,104400969,204400969,remaining_formal_grid,COMPLETE_FORMAL_CASE,793
g4_PoorOverlap_n5000_rep0970,4,PoorOverlap,5000,970,104400970,204400970,remaining_formal_grid,COMPLETE_FORMAL_CASE,793
g4_PoorOverlap_n5000_rep0971,4,PoorOverlap,5000,971,104400971,204400971,remaining_formal_grid,COMPLETE_FORMAL_CASE,793
g4_PoorOverlap_n5000_rep0972,4,PoorOverlap,5000,972,104400972,204400972,remaining_formal_grid,COMPLETE_FORMAL_CASE,794
g4_PoorOverlap_n5000_rep0973,4,PoorOverlap,5000,973,104400973,204400973,remaining_formal_grid,COMPLETE_FORMAL_CASE,794
g4_PoorOverlap_n5000_rep0974,4,PoorOverlap,5000,974,104400974,204400974,remaining_formal_grid,COMPLETE_FORMAL_CASE,794
g4_PoorOverlap_n5000_rep0975,4,PoorOverlap,5000,975,104400975,204400975,remaining_formal_grid,COMPLETE_FORMAL_CASE,794
g4_PoorOverlap_n5000_rep0976,4,PoorOverlap,5000,976,104400976,204400976,remaining_formal_grid,COMPLETE_FORMAL_CASE,794
g4_PoorOverlap_n5000_rep0977,4,PoorOverlap,5000,977,104400977,204400977,remaining_formal_grid,COMPLETE_FORMAL_CASE,795
g4_PoorOverlap_n5000_rep0978,4,PoorOverlap,5000,978,104400978,204400978,remaining_formal_grid,COMPLETE_FORMAL_CASE,795
g4_PoorOverlap_n5000_rep0979,4,PoorOverlap,5000,979,104400979,204400979,remaining_formal_grid,COMPLETE_FORMAL_CASE,795
g4_PoorOverlap_n5000_rep0980,4,PoorOverlap,5000,980,104400980,204400980,remaining_formal_grid,COMPLETE_FORMAL_CASE,795
g4_PoorOverlap_n5000_rep0981,4,PoorOverlap,5000,981,104400981,204400981,remaining_formal_grid,COMPLETE_FORMAL_CASE,795
g4_PoorOverlap_n5000_rep0982,4,PoorOverlap,5000,982,104400982,204400982,remaining_formal_grid,COMPLETE_FORMAL_CASE,796
g4_PoorOverlap_n5000_rep0983,4,PoorOverlap,5000,983,104400983,204400983,remaining_formal_grid,COMPLETE_FORMAL_CASE,796
g4_PoorOverlap_n5000_rep0984,4,PoorOverlap,5000,984,104400984,204400984,remaining_formal_grid,COMPLETE_FORMAL_CASE,796
g4_PoorOverlap_n5000_rep0985,4,PoorOverlap,5000,985,104400985,204400985,remaining_formal_grid,COMPLETE_FORMAL_CASE,796
g4_PoorOverlap_n5000_rep0986,4,PoorOverlap,5000,986,104400986,204400986,remaining_formal_grid,COMPLETE_FORMAL_CASE,796
g4_PoorOverlap_n5000_rep0987,4,PoorOverlap,5000,987,104400987,204400987,remaining_formal_grid,COMPLETE_FORMAL_CASE,797
g4_PoorOverlap_n5000_rep0988,4,PoorOverlap,5000,988,104400988,204400988,remaining_formal_grid,COMPLETE_FORMAL_CASE,797
g4_PoorOverlap_n5000_rep0989,4,PoorOverlap,5000,989,104400989,204400989,remaining_formal_grid,COMPLETE_FORMAL_CASE,797
g4_PoorOverlap_n5000_rep0990,4,PoorOverlap,5000,990,104400990,204400990,remaining_formal_grid,COMPLETE_FORMAL_CASE,797
g4_PoorOverlap_n5000_rep0991,4,PoorOverlap,5000,991,104400991,204400991,remaining_formal_grid,COMPLETE_FORMAL_CASE,797
g4_PoorOverlap_n5000_rep0992,4,PoorOverlap,5000,992,104400992,204400992,remaining_formal_grid,COMPLETE_FORMAL_CASE,798
g4_PoorOverlap_n5000_rep0993,4,PoorOverlap,5000,993,104400993,204400993,remaining_formal_grid,COMPLETE_FORMAL_CASE,798
g4_PoorOverlap_n5000_rep0994,4,PoorOverlap,5000,994,104400994,204400994,remaining_formal_grid,COMPLETE_FORMAL_CASE,798
g4_PoorOverlap_n5000_rep0995,4,PoorOverlap,5000,995,104400995,204400995,remaining_formal_grid,COMPLETE_FORMAL_CASE,798
g4_PoorOverlap_n5000_rep0996,4,PoorOverlap,5000,996,104400996,204400996,remaining_formal_grid,COMPLETE_FORMAL_CASE,798
g4_PoorOverlap_n5000_rep0997,4,PoorOverlap,5000,997,104400997,204400997,remaining_formal_grid,COMPLETE_FORMAL_CASE,799
g4_PoorOverlap_n5000_rep0998,4,PoorOverlap,5000,998,104400998,204400998,remaining_formal_grid,COMPLETE_FORMAL_CASE,799
g4_PoorOverlap_n5000_rep0999,4,PoorOverlap,5000,999,104400999,204400999,remaining_formal_grid,COMPLETE_FORMAL_CASE,799
g4_PoorOverlap_n5000_rep1000,4,PoorOverlap,5000,1000,104401000,204401000,remaining_formal_grid,COMPLETE_FORMAL_CASE,799
