"sampling_design","overlap","estimand","scenario","method","requested","interval_required","coverage_rule","truth","point_metric_scope","relative_bias_status","mean_estimate","signed_bias","absolute_bias","signed_relative_bias_percent","empirical_variance","empirical_sd","bias_mcse","signed_relative_bias_mcse","mse","rmse","rmse_mcse","variance_mcse","interval_availability","availability_mcse","operational_coverage","operational_coverage_mcse","coverage_exact95_lower","coverage_exact95_upper","operational_denominator","conditional_coverage","conditional_coverage_mcse","conditional_coverage_denominator","mean_valid_ci_length","mean_reported_variance_valid_intervals","variance_calibration_ratio","warning_rate","reference_scenario","reference_method","reference_empirical_variance","relative_efficiency","relative_efficiency_mcse","paired_bias_difference","paired_bias_difference_mcse","paired_mse_difference","paired_mse_difference_mcse","paired_operational_coverage_difference","paired_operational_coverage_difference_mcse","relative_efficiency_status"
"retrospective","GoodOverlap","PATE","CorCor","WDSM_M1",1000,TRUE,"inclusive",0.866391828860284,"all_requested","defined",0.864859577501244,-0.00153225135903918,0.00153225135903918,-0.176854317873106,0.00387249740256784,0.0622293933970743,0.00196786620545398,0.227133513948609,0.00387097269939255,0.0622171415237999,0.00139280889746852,0.000173403039600623,1,0,0.937,0.00768316341099159,0.920111958126645,0.951253072443419,1000,0.937,0.00768316341099159,1000,0.233596085299924,0.00357702614055683,0.923700074836697,0,"CorCor","PSM_M1",0.00716442624343717,1.85007903134718,0.101267304904154,-0.0565886484403878,0.00242416894526374,-0.00631749597738032,0.000442969193295814,-0.033,0.00871705150764793,"defined"
"prospective","GoodOverlap","PATE","CorCor","WDSM_M1",1000,TRUE,"inclusive",0.866391828860284,"all_requested","defined",0.86013980144946,-0.00625202741082404,0.00625202741082404,-0.721616617627665,0.00356738178646189,0.0597275630380303,0.00188875138291462,0.21800198478317,0.00360290225142112,0.0600241805560153,0.00129804393563787,0.000154592179016626,1,0,0.93,0.00806845710157772,0.912383766510715,0.94502847508083,1000,0.93,0.00806845710157772,1000,0.221959379620543,0.00322150014286273,0.903043278151004,0,"CorCor","PSM_M1",0.00757770737570927,2.12416495606566,0.116961708755602,-0.0613745854628349,0.00244704131430831,-0.00700572382310974,0.000475445712455371,-0.028,0.00996570696515382,"defined"
"retrospective","PoorOverlap","PATE","CorCor","WDSM_M1",1000,TRUE,"inclusive",0.866391828860284,"all_requested","defined",0.86938656785498,0.0029947389946959,0.0029947389946959,0.345656421833456,0.0148299681018603,0.121778356459021,0.00385096976122383,0.444483619644668,0.0148241065954048,0.121754287790635,0.00279744372497162,0.000680666039189592,1,0,0.946,0.00714730718522718,0.930125994422933,0.959176648874369,1000,0.946,0.00714730718522718,1000,0.473415022702781,0.0150102101830333,1.01215390889144,0,"CorCor","PSM_M1",0.0988525312143353,6.66572783807506,0.434423907621028,-0.0881095145168788,0.00958745307237492,-0.0922295570956174,0.00497664712209798,-0.002,0.00949136903118228,"defined"
"prospective","PoorOverlap","PATE","CorCor","WDSM_M1",1000,TRUE,"inclusive",0.866391828860284,"all_requested","defined",0.857508031637302,-0.00888379722298193,0.00888379722298193,-1.02537869437993,0.0135715984059739,0.11649720342555,0.00368396503864707,0.425207731182464,0.013636948660667,0.116777346521776,0.00253365906197966,0.000589546273629441,1,0,0.943,0.00733150734842434,0.926777270539338,0.956546418063041,1000,0.943,0.00733150734842434,1000,0.453632095969982,0.0137352362985825,1.01205737804152,0,"CorCor","PSM_M1",0.12591407450154,9.27776307071648,0.612088737382524,-0.100383781294101,0.0108598816483938,-0.120523458851386,0.00649570191174167,-0.02,0.00925665629078263,"defined"
"retrospective","GoodOverlap","PATT","CorCor","WDSM_M1",1000,TRUE,"inclusive",1.03507218631865,"all_requested","defined",1.03250044185355,-0.00257174446510342,0.00257174446510342,-0.248460397168057,0.00349730622601465,0.0591380269032934,0.00187010861342721,0.18067422138725,0.00350042278938242,0.0591643709455482,0.00132079644333855,0.00015657916579932,1,0,0.941,0.00745110730026082,0.924550926915759,0.954786645597203,1000,0.941,0.00745110730026082,1000,0.220710278706037,0.003180073739807,0.909292333668718,0,"CorCor","PSM_M1",0.00658007194057743,1.88146862623344,0.105471189893387,-0.0642959522730567,0.00216948366071942,-0.00688294690877384,0.000424245458253529,-0.02,0.00914787864390885,"defined"
"prospective","GoodOverlap","PATT","CorCor","WDSM_M1",1000,TRUE,"inclusive",1.03507218631865,"all_requested","defined",1.0298022747082,-0.00526991161045446,0.00526991161045446,-0.50913469418954,0.00447947206189173,0.0669288582144633,0.00211647633152174,0.204476205572601,0.00450276455821184,0.0671026419614894,0.00149778867880243,0.000201344175921475,1,0,0.931,0.00801492358042171,0.913484890654288,0.945920664206744,1000,0.931,0.00801492358042171,1000,0.24774348951211,0.00400871944157103,0.894908905822732,0,"CorCor","PSM_M1",0.00607209848913143,1.35553886824938,0.0778381370440506,-0.0659330925000238,0.00233152915728156,-0.00524328334807106,0.000426521596464137,-0.026,0.00966526861589565,"defined"
"retrospective","PoorOverlap","PATT","CorCor","WDSM_M1",1000,TRUE,"inclusive",1.18185416619657,"all_requested","defined",1.18469486641072,0.00284070021414611,0.00284070021414611,0.240359622650231,0.00726576296381287,0.0852394448821252,0.00269550792315899,0.228074495166662,0.0072665667785557,0.0852441597914819,0.00206382320658132,0.000352161222698667,1,0,0.943,0.00733150734842434,0.926777270539338,0.956546418063041,1000,0.943,0.00733150734842434,1000,0.338978289302377,0.00759846916200359,1.04579095132167,0,"CorCor","PSM_M1",0.0556480920523005,7.65894680702575,0.51141518806694,-0.0498089547386293,0.00702039023999805,-0.0510978633483388,0.00306020553914577,-0.018,0.0091520358259657,"defined"
"prospective","PoorOverlap","PATT","CorCor","WDSM_M1",1000,TRUE,"inclusive",1.18185416619657,"all_requested","defined",1.17393476779226,-0.00791939840431294,0.00791939840431294,-0.670082539015711,0.0105627293402196,0.102775139699343,0.00325003528291918,0.274994612353773,0.0106148834819656,0.103028556633419,0.00224792898395034,0.000458107610574629,1,0,0.944,0.00727076337120113,0.927892253716747,0.957424450313383,1000,0.944,0.00727076337120113,1000,0.390541389107656,0.0101565928207694,0.961550040110964,0,"CorCor","PSM_M1",0.0516976678438343,4.89434749094496,0.302499640611947,-0.086743883355076,0.00679015663389854,-0.047244386121778,0.00289924134039897,-0.013,0.00910570776567719,"defined"
"retrospective","GoodOverlap","PATE","CorMis","WDSM_M1",1000,TRUE,"inclusive",0.866391828860284,"all_requested","defined",0.842995755585558,-0.0233960732747257,0.0233960732747257,-2.70040326967333,0.00474491666076076,0.0688833554696689,0.00217828296159171,0.251420072192646,0.00528754798877633,0.0727155278381195,0.00165750585462645,0.000223368880263718,1,0,0.959,0.00627048642451286,0.944787540684701,0.970419831465964,1000,0.959,0.00627048642451286,1000,0.295021071508142,0.00570545309824645,1.20243483840909,0,"CorCor","PSM_M1",0.00716442624343717,1.5099161388197,0.0819269975280785,-0.0784524703560743,0.00253126357750077,-0.00490092068799654,0.000487433138175407,-0.011,0.0076771047887819,"defined"
"prospective","GoodOverlap","PATE","CorMis","WDSM_M1",1000,TRUE,"inclusive",0.866391828860284,"all_requested","defined",0.856089714134392,-0.0103021147258913,0.0103021147258913,-1.18908262782711,0.00459529545316638,0.0677886085796602,0.00214366402525358,0.24742431240072,0.00469683372553863,0.0685334496836299,0.00158300061915647,0.000213748330959778,1,0,0.957,0.00641490451994416,0.942513742038028,0.968708829543907,1000,0.957,0.00641490451994416,1000,0.279303981942091,0.00510627334754005,1.11119587403713,0,"CorCor","PSM_M1",0.00757770737570927,1.64901418264366,0.0940185148535653,-0.0654246727779021,0.00253571060510806,-0.00591179234899223,0.000488237338684883,-0.001,0.00831072006916778,"defined"
"retrospective","PoorOverlap","PATE","CorMis","WDSM_M1",1000,TRUE,"inclusive",0.866391828860284,"all_requested","defined",0.861618661461779,-0.00477316739850422,0.00477316739850422,-0.550924794014182,0.02233022711977,0.149433018840449,0.00472548697170672,0.545421461086837,0.0223306800196644,0.14943453422708,0.00330774174318014,0.000989345159359456,1,0,0.954,0.00662449998113065,0.939116447286257,0.966128501452322,1000,0.954,0.00662449998113065,1000,0.609080207521971,0.0249658761521718,1.11803055196283,0,"CorCor","PSM_M1",0.0988525312143353,4.42684844556805,0.288025099147075,-0.095877420910079,0.00963919329883953,-0.0847229836713578,0.00502508598558119,0.006,0.00927631662083879,"defined"
"prospective","PoorOverlap","PATE","CorMis","WDSM_M1",1000,TRUE,"inclusive",0.866391828860284,"all_requested","defined",0.860827037054575,-0.00556479180570899,0.00556479180570899,-0.642295047153125,0.0193954503114763,0.139267549384185,0.00440402660204004,0.508318113737686,0.0194070217690057,0.139309087173112,0.00327774196329598,0.000913772358782088,1,0,0.961,0.00612200947402077,0.947069064214555,0.972122851204664,1000,0.961,0.00612200947402077,1000,0.57718790069463,0.0223872142324655,1.15425081000666,0,"CorCor","PSM_M1",0.12591407450154,6.49193870105898,0.447149736656717,-0.0970647758768279,0.0109168769853408,-0.114753385743047,0.00653337010529993,-0.002,0.00837054753681419,"defined"
"retrospective","GoodOverlap","PATT","CorMis","WDSM_M1",1000,TRUE,"inclusive",1.03507218631865,"all_requested","defined",1.03691227144986,0.00184008513120478,0.00184008513120478,0.177773604153083,0.0041903653445219,0.0647330313249882,0.0020470381883399,0.197767674119466,0.00418956089246746,0.0647268174133988,0.00149105633540803,0.000192545878641827,1,0,0.957,0.00641490451994416,0.942513742038028,0.968708829543907,1000,0.957,0.00641490451994416,1000,0.269981870323218,0.004758821918261,1.13565799805075,0,"CorCor","PSM_M1",0.00658007194057743,1.57028597737417,0.0858628055834254,-0.0598841226767486,0.00228635691353882,-0.0061938088056888,0.00041855131082388,-0.004,0.00812711818851246,"defined"
"prospective","GoodOverlap","PATT","CorMis","WDSM_M1",1000,TRUE,"inclusive",1.03507218631865,"all_requested","defined",1.0130505881333,-0.0220215981853478,0.0220215981853478,-2.12754225999155,0.00526804159784722,0.0725812758075195,0.00229522147032639,0.221745062872339,0.00574772434288628,0.0758137477169298,0.00159903600519115,0.000232001387253152,1,0,0.963,0.00596917079668525,0.949358876940075,0.973817291156263,1000,0.963,0.00596917079668525,1000,0.303846348166994,0.00603356021778711,1.1453137006839,0,"CorCor","PSM_M1",0.00607209848913143,1.15262918417592,0.0650279975243691,-0.0826847790749172,0.00249223401513051,-0.00399832356339662,0.0004613269184948,0.006,0.00812588641503375,"defined"
"retrospective","PoorOverlap","PATT","CorMis","WDSM_M1",1000,TRUE,"inclusive",1.18185416619657,"all_requested","defined",1.20511183275706,0.0232576665604879,0.0232576665604879,1.96789648212989,0.0108517824988585,0.104171889196935,0.00329420438025003,0.278731883718903,0.0113818497701985,0.106685752423641,0.00240416409789632,0.000496524801378838,1,0,0.948,0.00702111102319284,0.932364985949493,0.96092346505602,1000,0.948,0.00702111102319284,1000,0.432903301145862,0.0125024231302857,1.15210778796947,0,"CorCor","PSM_M1",0.0556480920523005,5.1280139514549,0.332166762446376,-0.0293919883922875,0.00685903702605628,-0.046982580356696,0.00304093362990697,-0.013,0.00830059635808777,"defined"
"prospective","PoorOverlap","PATT","CorMis","WDSM_M1",1000,TRUE,"inclusive",1.18185416619657,"all_requested","defined",1.17189585399467,-0.00995831220189981,0.00995831220189981,-0.84260076130607,0.0165642990335369,0.128702366075907,0.00406992617052655,0.344367882851768,0.0166469027164138,0.129022876717324,0.00288846111129537,0.000732186902993723,1,0,0.954,0.00662449998113065,0.939116447286257,0.966128501452322,1000,0.954,0.00662449998113065,1000,0.501027053282259,0.016805791018469,1.01457906455584,0,"CorCor","PSM_M1",0.0516976678438343,3.12102961551013,0.191645506647041,-0.0887827971526628,0.00655912294877561,-0.0412123668873297,0.00293118947418815,-0.003,0.00877884206875076,"defined"
"retrospective","GoodOverlap","PATE","MisCor","WDSM_M1",1000,TRUE,"inclusive",0.866391828860284,"all_requested","defined",0.866647063843477,0.000255234983193605,0.000255234983193605,0.0294595325915482,0.0039388609199069,0.0627603451225923,0.00198465637325631,0.229071455563827,0.00393498720388363,0.0627294763558858,0.00142230104704104,0.00017859117117911,1,0,0.948,0.00702111102319284,0.932364985949493,0.96092346505602,1000,0.948,0.00702111102319284,1000,0.233162846607419,0.00356345299709201,0.904691246924311,0,"CorCor","PSM_M1",0.00716442624343717,1.81890815368178,0.0979779667776675,-0.054801162098155,0.00241418015942717,-0.00625348147288923,0.000436069760600772,-0.022,0.00822092352376444,"defined"
"prospective","GoodOverlap","PATE","MisCor","WDSM_M1",1000,TRUE,"inclusive",0.866391828860284,"all_requested","defined",0.859771693084278,-0.00662013577600554,0.00662013577600554,-0.764104133428193,0.00356177288686181,0.0596805905371404,0.00188726598201256,0.217830538002096,0.0036020373116677,0.0600169751959202,0.00134673844023978,0.000160319241341953,1,0,0.935,0.0077958322198467,0.917898930078629,0.949479690310382,1000,0.935,0.0077958322198467,1000,0.221750296100238,0.00321541871226085,0.902757928255744,0,"CorCor","PSM_M1",0.00757770737570927,2.12750998348628,0.120193564921366,-0.0617426938280164,0.00245243014758138,-0.00700658876286316,0.000477971618848264,-0.023,0.00962099597565468,"defined"
"retrospective","PoorOverlap","PATE","MisCor","WDSM_M1",1000,TRUE,"inclusive",0.866391828860284,"all_requested","defined",0.871453231676939,0.0050614028166552,0.0050614028166552,0.584193276997239,0.0146980953827496,0.121235701766227,0.00383380951310177,0.442502962908254,0.0147090150858393,0.121280728418984,0.0027784053514422,0.00067090659301137,1,0,0.949,0.00695693898205238,0.933486538405065,0.961794763225314,1000,0.949,0.00695693898205238,1000,0.474636199542794,0.015106350182988,1.02777603421445,0,"CorCor","PSM_M1",0.0988525312143353,6.72553338647899,0.443065220369489,-0.0860428506949195,0.00963545819672754,-0.0923446486051829,0.00498776203415094,0.001,0.00943864863675347,"defined"
"prospective","PoorOverlap","PATE","MisCor","WDSM_M1",1000,TRUE,"inclusive",0.866391828860284,"all_requested","defined",0.856090032537012,-0.0103017963232714,0.0103017963232714,-1.18904587740898,0.0138286005369181,0.117595070206697,0.00371868263460571,0.42921487838794,0.0139208989438673,0.117986859199944,0.00258348343088953,0.000602926707618954,1,0,0.944,0.00727076337120113,0.927892253716747,0.957424450313383,1000,0.944,0.00727076337120113,1000,0.455480243755104,0.0138537683248604,1.0018199808343,0,"CorCor","PSM_M1",0.12591407450154,9.10533746096633,0.602938434413589,-0.10180178039439,0.0108936794623689,-0.120239508568186,0.00650373575638853,-0.019,0.00920454907769651,"defined"
"retrospective","GoodOverlap","PATT","MisCor","WDSM_M1",1000,TRUE,"inclusive",1.03507218631865,"all_requested","defined",1.03274419643714,-0.00232798988150809,0.00232798988150809,-0.224910872138091,0.00357678834148186,0.0598062567084904,0.00189123989527555,0.182715748744244,0.00357863109002878,0.059821660709385,0.00128108565856652,0.000153568933303876,1,0,0.94,0.00750999334220744,0.923439509596065,0.953904964577516,1000,0.94,0.00750999334220744,1000,0.220587265003471,0.00317662110909816,0.888121075618941,0,"CorCor","PSM_M1",0.00658007194057743,1.83965930112916,0.0988667796452438,-0.0640521976894614,0.0021799078139103,-0.00680473860812748,0.000420509412889455,-0.021,0.00920019802197994,"defined"
"prospective","GoodOverlap","PATT","MisCor","WDSM_M1",1000,TRUE,"inclusive",1.03507218631865,"all_requested","defined",1.029862593996,-0.00520959232265131,0.00520959232265131,-0.503307150120592,0.00452100591915652,0.0672384259122455,0.00212626572167181,0.205421974406839,0.00454362476540559,0.067406414868361,0.00146148694264485,0.00019728116394936,1,0,0.936,0.0077397674383666,0.919004925632949,0.950366910708151,1000,0.936,0.0077397674383666,1000,0.248020387129904,0.00401765741520894,0.888664489065413,0,"CorCor","PSM_M1",0.00607209848913143,1.3430857197958,0.0727446059985806,-0.0658727732122207,0.00229431887710626,-0.00520242314087731,0.000420570019629436,-0.021,0.00909074483426092,"defined"
"retrospective","PoorOverlap","PATT","MisCor","WDSM_M1",1000,TRUE,"inclusive",1.18185416619657,"all_requested","defined",1.18288987269578,0.0010357064992126,0.0010357064992126,0.0876340354703573,0.00729844910405554,0.0854309610390492,0.002701564195805,0.228586933403057,0.00729222334290399,0.0853945158830706,0.00206841892775345,0.000353997521723559,1,0,0.947,0.00708456067798138,0.931244816710037,0.960050747639981,1000,0.947,0.00708456067798138,1000,0.338297448472988,0.00756269727985875,1.03620607228135,0,"CorCor","PSM_M1",0.0556480920523005,7.62464617604561,0.516646251687326,-0.0516139484535628,0.00704980208497144,-0.0510722067839905,0.0030708544808869,-0.014,0.00915903313062508,"defined"
"prospective","PoorOverlap","PATT","MisCor","WDSM_M1",1000,TRUE,"inclusive",1.18185416619657,"all_requested","defined",1.17448509853583,-0.00736906766073846,0.00736906766073846,-0.62351750930942,0.0105552357331085,0.10273867690947,0.00324888222826074,0.274897049161002,0.0105989836555639,0.102951365486641,0.00237179888222331,0.000484278124487546,1,0,0.94,0.00750999334220744,0.923439509596065,0.953904964577516,1000,0.94,0.00750999334220744,1000,0.388543214630897,0.0100500656609177,0.952140332535989,0,"CorCor","PSM_M1",0.0516976678438343,4.8978221946929,0.310454703057121,-0.0861935526115015,0.00679630791577966,-0.0472602859481797,0.00290846983340398,-0.017,0.00942336456897428,"defined"
"retrospective","GoodOverlap","PATE","MisMis","WDSM_M1",1000,TRUE,"inclusive",0.866391828860284,"all_requested","defined",0.906626846755315,0.0402350178950317,0.0402350178950317,4.64397476462351,0.00612916271714158,0.0782889693197042,0.00247571458717308,0.285749992636683,0.00774189021943796,0.0879880117938686,0.00193286202135816,0.000275740459754555,1,0,0.91,0.00904986187739901,0.890533426861661,0.927009533543377,1000,0.91,0.00904986187739901,1000,0.301517334544208,0.00596169061284874,0.972676185635525,0,"CorCor","PSM_M1",0.00716442624343717,1.16890782217288,0.0638913431477542,-0.0148213791863169,0.00276484897464554,-0.00244657845733491,0.000453252148621221,-0.06,0.00982326302694255,"defined"
"prospective","GoodOverlap","PATE","MisMis","WDSM_M1",1000,TRUE,"inclusive",0.866391828860284,"all_requested","defined",0.91621288581486,0.0498210569545762,0.0498210569545762,5.7504070669866,0.00564826303032776,0.0751549268533192,0.0023766074623984,0.274310927600133,0.00812475248336856,0.0901374089009029,0.00203142878527142,0.000260456079769495,1,0,0.886,0.0100500746265886,0.864656086928392,0.905038718026716,1000,0.886,0.0100500746265886,1000,0.283643681320852,0.00526830131803813,0.932729458552218,0,"CorCor","PSM_M1",0.00757770737570927,1.34159959177212,0.0792319125949397,-0.00530150109743461,0.00279068986115131,-0.0024838735911623,0.000491334795080776,-0.072,0.0108135532057198,"defined"
"retrospective","PoorOverlap","PATE","MisMis","WDSM_M1",1000,TRUE,"inclusive",0.866391828860284,"all_requested","defined",1.07640344929807,0.210011620437788,0.210011620437788,24.2397969881656,0.0284292996543572,0.168609903784912,0.00533191332022166,0.615415928753121,0.0725057510736083,0.269268919620532,0.00504584316596881,0.00133344720551795,1,0,0.776,0.0131842330076497,0.74886681416146,0.801497324206207,1000,0.776,0.0131842330076497,1000,0.656908487618797,0.029315947112796,1.03118780515942,0,"CorCor","PSM_M1",0.0988525312143353,3.47713564583659,0.238070472787094,0.118907366926213,0.00998465295305285,-0.0345479126174139,0.00548609508929024,-0.172,0.0143045664254678,"defined"
"prospective","PoorOverlap","PATE","MisMis","WDSM_M1",1000,TRUE,"inclusive",0.866391828860284,"all_requested","defined",1.07322641048732,0.206834581627033,0.206834581627033,23.8730992995535,0.0231146393423281,0.152034993808426,0.00480776864484224,0.554918512004751,0.0658720688598156,0.256655545156959,0.00465026066097337,0.00115315610660217,1,0,0.753,0.0136378517369856,0.725048959062992,0.779452720521059,1000,0.753,0.0136378517369856,1000,0.61629391813146,0.0256987561434656,1.1117956790442,0,"CorCor","PSM_M1",0.12591407450154,5.44737352968179,0.387221192585116,0.115334597555914,0.0110007064343899,-0.0682883386522374,0.00670825765128246,-0.21,0.0135677589927034,"defined"
"retrospective","GoodOverlap","PATT","MisMis","WDSM_M1",1000,TRUE,"inclusive",1.03507218631865,"all_requested","defined",1.07204714890888,0.0369749625902282,0.0369749625902282,3.57221100894748,0.00468700264669731,0.0684616874368235,0.00216494864758897,0.209159194518485,0.00604946350259939,0.0777782971181511,0.00175491696822847,0.000211202572415683,1,0,0.905,0.00927227048785787,0.885115155595548,0.922459792918345,1000,0.905,0.00927227048785787,1000,0.268745958297341,0.00471452737381113,1.00587256487538,0,"CorCor","PSM_M1",0.00658007194057743,1.40389763705682,0.0797262920633727,-0.0247492452177251,0.00240815349539025,-0.00433390619555687,0.000408317957246745,-0.056,0.00974468875639232,"defined"
"prospective","GoodOverlap","PATT","MisMis","WDSM_M1",1000,TRUE,"inclusive",1.03507218631865,"all_requested","defined",1.06064508290469,0.0255728965860335,0.0255728965860335,2.47063894905595,0.00628898845036836,0.079303142752153,0.00250778556706277,0.242281224460488,0.00693667250171796,0.0832866886226002,0.0018486518729796,0.000274934890980569,1,0,0.93,0.00806845710157772,0.912383766510715,0.94502847508083,1000,0.93,0.00806845710157772,1000,0.301293029325554,0.00593139699509602,0.94314006805794,0,"CorCor","PSM_M1",0.00607209848913143,0.965512742955629,0.0564073821911043,-0.0350902843035358,0.00264335022371852,-0.00280937540456495,0.00044167068219495,-0.027,0.00950585931735587,"defined"
"retrospective","PoorOverlap","PATT","MisMis","WDSM_M1",1000,TRUE,"inclusive",1.18185416619657,"all_requested","defined",1.33601769311532,0.154163526918755,0.154163526918755,13.0442089496441,0.0111336547376806,0.105516134963714,0.00333671316383063,0.282328671274968,0.0348889141149726,0.186785743875095,0.00299175357982414,0.000512705245054865,1,0,0.682,0.0147267104269759,0.652131699671795,0.710792344936071,1000,0.682,0.0147267104269759,1000,0.413462602883967,0.0113759843553089,1.02176550497908,0,"CorCor","PSM_M1",0.0556480920523005,4.99818733052371,0.322990628071244,0.10151387196598,0.00691491591242941,-0.0234755160119219,0.00313333744908264,-0.279,0.0151455732274612,"defined"
"prospective","PoorOverlap","PATT","MisMis","WDSM_M1",1000,TRUE,"inclusive",1.18185416619657,"all_requested","defined",1.3142519181726,0.132397751976032,0.132397751976032,11.2025456069688,0.0164495080357262,0.12825563549305,0.00405579930910372,0.343172569434353,0.0339622232559972,0.18428842409657,0.00340773825860448,0.000749724921565146,1,0,0.775,0.0132051126462443,0.747828999835056,0.80054112854887,1000,0.775,0.0132051126462443,1000,0.479527934998255,0.0153701386864812,0.934382879603406,0,"CorCor","PSM_M1",0.0516976678438343,3.14280936132277,0.194263361856318,0.0535732670252686,0.00660491555882134,-0.0238970463477463,0.00289733109765338,-0.182,0.0138949296172765,"defined"
"retrospective","GoodOverlap","PATE","CorCor","WDSM_M3",1000,TRUE,"inclusive",0.866391828860284,"all_requested","defined",0.864920544983888,-0.00147128387639578,0.00147128387639578,-0.169817376778728,0.00317069524312854,0.0563089268511534,0.00178064461449458,0.205524169917088,0.00316968922413035,0.0562999931095054,0.00130163913409451,0.000146779450473988,1,0,0.943,0.00733150734842434,0.926777270539338,0.956546418063041,1000,0.943,0.00733150734842434,1000,0.216082742184467,0.00305563673488651,0.963711899309344,0,"CorCor","PSM_M1",0.00716442624343717,2.2595758009111,0.123825257197648,-0.0565276809577444,0.00230260223575307,-0.00701877945264251,0.000435326049566403,-0.027,0.00838697450463165,"defined"
"prospective","GoodOverlap","PATE","CorCor","WDSM_M3",1000,TRUE,"inclusive",0.866391828860284,"all_requested","defined",0.861333885481965,-0.00505794337831858,0.00505794337831858,-0.583793984411438,0.00330006019427521,0.0574461503869076,0.00181660678031191,0.209674966891321,0.00332234292529921,0.0576397686090013,0.00127014567877874,0.000145520471127536,1,0,0.922,0.00848033018225116,0.903606366597417,0.937858786867286,1000,0.922,0.00848033018225116,1000,0.212491610309448,0.0029517639238351,0.894457600790337,0,"CorCor","PSM_M1",0.00757770737570927,2.29623307746165,0.127916280887236,-0.0601805014303294,0.0024293179454802,-0.00728628314923165,0.000475858967910034,-0.036,0.0104313380164202,"defined"
"retrospective","PoorOverlap","PATE","CorCor","WDSM_M3",1000,TRUE,"inclusive",0.866391828860284,"all_requested","defined",0.872564566700873,0.0061727378405893,0.0061727378405893,0.712464918870412,0.0113712669382966,0.106636142739207,0.00337213091950722,0.389215457392202,0.011397998363807,0.10676140858853,0.00246358749884094,0.000521746900019019,1,0,0.944,0.00727076337120113,0.927892253716747,0.957424450313383,1000,0.944,0.00727076337120113,1000,0.418431574932142,0.0115817443678998,1.01850958479344,0,"CorCor","PSM_M1",0.0988525312143353,8.69318535487156,0.562762295007193,-0.0849315156709854,0.0095162059527692,-0.0956556653272152,0.00496232305920776,-0.004,0.00959562796673965,"defined"
"prospective","PoorOverlap","PATE","CorCor","WDSM_M3",1000,TRUE,"inclusive",0.866391828860284,"all_requested","defined",0.863587486082341,-0.00280434277794287,0.00280434277794287,-0.323680658626699,0.0114818963954226,0.107153611210367,0.00338849470936913,0.391104185946284,0.0114782788374434,0.107136729637615,0.00251010423757943,0.000537908398108315,1,0,0.94,0.00750999334220744,0.923439509596065,0.953904964577516,1000,0.94,0.00750999334220744,1000,0.413649262638491,0.0113322392345099,0.986965815074561,0,"CorCor","PSM_M1",0.12591407450154,10.9663134176804,0.75927772499808,-0.0943043268490618,0.0109581616893434,-0.12268212867461,0.00650889987388345,-0.023,0.00930363141776143,"defined"
"retrospective","GoodOverlap","PATT","CorCor","WDSM_M3",1000,TRUE,"inclusive",1.03507218631865,"all_requested","defined",1.0324426401369,-0.00262954618175253,0.00262954618175253,-0.254044714611142,0.00287806881927142,0.0536476357286267,0.00169648719985487,0.163900375478991,0.00288210526357412,0.0536852425120174,0.00113681012000574,0.000122032884091212,1,0,0.941,0.00745110730026082,0.924550926915759,0.954786645597203,1000,0.941,0.00745110730026082,1000,0.20215023167192,0.00266738586412488,0.926797110014945,0,"CorCor","PSM_M1",0.00658007194057743,2.28628026422355,0.116969687452732,-0.0643537539897059,0.00204922659405833,-0.00750126443458215,0.000410555492193362,-0.02,0.00881349406748979,"defined"
"prospective","GoodOverlap","PATT","CorCor","WDSM_M3",1000,TRUE,"inclusive",1.03507218631865,"all_requested","defined",1.02895801377817,-0.00611417254047919,0.00611417254047919,-0.590700109740647,0.00383848282759619,0.0619554906977275,0.00195920464158193,0.189281932939389,0.00387202745062335,0.0622256173181379,0.00141165821258058,0.000174185144397906,1,0,0.937,0.00768316341099159,0.920111958126645,0.951253072443419,1000,0.937,0.00768316341099159,1000,0.230041668830667,0.00345623904643139,0.900418004109144,0,"CorCor","PSM_M1",0.00607209848913143,1.58190065238197,0.087753377182772,-0.0667773534300485,0.00219706126463102,-0.00587402045565956,0.000418309876813369,-0.02,0.00947046406939436,"defined"
"retrospective","PoorOverlap","PATT","CorCor","WDSM_M3",1000,TRUE,"inclusive",1.18185416619657,"all_requested","defined",1.18538908756807,0.00353492137149622,0.00353492137149622,0.299099624353169,0.00591502131929378,0.0769091757808767,0.00243208168433829,0.205785261320793,0.00592160196707715,0.0769519458303502,0.00180054805022915,0.000278140727713813,1,0,0.948,0.00702111102319284,0.932364985949493,0.96092346505602,1000,0.948,0.00702111102319284,1000,0.306021262350009,0.00615126898986021,1.03994029062851,0,"CorCor","PSM_M1",0.0556480920523005,9.40792755400323,0.632999747733202,-0.0491147335812792,0.00703815985311164,-0.0524428281598174,0.00307273778107749,-0.013,0.00899510488609843,"defined"
"prospective","PoorOverlap","PATT","CorCor","WDSM_M3",1000,TRUE,"inclusive",1.18185416619657,"all_requested","defined",1.17770461860062,-0.00414954759595415,0.00414954759595415,-0.351104875257848,0.00928505871893218,0.0963590095368989,0.00304713943214487,0.257827024627848,0.00929299240546434,0.096400168077988,0.00208231416212044,0.000398888320577259,1,0,0.939,0.00756828910652864,0.922329225950876,0.95302212445892,1000,0.939,0.00756828910652864,1000,0.359803147284908,0.00856103816841305,0.922023050964356,0,"CorCor","PSM_M1",0.0516976678438343,5.5678342387241,0.341213215631246,-0.0829740325467172,0.00676437843249559,-0.0485662771982792,0.00289842524078016,-0.018,0.00957954945536416,"defined"
"retrospective","GoodOverlap","PATE","CorMis","WDSM_M3",1000,TRUE,"inclusive",0.866391828860284,"all_requested","defined",0.859396263845729,-0.00699556501455471,0.00699556501455471,-0.807436633348355,0.00389277848891849,0.0623921348321925,0.00197301254150056,0.227727510322438,0.00393782364030243,0.0627520807647239,0.00141053655452188,0.000175036902774483,1,0,0.962,0.00604615580348373,0.948212896378036,0.972971184017016,1000,0.962,0.00604615580348373,1000,0.274088268087752,0.00491812060805277,1.26339595793932,0,"CorCor","PSM_M1",0.00716442624343717,1.84044025721783,0.0964529252702698,-0.0620519620959033,0.00235343600766101,-0.00625064503647043,0.000440874909761949,-0.008,0.00734778810187052,"defined"
"prospective","GoodOverlap","PATE","CorMis","WDSM_M3",1000,TRUE,"inclusive",0.866391828860284,"all_requested","defined",0.862536735033423,-0.00385509382686075,0.00385509382686075,-0.444959624322868,0.00394321314979211,0.0627950089560636,0.00198575253991833,0.229197976454896,0.00395413168505622,0.0628818867803457,0.00145810112316302,0.000183447472921007,1,0,0.963,0.00596917079668525,0.949358876940075,0.973817291156263,1000,0.963,0.00596917079668525,1000,0.265992940545036,0.00463026592127376,1.17423678238593,0,"CorCor","PSM_M1",0.00757770737570927,1.92170879124522,0.1092885664936,-0.0589776518788716,0.00246597274753422,-0.00665449438947464,0.000471053524605724,0.005,0.00830927457989228,"defined"
"retrospective","PoorOverlap","PATE","CorMis","WDSM_M3",1000,TRUE,"inclusive",0.866391828860284,"all_requested","defined",0.889345219267707,0.0229533904074236,0.0229533904074236,2.64930827401941,0.016619950894267,0.128918388503219,0.00407675739948638,0.470544303822585,0.0171301890745683,0.13088234821613,0.00287217334393661,0.000725594545637969,1,0,0.958,0.00634318531969546,0.943649708424255,0.96956529373686,1000,0.958,0.00634318531969546,1000,0.54319574245059,0.0196252192353466,1.18082293745623,0,"CorCor","PSM_M1",0.0988525312143353,5.94782330244034,0.390253419684124,-0.0681508631041512,0.00958225301741852,-0.0899234746164539,0.0050001316878384,0.01,0.00927286287971444,"defined"
"prospective","PoorOverlap","PATE","CorMis","WDSM_M3",1000,TRUE,"inclusive",0.866391828860284,"all_requested","defined",0.881931463538805,0.0155396346785217,0.0155396346785217,1.79360355913832,0.0159326698245761,0.126224679934536,0.00399157485518887,0.460712430822402,0.0161582174006934,0.127114977090402,0.00318709786326361,0.000797884088550026,1,0,0.962,0.00604615580348373,0.948212896378036,0.972971184017016,1000,0.962,0.00604615580348373,1000,0.525066899528606,0.018331377227742,1.15055275917825,0,"CorCor","PSM_M1",0.12591407450154,7.90288607545971,0.55566289283593,-0.0759603493925972,0.0110574310345605,-0.11800219011136,0.00649543738592452,-0.001,0.00794116251326354,"defined"
"retrospective","GoodOverlap","PATT","CorMis","WDSM_M3",1000,TRUE,"inclusive",1.03507218631865,"all_requested","defined",1.0355815661548,0.000509379836150999,0.000509379836150999,0.0492120108030982,0.0033302657759044,0.0577084549776235,0.00182490157978571,0.176306696663947,0.00332719497794597,0.0576818427058808,0.0012902787206735,0.000148905157645195,1,0,0.968,0.00556560868189635,0.955124097164991,0.978011150394358,1000,0.968,0.00556560868189635,1000,0.24460097851337,0.00390543846939035,1.17271074808729,0,"CorCor","PSM_M1",0.00658007194057743,1.97583988286655,0.104877659801655,-0.0612148279718023,0.00211440526099977,-0.00705617472021029,0.000408804114420368,0.007,0.0078110186283232,"defined"
"prospective","GoodOverlap","PATT","CorMis","WDSM_M3",1000,TRUE,"inclusive",1.03507218631865,"all_requested","defined",1.02152514654055,-0.0135470397781,0.0135470397781,-1.30880144951837,0.00451273915571638,0.0671769242799667,0.00212432086929361,0.205234079069306,0.00469174870331008,0.0684963408023384,0.00150213627044537,0.0002036307262063,1,0,0.958,0.00634318531969546,0.943649708424255,0.96956529373686,1000,0.958,0.00634318531969546,1000,0.276987705198163,0.00501265039152861,1.11077778230966,0,"CorCor","PSM_M1",0.00607209848913143,1.34554608179376,0.0751576226789674,-0.0742102206676693,0.00231922456930782,-0.00505429920297282,0.000435606019004601,0.001,0.00854822040380757,"defined"
"retrospective","PoorOverlap","PATT","CorMis","WDSM_M3",1000,TRUE,"inclusive",1.18185416619657,"all_requested","defined",1.21203564981328,0.0301814836167097,0.0301814836167097,2.553740087395,0.00834141195151965,0.0913313306128825,0.00288815026470571,0.244374504681937,0.00924399249287385,0.0961456836934132,0.00209154704773168,0.000375727121472415,1,0,0.951,0.00682634602111555,0.93573394685983,0.963532940827952,1000,0.951,0.00682634602111555,1000,0.38439315466436,0.00973496142360199,1.16706397911788,0,"CorCor","PSM_M1",0.0556480920523005,6.67130365647059,0.432274158684442,-0.0224681713360657,0.00694938412024728,-0.0491204376340207,0.00304597094226951,-0.01,0.00871641990590036,"defined"
"prospective","PoorOverlap","PATT","CorMis","WDSM_M3",1000,TRUE,"inclusive",1.18185416619657,"all_requested","defined",1.19305598752309,0.0112018213265239,0.0112018213265239,0.947817560484087,0.0137826718749433,0.117399624679738,0.00371250210436887,0.314125228861053,0.0138943700040997,0.117874382306334,0.00259306426982546,0.000616029445976615,1,0,0.941,0.00745110730026082,0.924550926915759,0.954786645597203,1000,0.941,0.00745110730026082,1000,0.452260201999569,0.0135319207184928,0.981806781825348,0,"CorCor","PSM_M1",0.0516976678438343,3.75091769672179,0.232695325584206,-0.0676226636242392,0.00663269381427629,-0.0439648995996439,0.00289463630230614,-0.016,0.00926443899164055,"defined"
"retrospective","GoodOverlap","PATE","MisCor","WDSM_M3",1000,TRUE,"inclusive",0.866391828860284,"all_requested","defined",0.865237536440844,-0.0011542924194401,0.0011542924194401,-0.133229836777033,0.00321476864249418,0.0566989298178915,0.00179297759118573,0.206947657106179,0.00321288626484127,0.0566823276237071,0.00129032037274087,0.00014670870744165,1,0,0.947,0.00708456067798138,0.931244816710037,0.960050747639981,1000,0.947,0.00708456067798138,1000,0.216022672112134,0.0030538300722073,0.94993774414758,0,"CorCor","PSM_M1",0.00716442624343717,2.22859777488642,0.119930649132744,-0.0562106895007887,0.00230704308512736,-0.0069755824119316,0.000430883101360793,-0.023,0.00827886100496557,"defined"
"prospective","GoodOverlap","PATE","MisCor","WDSM_M3",1000,TRUE,"inclusive",0.866391828860284,"all_requested","defined",0.86100096418631,-0.00539086467397411,0.00539086467397411,-0.622220165795614,0.00327442026823239,0.0572225503471524,0.0018095359262066,0.208858840299429,0.00330020726989726,0.0574474304899467,0.00126564419229048,0.000144371664386288,1,0,0.929,0.00812151463706124,0.911283559113213,0.944135351750103,1000,0.929,0.00812151463706124,1000,0.212327665731082,0.00294725087377416,0.900083261262355,0,"CorCor","PSM_M1",0.00757770737570927,2.31421343473417,0.129816523569662,-0.0605134227259849,0.00243039151074227,-0.00730841880463361,0.000477722758736602,-0.029,0.0101124310262795,"defined"
"retrospective","PoorOverlap","PATE","MisCor","WDSM_M3",1000,TRUE,"inclusive",0.866391828860284,"all_requested","defined",0.872868488758276,0.00647665989799214,0.00647665989799214,0.747543972859488,0.0113588126240739,0.106577730432177,0.00337028376017122,0.389002256012126,0.0113894009348841,0.106721136308063,0.00246606905079543,0.000521963095564477,1,0,0.949,0.00695693898205238,0.933486538405065,0.961794763225314,1000,0.949,0.00695693898205238,1000,0.419392483436824,0.0116409119808313,1.02483528570227,0,"CorCor","PSM_M1",0.0988525312143353,8.70271695518835,0.567261944526535,-0.0846275936135826,0.00957763952634028,-0.0956642627561381,0.00496661956934474,0.001,0.00954411284981952,"defined"
"prospective","PoorOverlap","PATE","MisCor","WDSM_M3",1000,TRUE,"inclusive",0.866391828860284,"all_requested","defined",0.862690289809661,-0.003701539050623,0.003701539050623,-0.427236145046783,0.0116286928377339,0.107836417029378,0.00341008692524603,0.393596385798318,0.0116307655362395,0.107846026984027,0.00247743134692761,0.000533690168068343,1,0,0.945,0.00720936890441875,0.929008484457942,0.958301204920464,1000,0.945,0.00720936890441875,1000,0.414560051788819,0.0113810330533226,0.97870269789845,0,"CorCor","PSM_M1",0.12591407450154,10.8278786152956,0.741070043151806,-0.0952015231217419,0.0109497789440576,-0.122529641975814,0.00650821670590038,-0.018,0.00893060780438575,"defined"
"retrospective","GoodOverlap","PATT","MisCor","WDSM_M3",1000,TRUE,"inclusive",1.03507218631865,"all_requested","defined",1.03250718100902,-0.00256500530963399,0.00256500530963399,-0.247809316445524,0.00292454262170544,0.0540790405028181,0.00171012941665402,0.165218372134632,0.00292819733132218,0.0541128203970388,0.00114425310068195,0.000123710441928053,1,0,0.942,0.00739161687318817,0.925663504617648,0.955667139747179,1000,0.942,0.00739161687318817,1000,0.202123036853145,0.00266678282666098,0.911863211316733,0,"CorCor","PSM_M1",0.00658007194057743,2.24994906613476,0.115068011221448,-0.0642892131175873,0.00206945971419324,-0.00745517236683408,0.000411739544807265,-0.019,0.00852711626000911,"defined"
"prospective","GoodOverlap","PATT","MisCor","WDSM_M3",1000,TRUE,"inclusive",1.03507218631865,"all_requested","defined",1.02879847228256,-0.00627371403609436,0.00627371403609436,-0.606113671975625,0.00384707524171803,0.0620247953782843,0.00196139624801263,0.1894936675855,0.003882587654283,0.0623104136905141,0.0014114759174393,0.000174546432432217,1,0,0.94,0.00750999334220744,0.923439509596065,0.953904964577516,1000,0.94,0.00750999334220744,1000,0.230100852332153,0.00345776260332213,0.898802957068745,0,"CorCor","PSM_M1",0.00607209848913143,1.57836748896539,0.0870056169372787,-0.0669368949256637,0.00220712106581097,-0.00586346025199991,0.000418857153388826,-0.017,0.00931653357197825,"defined"
"retrospective","PoorOverlap","PATT","MisCor","WDSM_M3",1000,TRUE,"inclusive",1.18185416619657,"all_requested","defined",1.18441871696709,0.00256455077052348,0.00256455077052348,0.216993842715526,0.00601387356460179,0.0775491686905913,0.00245232003714886,0.207497685187411,0.00601443661169178,0.0775527988643336,0.00185675183478081,0.000289211038741634,1,0,0.938,0.00762600813007697,0.921220050338967,0.952138151886639,1000,0.938,0.00762600813007697,1000,0.305379791036949,0.0061273690052845,1.01887226917286,0,"CorCor","PSM_M1",0.0556480920523005,9.25328599853683,0.63187198125823,-0.0500851041822519,0.0070534328559116,-0.0523499935152028,0.00307558607970897,-0.023,0.00951638384900281,"defined"
"prospective","PoorOverlap","PATT","MisCor","WDSM_M3",1000,TRUE,"inclusive",1.18185416619657,"all_requested","defined",1.17635716003556,-0.00549700616101411,0.00549700616101411,-0.465117128512101,0.0093094458106353,0.0964854694274495,0.00305113844501283,0.258165392337023,0.00933035344155889,0.0965937546716085,0.00202983564388077,0.000387856264035221,1,0,0.943,0.00733150734842434,0.926777270539338,0.956546418063041,1000,0.943,0.00733150734842434,1000,0.357535855864573,0.00844520258502428,0.907164911511307,0,"CorCor","PSM_M1",0.0516976678438343,5.55324869980701,0.335422931652912,-0.0843214911117772,0.00675648034020696,-0.0485289161621847,0.00290085661603481,-0.014,0.00904908204658826,"defined"
"retrospective","GoodOverlap","PATE","MisMis","WDSM_M3",1000,TRUE,"inclusive",0.866391828860284,"all_requested","defined",0.917733845306291,0.0513420164460072,0.0513420164460072,5.92595806374886,0.00528282228016383,0.0726830260801229,0.00229843909646608,0.265288639608896,0.00791354211062574,0.0889580918782869,0.00188898000382,0.000229821548927777,1,0,0.891,0.00985489725973843,0.870021634657065,0.90964185232308,1000,0.891,0.00985489725973843,1000,0.280369389698273,0.00514924518940889,0.974714824071121,0,"CorCor","PSM_M1",0.00716442624343717,1.3561740038726,0.0735918500807066,-0.00371438063534144,0.00260724805192113,-0.00227492656614713,0.000437545087554178,-0.079,0.0103375947814695,"defined"
"prospective","GoodOverlap","PATE","MisMis","WDSM_M3",1000,TRUE,"inclusive",0.866391828860284,"all_requested","defined",0.9216083738508,0.0552165449905166,0.0552165449905166,6.37316086685081,0.00511363441165442,0.0715096805450452,0.00226133465273374,0.261005999526619,0.00815738761793251,0.090318257389813,0.0020090874762458,0.000246393018710259,1,0,0.879,0.0103130499853341,0.857164237318432,0.898574192769252,1000,0.879,0.0103130499853341,1000,0.270588553411111,0.00479197328804276,0.937097356260243,0,"CorCor","PSM_M1",0.00757770737570927,1.48186334135249,0.0885519377013942,9.3986938505814e-05,0.00272209910760884,-0.00245123845659835,0.000478477512080069,-0.079,0.0105294762391047,"defined"
"retrospective","PoorOverlap","PATE","MisMis","WDSM_M3",1000,TRUE,"inclusive",0.866391828860284,"all_requested","defined",1.09395159639733,0.227559767537044,0.227559767537044,26.2652254969202,0.0223511640514853,0.149503056997124,0.00472770177268885,0.545677096113432,0.0741122606889474,0.272235671227977,0.00455457500209677,0.00101146236806238,1,0,0.679,0.0147634345597493,0.649068805633619,0.707873032404677,1000,0.679,0.0147634345597493,1000,0.584168240096861,0.0229134021906992,1.02515475873734,0,"CorCor","PSM_M1",0.0988525312143353,4.42270169851696,0.294555441806033,0.136455514025469,0.0099074432090604,-0.0329414030020748,0.00533314044524237,-0.269,0.0154556746173656,"defined"
"prospective","PoorOverlap","PATE","MisMis","WDSM_M3",1000,TRUE,"inclusive",0.866391828860284,"all_requested","defined",1.08760794049007,0.221216111629787,0.221216111629787,25.5330330066468,0.0202533707937773,0.142314337976809,0.00450037451705715,0.519438707423785,0.0691696854675858,0.263001303167087,0.00438270645620095,0.000977602172952328,1,0,0.669,0.0148808265899445,0.638868962268816,0.698132163923171,1000,0.669,0.0148808265899445,1000,0.561581746818235,0.0211293565853893,1.04325135803474,0,"CorCor","PSM_M1",0.12591407450154,6.2169441217274,0.428630820238705,0.129716127558668,0.0110732275169366,-0.0649907220444672,0.00663549279604967,-0.294,0.0152904479266566,"defined"
"retrospective","GoodOverlap","PATT","MisMis","WDSM_M3",1000,TRUE,"inclusive",1.03507218631865,"all_requested","defined",1.07584829811149,0.0407761117928345,0.0407761117928345,3.93944618856577,0.00414367179313705,0.064371358484477,0.00203560108890152,0.196662717422768,0.00580221941428565,0.0761723008336078,0.00173258752549351,0.000187633532313392,1,0,0.886,0.0100500746265886,0.864656086928392,0.905038718026716,1000,0.886,0.0100500746265886,1000,0.243738279311422,0.00387763693410408,0.935797313997312,0,"CorCor","PSM_M1",0.00658007194057743,1.58798096689889,0.0882622925565566,-0.0209480960151188,0.00225190134772986,-0.00458115028387061,0.000388699292961519,-0.075,0.0102703690527887,"defined"
"prospective","GoodOverlap","PATT","MisMis","WDSM_M3",1000,TRUE,"inclusive",1.03507218631865,"all_requested","defined",1.0658651252724,0.0307929389537483,0.0307929389537483,2.97495569495175,0.00528958240890996,0.0727295153903143,0.00229990921753663,0.222197953721132,0.00623249791591032,0.0789461710022109,0.00179435012990733,0.000243125779387569,1,0,0.92,0.00857904423581089,0.901420220952098,0.936058017153327,1000,0.92,0.00857904423581089,1000,0.27564655974331,0.004964328924292,0.938510555375772,0,"CorCor","PSM_M1",0.00607209848913143,1.14793532262648,0.0671110996441269,-0.029870241935821,0.00246688208694816,-0.00351354999037258,0.000410954160897799,-0.037,0.00925833228593124,"defined"
"retrospective","PoorOverlap","PATT","MisMis","WDSM_M3",1000,TRUE,"inclusive",1.18185416619657,"all_requested","defined",1.34417804619677,0.162323880000198,0.162323880000198,13.7346793405643,0.00858817877725405,0.092672427276154,0.0029305594648896,0.247962866207148,0.0349286326167956,0.186892034653154,0.00266563891542513,0.000387512775115146,1,0,0.582,0.0155973074599432,0.550725621426939,0.612790203031829,1000,0.582,0.0155973074599432,1000,0.36975943267667,0.00899734134453541,1.0476425302609,0,"CorCor","PSM_M1",0.0556480920523005,6.4796150028555,0.423094808022448,0.109674225047423,0.00698593862311809,-0.023435797510099,0.00313047492177162,-0.379,0.0159879521707633,"defined"
"prospective","PoorOverlap","PATT","MisMis","WDSM_M3",1000,TRUE,"inclusive",1.18185416619657,"all_requested","defined",1.32683364294158,0.144979476745014,0.144979476745014,12.2671206728987,0.014023948901575,0.118422754999092,0.00374485632589223,0.316862810404424,0.0350289736299316,0.187160288602929,0.00323354776268162,0.000639629799198574,1,0,0.712,0.0143197765345692,0.682838113283807,0.739907792899221,1000,0.712,0.0143197765345692,1000,0.436276434787608,0.0125728414302803,0.896526471860452,0,"CorCor","PSM_M1",0.0516976678438343,3.68638449887878,0.229500470252398,0.0661549917942514,0.00665718684947405,-0.0228302959738119,0.00291004053717505,-0.245,0.0147374418469486,"defined"
"retrospective","GoodOverlap","PATE","CorCor","WDSM_M5",1000,TRUE,"inclusive",0.866391828860284,"all_requested","defined",0.864916974189942,-0.00147485467034173,0.00147485467034173,-0.170229522164568,0.00307607156459132,0.0554623436629874,0.00175387330346046,0.20243419259478,0.00307517068932536,0.0554542215645063,0.00127682175280504,0.000142013896770721,1,0,0.944,0.00727076337120113,0.927892253716747,0.957424450313383,1000,0.944,0.00727076337120113,1000,0.212332105085993,0.00294910907037323,0.958725767085667,0,"CorCor","PSM_M1",0.00716442624343717,2.32908308308133,0.126742033583115,-0.0565312517516903,0.00229771153424592,-0.00711329798744751,0.000431574659542727,-0.026,0.00833026970712194,"defined"
"prospective","GoodOverlap","PATE","CorCor","WDSM_M5",1000,TRUE,"inclusive",0.866391828860284,"all_requested","defined",0.861176891841812,-0.00521493701847146,0.00521493701847146,-0.60191438154854,0.00319905875939181,0.0565602224128567,0.00178859127790332,0.206441383485364,0.00322305526873905,0.0567719584719344,0.00124043407409294,0.000139792047168771,1,0,0.929,0.00812151463706124,0.911283559113213,0.944135351750103,1000,0.929,0.00812151463706124,1000,0.212122180142085,0.00294147274769259,0.919480687579431,0,"CorCor","PSM_M1",0.00757770737570927,2.36873028776436,0.13027136787232,-0.0603374950704823,0.00241606801282081,-0.00738557080579182,0.000474932450308661,-0.029,0.0101124310262795,"defined"
"retrospective","PoorOverlap","PATE","CorCor","WDSM_M5",1000,TRUE,"inclusive",0.866391828860284,"all_requested","defined",0.873960217526364,0.00756838866608047,0.00756838866608047,0.87355263680597,0.0106830263702162,0.103358726628264,0.0032684899220001,0.377253087243414,0.0107296238508469,0.103583897642669,0.00235737213609155,0.000483216200124991,1,0,0.944,0.00727076337120113,0.927892253716747,0.957424450313383,1000,0.944,0.00727076337120113,1000,0.401182951715709,0.0106144967627935,0.993585187843981,0,"CorCor","PSM_M1",0.0988525312143353,9.2532329125323,0.600416494004022,-0.0835358648454943,0.00956120103238583,-0.0963240398401753,0.0049678482271963,-0.004,0.00949073622402783,"defined"
"prospective","PoorOverlap","PATE","CorCor","WDSM_M5",1000,TRUE,"inclusive",0.866391828860284,"all_requested","defined",0.866257095204909,-0.000134733655374534,0.000134733655374534,-0.0155511225852363,0.0107981815024062,0.103914298835176,0.00328605865778537,0.379280892123382,0.0107874014740617,0.103862416080417,0.0024367002576697,0.000506627026317708,1,0,0.943,0.00733150734842434,0.926777270539338,0.956546418063041,1000,0.943,0.00733150734842434,1000,0.403059397540259,0.0107446920743699,0.995046441104514,0,"CorCor","PSM_M1",0.12591407450154,11.6606740193691,0.805470618362855,-0.0916347177264934,0.0109817954786578,-0.123373006037991,0.00650406035132948,-0.02,0.00914787864390885,"defined"
"retrospective","GoodOverlap","PATT","CorCor","WDSM_M5",1000,TRUE,"inclusive",1.03507218631865,"all_requested","defined",1.03159747741721,-0.0034747089014416,0.0034747089014416,-0.335697253521977,0.00276880976505394,0.0526194808512393,0.00166397408785532,0.160759231080629,0.00277811455723865,0.0527078225431353,0.00109486801832091,0.000115185497029192,1,0,0.944,0.00727076337120113,0.927892253716747,0.957424450313383,1000,0.944,0.00727076337120113,1000,0.198243628294353,0.00256527195469414,0.926489059332022,0,"CorCor","PSM_M1",0.00658007194057743,2.3764983870061,0.118447261121365,-0.0651989167093949,0.00203245074727299,-0.00760525514091762,0.000409746188660849,-0.017,0.0085313412652281,"defined"
"prospective","GoodOverlap","PATT","CorCor","WDSM_M5",1000,TRUE,"inclusive",1.03507218631865,"all_requested","defined",1.02844168886282,-0.00663049745583029,0.00663049745583029,-0.640583095891349,0.00374526253869892,0.0611985501355949,0.00193526807928486,0.186969382895685,0.003785480772672,0.0615262608377268,0.00139186004892196,0.000169212970472058,1,0,0.94,0.00750999334220744,0.923439509596065,0.953904964577516,1000,0.94,0.00750999334220744,1000,0.226799042185273,0.00335935273709163,0.896960547459683,0,"CorCor","PSM_M1",0.00607209848913143,1.62127445710143,0.08848187422679,-0.0672936783453996,0.00217000968736593,-0.00596056713361091,0.000416849807241958,-0.017,0.00942336456897428,"defined"
"retrospective","PoorOverlap","PATT","CorCor","WDSM_M5",1000,TRUE,"inclusive",1.18185416619657,"all_requested","defined",1.1851211417654,0.00326697556883398,0.00326697556883398,0.276427977518388,0.00564326151973304,0.0751216448151466,0.00237555499194042,0.20100237913324,0.00564829138758066,0.0751551155117246,0.00180984059232584,0.000272817479949049,1,0,0.95,0.00689202437604511,0.934609512084506,0.962664602395338,1000,0.95,0.00689202437604511,1000,0.297621225181587,0.00581016975516249,1.02957655512611,0,"CorCor","PSM_M1",0.0556480920523005,9.86098054426743,0.675099037849695,-0.0493826793839414,0.00703988287102348,-0.0527161387393139,0.00307419572886126,-0.011,0.0089977752783652,"defined"
"prospective","PoorOverlap","PATT","CorCor","WDSM_M5",1000,TRUE,"inclusive",1.18185416619657,"all_requested","defined",1.17877029858845,-0.00308386760811959,0.00308386760811959,-0.260934698740713,0.0089949973730673,0.0948419599811566,0.00299916611294995,0.253767867367412,0.00899551261511865,0.0948446762613413,0.00206447413425275,0.000389757068040736,1,0,0.936,0.0077397674383666,0.919004925632949,0.950366910708151,1000,0.936,0.0077397674383666,1000,0.354974301534675,0.00832910554303106,0.925970869982681,0,"CorCor","PSM_M1",0.0516976678438343,5.74737998241409,0.35624177180192,-0.0819083525588826,0.00679793014064141,-0.0488637569886249,0.00290248440712983,-0.021,0.00941528797475933,"defined"
"retrospective","GoodOverlap","PATE","CorMis","WDSM_M5",1000,TRUE,"inclusive",0.866391828860284,"all_requested","defined",0.863209777751984,-0.00318205110829938,0.00318205110829938,-0.367276214098797,0.00371661355646717,0.0609640349424738,0.00192785205772309,0.222515032287312,0.00372302239216653,0.0610165747331537,0.00136291075574316,0.000166348387025044,1,0,0.972,0.0052168956286282,0.959785112626157,0.981315313804462,1000,0.972,0.0052168956286282,1000,0.269329973066851,0.00474778355090298,1.27744880622348,0,"CorCor","PSM_M1",0.00716442624343717,1.92767586260632,0.101874692468475,-0.058238448189648,0.00234645402254914,-0.00646544628460634,0.000434802873616915,0.002,0.00693138110653599,"defined"
"prospective","GoodOverlap","PATE","CorMis","WDSM_M5",1000,TRUE,"inclusive",0.866391828860284,"all_requested","defined",0.864079026655641,-0.00231280220464256,0.00231280220464256,-0.266946447046366,0.00394007527756869,0.0627700189387314,0.00198496228618296,0.229106764406369,0.00394148425632893,0.0627812412773826,0.00140929074848562,0.000177128037865884,1,0,0.966,0.00573096850453743,0.952810561384293,0.976341351892403,1000,0.966,0.00573096850453743,1000,0.265060463459375,0.00459704849434678,1.16674128550749,0,"CorCor","PSM_M1",0.00757770737570927,1.92323923830847,0.107358689202777,-0.0574353602566534,0.00248443909884111,-0.00666714181820194,0.000470564492744089,0.008,0.00824645402606502,"defined"
"retrospective","PoorOverlap","PATE","CorMis","WDSM_M5",1000,TRUE,"inclusive",0.866391828860284,"all_requested","defined",0.899003521047182,0.0326116921868987,0.0326116921868987,3.76408122752018,0.0150555452753549,0.122701040237461,0.00388014758422343,0.447851359508741,0.0161040121973726,0.126901584692125,0.00280242415445891,0.000663463368643296,1,0,0.961,0.00612200947402077,0.947069064214555,0.972122851204664,1000,0.961,0.00612200947402077,1000,0.520541357108971,0.0179594740453881,1.19288100941696,0,"CorCor","PSM_M1",0.0988525312143353,6.56585526504652,0.429148249435715,-0.0584925613246761,0.00959413132125615,-0.0909496514936496,0.00498045181239258,0.013,0.00910570776567719,"defined"
"prospective","PoorOverlap","PATE","CorMis","WDSM_M5",1000,TRUE,"inclusive",0.866391828860284,"all_requested","defined",0.88984867953128,0.0234568506709959,0.0234568506709959,2.70741827076702,0.0150973234563274,0.122871166090045,0.00388552743605388,0.448472308558726,0.0156324499762725,0.125029796353799,0.00319977354753837,0.000777676024422312,1,0,0.962,0.00604615580348373,0.948212896378036,0.972971184017016,1000,0.962,0.00604615580348373,1000,0.512290201022962,0.017425350838323,1.15420133169498,0,"CorCor","PSM_M1",0.12591407450154,8.34015876163583,0.598508860472991,-0.068043133400123,0.0110628381680578,-0.11852795753578,0.00649713799082084,-0.001,0.00806622985440311,"defined"
"retrospective","GoodOverlap","PATT","CorMis","WDSM_M5",1000,TRUE,"inclusive",1.03507218631865,"all_requested","defined",1.0342937548815,-0.000778431437152669,0.000778431437152669,-0.0752055216478424,0.00315334120322883,0.0561546187167969,0.001775764962834,0.171559528533918,0.00315079381752795,0.0561319322447388,0.00121856733393019,0.000137047556816709,1,0,0.97,0.00539444158370447,0.957448597529971,0.97966951431689,1000,0.97,0.00539444158370447,1000,0.239123488991668,0.00373252469374092,1.1836729529678,0,"CorCor","PSM_M1",0.00658007194057743,2.08669836738246,0.107826506938855,-0.062502639245106,0.00209226099890422,-0.00723257588062831,0.000406926818173399,0.009,0.0075482432377326,"defined"
"prospective","GoodOverlap","PATT","CorMis","WDSM_M5",1000,TRUE,"inclusive",1.03507218631865,"all_requested","defined",1.02455660777413,-0.0105155785445194,0.0105155785445194,-1.01592707093398,0.00428594976738452,0.0654671655670575,0.0020702535514725,0.200010547944061,0.00439224120974309,0.0662739859201413,0.00144758009487566,0.000189729850669547,1,0,0.961,0.00612200947402077,0.947069064214555,0.972122851204664,1000,0.961,0.00612200947402077,1000,0.271822048080409,0.00482738381134325,1.12632766909192,0,"CorCor","PSM_M1",0.00607209848913143,1.41674513671141,0.0784401678726242,-0.0711787594340887,0.00226415806391815,-0.00535380669653982,0.000428330246531753,0.004,0.00824936676673137,"defined"
"retrospective","PoorOverlap","PATT","CorMis","WDSM_M5",1000,TRUE,"inclusive",1.18185416619657,"all_requested","defined",1.21458513808864,0.0327309718920734,0.0327309718920734,2.76945945009509,0.00797044964798353,0.0892773747820999,0.00282319847831914,0.23887875163183,0.00903379571933524,0.095046281985858,0.00211993341613563,0.000372510021149042,1,0,0.947,0.00708456067798138,0.931244816710037,0.960050747639981,1000,0.947,0.00708456067798138,1000,0.371901934995145,0.0090931875421575,1.14086255402893,0,"CorCor","PSM_M1",0.0556480920523005,6.98180084060617,0.464906796707458,-0.019918683060702,0.00698753317084333,-0.0493306344075593,0.00305247725567395,-0.014,0.00882507121115076,"defined"
"prospective","PoorOverlap","PATT","CorMis","WDSM_M5",1000,TRUE,"inclusive",1.18185416619657,"all_requested","defined",1.20048432886532,0.0186301626687544,0.0186301626687544,1.57635038244268,0.0133246278725876,0.11543235193215,0.00365029147775731,0.308861413037501,0.0136583862057793,0.116869098592311,0.00248872334688995,0.000576924995439008,1,0,0.939,0.00756828910652864,0.922329225950876,0.95302212445892,1000,0.939,0.00756828910652864,1000,0.443123517364683,0.0129713469604663,0.973486620752229,0,"CorCor","PSM_M1",0.0516976678438343,3.87985828483739,0.238858396011911,-0.0601943222820086,0.00668618818295577,-0.0442008833979643,0.00288657032217912,-0.018,0.00926076464239113,"defined"
"retrospective","GoodOverlap","PATE","MisCor","WDSM_M5",1000,TRUE,"inclusive",0.866391828860284,"all_requested","defined",0.865412902347455,-0.000978926512828522,0.000978926512828522,-0.112988890271077,0.0031158730581036,0.0558200058948725,0.00176518357631823,0.203739638061947,0.00311371548216302,0.0558006763593688,0.0012607451718142,0.000141088027518261,1,0,0.945,0.00720936890441875,0.929008484457942,0.958301204920464,1000,0.945,0.00720936890441875,1000,0.212288740224317,0.00294790217893261,0.94609187343684,0,"CorCor","PSM_M1",0.00716442624343717,2.2993318757978,0.124147520338597,-0.0560353235941771,0.00229804618293747,-0.00707475319460985,0.000431093966322057,-0.025,0.00827305526655319,"defined"
"prospective","GoodOverlap","PATE","MisCor","WDSM_M5",1000,TRUE,"inclusive",0.866391828860284,"all_requested","defined",0.861007636800329,-0.0053841920599549,0.0053841920599549,-0.621450004559446,0.00320932182706379,0.0566508766663305,0.00179145801710891,0.206772266015658,0.0032351020293752,0.0568779573242148,0.00125609904385039,0.000142001057918084,1,0,0.929,0.00812151463706124,0.911283559113213,0.944135351750103,1000,0.929,0.00812151463706124,1000,0.211929443425489,0.00293621566529558,0.91490222031797,0,"CorCor","PSM_M1",0.00757770737570927,2.36115534185679,0.132039540571418,-0.0605067501119657,0.00242722251522495,-0.00737352404515566,0.000476766760859133,-0.029,0.0100129545719163,"defined"
"retrospective","PoorOverlap","PATE","MisCor","WDSM_M5",1000,TRUE,"inclusive",0.866391828860284,"all_requested","defined",0.874337124865761,0.00794529600547711,0.00794529600547711,0.917055740926014,0.0106087334941134,0.102998706273979,0.00325710507876448,0.375939034772422,0.0106612524892339,0.103253341298158,0.00232302288339108,0.000474510737915879,1,0,0.947,0.00708456067798138,0.931244816710037,0.960050747639981,1000,0.947,0.00708456067798138,1000,0.401483854670186,0.0106332262166023,1.0023087319992,0,"CorCor","PSM_M1",0.0988525312143353,9.31803322886628,0.604050831275084,-0.0831589575060976,0.00960152803885986,-0.0963924112017883,0.00497000265147073,-0.001,0.00933199261069607,"defined"
"prospective","PoorOverlap","PATE","MisCor","WDSM_M5",1000,TRUE,"inclusive",0.866391828860284,"all_requested","defined",0.865163807401147,-0.00122802145913679,0.00122802145913679,-0.141739732327834,0.0108443777660156,0.104136342196255,0.00329308028538868,0.380091336932464,0.0108350414249536,0.104091505056626,0.00242887351918918,0.000505715223377544,1,0,0.95,0.00689202437604511,0.934609512084506,0.962664602395338,1000,0.95,0.00689202437604511,1000,0.403599948295738,0.0107734606898473,0.993460475308185,0,"CorCor","PSM_M1",0.12591407450154,11.611000392861,0.802611039869076,-0.0927280055302557,0.0109788493973269,-0.123325366087099,0.00650851767233273,-0.013,0.00888312500812129,"defined"
"retrospective","GoodOverlap","PATT","MisCor","WDSM_M5",1000,TRUE,"inclusive",1.03507218631865,"all_requested","defined",1.03210685422095,-0.0029653320977018,0.0029653320977018,-0.286485535685036,0.00279704158489782,0.052887064438271,0.0016724358238503,0.16157673309709,0.00280303773776259,0.0529437223640592,0.00110270178273771,0.000116646275237809,1,0,0.943,0.00733150734842434,0.926777270539338,0.956546418063041,1000,0.943,0.00733150734842434,1000,0.198208347141963,0.00256429152924683,0.916787059260152,0,"CorCor","PSM_M1",0.00658007194057743,2.35251130197902,0.119597228927456,-0.0646895399056551,0.0020489500295838,-0.00758033196039368,0.000412249496742883,-0.018,0.00881780889755237,"defined"
"prospective","GoodOverlap","PATT","MisCor","WDSM_M5",1000,TRUE,"inclusive",1.03507218631865,"all_requested","defined",1.02828337492232,-0.0067888113963287,0.0067888113963287,-0.655878062038731,0.00370525488172589,0.0608708048388214,0.00192490386298274,0.185968079176089,0.00374763758701908,0.0612179515094966,0.00140399098340253,0.000170068289065262,1,0,0.944,0.00727076337120113,0.927892253716747,0.957424450313383,1000,0.944,0.00727076337120113,1000,0.22662183258394,0.00335400192916373,0.905201406171943,0,"CorCor","PSM_M1",0.00607209848913143,1.63878024129425,0.0891415090866232,-0.067451992285898,0.002178704074385,-0.00599841031926383,0.000416505611467948,-0.013,0.00910570776567719,"defined"
"retrospective","PoorOverlap","PATT","MisCor","WDSM_M5",1000,TRUE,"inclusive",1.18185416619657,"all_requested","defined",1.18350183529085,0.00164766909427692,0.00164766909427692,0.13941390921178,0.00574002028176197,0.0757629215498054,0.00239583394286039,0.202718238119906,0.00573699507492444,0.0757429539622297,0.00182094646387161,0.000276575680708307,1,0,0.945,0.00720936890441875,0.929008484457942,0.958301204920464,1000,0.945,0.00720936890441875,1000,0.296828922581401,0.00578004181775891,1.0069723683946,0,"CorCor","PSM_M1",0.0556480920523005,9.6947553006239,0.66521025818564,-0.0510019858584985,0.00705264544024057,-0.0526274350519701,0.00307584404431422,-0.016,0.00893441793424864,"defined"
"prospective","PoorOverlap","PATT","MisCor","WDSM_M5",1000,TRUE,"inclusive",1.18185416619657,"all_requested","defined",1.17736508016938,-0.00448908602718773,0.00448908602718773,-0.379834175449452,0.00914245837963238,0.095616203541201,0.00302364984408453,0.25583950461631,0.00915346781461224,0.0956737571887518,0.00204105448248621,0.000387406830261924,1,0,0.935,0.0077958322198467,0.917898930078629,0.949479690310382,1000,0.935,0.0077958322198467,1000,0.353010876879977,0.0082364482095369,0.900900815461857,0,"CorCor","PSM_M1",0.0516976678438343,5.65467904770632,0.347856301028711,-0.0833135709779508,0.00679347759499547,-0.0487058017891313,0.00290667695274326,-0.022,0.00977811902216431,"defined"
"retrospective","GoodOverlap","PATE","MisMis","WDSM_M5",1000,TRUE,"inclusive",0.866391828860284,"all_requested","defined",0.92068377616365,0.0542919473033664,0.0542919473033664,6.26644267580247,0.00503669685948622,0.0709696897237562,0.00224425864362516,0.259035065759729,0.00797927570461825,0.0893267916395649,0.00190289688135328,0.000220086933717931,1,0,0.88,0.0102761860629321,0.858233136207175,0.899499076251832,1000,0.88,0.0102761860629321,1000,0.275753186167439,0.00497878676937729,0.988502367379949,0,"CorCor","PSM_M1",0.00716442624343717,1.42244539294509,0.0784222613446192,-0.00076444977798227,0.0025860488821403,-0.00220919297215462,0.000443516266527302,-0.09,0.0104885656793486,"defined"
"prospective","GoodOverlap","PATE","MisMis","WDSM_M5",1000,TRUE,"inclusive",0.866391828860284,"all_requested","defined",0.922036856674796,0.0556450278145127,0.0556450278145127,6.42261687621319,0.00509945828273247,0.0714104914052023,0.00225819801672317,0.260643965178408,0.00819072794492763,0.0905026405411888,0.00199523106506584,0.000244893628178907,1,0,0.874,0.010493998284734,0.851826283528973,0.89394316773752,1000,0.874,0.010493998284734,1000,0.269503956819482,0.00475356186726012,0.932169968593799,0,"CorCor","PSM_M1",0.00757770737570927,1.48598281534502,0.0887545061814413,0.000522469762501817,0.00272779133583993,-0.00241789812960324,0.000479919850120328,-0.084,0.0107265585841433,"defined"
"retrospective","PoorOverlap","PATE","MisMis","WDSM_M5",1000,TRUE,"inclusive",0.866391828860284,"all_requested","defined",1.09735020243663,0.230958373576342,0.230958373576342,26.6574967448807,0.0202394771746458,0.142265516463568,0.00449883064525058,0.519260511859707,0.0735610080225004,0.271221326636569,0.00436702257228397,0.000914987420694186,1,0,0.633,0.0152417518678136,0.602269971690401,0.662944337866416,1000,0.633,0.0152417518678136,1000,0.555863003070338,0.0206051357256559,1.01806660062683,0,"CorCor","PSM_M1",0.0988525312143353,4.88414450439307,0.323720459169767,0.139854120064768,0.00993118513336855,-0.0334926556685218,0.00529693291238338,-0.315,0.0158753591148996,"defined"
"prospective","PoorOverlap","PATE","MisMis","WDSM_M5",1000,TRUE,"inclusive",0.866391828860284,"all_requested","defined",1.08993603500446,0.223544206144178,0.223544206144178,25.8017445107076,0.0195880389594962,0.13995727547897,0.00442583765625177,0.510835572176835,0.0695404630211673,0.263705257856508,0.00427422276855051,0.000938839974533716,1,0,0.654,0.0150427391122761,0.62359687365066,0.683493123372,1000,0.654,0.0150427391122761,1000,0.546779354453448,0.0200184405052653,1.02197267151955,0,"CorCor","PSM_M1",0.12591407450154,6.42811027494394,0.44425207224382,0.132044222073059,0.0111239063536371,-0.0646199444908857,0.00665015847309477,-0.309,0.0153543073681216,"defined"
"retrospective","GoodOverlap","PATT","MisMis","WDSM_M5",1000,TRUE,"inclusive",1.03507218631865,"all_requested","defined",1.07629909754341,0.0412269112247586,0.0412269112247586,3.98299865165797,0.00393214638452901,0.0627068288508438,0.00198296404015025,0.191577366908378,0.00562787244727861,0.0750191472044211,0.00170080354420964,0.000177179938791445,1,0,0.883,0.010164201887015,0.861442533609417,0.902270997504933,1000,0.883,0.010164201887015,1000,0.238275639640682,0.00370577840029337,0.942431445297591,0,"CorCor","PSM_M1",0.00658007194057743,1.67340462360879,0.0922499960391762,-0.0204972965831948,0.00223203912648876,-0.00475549725087766,0.000384314737784484,-0.078,0.0102966995693777,"defined"
"prospective","GoodOverlap","PATT","MisMis","WDSM_M5",1000,TRUE,"inclusive",1.03507218631865,"all_requested","defined",1.06848816158809,0.033415975269441,0.033415975269441,3.22837148086151,0.00514058534247507,0.0716978754390608,0.00226728589782477,0.219046161977226,0.00625207216034049,0.0790700459108283,0.00176753261676576,0.000233319685027183,1,0,0.917,0.00872416185085994,0.898146703244624,0.933351068191121,1000,0.917,0.00872416185085994,1000,0.270782577998453,0.00479054968071037,0.931907431071619,0,"CorCor","PSM_M1",0.00607209848913143,1.18120760275285,0.0685619864843214,-0.0272472056201283,0.00243656655723245,-0.00349397574594241,0.000405490030929312,-0.04,0.00940683201128246,"defined"
"retrospective","PoorOverlap","PATT","MisMis","WDSM_M5",1000,TRUE,"inclusive",1.18185416619657,"all_requested","defined",1.34616941246703,0.164315246270461,0.164315246270461,13.9031744330401,0.00811423560827281,0.0900790519947496,0.00284854973772143,0.241023792883736,0.0351056215295868,0.187364942103871,0.00258747686535321,0.00037202101964222,1,0,0.547,0.0157413785927409,0.515547314269461,0.578175223370839,1000,0.547,0.0157413785927409,1000,0.358821894242629,0.00845369018356764,1.04183444894658,0,"CorCor","PSM_M1",0.0556480920523005,6.85808186239563,0.452921957442524,0.111665591317686,0.00702657239574989,-0.0232588085973078,0.0031406996999618,-0.414,0.0162131695503028,"defined"
"prospective","PoorOverlap","PATT","MisMis","WDSM_M5",1000,TRUE,"inclusive",1.18185416619657,"all_requested","defined",1.33051877756197,0.148664611365396,0.148664611365396,12.5789302620835,0.0136415411819195,0.116797008445934,0.00369344570583074,0.312512813464705,0.0357290663131617,0.189021338248256,0.00322903816180799,0.000617934172872972,1,0,0.699,0.0145051370210695,0.669514391944551,0.727308756120668,1000,0.699,0.0145051370210695,1000,0.429220939145352,0.0121601534637583,0.891406132312631,0,"CorCor","PSM_M1",0.0516976678438343,3.78972340107395,0.236361104989425,0.0698401264146325,0.00670722166132176,-0.0221302032905819,0.00292619420848345,-0.258,0.0148207845829988,"defined"
"retrospective","GoodOverlap","PATE","CorCor","WM_PS_M1",1000,TRUE,"inclusive",0.866391828860284,"all_requested","defined",0.866386353353136,-5.47550714773981e-06,5.47550714773981e-06,-0.000631989703197305,0.00414139537038517,0.0643536741016795,0.00203504185961497,0.234887009760009,0.00413725400499597,0.064321489449452,0.00141348923040074,0.000182017477307937,1,0,0.942,0.00739161687318817,0.925663504617648,0.955667139747179,1000,0.942,0.00739161687318817,1000,0.245649709329855,0.00397606249862123,0.960077979285382,0,"CorCor","PSM_M1",0.00716442624343717,1.72995466568333,0.0952482016227884,-0.0550618725884964,0.00245767853404128,-0.0060512146717769,0.000447382211209393,-0.028,0.00856091638139804,"defined"
"prospective","GoodOverlap","PATE","CorCor","WM_PS_M1",1000,TRUE,"inclusive",0.866391828860284,"all_requested","defined",0.858520343387968,-0.00787148547231602,0.00787148547231602,-0.908536439300305,0.00398572017582808,0.0631325603458951,0.00199642685211056,0.230430018567558,0.00404369473919313,0.0635900522031012,0.00140937204890239,0.000177285338649973,1,0,0.935,0.0077958322198467,0.917898930078629,0.949479690310382,1000,0.935,0.0077958322198467,1000,0.232549635944123,0.00354247075253467,0.888790631619963,0,"CorCor","PSM_M1",0.00757770737570927,1.9012140946736,0.0894959315129734,-0.0629940435243268,0.00206260132952757,-0.00656493133533773,0.000458805668223278,-0.023,0.00941060888357175,"defined"
"retrospective","PoorOverlap","PATE","CorCor","WM_PS_M1",1000,TRUE,"inclusive",0.866391828860284,"all_requested","defined",0.853920896038703,-0.0124709328215803,0.0124709328215803,-1.43941025367073,0.0428866674257187,0.207090964133442,0.00654879129501915,0.755869466547708,0.0429993049237333,0.207362737548802,0.00575280624950626,0.00238094500393628,1,0,0.967,0.00564898220921256,0.953966018182977,0.97717761665054,1000,0.967,0.00564898220921256,1000,0.713031262664248,0.0410954739381859,0.958234257986235,0,"CorCor","PSM_M1",0.0988525312143353,2.30497115182828,0.15724873516948,-0.103575186333155,0.00893714470017014,-0.0640543587672889,0.00519271323474311,0.019,0.0087587508079472,"defined"
"prospective","PoorOverlap","PATE","CorCor","WM_PS_M1",1000,TRUE,"inclusive",0.866391828860284,"all_requested","defined",0.849758630065125,-0.016633198795159,0.016633198795159,-1.91982406124946,0.0348762865880486,0.186751938646025,0.0059056148357346,0.68163325634122,0.0351180736036198,0.187398168623975,0.00428474003140136,0.00158608769010691,1,0,0.96,0.00619677335393187,0.945927303180632,0.971272374714109,1000,0.96,0.00619677335393187,1000,0.674230007475977,0.0355910504074213,1.02049426384797,0,"CorCor","PSM_M1",0.12591407450154,3.6103062229305,0.199920938821715,-0.108133182866278,0.00967180254315845,-0.0990423339084332,0.00616725887986194,-0.003,0.00831023826734589,"defined"
"retrospective","GoodOverlap","PATT","CorCor","WM_PS_M1",1000,TRUE,"inclusive",1.03507218631865,"all_requested","defined",1.03500368947794,-6.84968407083644e-05,6.84968407083644e-05,-0.00661759069693302,0.00346795147871048,0.0588893154885543,0.00186224366792063,0.179914376266249,0.00346448821904896,0.0588599033217772,0.00124843479731671,0.000147099046371392,1,0,0.943,0.00733150734842434,0.926777270539338,0.956546418063041,1000,0.943,0.00733150734842434,1000,0.22388488369599,0.0032722284916979,0.943562362906716,0,"CorCor","PSM_M1",0.00658007194057743,1.89739446499527,0.0997048877313221,-0.0617927046486617,0.00212485087470307,-0.00691888147910731,0.000418548193195579,-0.018,0.0091520358259657,"defined"
"prospective","GoodOverlap","PATT","CorCor","WM_PS_M1",1000,TRUE,"inclusive",1.03507218631865,"all_requested","defined",1.0274540758765,-0.00761811044214859,0.00761811044214859,-0.735997985729212,0.00437481138494655,0.0661423569654616,0.00209160497822762,0.202073343856977,0.00442847218027038,0.066546766865644,0.00146594963664751,0.000194235970052488,1,0,0.939,0.00756828910652864,0.922329225950876,0.95302212445892,1000,0.939,0.00756828910652864,1000,0.251567905730488,0.00413392299948976,0.944937423751416,0,"CorCor","PSM_M1",0.00607209848913143,1.38796806418332,0.0674104382095895,-0.0682812913317179,0.00193121569060667,-0.00531757572601253,0.000408533242342053,-0.018,0.00926076464239113,"defined"
"retrospective","PoorOverlap","PATT","CorCor","WM_PS_M1",1000,TRUE,"inclusive",1.18185416619657,"all_requested","defined",1.17518319236428,-0.0066709738322868,0.0066709738322868,-0.564449830028966,0.0131875136556153,0.114836900235139,0.00363146164176565,0.307268167734466,0.0132188280338307,0.114973162232891,0.00268270844462724,0.000617139550750402,1,0,0.962,0.00604615580348373,0.948212896378036,0.972971184017016,1000,0.962,0.00604615580348373,1000,0.4217919651433,0.0127842783517545,0.969422947009494,0,"CorCor","PSM_M1",0.0556480920523005,4.2197561652272,0.256304898767424,-0.0593206287850622,0.00630808920869194,-0.0451456020930638,0.00298145925395962,0.001,0.00843030664152082,"defined"
"prospective","PoorOverlap","PATT","CorCor","WM_PS_M1",1000,TRUE,"inclusive",1.18185416619657,"all_requested","defined",1.16408544764433,-0.0177687185522364,0.0177687185522364,-1.50346117655273,0.0183467765684175,0.135450273415809,0.00428331373686512,0.362423204095446,0.0186441571508376,0.136543608971045,0.00341799316836167,0.000933501962382181,1,0,0.952,0.00675988165576884,0.936859884598491,0.964399734657117,1000,0.952,0.00675988165576884,1000,0.483756787036098,0.0174215735538648,0.949571358701489,0,"CorCor","PSM_M1",0.0516976678438343,2.81780658586249,0.157199238954696,-0.0965932035029994,0.00587079224299911,-0.0392151124529059,0.00273512413425879,-0.005,0.00911361937201999,"defined"
"retrospective","GoodOverlap","PATE","CorMis","WM_PS_M1",1000,TRUE,"inclusive",0.866391828860284,"all_requested","defined",0.846557347124953,-0.0198344817353305,0.0198344817353305,-2.28932003680393,0.00543401621104616,0.073715779932428,0.00233109764082206,0.269058128570829,0.00582198886054427,0.0763019584319058,0.00171934787417661,0.000243116301460332,1,0,0.964,0.00589101010014412,0.950507088281988,0.974661085070162,1000,0.964,0.00589101010014412,1000,0.324542773561137,0.00698404828837306,1.285246126829,0,"CorCor","PSM_M1",0.00716442624343717,1.31844035151634,0.0713352737267191,-0.0748908788166791,0.00250794052212973,-0.0043664798162286,0.000502152044969336,-0.006,0.00774751728129883,"defined"
"prospective","GoodOverlap","PATE","CorMis","WM_PS_M1",1000,TRUE,"inclusive",0.866391828860284,"all_requested","defined",0.850325658651152,-0.0160661702091321,0.0160661702091321,-1.8543769313091,0.00515741985928181,0.0718151784742042,0.00227099534549981,0.262121048450705,0.00541038426461133,0.0735553143193021,0.00158036657149572,0.000219098251095839,1,0,0.966,0.00573096850453743,0.952810561384293,0.976341351892403,1000,0.966,0.00573096850453743,1000,0.303847313426557,0.00607203003360901,1.17733870797453,0,"CorCor","PSM_M1",0.00757770737570927,1.46928262240889,0.0639596921541732,-0.071188728261143,0.00192512592299277,-0.00519824180991953,0.000480954974452782,0.008,0.00812416161840728,"defined"
"retrospective","PoorOverlap","PATE","CorMis","WM_PS_M1",1000,TRUE,"inclusive",0.866391828860284,"all_requested","defined",0.825315995954611,-0.0410758329056722,0.0410758329056722,-4.74102265711651,0.0775191834885229,0.278422670572141,0.00880449791234701,1.01622587137382,0.0791288883539291,0.281298575101135,0.00803496176249588,0.00446461155510596,1,0,0.975,0.00493710441453288,0.963315176948077,0.983757464303118,1000,0.975,0.00493710441453288,1000,0.988478502182115,0.0812406986200127,1.04800766679955,0,"CorCor","PSM_M1",0.0988525312143353,1.27520088274628,0.0815307254162512,-0.132180086417247,0.00903766647736554,-0.0279247753370931,0.00569017404308387,0.027,0.00826676111541511,"defined"
"prospective","PoorOverlap","PATE","CorMis","WM_PS_M1",1000,TRUE,"inclusive",0.866391828860284,"all_requested","defined",0.828735732663152,-0.0376560961971316,0.0376560961971316,-4.3463124815786,0.0654481628282719,0.255828385501437,0.00809000388308139,0.933758100387856,0.0668006962462513,0.258458306591704,0.00731418632634451,0.00373895511915425,1,0,0.968,0.00556560868189635,0.955124097164991,0.978011150394358,1000,0.968,0.00556560868189635,1000,0.931873789338987,0.070910361518331,1.08345839598876,0,"CorCor","PSM_M1",0.12591407450154,1.9238748508789,0.116073641362559,-0.129156080268251,0.00946470378784633,-0.0673597112658017,0.00616871501287351,0.005,0.00714325038242578,"defined"
"retrospective","GoodOverlap","PATT","CorMis","WM_PS_M1",1000,TRUE,"inclusive",1.03507218631865,"all_requested","defined",1.03262019093029,-0.0024519953883659,0.0024519953883659,-0.236891244956228,0.00452823641098976,0.067292171988945,0.00212796532184849,0.20558617553205,0.00452972045596334,0.0673031979623802,0.00144321510706053,0.000193717621910907,1,0,0.972,0.0052168956286282,0.959785112626157,0.981315313804462,1000,0.972,0.0052168956286282,1000,0.287385987161106,0.00539441414249031,1.19128368152299,0,"CorCor","PSM_M1",0.00658007194057743,1.45312023122468,0.0754231772145237,-0.0641762031963192,0.00223835148807595,-0.00585364924219293,0.000427344689706803,0.011,0.00780640377766484,"defined"
"prospective","GoodOverlap","PATT","CorMis","WM_PS_M1",1000,TRUE,"inclusive",1.03507218631865,"all_requested","defined",1.01049888087176,-0.0245733054468926,0.0245733054468926,-2.37406683047781,0.0057159995286518,0.0756042295685354,0.00239081566178821,0.230980572503973,0.00631413086970943,0.0794615055842099,0.0017400012434798,0.000253419920597897,1,0,0.964,0.00589101010014412,0.950507088281988,0.974661085070162,1000,0.964,0.00589101010014412,1000,0.324742851670489,0.00689913071954247,1.20698587971538,0,"CorCor","PSM_M1",0.00607209848913143,1.06229863363261,0.0439114629148894,-0.085236486336462,0.00178531934141418,-0.00343191703657348,0.00045507100657978,0.007,0.00818645332351062,"defined"
"retrospective","PoorOverlap","PATT","CorMis","WM_PS_M1",1000,TRUE,"inclusive",1.18185416619657,"all_requested","defined",1.17534343075139,-0.00651073544517791,0.00651073544517791,-0.55089161009862,0.0218468017164304,0.147806636239482,0.00467405623804746,0.395485024441675,0.0218673445907511,0.147876112306049,0.0040868781315805,0.0011980927819517,1,0,0.963,0.00596917079668525,0.949358876940075,0.973817291156263,1000,0.963,0.00596917079668525,1000,0.577221480362384,0.0257423984128006,1.17831427899309,0,"CorCor","PSM_M1",0.0556480920523005,2.54719627955652,0.129643688282524,-0.0591603903979533,0.00536777524909887,-0.0364970855361435,0.00268114288177199,0.002,0.00748679183977036,"defined"
"prospective","PoorOverlap","PATT","CorMis","WM_PS_M1",1000,TRUE,"inclusive",1.18185416619657,"all_requested","defined",1.14952451803861,-0.0323296481579647,0.0323296481579647,-2.73550232191571,0.0299877363584221,0.173169675054329,0.00547610594842924,0.463348702831279,0.0310029547720814,0.176076559405508,0.00482883124612913,0.00165830012857512,1,0,0.97,0.00539444158370447,0.957448597529971,0.97966951431689,1000,0.97,0.00539444158370447,1000,0.65919714337208,0.0332578055566738,1.10904688367161,0,"CorCor","PSM_M1",0.0516976678438343,1.7239603291802,0.075679556999976,-0.111154133108728,0.00480828872899151,-0.0268563148316621,0.0025418058091684,0.013,0.00767397484292787,"defined"
"retrospective","GoodOverlap","PATE","MisCor","WM_PS_M1",1000,TRUE,"inclusive",0.866391828860284,"all_requested","defined",0.865129326818582,-0.00126250204170212,0.00126250204170212,-0.145719523158812,0.00418337582219565,0.064679021499986,0.00204533024770956,0.236074508043334,0.00418078635777875,0.0646590005937205,0.00146208791576989,0.000189374717819914,1,0,0.938,0.00762600813007697,0.921220050338967,0.952138151886639,1000,0.938,0.00762600813007697,1000,0.245472660320749,0.00397559547165907,0.950331894774035,0,"CorCor","PSM_M1",0.00716442624343717,1.71259445671246,0.0952741831531809,-0.0563188991230507,0.00249112314332957,-0.00600768231899412,0.000448138011673895,-0.032,0.00889129096673003,"defined"
"prospective","GoodOverlap","PATE","MisCor","WM_PS_M1",1000,TRUE,"inclusive",0.866391828860284,"all_requested","defined",0.860501981047967,-0.00588984781231664,0.00588984781231664,-0.679813407296856,0.00392908321736608,0.0626823995820683,0.00198219151884122,0.228786959065478,0.00395984444140096,0.0629272948838655,0.00137280392565709,0.000172897703278239,1,0,0.935,0.0077958322198467,0.917898930078629,0.949479690310382,1000,0.935,0.0077958322198467,1000,0.232183590158003,0.00353372611701376,0.899376755726402,0,"CorCor","PSM_M1",0.00757770737570927,1.92861972029931,0.109127302858993,-0.0610124058643275,0.00246038796633849,-0.0066487816331299,0.000477020489992061,-0.023,0.00962099597565468,"defined"
"retrospective","PoorOverlap","PATE","MisCor","WM_PS_M1",1000,TRUE,"inclusive",0.866391828860284,"all_requested","defined",0.85730666809747,-0.00908516076281403,0.00908516076281403,-1.04862031937274,0.0412886700355353,0.203196136861741,0.00642562604230399,0.741653583085697,0.0413299215115859,0.203297618066681,0.0054559240804568,0.00221442022563178,1,0,0.973,0.00512552436341883,0.96095825319403,0.98213309407475,1000,0.973,0.00512552436341883,1000,0.713608476383824,0.0412240260985506,0.998434341989484,0,"CorCor","PSM_M1",0.0988525312143353,2.39418056162277,0.158196405188352,-0.100189414274389,0.00957169771181862,-0.0657237421794363,0.0051022137237941,0.025,0.00851160663138561,"defined"
"prospective","PoorOverlap","PATE","MisCor","WM_PS_M1",1000,TRUE,"inclusive",0.866391828860284,"all_requested","defined",0.852692803953688,-0.0136990249065953,0.0136990249065953,-1.58115813772344,0.0352004410990345,0.187617805922131,0.00593299596317362,0.684793619415631,0.035352903941327,0.188023679203783,0.00421870633531001,0.00156689938819696,1,0,0.951,0.00682634602111555,0.93573394685983,0.963532940827952,1000,0.951,0.00682634602111555,1000,0.665270152357531,0.0346162147941502,0.983402869775392,0,"CorCor","PSM_M1",0.12591407450154,3.57705956431874,0.220938310623298,-0.105199008977714,0.0101910997189564,-0.0988075035707261,0.00644081747644477,-0.012,0.00871389304111153,"defined"
"retrospective","GoodOverlap","PATT","MisCor","WM_PS_M1",1000,TRUE,"inclusive",1.03507218631865,"all_requested","defined",1.03080281098555,-0.00426937533310057,0.00426937533310057,-0.412471264278202,0.00340100847952396,0.0583181659478756,0.00184418233358959,0.178169441510029,0.00341583503677932,0.0584451455364714,0.00125969481876221,0.000145905419169935,1,0,0.941,0.00745110730026082,0.924550926915759,0.954786645597203,1000,0.941,0.00745110730026082,1000,0.223521638621273,0.0032615921066592,0.959007343350031,0,"CorCor","PSM_M1",0.00658007194057743,1.93474140984749,0.0999541011617192,-0.0659935831410539,0.00214517136845471,-0.00696753466137694,0.000418199534354724,-0.02,0.0086991767240168,"defined"
"prospective","GoodOverlap","PATT","MisCor","WM_PS_M1",1000,TRUE,"inclusive",1.03507218631865,"all_requested","defined",1.02809542022803,-0.00697676609062003,0.00697676609062003,-0.674036669406959,0.00464252036174167,0.0681360430443511,0.00215465086771423,0.208164309329717,0.00468655310646315,0.0684584042062269,0.00153626795195929,0.000209989270969327,1,0,0.936,0.0077397674383666,0.919004925632949,0.950366910708151,1000,0.936,0.0077397674383666,1000,0.251581705624596,0.00413435838345666,0.890541787932111,0,"CorCor","PSM_M1",0.00607209848913143,1.30793147170031,0.0739523862191229,-0.0676399469801894,0.00240348199916138,-0.00505949479981976,0.000432899659328353,-0.021,0.00952101095733272,"defined"
"retrospective","PoorOverlap","PATT","MisCor","WM_PS_M1",1000,TRUE,"inclusive",1.18185416619657,"all_requested","defined",1.1725499924018,-0.00930417379477274,0.00930417379477274,-0.787252273663792,0.0128761401730783,0.11347308127075,0.00358833389932965,0.303619008331424,0.0129498316829086,0.113797327222165,0.00290161821538404,0.000659339641568022,1,0,0.951,0.00682634602111555,0.93573394685983,0.963532940827952,1000,0.951,0.00682634602111555,1000,0.416780477195604,0.0124983299961943,0.970658118674881,0,"CorCor","PSM_M1",0.0556480920523005,4.32179918083298,0.283968605708374,-0.0619538287475482,0.00662933851912141,-0.045414598443986,0.00302849948949572,-0.01,0.00905439020486648,"defined"
"prospective","PoorOverlap","PATT","MisCor","WM_PS_M1",1000,TRUE,"inclusive",1.18185416619657,"all_requested","defined",1.16547104399855,-0.0163831221980171,0.0163831221980171,-1.38622197785545,0.0176374218131541,0.132805955488277,0.00419969306177893,0.35534782394467,0.0178881910842961,0.133746742331528,0.00301542812362028,0.000805132703513474,1,0,0.951,0.00682634602111555,0.93573394685983,0.963532940827952,1000,0.951,0.00682634602111555,1000,0.477566355433416,0.0168373461048241,0.954637604248183,0,"CorCor","PSM_M1",0.0516976678438343,2.93113519603403,0.176970167157052,-0.0952076071487801,0.00653293144322138,-0.0399710785194474,0.00288238553930824,-0.006,0.00916777225110049,"defined"
"retrospective","GoodOverlap","PATE","MisMis","WM_PS_M1",1000,TRUE,"inclusive",0.866391828860284,"all_requested","defined",0.925459225699055,0.0590673968387717,0.0590673968387717,6.81763087683702,0.007175839323848,0.0847103259576305,0.00267877571361396,0.309187555143246,0.0106576208538331,0.103235753757277,0.00226395697209465,0.000331792326404297,1,0,0.889,0.00993373041711924,0.867873938241308,0.907802092795809,1000,0.889,0.00993373041711924,1000,0.326058275427201,0.00705169724698431,0.982699992117839,0,"CorCor","PSM_M1",0.00716442624343717,0.998409512825503,0.0566329972651887,0.00401099975742304,0.00291997661184525,0.000469152177060221,0.000528629650783426,-0.081,0.0103220901732908,"defined"
"prospective","GoodOverlap","PATE","MisMis","WM_PS_M1",1000,TRUE,"inclusive",0.866391828860284,"all_requested","defined",0.92591292310756,0.0595210942472761,0.0595210942472761,6.86999718425029,0.00638737373574027,0.0799210468884153,0.00252732541152505,0.291706976836299,0.00992374702239765,0.099618005513048,0.00222755557721089,0.000304868398945712,1,0,0.875,0.0104582503316759,0.852893017221229,0.894870238445407,1000,0.875,0.0104582503316759,1000,0.305035012751902,0.00611309692896725,0.957059533679968,0,"CorCor","PSM_M1",0.00757770737570927,1.18635728692507,0.0705147191296652,0.00439853619526526,0.00285768330445385,-0.000684879052133209,0.0005196570287506,-0.083,0.0110559139483461,"defined"
"retrospective","PoorOverlap","PATE","MisMis","WM_PS_M1",1000,TRUE,"inclusive",0.866391828860284,"all_requested","defined",1.08678028479572,0.220388455935437,0.220388455935437,25.4375039784658,0.0846147741620776,0.29088618764403,0.00919862892838262,1.06171695322695,0.133101230897522,0.36483041388777,0.00884122247294405,0.00430024153238321,1,0,0.81,0.0124056438768812,0.784286311148366,0.833873492461213,1000,0.81,0.0124056438768812,1000,0.997317748409048,0.0831098388279631,0.982214272282617,0,"CorCor","PSM_M1",0.0988525312143353,1.16826561547024,0.0737469573754261,0.129284202423862,0.0105350244391612,0.0260475672064995,0.00690549834391305,-0.138,0.0140411236428269,"defined"
"prospective","PoorOverlap","PATE","MisMis","WM_PS_M1",1000,TRUE,"inclusive",0.866391828860284,"all_requested","defined",1.09335263730492,0.226960808444639,0.226960808444639,26.1960929090478,0.0742334881823759,0.272458231995981,0.00861588580369865,0.994456032097235,0.125670463264037,0.354500300795412,0.00898688387783448,0.00409924593689792,1,0,0.796,0.0127429980773757,0.769669168239845,0.820574945635921,1000,0.796,0.0127429980773757,1000,0.935558086068652,0.0710033819830314,0.956487209769683,0,"CorCor","PSM_M1",0.12591407450154,1.69618965219842,0.110167494913112,0.13546082437352,0.0108408149139602,-0.00848994424801558,0.007487971218546,-0.167,0.0127778822296292,"defined"
"retrospective","GoodOverlap","PATT","MisMis","WM_PS_M1",1000,TRUE,"inclusive",1.03507218631865,"all_requested","defined",1.07426204112063,0.0391898548019732,0.0391898548019732,3.78619533207207,0.00542290045966196,0.0736403453255208,0.00232871218909979,0.22498065544415,0.00695332227860203,0.0833865833249093,0.0018375716858668,0.000244455209825768,1,0,0.905,0.00927227048785787,0.885115155595548,0.922459792918345,1000,0.905,0.00927227048785787,1000,0.285301532794568,0.00531846053134989,0.980740946825608,0,"CorCor","PSM_M1",0.00658007194057743,1.2133860817699,0.0680600622898747,-0.0225343530059802,0.00241347561683668,-0.00343004741955423,0.000410066371247674,-0.056,0.00994801301582195,"defined"
"prospective","GoodOverlap","PATT","MisMis","WM_PS_M1",1000,TRUE,"inclusive",1.03507218631865,"all_requested","defined",1.06882636436749,0.0337541780488371,0.0337541780488371,3.26104579902659,0.0072117001843113,0.0849217297534106,0.00268546088862067,0.259446724983675,0.00834383301987959,0.0913445839657699,0.00207648901873816,0.000332058017492594,1,0,0.924,0.00837997613361756,0.905795676355098,0.939656338820098,1000,0.924,0.00837997613361756,1000,0.322636966313782,0.00680623517894927,0.943776780093534,0,"CorCor","PSM_M1",0.00607209848913143,0.841978775315837,0.0495801772205128,-0.0269090028407323,0.00277748392974362,-0.00140221488640332,0.000462906494352603,-0.033,0.00959181958770092,"defined"
"retrospective","PoorOverlap","PATT","MisMis","WM_PS_M1",1000,TRUE,"inclusive",1.18185416619657,"all_requested","defined",1.35775651938299,0.175902353186423,0.175902353186423,14.8835920892431,0.0233154845143929,0.152694088013888,0.00482861103366102,0.408562339734385,0.0542338068863997,0.232881529723591,0.00501328949301768,0.00138132088607624,1,0,0.693,0.0145859864253331,0.663374157538728,0.72148461469351,1000,0.693,0.0145859864253331,1000,0.556136206912076,0.0236644047164153,1.01496517054179,0,"CorCor","PSM_M1",0.0556480920523005,2.38674396913984,0.164651487888075,0.123252698233648,0.00649654408340515,-0.00413062324049481,0.00339282225459215,-0.268,0.0151130541057856,"defined"
"prospective","PoorOverlap","PATT","MisMis","WM_PS_M1",1000,TRUE,"inclusive",1.18185416619657,"all_requested","defined",1.34759008115566,0.165735914959095,0.165735914959095,14.0233812004458,0.032407145285378,0.180019846920771,0.00569272740304487,0.481677652443799,0.0598431316474209,0.244628558527865,0.00542298628440526,0.00161942162993536,1,0,0.765,0.0134080199880519,0.737462334568646,0.790967641955378,1000,0.765,0.0134080199880519,1000,0.637444878429355,0.0307649536675105,0.949326248782288,0,"CorCor","PSM_M1",0.0516976678438343,1.59525522500003,0.0979620685154552,0.0869114300083317,0.00654275371728275,0.0019838620436773,0.00319090398440418,-0.192,0.014118616622578,"defined"
"retrospective","GoodOverlap","PATE","CorCor","WM_DSM_M1",1000,TRUE,"inclusive",0.866391828860284,"all_requested","defined",0.864859577501244,-0.00153225135903918,0.00153225135903918,-0.176854317873105,0.00387249740256784,0.0622293933970743,0.00196786620545398,0.227133513948609,0.00387097269939255,0.0622171415237999,0.00139280889746852,0.000173403039600623,1,0,0.937,0.00768316341099159,0.920111958126645,0.951253072443419,1000,0.937,0.00768316341099159,1000,0.233596085299924,0.00357702614055683,0.923700074836697,0,"CorCor","PSM_M1",0.00716442624343717,1.85007903134718,0.101267304904154,-0.0565886484403878,0.00242416894526374,-0.00631749597738032,0.000442969193295814,-0.033,0.00871705150764793,"defined"
"prospective","GoodOverlap","PATE","CorCor","WM_DSM_M1",1000,TRUE,"inclusive",0.866391828860284,"all_requested","defined",0.86013980144946,-0.00625202741082398,0.00625202741082398,-0.721616617627657,0.00356738178646189,0.0597275630380304,0.00188875138291462,0.21800198478317,0.00360290225142112,0.0600241805560153,0.00129804393563787,0.000154592179016626,1,0,0.93,0.00806845710157772,0.912383766510715,0.94502847508083,1000,0.93,0.00806845710157772,1000,0.221959379620543,0.00322150014286273,0.903043278151003,0,"CorCor","PSM_M1",0.00757770737570927,2.12416495606566,0.116961708755602,-0.0613745854628348,0.00244704131430831,-0.00700572382310974,0.000475445712455371,-0.028,0.00996570696515382,"defined"
"retrospective","PoorOverlap","PATE","CorCor","WM_DSM_M1",1000,TRUE,"inclusive",0.866391828860284,"all_requested","defined",0.869386567854972,0.00299473899468861,0.00299473899468861,0.345656421832615,0.0148299681018574,0.121778356459009,0.00385096976122345,0.444483619644624,0.0148241065954018,0.121754287790623,0.00279744372497187,0.000680666039189591,1,0,0.946,0.00714730718522718,0.930125994422933,0.959176648874369,1000,0.946,0.00714730718522718,1000,0.473415022702692,0.015010210183028,1.01215390889128,0,"CorCor","PSM_M1",0.0988525312143353,6.66572783807636,0.434423907621141,-0.0881095145168861,0.00958745307237491,-0.0922295570956204,0.00497664712209796,-0.002,0.00949136903118228,"defined"
"prospective","PoorOverlap","PATE","CorCor","WM_DSM_M1",1000,TRUE,"inclusive",0.866391828860284,"all_requested","defined",0.857508031637301,-0.00888379722298298,0.00888379722298298,-1.02537869438005,0.013571598405974,0.11649720342555,0.00368396503864708,0.425207731182466,0.0136369486606671,0.116777346521777,0.00253365906197967,0.000589546273629439,1,0,0.943,0.00733150734842434,0.926777270539338,0.956546418063041,1000,0.943,0.00733150734842434,1000,0.453632095969955,0.013735236298581,1.01205737804141,0,"CorCor","PSM_M1",0.12591407450154,9.27776307071642,0.612088737382514,-0.100383781294102,0.0108598816483939,-0.120523458851386,0.00649570191174166,-0.02,0.00925665629078263,"defined"
"retrospective","GoodOverlap","PATT","CorCor","WM_DSM_M1",1000,TRUE,"inclusive",1.03507218631865,"all_requested","defined",1.03250044185355,-0.00257174446510342,0.00257174446510342,-0.248460397168057,0.00349730622601465,0.0591380269032934,0.00187010861342721,0.18067422138725,0.00350042278938243,0.0591643709455482,0.00132079644333855,0.00015657916579932,1,0,0.941,0.00745110730026082,0.924550926915759,0.954786645597203,1000,0.941,0.00745110730026082,1000,0.220710278706037,0.003180073739807,0.909292333668718,0,"CorCor","PSM_M1",0.00658007194057743,1.88146862623344,0.105471189893387,-0.0642959522730567,0.00216948366071942,-0.00688294690877384,0.000424245458253529,-0.02,0.00914787864390885,"defined"
"prospective","GoodOverlap","PATT","CorCor","WM_DSM_M1",1000,TRUE,"inclusive",1.03507218631865,"all_requested","defined",1.0298022747082,-0.00526991161045445,0.00526991161045445,-0.50913469418954,0.00447947206189173,0.0669288582144633,0.00211647633152174,0.204476205572601,0.00450276455821184,0.0671026419614894,0.00149778867880243,0.000201344175921475,1,0,0.931,0.00801492358042171,0.913484890654288,0.945920664206744,1000,0.931,0.00801492358042171,1000,0.24774348951211,0.00400871944157103,0.894908905822732,0,"CorCor","PSM_M1",0.00607209848913143,1.35553886824938,0.0778381370440506,-0.0659330925000238,0.00233152915728156,-0.00524328334807106,0.000426521596464137,-0.026,0.00966526861589565,"defined"
"retrospective","PoorOverlap","PATT","CorCor","WM_DSM_M1",1000,TRUE,"inclusive",1.18185416619657,"all_requested","defined",1.18469486641071,0.00284070021414416,0.00284070021414416,0.240359622650066,0.00726576296381233,0.0852394448821221,0.00269550792315889,0.228074495166653,0.00726656677855515,0.0852441597914787,0.00206382320658129,0.000352161222698645,1,0,0.943,0.00733150734842434,0.926777270539338,0.956546418063041,1000,0.943,0.00733150734842434,1000,0.338978289302311,0.00759846916200069,1.04579095132134,0,"CorCor","PSM_M1",0.0556480920523005,7.65894680702632,0.511415188066966,-0.0498089547386313,0.00702039023999802,-0.0510978633483394,0.00306020553914575,-0.018,0.0091520358259657,"defined"
"prospective","PoorOverlap","PATT","CorCor","WM_DSM_M1",1000,TRUE,"inclusive",1.18185416619657,"all_requested","defined",1.17393476779226,-0.00791939840431223,0.00791939840431223,-0.670082539015651,0.0105627293402177,0.102775139699334,0.00325003528291889,0.274994612353749,0.0106148834819637,0.10302855663341,0.00224792898395047,0.000458107610574613,1,0,0.944,0.00727076337120113,0.927892253716747,0.957424450313383,1000,0.944,0.00727076337120113,1000,0.390541389107609,0.010156592820767,0.961550040110911,0,"CorCor","PSM_M1",0.0516976678438343,4.89434749094583,0.302499640612014,-0.0867438833550753,0.0067901566338986,-0.0472443861217799,0.00289924134039897,-0.013,0.00910570776567719,"defined"
"retrospective","GoodOverlap","PATE","CorMis","WM_DSM_M1",1000,TRUE,"inclusive",0.866391828860284,"all_requested","defined",0.842995755585558,-0.0233960732747257,0.0233960732747257,-2.70040326967333,0.00474491666076076,0.0688833554696689,0.00217828296159171,0.251420072192646,0.00528754798877633,0.0727155278381195,0.00165750585462645,0.000223368880263718,1,0,0.959,0.00627048642451286,0.944787540684701,0.970419831465964,1000,0.959,0.00627048642451286,1000,0.295021071508142,0.00570545309824645,1.20243483840909,0,"CorCor","PSM_M1",0.00716442624343717,1.5099161388197,0.0819269975280786,-0.0784524703560743,0.00253126357750077,-0.00490092068799654,0.000487433138175407,-0.011,0.0076771047887819,"defined"
"prospective","GoodOverlap","PATE","CorMis","WM_DSM_M1",1000,TRUE,"inclusive",0.866391828860284,"all_requested","defined",0.856089714134392,-0.0103021147258912,0.0103021147258912,-1.18908262782711,0.00459529545316638,0.0677886085796602,0.00214366402525358,0.24742431240072,0.00469683372553863,0.0685334496836299,0.00158300061915647,0.000213748330959778,1,0,0.957,0.00641490451994416,0.942513742038028,0.968708829543907,1000,0.957,0.00641490451994416,1000,0.279303981942091,0.00510627334754005,1.11119587403713,0,"CorCor","PSM_M1",0.00757770737570927,1.64901418264366,0.0940185148535653,-0.065424672777902,0.00253571060510806,-0.00591179234899223,0.000488237338684883,-0.001,0.00831072006916778,"defined"
"retrospective","PoorOverlap","PATE","CorMis","WM_DSM_M1",1000,TRUE,"inclusive",0.866391828860284,"all_requested","defined",0.861618661461766,-0.004773167398518,0.004773167398518,-0.550924794015772,0.0223302271197633,0.149433018840427,0.00472548697170601,0.545421461086754,0.0223306800196578,0.149434534227058,0.00330774174317982,0.000989345159359198,1,0,0.954,0.00662449998113065,0.939116447286257,0.966128501452322,1000,0.954,0.00662449998113065,1000,0.60908020752186,0.0249658761521633,1.11803055196279,0,"CorCor","PSM_M1",0.0988525312143353,4.42684844556938,0.288025099147164,-0.0958774209100927,0.00963919329883958,-0.0847229836713644,0.00502508598558121,0.006,0.00927631662083879,"defined"
"prospective","PoorOverlap","PATE","CorMis","WM_DSM_M1",1000,TRUE,"inclusive",0.866391828860284,"all_requested","defined",0.860827037054567,-0.00556479180571676,0.00556479180571676,-0.642295047154022,0.0193954503114729,0.139267549384172,0.00440402660203965,0.508318113737642,0.0194070217690024,0.1393090871731,0.00327774196329595,0.000913772358781995,1,0,0.961,0.00612200947402077,0.947069064214555,0.972122851204664,1000,0.961,0.00612200947402077,1000,0.577187900694595,0.0223872142324632,1.15425081000674,0,"CorCor","PSM_M1",0.12591407450154,6.49193870106012,0.447149736656828,-0.0970647758768356,0.0109168769853411,-0.114753385743051,0.00653337010530003,-0.002,0.00837054753681419,"defined"
"retrospective","GoodOverlap","PATT","CorMis","WM_DSM_M1",1000,TRUE,"inclusive",1.03507218631865,"all_requested","defined",1.03691227144986,0.00184008513120478,0.00184008513120478,0.177773604153083,0.0041903653445219,0.0647330313249882,0.0020470381883399,0.197767674119466,0.00418956089246746,0.0647268174133988,0.00149105633540803,0.000192545878641827,1,0,0.957,0.00641490451994416,0.942513742038028,0.968708829543907,1000,0.957,0.00641490451994416,1000,0.269981870323218,0.004758821918261,1.13565799805075,0,"CorCor","PSM_M1",0.00658007194057743,1.57028597737417,0.0858628055834255,-0.0598841226767486,0.00228635691353882,-0.0061938088056888,0.00041855131082388,-0.004,0.00812711818851246,"defined"
"prospective","GoodOverlap","PATT","CorMis","WM_DSM_M1",1000,TRUE,"inclusive",1.03507218631865,"all_requested","defined",1.0130505881333,-0.0220215981853478,0.0220215981853478,-2.12754225999155,0.00526804159784722,0.0725812758075195,0.00229522147032639,0.221745062872339,0.00574772434288628,0.0758137477169298,0.00159903600519115,0.000232001387253152,1,0,0.963,0.00596917079668525,0.949358876940075,0.973817291156263,1000,0.963,0.00596917079668525,1000,0.303846348166994,0.00603356021778711,1.1453137006839,0,"CorCor","PSM_M1",0.00607209848913143,1.15262918417592,0.0650279975243691,-0.0826847790749172,0.00249223401513051,-0.00399832356339662,0.0004613269184948,0.006,0.00812588641503375,"defined"
"retrospective","PoorOverlap","PATT","CorMis","WM_DSM_M1",1000,TRUE,"inclusive",1.18185416619657,"all_requested","defined",1.20511183275706,0.0232576665604858,0.0232576665604858,1.96789648212972,0.0108517824988568,0.104171889196927,0.00329420438024978,0.278731883718881,0.0113818497701967,0.106685752423633,0.00240416409789612,0.00049652480137871,1,0,0.948,0.00702111102319284,0.932364985949493,0.96092346505602,1000,0.948,0.00702111102319284,1000,0.432903301145787,0.0125024231302815,1.15210778796927,0,"CorCor","PSM_M1",0.0556480920523005,5.1280139514557,0.332166762446394,-0.0293919883922896,0.00685903702605594,-0.0469825803566978,0.0030409336299069,-0.013,0.00830059635808777,"defined"
"prospective","PoorOverlap","PATT","CorMis","WM_DSM_M1",1000,TRUE,"inclusive",1.18185416619657,"all_requested","defined",1.17189585399467,-0.00995831220189671,0.00995831220189671,-0.842600761305808,0.0165642990335351,0.128702366075901,0.00406992617052633,0.34436788285175,0.016646902716412,0.129022876717317,0.00288846111129534,0.00073218690299368,1,0,0.954,0.00662449998113065,0.939116447286257,0.966128501452322,1000,0.954,0.00662449998113065,1000,0.501027053282212,0.0168057910184661,1.01457906455577,0,"CorCor","PSM_M1",0.0516976678438343,3.12102961551045,0.19164550664707,-0.0887827971526597,0.00655912294877564,-0.0412123668873315,0.00293118947418816,-0.003,0.00877884206875076,"defined"
"retrospective","GoodOverlap","PATE","MisCor","WM_DSM_M1",1000,TRUE,"inclusive",0.866391828860284,"all_requested","defined",0.866647063843477,0.000255234983193604,0.000255234983193604,0.0294595325915479,0.0039388609199069,0.0627603451225923,0.00198465637325631,0.229071455563827,0.00393498720388363,0.0627294763558858,0.00142230104704104,0.00017859117117911,1,0,0.948,0.00702111102319284,0.932364985949493,0.96092346505602,1000,0.948,0.00702111102319284,1000,0.233162846607419,0.00356345299709201,0.904691246924311,0,"CorCor","PSM_M1",0.00716442624343717,1.81890815368178,0.0979779667776675,-0.054801162098155,0.00241418015942717,-0.00625348147288923,0.000436069760600772,-0.022,0.00822092352376444,"defined"
"prospective","GoodOverlap","PATE","MisCor","WM_DSM_M1",1000,TRUE,"inclusive",0.866391828860284,"all_requested","defined",0.859771693084278,-0.00662013577600548,0.00662013577600548,-0.764104133428185,0.00356177288686181,0.0596805905371404,0.00188726598201256,0.217830538002096,0.0036020373116677,0.0600169751959202,0.00134673844023978,0.000160319241341953,1,0,0.935,0.0077958322198467,0.917898930078629,0.949479690310382,1000,0.935,0.0077958322198467,1000,0.221750296100238,0.00321541871226085,0.902757928255744,0,"CorCor","PSM_M1",0.00757770737570927,2.12750998348628,0.120193564921366,-0.0617426938280163,0.00245243014758138,-0.00700658876286316,0.000477971618848264,-0.023,0.00962099597565468,"defined"
"retrospective","PoorOverlap","PATE","MisCor","WM_DSM_M1",1000,TRUE,"inclusive",0.866391828860284,"all_requested","defined",0.871453231676939,0.00506140281665567,0.00506140281665567,0.584193276997293,0.014698095382747,0.121235701766216,0.00383380951310142,0.442502962908215,0.0147090150858367,0.121280728418973,0.00277840535144229,0.000670906593011336,1,0,0.949,0.00695693898205238,0.933486538405065,0.961794763225314,1000,0.949,0.00695693898205238,1000,0.474636199542636,0.0151063501829787,1.02777603421399,0,"CorCor","PSM_M1",0.0988525312143353,6.7255333864802,0.443065220369585,-0.0860428506949191,0.00963545819672779,-0.0923446486051855,0.00498776203415092,0.001,0.00943864863675347,"defined"
"prospective","PoorOverlap","PATE","MisCor","WM_DSM_M1",1000,TRUE,"inclusive",0.866391828860284,"all_requested","defined",0.85609003253702,-0.0103017963232633,0.0103017963232633,-1.18904587740804,0.0138286005369158,0.117595070206688,0.0037186826346054,0.429214878387904,0.0139208989438648,0.117986859199933,0.00258348343088964,0.000602926707618919,1,0,0.944,0.00727076337120113,0.927892253716747,0.957424450313383,1000,0.944,0.00727076337120113,1000,0.455480243755049,0.0138537683248573,1.00181998083424,0,"CorCor","PSM_M1",0.12591407450154,9.10533746096787,0.602938434413713,-0.101801780394382,0.010893679462369,-0.120239508568188,0.00650373575638852,-0.019,0.00920454907769651,"defined"
"retrospective","GoodOverlap","PATT","MisCor","WM_DSM_M1",1000,TRUE,"inclusive",1.03507218631865,"all_requested","defined",1.03274419643714,-0.00232798988150809,0.00232798988150809,-0.224910872138091,0.00357678834148186,0.0598062567084904,0.00189123989527555,0.182715748744244,0.00357863109002878,0.059821660709385,0.00128108565856652,0.000153568933303876,1,0,0.94,0.00750999334220744,0.923439509596065,0.953904964577516,1000,0.94,0.00750999334220744,1000,0.220587265003471,0.00317662110909816,0.888121075618941,0,"CorCor","PSM_M1",0.00658007194057743,1.83965930112916,0.0988667796452438,-0.0640521976894614,0.0021799078139103,-0.00680473860812748,0.000420509412889455,-0.021,0.00920019802197994,"defined"
"prospective","GoodOverlap","PATT","MisCor","WM_DSM_M1",1000,TRUE,"inclusive",1.03507218631865,"all_requested","defined",1.029862593996,-0.00520959232265132,0.00520959232265132,-0.503307150120592,0.00452100591915652,0.0672384259122455,0.0021262657216718,0.205421974406838,0.00454362476540559,0.067406414868361,0.00146148694264485,0.00019728116394936,1,0,0.936,0.0077397674383666,0.919004925632949,0.950366910708151,1000,0.936,0.0077397674383666,1000,0.248020387129904,0.00401765741520894,0.888664489065413,0,"CorCor","PSM_M1",0.00607209848913143,1.3430857197958,0.0727446059985807,-0.0658727732122207,0.00229431887710626,-0.00520242314087732,0.000420570019629436,-0.021,0.00909074483426092,"defined"
"retrospective","PoorOverlap","PATT","MisCor","WM_DSM_M1",1000,TRUE,"inclusive",1.18185416619657,"all_requested","defined",1.18288987269578,0.00103570649920805,0.00103570649920805,0.0876340354699728,0.00729844910405508,0.0854309610390465,0.00270156419580492,0.22858693340305,0.00729222334290353,0.0853945158830679,0.0020684189277536,0.000353997521723571,1,0,0.947,0.00708456067798138,0.931244816710037,0.960050747639981,1000,0.947,0.00708456067798138,1000,0.33829744847289,0.0075626972798545,1.03620607228084,0,"CorCor","PSM_M1",0.0556480920523005,7.62464617604608,0.516646251687361,-0.0516139484535674,0.00704980208497145,-0.051072206783991,0.00307085448088688,-0.014,0.00915903313062508,"defined"
"prospective","PoorOverlap","PATT","MisCor","WM_DSM_M1",1000,TRUE,"inclusive",1.18185416619657,"all_requested","defined",1.17448509853583,-0.00736906766074134,0.00736906766074134,-0.623517509309663,0.0105552357331058,0.102738676909457,0.00324888222826032,0.274897049160967,0.0105989836555612,0.102951365486628,0.00237179888222341,0.000484278124487497,1,0,0.94,0.00750999334220744,0.923439509596065,0.953904964577516,1000,0.94,0.00750999334220744,1000,0.388543214630824,0.010050065660914,0.952140332535889,0,"CorCor","PSM_M1",0.0516976678438343,4.89782219469416,0.310454703057222,-0.0861935526115044,0.00679630791577975,-0.0472602859481823,0.00290846983340398,-0.017,0.00942336456897428,"defined"
"retrospective","GoodOverlap","PATE","MisMis","WM_DSM_M1",1000,TRUE,"inclusive",0.866391828860284,"all_requested","defined",0.906626846755315,0.0402350178950317,0.0402350178950317,4.64397476462351,0.00612916271714158,0.0782889693197042,0.00247571458717308,0.285749992636683,0.00774189021943796,0.0879880117938686,0.00193286202135816,0.000275740459754555,1,0,0.91,0.00904986187739901,0.890533426861661,0.927009533543377,1000,0.91,0.00904986187739901,1000,0.301517334544208,0.00596169061284874,0.972676185635525,0,"CorCor","PSM_M1",0.00716442624343717,1.16890782217288,0.0638913431477542,-0.0148213791863169,0.00276484897464554,-0.00244657845733491,0.000453252148621221,-0.06,0.00982326302694255,"defined"
"prospective","GoodOverlap","PATE","MisMis","WM_DSM_M1",1000,TRUE,"inclusive",0.866391828860284,"all_requested","defined",0.91621288581486,0.0498210569545763,0.0498210569545763,5.75040706698661,0.00564826303032777,0.0751549268533192,0.0023766074623984,0.274310927600133,0.00812475248336857,0.0901374089009029,0.00203142878527142,0.000260456079769495,1,0,0.886,0.0100500746265886,0.864656086928392,0.905038718026716,1000,0.886,0.0100500746265886,1000,0.283643681320852,0.00526830131803813,0.932729458552218,0,"CorCor","PSM_M1",0.00757770737570927,1.34159959177212,0.0792319125949397,-0.00530150109743454,0.00279068986115131,-0.00248387359116229,0.000491334795080776,-0.072,0.0108135532057198,"defined"
"retrospective","PoorOverlap","PATE","MisMis","WM_DSM_M1",1000,TRUE,"inclusive",0.866391828860284,"all_requested","defined",1.07640344929801,0.210011620437723,0.210011620437723,24.2397969881581,0.0284292996543376,0.168609903784854,0.00533191332021982,0.615415928752908,0.0725057510735613,0.269268919620444,0.00504584316596738,0.00133344720551764,1,0,0.776,0.0131842330076497,0.74886681416146,0.801497324206207,1000,0.776,0.0131842330076497,1000,0.656908487618544,0.0293159471127744,1.03118780515937,0,"CorCor","PSM_M1",0.0988525312143353,3.47713564583899,0.238070472787317,0.118907366926148,0.00998465295305341,-0.0345479126174609,0.00548609508928993,-0.172,0.0143045664254678,"defined"
"prospective","PoorOverlap","PATE","MisMis","WM_DSM_M1",1000,TRUE,"inclusive",0.866391828860284,"all_requested","defined",1.0732264104873,0.206834581627015,0.206834581627015,23.8730992995514,0.0231146393423243,0.152034993808413,0.00480776864484183,0.554918512004705,0.0658720688598042,0.256655545156936,0.0046502606609732,0.00115315610660213,1,0,0.753,0.0136378517369856,0.725048959062992,0.779452720521059,1000,0.753,0.0136378517369856,1000,0.616293918131369,0.025698756143459,1.11179567904411,0,"CorCor","PSM_M1",0.12591407450154,5.4473735296827,0.387221192585221,0.115334597555896,0.0110007064343903,-0.0682883386522488,0.00670825765128265,-0.21,0.0135677589927034,"defined"
"retrospective","GoodOverlap","PATT","MisMis","WM_DSM_M1",1000,TRUE,"inclusive",1.03507218631865,"all_requested","defined",1.07204714890888,0.0369749625902282,0.0369749625902282,3.57221100894748,0.00468700264669731,0.0684616874368235,0.00216494864758897,0.209159194518486,0.00604946350259939,0.0777782971181511,0.00175491696822847,0.000211202572415683,1,0,0.905,0.00927227048785787,0.885115155595548,0.922459792918345,1000,0.905,0.00927227048785787,1000,0.268745958297341,0.00471452737381113,1.00587256487538,0,"CorCor","PSM_M1",0.00658007194057743,1.40389763705682,0.0797262920633727,-0.0247492452177251,0.00240815349539025,-0.00433390619555687,0.000408317957246745,-0.056,0.00974468875639232,"defined"
"prospective","GoodOverlap","PATT","MisMis","WM_DSM_M1",1000,TRUE,"inclusive",1.03507218631865,"all_requested","defined",1.06064508290469,0.0255728965860335,0.0255728965860335,2.47063894905594,0.00628898845036836,0.079303142752153,0.00250778556706277,0.242281224460488,0.00693667250171796,0.0832866886226002,0.0018486518729796,0.000274934890980569,1,0,0.93,0.00806845710157772,0.912383766510715,0.94502847508083,1000,0.93,0.00806845710157772,1000,0.301293029325554,0.00593139699509602,0.943140068057941,0,"CorCor","PSM_M1",0.00607209848913143,0.965512742955629,0.0564073821911043,-0.0350902843035358,0.00264335022371852,-0.00280937540456495,0.00044167068219495,-0.027,0.00950585931735587,"defined"
"retrospective","PoorOverlap","PATT","MisMis","WM_DSM_M1",1000,TRUE,"inclusive",1.18185416619657,"all_requested","defined",1.33601769311531,0.154163526918744,0.154163526918744,13.0442089496432,0.0111336547376794,0.105516134963708,0.00333671316383044,0.282328671274952,0.0348889141149681,0.186785743875083,0.00299175357982422,0.000512705245054843,1,0,0.682,0.0147267104269759,0.652131699671795,0.710792344936071,1000,0.682,0.0147267104269759,1000,0.413462602883856,0.0113759843553031,1.02176550497866,0,"CorCor","PSM_M1",0.0556480920523005,4.99818733052427,0.322990628071288,0.101513871965969,0.00691491591242935,-0.0234755160119264,0.00313333744908263,-0.279,0.0151455732274612,"defined"
"prospective","PoorOverlap","PATT","MisMis","WM_DSM_M1",1000,TRUE,"inclusive",1.18185416619657,"all_requested","defined",1.31425191817259,0.132397751976022,0.132397751976022,11.202545606968,0.0164495080357226,0.128255635493036,0.00405579930910327,0.343172569434315,0.0339622232559911,0.184288424096553,0.00340773825860431,0.000749724921565121,1,0,0.775,0.0132051126462443,0.747828999835056,0.80054112854887,1000,0.775,0.0132051126462443,1000,0.479527934998173,0.0153701386864762,0.934382879603305,0,"CorCor","PSM_M1",0.0516976678438343,3.14280936132346,0.194263361856386,0.0535732670252591,0.0066049155588215,-0.0238970463477524,0.00289733109765342,-0.182,0.0138949296172765,"defined"
"retrospective","GoodOverlap","PATE","CorCor","WM_X6_M1",1000,TRUE,"inclusive",0.866391828860284,"all_requested","defined",0.865716628615767,-0.000675200244516997,0.000675200244516997,-0.0779324344973574,0.0034986726106502,0.0591495782795634,0.00187047390001844,0.215892375448531,0.00349562983340975,0.0591238516455901,0.00130212350866587,0.00015428002181658,1,0,0.938,0.00762600813007697,0.921220050338967,0.952138151886639,1000,0.938,0.00762600813007697,1000,0.22491535579352,0.00330746802790722,0.945349392749428,0,"CorCor","PSM_M1",0.00716442624343717,2.04775554638298,0.110944988431832,-0.0557315973258656,0.00241708914027259,-0.00669283884336312,0.00043441275404103,-0.032,0.00866320097025638,"defined"
"prospective","GoodOverlap","PATE","CorCor","WM_X6_M1",1000,TRUE,"inclusive",0.866391828860284,"all_requested","defined",0.860295249530001,-0.00609657933028305,0.00609657933028305,-0.703674610863187,0.00341654144704972,0.0584511885854319,0.00184838887874,0.2133432953969,0.00345029318513311,0.0587391963269256,0.00133569520119795,0.000156052558119588,1,0,0.941,0.00745110730026082,0.924550926915759,0.954786645597203,1000,0.941,0.00745110730026082,1000,0.217041149419129,0.00307705434917605,0.900634280855329,0,"CorCor","PSM_M1",0.00757770737570927,2.21794686034113,0.124851114106733,-0.0612191373822939,0.00245006766214724,-0.00715833288939776,0.000476027291677237,-0.017,0.00931653357197825,"defined"
"retrospective","PoorOverlap","PATE","CorCor","WM_X6_M1",1000,TRUE,"inclusive",0.866391828860284,"all_requested","defined",0.861531301831337,-0.00486052702894629,0.00486052702894629,-0.561007948948479,0.0140359423912976,0.118473382627904,0.003746457312088,0.43242066548762,0.0140455311719054,0.118513843798543,0.00272321047326209,0.00064635216419034,1,0,0.937,0.00768316341099159,0.920111958126645,0.951253072443419,1000,0.937,0.00768316341099159,1000,0.453139233717564,0.0135409311606641,0.964732597439242,0,"CorCor","PSM_M1",0.0988525312143353,7.04281397418847,0.455434173099774,-0.095964780540521,0.00955670911443725,-0.0930081325191167,0.00496659362714203,-0.011,0.00994876766127232,"defined"
"prospective","PoorOverlap","PATE","CorCor","WM_X6_M1",1000,TRUE,"inclusive",0.866391828860284,"all_requested","defined",0.855662461984919,-0.0107293668753647,0.0107293668753647,-1.23839659123735,0.012341611130202,0.11109280413331,0.00351306292716227,0.40548200134616,0.0124443888326179,0.111554420946092,0.00256225256426493,0.000564669159613165,1,0,0.946,0.00714730718522718,0.930125994422933,0.959176648874369,1000,0.946,0.00714730718522718,1000,0.443089180516118,0.0129266395339668,1.04740291989376,0,"CorCor","PSM_M1",0.12591407450154,10.2024017102116,0.684644476489953,-0.102229350946484,0.0109244828338036,-0.121716018679435,0.0064961928379504,-0.017,0.00887636129220695,"defined"
"retrospective","GoodOverlap","PATT","CorCor","WM_X6_M1",1000,TRUE,"inclusive",1.03507218631865,"all_requested","defined",1.03282815665099,-0.00224402966766043,0.00224402966766043,-0.216799339922519,0.00344275924257672,0.0586750308272328,0.00185546739194649,0.179259709271647,0.00344435215248349,0.0586886032589249,0.00127166772820996,0.000149463057024149,1,0,0.939,0.00756828910652864,0.922329225950876,0.95302212445892,1000,0.939,0.00756828910652864,1000,0.218420421179482,0.00311408479476242,0.90453167803616,0,"CorCor","PSM_M1",0.00658007194057743,1.91127856377567,0.104302549012744,-0.0639682374756138,0.00221440445765578,-0.00693901754567278,0.000422219972097573,-0.022,0.00925211335866577,"defined"
"prospective","GoodOverlap","PATT","CorCor","WM_X6_M1",1000,TRUE,"inclusive",1.03507218631865,"all_requested","defined",1.02796980252225,-0.00710238379639979,0.00710238379639979,-0.686172799373559,0.00434568600423968,0.0659218173614751,0.00208463090359893,0.201399567214065,0.0043917841738268,0.0662705377511516,0.00150176324506148,0.000200166591387579,1,0,0.936,0.0077397674383666,0.919004925632949,0.950366910708151,1000,0.936,0.0077397674383666,1000,0.245160181320072,0.00392510785201547,0.903219387729832,0,"CorCor","PSM_M1",0.00607209848913143,1.39727041558167,0.0807787745825311,-0.0677655646859691,0.00232318442355843,-0.0053542637324561,0.000427563913562846,-0.021,0.00941528797475933,"defined"
"retrospective","PoorOverlap","PATT","CorCor","WM_X6_M1",1000,TRUE,"inclusive",1.18185416619657,"all_requested","defined",1.18456342939462,0.00270926319804715,0.00270926319804715,0.229238367603853,0.00543018023208406,0.0736897566292905,0.0023302747117205,0.197171087463334,0.00543209015892827,0.0737027147324186,0.00175068616062786,0.000257646515403676,1,0,0.945,0.00720936890441875,0.929008484457942,0.958301204920464,1000,0.945,0.00720936890441875,1000,0.289213963985601,0.00546572156879584,1.00654514863094,0,"CorCor","PSM_M1",0.0556480920523005,10.2479272646432,0.700165966455462,-0.0499403917547283,0.00714564920388047,-0.0529323399679663,0.00307559472839746,-0.016,0.00893441793424864,"defined"
"prospective","PoorOverlap","PATT","CorCor","WM_X6_M1",1000,TRUE,"inclusive",1.18185416619657,"all_requested","defined",1.17408938109468,-0.00776478510188621,0.00776478510188621,-0.657000273297234,0.00749805769009992,0.0865913257208822,0.00273825814891509,0.231691711823238,0.00755085152008829,0.0868956357942578,0.001794472975616,0.00030607196003297,1,0,0.935,0.0077958322198467,0.917898930078629,0.949479690310382,1000,0.935,0.0077958322198467,1000,0.327713767844998,0.00702579122368605,0.937014826247946,0,"CorCor","PSM_M1",0.0516976678438343,6.89480795967914,0.424263471458043,-0.0865892700526492,0.0068452833810783,-0.0503084180836553,0.00290387483491386,-0.022,0.00957118632185204,"defined"
"retrospective","GoodOverlap","PATE","CorMis","WM_X6_M1",1000,TRUE,"inclusive",0.866391828860284,"all_requested","defined",0.865716628615767,-0.000675200244516997,0.000675200244516997,-0.0779324344973574,0.0034986726106502,0.0591495782795634,0.00187047390001844,0.215892375448531,0.00349562983340975,0.0591238516455901,0.00130212350866587,0.00015428002181658,1,0,0.938,0.00762600813007697,0.921220050338967,0.952138151886639,1000,0.938,0.00762600813007697,1000,0.22491535579352,0.00330746802790722,0.945349392749428,0,"CorCor","PSM_M1",0.00716442624343717,2.04775554638298,0.110944988431832,-0.0557315973258656,0.00241708914027259,-0.00669283884336312,0.00043441275404103,-0.032,0.00866320097025638,"defined"
"prospective","GoodOverlap","PATE","CorMis","WM_X6_M1",1000,TRUE,"inclusive",0.866391828860284,"all_requested","defined",0.860295249530001,-0.00609657933028305,0.00609657933028305,-0.703674610863187,0.00341654144704972,0.0584511885854319,0.00184838887874,0.2133432953969,0.00345029318513311,0.0587391963269256,0.00133569520119795,0.000156052558119588,1,0,0.941,0.00745110730026082,0.924550926915759,0.954786645597203,1000,0.941,0.00745110730026082,1000,0.217041149419129,0.00307705434917605,0.900634280855329,0,"CorCor","PSM_M1",0.00757770737570927,2.21794686034113,0.124851114106733,-0.0612191373822939,0.00245006766214724,-0.00715833288939776,0.000476027291677237,-0.017,0.00931653357197825,"defined"
"retrospective","PoorOverlap","PATE","CorMis","WM_X6_M1",1000,TRUE,"inclusive",0.866391828860284,"all_requested","defined",0.861531301831337,-0.00486052702894629,0.00486052702894629,-0.561007948948479,0.0140359423912976,0.118473382627904,0.003746457312088,0.43242066548762,0.0140455311719054,0.118513843798543,0.00272321047326209,0.00064635216419034,1,0,0.937,0.00768316341099159,0.920111958126645,0.951253072443419,1000,0.937,0.00768316341099159,1000,0.453139233717564,0.0135409311606641,0.964732597439242,0,"CorCor","PSM_M1",0.0988525312143353,7.04281397418847,0.455434173099774,-0.095964780540521,0.00955670911443725,-0.0930081325191167,0.00496659362714203,-0.011,0.00994876766127232,"defined"
"prospective","PoorOverlap","PATE","CorMis","WM_X6_M1",1000,TRUE,"inclusive",0.866391828860284,"all_requested","defined",0.855662461984919,-0.0107293668753647,0.0107293668753647,-1.23839659123735,0.012341611130202,0.11109280413331,0.00351306292716227,0.40548200134616,0.0124443888326179,0.111554420946092,0.00256225256426493,0.000564669159613165,1,0,0.946,0.00714730718522718,0.930125994422933,0.959176648874369,1000,0.946,0.00714730718522718,1000,0.443089180516118,0.0129266395339668,1.04740291989376,0,"CorCor","PSM_M1",0.12591407450154,10.2024017102116,0.684644476489953,-0.102229350946484,0.0109244828338036,-0.121716018679435,0.0064961928379504,-0.017,0.00887636129220695,"defined"
"retrospective","GoodOverlap","PATT","CorMis","WM_X6_M1",1000,TRUE,"inclusive",1.03507218631865,"all_requested","defined",1.03282815665099,-0.00224402966766043,0.00224402966766043,-0.216799339922519,0.00344275924257672,0.0586750308272328,0.00185546739194649,0.179259709271647,0.00344435215248349,0.0586886032589249,0.00127166772820996,0.000149463057024149,1,0,0.939,0.00756828910652864,0.922329225950876,0.95302212445892,1000,0.939,0.00756828910652864,1000,0.218420421179482,0.00311408479476242,0.90453167803616,0,"CorCor","PSM_M1",0.00658007194057743,1.91127856377567,0.104302549012744,-0.0639682374756138,0.00221440445765578,-0.00693901754567278,0.000422219972097573,-0.022,0.00925211335866577,"defined"
"prospective","GoodOverlap","PATT","CorMis","WM_X6_M1",1000,TRUE,"inclusive",1.03507218631865,"all_requested","defined",1.02796980252225,-0.00710238379639979,0.00710238379639979,-0.686172799373559,0.00434568600423968,0.0659218173614751,0.00208463090359893,0.201399567214065,0.0043917841738268,0.0662705377511516,0.00150176324506148,0.000200166591387579,1,0,0.936,0.0077397674383666,0.919004925632949,0.950366910708151,1000,0.936,0.0077397674383666,1000,0.245160181320072,0.00392510785201547,0.903219387729832,0,"CorCor","PSM_M1",0.00607209848913143,1.39727041558167,0.0807787745825311,-0.0677655646859691,0.00232318442355843,-0.0053542637324561,0.000427563913562846,-0.021,0.00941528797475933,"defined"
"retrospective","PoorOverlap","PATT","CorMis","WM_X6_M1",1000,TRUE,"inclusive",1.18185416619657,"all_requested","defined",1.18456342939462,0.00270926319804715,0.00270926319804715,0.229238367603853,0.00543018023208406,0.0736897566292905,0.0023302747117205,0.197171087463334,0.00543209015892827,0.0737027147324186,0.00175068616062786,0.000257646515403676,1,0,0.945,0.00720936890441875,0.929008484457942,0.958301204920464,1000,0.945,0.00720936890441875,1000,0.289213963985601,0.00546572156879584,1.00654514863094,0,"CorCor","PSM_M1",0.0556480920523005,10.2479272646432,0.700165966455462,-0.0499403917547283,0.00714564920388047,-0.0529323399679663,0.00307559472839746,-0.016,0.00893441793424864,"defined"
"prospective","PoorOverlap","PATT","CorMis","WM_X6_M1",1000,TRUE,"inclusive",1.18185416619657,"all_requested","defined",1.17408938109468,-0.00776478510188621,0.00776478510188621,-0.657000273297234,0.00749805769009992,0.0865913257208822,0.00273825814891509,0.231691711823238,0.00755085152008829,0.0868956357942578,0.001794472975616,0.00030607196003297,1,0,0.935,0.0077958322198467,0.917898930078629,0.949479690310382,1000,0.935,0.0077958322198467,1000,0.327713767844998,0.00702579122368605,0.937014826247946,0,"CorCor","PSM_M1",0.0516976678438343,6.89480795967914,0.424263471458043,-0.0865892700526492,0.0068452833810783,-0.0503084180836553,0.00290387483491386,-0.022,0.00957118632185204,"defined"
"retrospective","GoodOverlap","PATE","MisCor","WM_X6_M1",1000,TRUE,"inclusive",0.866391828860284,"all_requested","defined",0.865716628615767,-0.000675200244516997,0.000675200244516997,-0.0779324344973574,0.0034986726106502,0.0591495782795634,0.00187047390001844,0.215892375448531,0.00349562983340975,0.0591238516455901,0.00130212350866587,0.00015428002181658,1,0,0.938,0.00762600813007697,0.921220050338967,0.952138151886639,1000,0.938,0.00762600813007697,1000,0.22491535579352,0.00330746802790722,0.945349392749428,0,"CorCor","PSM_M1",0.00716442624343717,2.04775554638298,0.110944988431832,-0.0557315973258656,0.00241708914027259,-0.00669283884336312,0.00043441275404103,-0.032,0.00866320097025638,"defined"
"prospective","GoodOverlap","PATE","MisCor","WM_X6_M1",1000,TRUE,"inclusive",0.866391828860284,"all_requested","defined",0.860295249530001,-0.00609657933028305,0.00609657933028305,-0.703674610863187,0.00341654144704972,0.0584511885854319,0.00184838887874,0.2133432953969,0.00345029318513311,0.0587391963269256,0.00133569520119795,0.000156052558119588,1,0,0.941,0.00745110730026082,0.924550926915759,0.954786645597203,1000,0.941,0.00745110730026082,1000,0.217041149419129,0.00307705434917605,0.900634280855329,0,"CorCor","PSM_M1",0.00757770737570927,2.21794686034113,0.124851114106733,-0.0612191373822939,0.00245006766214724,-0.00715833288939776,0.000476027291677237,-0.017,0.00931653357197825,"defined"
"retrospective","PoorOverlap","PATE","MisCor","WM_X6_M1",1000,TRUE,"inclusive",0.866391828860284,"all_requested","defined",0.861531301831337,-0.00486052702894629,0.00486052702894629,-0.561007948948479,0.0140359423912976,0.118473382627904,0.003746457312088,0.43242066548762,0.0140455311719054,0.118513843798543,0.00272321047326209,0.00064635216419034,1,0,0.937,0.00768316341099159,0.920111958126645,0.951253072443419,1000,0.937,0.00768316341099159,1000,0.453139233717564,0.0135409311606641,0.964732597439242,0,"CorCor","PSM_M1",0.0988525312143353,7.04281397418847,0.455434173099774,-0.095964780540521,0.00955670911443725,-0.0930081325191167,0.00496659362714203,-0.011,0.00994876766127232,"defined"
"prospective","PoorOverlap","PATE","MisCor","WM_X6_M1",1000,TRUE,"inclusive",0.866391828860284,"all_requested","defined",0.855662461984919,-0.0107293668753647,0.0107293668753647,-1.23839659123735,0.012341611130202,0.11109280413331,0.00351306292716227,0.40548200134616,0.0124443888326179,0.111554420946092,0.00256225256426493,0.000564669159613165,1,0,0.946,0.00714730718522718,0.930125994422933,0.959176648874369,1000,0.946,0.00714730718522718,1000,0.443089180516118,0.0129266395339668,1.04740291989376,0,"CorCor","PSM_M1",0.12591407450154,10.2024017102116,0.684644476489953,-0.102229350946484,0.0109244828338036,-0.121716018679435,0.0064961928379504,-0.017,0.00887636129220695,"defined"
"retrospective","GoodOverlap","PATT","MisCor","WM_X6_M1",1000,TRUE,"inclusive",1.03507218631865,"all_requested","defined",1.03282815665099,-0.00224402966766043,0.00224402966766043,-0.216799339922519,0.00344275924257672,0.0586750308272328,0.00185546739194649,0.179259709271647,0.00344435215248349,0.0586886032589249,0.00127166772820996,0.000149463057024149,1,0,0.939,0.00756828910652864,0.922329225950876,0.95302212445892,1000,0.939,0.00756828910652864,1000,0.218420421179482,0.00311408479476242,0.90453167803616,0,"CorCor","PSM_M1",0.00658007194057743,1.91127856377567,0.104302549012744,-0.0639682374756138,0.00221440445765578,-0.00693901754567278,0.000422219972097573,-0.022,0.00925211335866577,"defined"
"prospective","GoodOverlap","PATT","MisCor","WM_X6_M1",1000,TRUE,"inclusive",1.03507218631865,"all_requested","defined",1.02796980252225,-0.00710238379639979,0.00710238379639979,-0.686172799373559,0.00434568600423968,0.0659218173614751,0.00208463090359893,0.201399567214065,0.0043917841738268,0.0662705377511516,0.00150176324506148,0.000200166591387579,1,0,0.936,0.0077397674383666,0.919004925632949,0.950366910708151,1000,0.936,0.0077397674383666,1000,0.245160181320072,0.00392510785201547,0.903219387729832,0,"CorCor","PSM_M1",0.00607209848913143,1.39727041558167,0.0807787745825311,-0.0677655646859691,0.00232318442355843,-0.0053542637324561,0.000427563913562846,-0.021,0.00941528797475933,"defined"
"retrospective","PoorOverlap","PATT","MisCor","WM_X6_M1",1000,TRUE,"inclusive",1.18185416619657,"all_requested","defined",1.18456342939462,0.00270926319804715,0.00270926319804715,0.229238367603853,0.00543018023208406,0.0736897566292905,0.0023302747117205,0.197171087463334,0.00543209015892827,0.0737027147324186,0.00175068616062786,0.000257646515403676,1,0,0.945,0.00720936890441875,0.929008484457942,0.958301204920464,1000,0.945,0.00720936890441875,1000,0.289213963985601,0.00546572156879584,1.00654514863094,0,"CorCor","PSM_M1",0.0556480920523005,10.2479272646432,0.700165966455462,-0.0499403917547283,0.00714564920388047,-0.0529323399679663,0.00307559472839746,-0.016,0.00893441793424864,"defined"
"prospective","PoorOverlap","PATT","MisCor","WM_X6_M1",1000,TRUE,"inclusive",1.18185416619657,"all_requested","defined",1.17408938109468,-0.00776478510188621,0.00776478510188621,-0.657000273297234,0.00749805769009992,0.0865913257208822,0.00273825814891509,0.231691711823238,0.00755085152008829,0.0868956357942578,0.001794472975616,0.00030607196003297,1,0,0.935,0.0077958322198467,0.917898930078629,0.949479690310382,1000,0.935,0.0077958322198467,1000,0.327713767844998,0.00702579122368605,0.937014826247946,0,"CorCor","PSM_M1",0.0516976678438343,6.89480795967914,0.424263471458043,-0.0865892700526492,0.0068452833810783,-0.0503084180836553,0.00290387483491386,-0.022,0.00957118632185204,"defined"
"retrospective","GoodOverlap","PATE","MisMis","WM_X6_M1",1000,TRUE,"inclusive",0.866391828860284,"all_requested","defined",0.865716628615767,-0.000675200244516997,0.000675200244516997,-0.0779324344973574,0.0034986726106502,0.0591495782795634,0.00187047390001844,0.215892375448531,0.00349562983340975,0.0591238516455901,0.00130212350866587,0.00015428002181658,1,0,0.938,0.00762600813007697,0.921220050338967,0.952138151886639,1000,0.938,0.00762600813007697,1000,0.22491535579352,0.00330746802790722,0.945349392749428,0,"CorCor","PSM_M1",0.00716442624343717,2.04775554638298,0.110944988431832,-0.0557315973258656,0.00241708914027259,-0.00669283884336312,0.00043441275404103,-0.032,0.00866320097025638,"defined"
"prospective","GoodOverlap","PATE","MisMis","WM_X6_M1",1000,TRUE,"inclusive",0.866391828860284,"all_requested","defined",0.860295249530001,-0.00609657933028305,0.00609657933028305,-0.703674610863187,0.00341654144704972,0.0584511885854319,0.00184838887874,0.2133432953969,0.00345029318513311,0.0587391963269256,0.00133569520119795,0.000156052558119588,1,0,0.941,0.00745110730026082,0.924550926915759,0.954786645597203,1000,0.941,0.00745110730026082,1000,0.217041149419129,0.00307705434917605,0.900634280855329,0,"CorCor","PSM_M1",0.00757770737570927,2.21794686034113,0.124851114106733,-0.0612191373822939,0.00245006766214724,-0.00715833288939776,0.000476027291677237,-0.017,0.00931653357197825,"defined"
"retrospective","PoorOverlap","PATE","MisMis","WM_X6_M1",1000,TRUE,"inclusive",0.866391828860284,"all_requested","defined",0.861531301831337,-0.00486052702894629,0.00486052702894629,-0.561007948948479,0.0140359423912976,0.118473382627904,0.003746457312088,0.43242066548762,0.0140455311719054,0.118513843798543,0.00272321047326209,0.00064635216419034,1,0,0.937,0.00768316341099159,0.920111958126645,0.951253072443419,1000,0.937,0.00768316341099159,1000,0.453139233717564,0.0135409311606641,0.964732597439242,0,"CorCor","PSM_M1",0.0988525312143353,7.04281397418847,0.455434173099774,-0.095964780540521,0.00955670911443725,-0.0930081325191167,0.00496659362714203,-0.011,0.00994876766127232,"defined"
"prospective","PoorOverlap","PATE","MisMis","WM_X6_M1",1000,TRUE,"inclusive",0.866391828860284,"all_requested","defined",0.855662461984919,-0.0107293668753647,0.0107293668753647,-1.23839659123735,0.012341611130202,0.11109280413331,0.00351306292716227,0.40548200134616,0.0124443888326179,0.111554420946092,0.00256225256426493,0.000564669159613165,1,0,0.946,0.00714730718522718,0.930125994422933,0.959176648874369,1000,0.946,0.00714730718522718,1000,0.443089180516118,0.0129266395339668,1.04740291989376,0,"CorCor","PSM_M1",0.12591407450154,10.2024017102116,0.684644476489953,-0.102229350946484,0.0109244828338036,-0.121716018679435,0.0064961928379504,-0.017,0.00887636129220695,"defined"
"retrospective","GoodOverlap","PATT","MisMis","WM_X6_M1",1000,TRUE,"inclusive",1.03507218631865,"all_requested","defined",1.03282815665099,-0.00224402966766043,0.00224402966766043,-0.216799339922519,0.00344275924257672,0.0586750308272328,0.00185546739194649,0.179259709271647,0.00344435215248349,0.0586886032589249,0.00127166772820996,0.000149463057024149,1,0,0.939,0.00756828910652864,0.922329225950876,0.95302212445892,1000,0.939,0.00756828910652864,1000,0.218420421179482,0.00311408479476242,0.90453167803616,0,"CorCor","PSM_M1",0.00658007194057743,1.91127856377567,0.104302549012744,-0.0639682374756138,0.00221440445765578,-0.00693901754567278,0.000422219972097573,-0.022,0.00925211335866577,"defined"
"prospective","GoodOverlap","PATT","MisMis","WM_X6_M1",1000,TRUE,"inclusive",1.03507218631865,"all_requested","defined",1.02796980252225,-0.00710238379639979,0.00710238379639979,-0.686172799373559,0.00434568600423968,0.0659218173614751,0.00208463090359893,0.201399567214065,0.0043917841738268,0.0662705377511516,0.00150176324506148,0.000200166591387579,1,0,0.936,0.0077397674383666,0.919004925632949,0.950366910708151,1000,0.936,0.0077397674383666,1000,0.245160181320072,0.00392510785201547,0.903219387729832,0,"CorCor","PSM_M1",0.00607209848913143,1.39727041558167,0.0807787745825311,-0.0677655646859691,0.00232318442355843,-0.0053542637324561,0.000427563913562846,-0.021,0.00941528797475933,"defined"
"retrospective","PoorOverlap","PATT","MisMis","WM_X6_M1",1000,TRUE,"inclusive",1.18185416619657,"all_requested","defined",1.18456342939462,0.00270926319804715,0.00270926319804715,0.229238367603853,0.00543018023208406,0.0736897566292905,0.0023302747117205,0.197171087463334,0.00543209015892827,0.0737027147324186,0.00175068616062786,0.000257646515403676,1,0,0.945,0.00720936890441875,0.929008484457942,0.958301204920464,1000,0.945,0.00720936890441875,1000,0.289213963985601,0.00546572156879584,1.00654514863094,0,"CorCor","PSM_M1",0.0556480920523005,10.2479272646432,0.700165966455462,-0.0499403917547283,0.00714564920388047,-0.0529323399679663,0.00307559472839746,-0.016,0.00893441793424864,"defined"
"prospective","PoorOverlap","PATT","MisMis","WM_X6_M1",1000,TRUE,"inclusive",1.18185416619657,"all_requested","defined",1.17408938109468,-0.00776478510188621,0.00776478510188621,-0.657000273297234,0.00749805769009992,0.0865913257208822,0.00273825814891509,0.231691711823238,0.00755085152008829,0.0868956357942578,0.001794472975616,0.00030607196003297,1,0,0.935,0.0077958322198467,0.917898930078629,0.949479690310382,1000,0.935,0.0077958322198467,1000,0.327713767844998,0.00702579122368605,0.937014826247946,0,"CorCor","PSM_M1",0.0516976678438343,6.89480795967914,0.424263471458043,-0.0865892700526492,0.0068452833810783,-0.0503084180836553,0.00290387483491386,-0.022,0.00957118632185204,"defined"
"retrospective","GoodOverlap","PATE","CorCor","WM_PS_M3",1000,TRUE,"inclusive",0.866391828860284,"all_requested","defined",0.865783746971002,-0.00060808188928173,0.00060808188928173,-0.0701855521977447,0.00334109469481359,0.0578022032003417,0.00182786615888954,0.210974538078695,0.00333812336370285,0.0577764949066907,0.00131099804733046,0.000151747597911917,1,0,0.939,0.00756828910652864,0.922329225950876,0.95302212445892,1000,0.939,0.00756828910652864,1000,0.221885884596281,0.0032301020303619,0.966779551437442,0,"CorCor","PSM_M1",0.00716442624343717,2.14433498534434,0.118114840546591,-0.0556644789706304,0.00234457243282553,-0.00685034531307002,0.000435849748319283,-0.031,0.00860889732271869,"defined"
"prospective","GoodOverlap","PATE","CorCor","WM_PS_M3",1000,TRUE,"inclusive",0.866391828860284,"all_requested","defined",0.859632135095216,-0.0067596937650678,0.0067596937650678,-0.780212086482857,0.00345072021703037,0.0587428311969245,0.00185761142789077,0.214407773251325,0.00349296295661084,0.0591012940349942,0.00127986983651283,0.000150278027087228,1,0,0.93,0.00806845710157772,0.912383766510715,0.94502847508083,1000,0.93,0.00806845710157772,1000,0.217032468073238,0.00308154914085423,0.893016224742253,0,"CorCor","PSM_M1",0.00757770737570927,2.19597849118887,0.110621565270956,-0.0618822518170786,0.00228573504754692,-0.00711566311792003,0.000463650247110606,-0.028,0.00976275121629714,"defined"
"retrospective","PoorOverlap","PATE","CorCor","WM_PS_M3",1000,TRUE,"inclusive",0.866391828860284,"all_requested","defined",0.859393965666886,-0.00699786319339767,0.00699786319339767,-0.807701891949186,0.0256376019095334,0.160117462850038,0.00506335875773517,0.584419034098681,0.0256609343968974,0.16019030681317,0.00398256979573064,0.00128353886088961,1,0,0.956,0.00648567652600714,0.941379580793669,0.967850502989129,1000,0.956,0.00648567652600714,1000,0.600256562860189,0.0259384701872635,1.01173542981093,0,"CorCor","PSM_M1",0.0988525312143353,3.85576356022505,0.250929348604522,-0.0981021167049724,0.00933671170357342,-0.0813927292941248,0.00496167816069643,0.008,0.00927480576734748,"defined"
"prospective","PoorOverlap","PATE","CorCor","WM_PS_M3",1000,TRUE,"inclusive",0.866391828860284,"all_requested","defined",0.853923160363282,-0.0124686684970018,0.0124686684970018,-1.43914890257033,0.0239357649753303,0.154711877292373,0.00489241913324383,0.564688974465478,0.0240672969044431,0.155136381627403,0.00346280110340265,0.00105989301343938,1,0,0.954,0.00662449998113065,0.939116447286257,0.966128501452322,1000,0.954,0.00662449998113065,1000,0.58649822181624,0.0246979574472077,1.03184324681759,0,"CorCor","PSM_M1",0.12591407450154,5.26049928344945,0.326104879844248,-0.103968652568121,0.0105899721846843,-0.11009311060761,0.0064378421575712,-0.009,0.00842555576742508,"defined"
"retrospective","GoodOverlap","PATT","CorCor","WM_PS_M3",1000,TRUE,"inclusive",1.03507218631865,"all_requested","defined",1.03314325901785,-0.00192892730080393,0.00192892730080393,-0.186356790019098,0.00289780227732354,0.0538312388611254,0.00170229324069725,0.164461306486424,0.002898625235578,0.0538388821910151,0.00114962048640966,0.000123699049742558,1,0,0.946,0.00714730718522718,0.930125994422933,0.959176648874369,1000,0.946,0.00714730718522718,1000,0.203436913934527,0.00270130910435341,0.932192346417914,0,"CorCor","PSM_M1",0.00658007194057743,2.27071114964231,0.117786594686648,-0.0636531351087573,0.00203061606761708,-0.00748474446257826,0.000411989378629207,-0.015,0.00876651879892195,"defined"
"prospective","GoodOverlap","PATT","CorCor","WM_PS_M3",1000,TRUE,"inclusive",1.03507218631865,"all_requested","defined",1.02767046258631,-0.00740172373234661,0.00740172373234661,-0.715092515302885,0.00394714753467109,0.0628263283558023,0.00198674294629957,0.1919424531506,0.0039979859013464,0.063229628350532,0.00141035504657686,0.00017700414849086,1,0,0.94,0.00750999334220744,0.923439509596065,0.953904964577516,1000,0.94,0.00750999334220744,1000,0.231146356370479,0.00348926957029857,0.883997757785694,0,"CorCor","PSM_M1",0.00607209848913143,1.5383510334476,0.0810334136334933,-0.068064904621916,0.00210923902088564,-0.00574806200493651,0.000414556048365633,-0.017,0.00887636129220695,"defined"
"retrospective","PoorOverlap","PATT","CorCor","WM_PS_M3",1000,TRUE,"inclusive",1.18185416619657,"all_requested","defined",1.1791604697076,-0.00269369648897301,0.00269369648897301,-0.22792122463314,0.00885755538041817,0.094114586438119,0.0029761645418925,0.251821639844987,0.00885595382581246,0.0941060775179396,0.00225220696516606,0.000423747690347618,1,0,0.948,0.00702111102319284,0.932364985949493,0.96092346505602,1000,0.948,0.00702111102319284,1000,0.362276261916818,0.00896559433504311,1.01219737839447,0,"CorCor","PSM_M1",0.0556480920523005,6.28255649130058,0.417602924967481,-0.0553433514417484,0.00665433465212879,-0.0495084763010821,0.00305437637108369,-0.013,0.00888312500812129,"defined"
"prospective","PoorOverlap","PATT","CorCor","WM_PS_M3",1000,TRUE,"inclusive",1.18185416619657,"all_requested","defined",1.17036527816993,-0.0114888880266378,0.0114888880266378,-0.972107080149426,0.0142265137626997,0.119274950273306,0.0037718051066697,0.319143022426201,0.0143442817970256,0.119767615810893,0.00260340415230064,0.000618289478238617,1,0,0.938,0.00762600813007697,0.921220050338967,0.952138151886639,1000,0.938,0.00762600813007697,1000,0.425813687542184,0.0126851796908056,0.891657640262138,0,"CorCor","PSM_M1",0.0516976678438343,3.63389574608081,0.219283726694016,-0.0903133729774009,0.0064738880865077,-0.043514987806718,0.00288815973661349,-0.019,0.00983543266642275,"defined"
"retrospective","GoodOverlap","PATE","CorMis","WM_PS_M3",1000,TRUE,"inclusive",0.866391828860284,"all_requested","defined",0.857959146873513,-0.00843268198677071,0.00843268198677071,-0.973310424437368,0.00404353022992634,0.0635887586757781,0.00201085310998251,0.232095114819785,0.00411059682518643,0.0641139362789903,0.00145302765901612,0.000184159950317492,1,0,0.972,0.0052168956286282,0.959785112626157,0.981315313804462,1000,0.972,0.0052168956286282,1000,0.29272591659064,0.00563437252594748,1.39342905964873,0,"CorCor","PSM_M1",0.00716442624343717,1.77182457804147,0.0942665503356391,-0.0634890790681193,0.00234109281021291,-0.00607787185158644,0.000452108904477649,0.002,0.00721443331440856,"defined"
"prospective","GoodOverlap","PATE","CorMis","WM_PS_M3",1000,TRUE,"inclusive",0.866391828860284,"all_requested","defined",0.857141621165511,-0.00925020769477225,0.00925020769477225,-1.06767023725751,0.00416832600426664,0.0645625743311606,0.0020416478649039,0.235649482935409,0.00424972402065879,0.0651899073527398,0.00146863822874089,0.000188942055845744,1,0,0.975,0.00493710441453288,0.963315176948077,0.983757464303118,1000,0.975,0.00493710441453288,1000,0.282888965065678,0.00524665138003877,1.25869506719685,0,"CorCor","PSM_M1",0.00757770737570927,1.81792579753907,0.0906709925953134,-0.0643727657467831,0.00226191147458436,-0.00635890205387207,0.000466428254243802,0.017,0.00726386699794013,"defined"
"retrospective","PoorOverlap","PATE","CorMis","WM_PS_M3",1000,TRUE,"inclusive",0.866391828860284,"all_requested","defined",0.85937093940736,-0.00702088945292395,0.00702088945292395,-0.810359610865646,0.0483116493651914,0.219799111383989,0.00695065819654451,0.802253433725007,0.0483126306045364,0.219801343500299,0.00558596635129792,0.00246976107673395,1,0,0.963,0.00596917079668525,0.949358876940075,0.973817291156263,1000,0.963,0.00596917079668525,1000,0.825606866675336,0.050449089814385,1.04424275464157,0,"CorCor","PSM_M1",0.0988525312143353,2.04614275259165,0.137629829852359,-0.0981251429644987,0.00957925326139688,-0.0587410330864858,0.00528224626846526,0.015,0.00876651879892195,"defined"
"prospective","PoorOverlap","PATE","CorMis","WM_PS_M3",1000,TRUE,"inclusive",0.866391828860284,"all_requested","defined",0.852415254400392,-0.0139765744598916,0.0139765744598916,-1.61319324517147,0.0425801439134227,0.206349567272196,0.00652534626770279,0.753163412942931,0.0427329084031422,0.206719395324053,0.00531216281538045,0.00220985477723752,1,0,0.962,0.00604615580348373,0.948212896378036,0.972971184017016,1000,0.962,0.00604615580348373,1000,0.803239875784234,0.0474026826097346,1.11325792383693,0,"CorCor","PSM_M1",0.12591407450154,2.95710777205352,0.195905338748726,-0.105476558531011,0.0106733545836624,-0.0914274991089108,0.00648224551828812,-0.001,0.00806622985440311,"defined"
"retrospective","GoodOverlap","PATT","CorMis","WM_PS_M3",1000,TRUE,"inclusive",1.03507218631865,"all_requested","defined",1.03356914804165,-0.00150303827700237,0.00150303827700237,-0.145210961792732,0.00330287379147787,0.0574706341663103,0.00181738102539833,0.17558012372664,0.00330183004174852,0.0574615527265712,0.0012460005314931,0.000143415826387812,1,0,0.976,0.00483983470792134,0.964499361468641,0.984563616766492,1000,0.976,0.00483983470792134,1000,0.256758897006817,0.00430366660278219,1.30300667675725,0,"CorCor","PSM_M1",0.00658007194057743,1.99222627202876,0.102088405088268,-0.0632272460849557,0.00202971084016714,-0.00708153965640774,0.000407866511141915,0.015,0.00726827543698145,"defined"
"prospective","GoodOverlap","PATT","CorMis","WM_PS_M3",1000,TRUE,"inclusive",1.03507218631865,"all_requested","defined",1.02148018774884,-0.0135919985698123,0.0135919985698123,-1.31314499118692,0.00463574757838624,0.0680863244593673,0.00215307862800833,0.208012412705822,0.00481585425592963,0.0693963562150754,0.00153129677878345,0.000206199810960849,1,0,0.966,0.00573096850453743,0.952810561384293,0.976341351892403,1000,0.966,0.00573096850453743,1000,0.292449982714241,0.00559106003983447,1.20607516809204,0,"CorCor","PSM_M1",0.00607209848913143,1.30984234720675,0.0652400700901115,-0.0742551794593816,0.00209925927386406,-0.00493019365035327,0.000425272647723879,0.009,0.00767971210254512,"defined"
"retrospective","PoorOverlap","PATT","CorMis","WM_PS_M3",1000,TRUE,"inclusive",1.18185416619657,"all_requested","defined",1.1909685388674,0.00911437267083084,0.00911437267083084,0.771192667549044,0.0141318713318048,0.118877547635391,0.00375923813183001,0.31807969539321,0.0142008112496557,0.119167156757455,0.00282554065289886,0.000675319697958728,1,0,0.958,0.00634318531969546,0.943649708424255,0.96956529373686,1000,0.958,0.00634318531969546,1000,0.484673378453191,0.0164380513840942,1.16318999785253,0,"CorCor","PSM_M1",0.0556480920523005,3.93777234067088,0.235906283036077,-0.0435352822819446,0.00618511566355714,-0.0441636188772388,0.00294537717923468,-0.003,0.00794065828845783,"defined"
"prospective","PoorOverlap","PATT","CorMis","WM_PS_M3",1000,TRUE,"inclusive",1.18185416619657,"all_requested","defined",1.17349637306031,-0.00835779313626274,0.00835779313626274,-0.707176348428817,0.0223522970539125,0.149506846177399,0.0047278215970902,0.400034262459405,0.0223997974629672,0.149665618840692,0.00338208665162618,0.00101032791498136,1,0,0.958,0.00634318531969546,0.943649708424255,0.96956529373686,1000,0.958,0.00634318531969546,1000,0.573830506947903,0.0233089337050404,1.0427981360851,0,"CorCor","PSM_M1",0.0516976678438343,2.31285705084996,0.12742289414441,-0.0871822780870258,0.00602368606286469,-0.0354594721407764,0.00279959242354499,0.001,0.00866452965105862,"defined"
"retrospective","GoodOverlap","PATE","MisCor","WM_PS_M3",1000,TRUE,"inclusive",0.866391828860284,"all_requested","defined",0.864982851814058,-0.00140897704622581,0.00140897704622581,-0.162625846561744,0.00354077272698486,0.0595043925016033,0.00188169411089711,0.217187425852392,0.00353921717057466,0.0594913201280209,0.00136084384503632,0.000162306866637794,1,0,0.929,0.00812151463706124,0.911283559113213,0.944135351750103,1000,0.929,0.00812151463706124,1000,0.221494854951975,0.00321831120717313,0.908929054566481,0,"CorCor","PSM_M1",0.00716442624343717,2.0234075428891,0.112558732565208,-0.0564653741275744,0.00239064891237358,-0.0066492515061982,0.000440381067203859,-0.041,0.00902221704462935,"defined"
"prospective","GoodOverlap","PATE","MisCor","WM_PS_M3",1000,TRUE,"inclusive",0.866391828860284,"all_requested","defined",0.860456097917207,-0.00593573094307694,0.00593573094307694,-0.685109294126798,0.00342286827604465,0.0585052841719844,0.00185009953138869,0.213540741008886,0.0034546783095972,0.0587765115466817,0.0013122961948344,0.000154404614629805,1,0,0.93,0.00806845710157772,0.912383766510715,0.94502847508083,1000,0.93,0.00806845710157772,1000,0.217076265996225,0.00308395057906828,0.900984300404335,0,"CorCor","PSM_M1",0.00757770737570927,2.21384720783524,0.118111182556362,-0.0610582889950878,0.00237973116227745,-0.00715394776493366,0.000465022497006312,-0.028,0.00955548571802121,"defined"
"retrospective","PoorOverlap","PATE","MisCor","WM_PS_M3",1000,TRUE,"inclusive",0.866391828860284,"all_requested","defined",0.863300801709315,-0.00309102715096847,0.00309102715096847,-0.356770118092484,0.0252792359043539,0.158994452432636,0.0050278460501843,0.580320114144925,0.0252635111172976,0.15894499399886,0.00396702253442844,0.0012638196365711,1,0,0.953,0.00669260786241059,0.937987369306695,0.965264937733204,1000,0.953,0.00669260786241059,1000,0.59563644889235,0.0254174807618176,1.00546871187036,0,"CorCor","PSM_M1",0.0988525312143353,3.91042401710052,0.256349842632304,-0.0941952806625432,0.00938435848158271,-0.0817901525737246,0.00497762481377025,0.005,0.00943737590986308,"defined"
"prospective","PoorOverlap","PATE","MisCor","WM_PS_M3",1000,TRUE,"inclusive",0.866391828860284,"all_requested","defined",0.859998039505758,-0.00639378935452553,0.00639378935452553,-0.737978953810817,0.0241121253536325,0.155280795186116,0.00491040989670236,0.566765490293448,0.0241288937705889,0.155334779655391,0.00363426310126291,0.0011237588152914,1,0,0.95,0.00689202437604511,0.934609512084506,0.962664602395338,1000,0.95,0.00689202437604511,1000,0.582542676116359,0.0243798021753763,1.01110133668509,0,"CorCor","PSM_M1",0.12591407450154,5.22202305499257,0.339234339033392,-0.0978937734256444,0.0106568258543584,-0.110031513741464,0.00648020305506332,-0.013,0.00888312500812129,"defined"
"retrospective","GoodOverlap","PATT","MisCor","WM_PS_M3",1000,TRUE,"inclusive",1.03507218631865,"all_requested","defined",1.03159252997838,-0.00347965634027168,0.00347965634027168,-0.336175233598678,0.00285726362459317,0.0534533780466041,0.00169034423257311,0.163306893462668,0.00286651436921497,0.0535398390846944,0.00119076226645966,0.000127265077588775,1,0,0.939,0.00756828910652864,0.922329225950876,0.95302212445892,1000,0.939,0.00756828910652864,1000,0.203199785190626,0.00269521625786783,0.943285818875597,0,"CorCor","PSM_M1",0.00658007194057743,2.30292783764898,0.122690308060457,-0.065203864148225,0.00206826902360552,-0.00751685532894129,0.000415713428908729,-0.022,0.00869434250484714,"defined"
"prospective","GoodOverlap","PATT","MisCor","WM_PS_M3",1000,TRUE,"inclusive",1.03507218631865,"all_requested","defined",1.02730792015389,-0.00776426616476029,0.00776426616476029,-0.750118326758905,0.00391332084881624,0.0625565412152577,0.00197821152782412,0.191118218996865,0.00396969135704466,0.0630054867217504,0.00136876337671874,0.000171227854539163,1,0,0.937,0.00768316341099159,0.920111958126645,0.951253072443419,1000,0.937,0.00768316341099159,1000,0.231065753505604,0.00348688401670729,0.891029422686375,0,"CorCor","PSM_M1",0.00607209848913143,1.5516485163664,0.0821753832731759,-0.0684274470543296,0.00218384921624468,-0.00577635654923824,0.000416215769571601,-0.02,0.00892634749937956,"defined"
"retrospective","PoorOverlap","PATT","MisCor","WM_PS_M3",1000,TRUE,"inclusive",1.18185416619657,"all_requested","defined",1.17864829472733,-0.00320587146923946,0.00320587146923946,-0.271257788053205,0.00843087733382502,0.0918198090491645,0.00290359730917099,0.245681522494041,0.00843272406836848,0.0918298647955472,0.00227938115986265,0.000417581080025309,1,0,0.942,0.00739161687318817,0.925663504617648,0.955667139747179,1000,0.942,0.00739161687318817,1000,0.358278616542033,0.00873129171057001,1.03563263523474,0,"CorCor","PSM_M1",0.0556480920523005,6.60051022555364,0.455378353530984,-0.0558555264220149,0.00674413939518455,-0.0499317060585261,0.00307552143776858,-0.019,0.00952521546893978,"defined"
"prospective","PoorOverlap","PATT","MisCor","WM_PS_M3",1000,TRUE,"inclusive",1.18185416619657,"all_requested","defined",1.16961425112476,-0.0122399150718121,0.0122399150718121,-1.035653587549,0.0141663054525131,0.119022289729752,0.00376381527874485,0.318466980647664,0.0143019546680258,0.119590780029339,0.00270309305664057,0.000644508571444687,1,0,0.93,0.00806845710157772,0.912383766510715,0.94502847508083,1000,0.93,0.00806845710157772,1000,0.421275668682896,0.0124991221501006,0.882313472062201,0,"CorCor","PSM_M1",0.0516976678438343,3.64934019085851,0.227818886920692,-0.0910644000225752,0.00657671201149623,-0.0435573149357178,0.00290731009114853,-0.027,0.0102164267420354,"defined"
"retrospective","GoodOverlap","PATE","MisMis","WM_PS_M3",1000,TRUE,"inclusive",0.866391828860284,"all_requested","defined",0.931961297917059,0.0655694690567755,0.0655694690567755,7.56810797062,0.00610984182557718,0.0781654771979113,0.00247180942339356,0.285299253877447,0.010403087256139,0.101995525667252,0.00212888307251335,0.000272994444978501,1,0,0.862,0.0109066951914867,0.839057078388668,0.882786417691419,1000,0.862,0.0109066951914867,1000,0.295157052427147,0.00574191493832444,0.939781274580216,0,"CorCor","PSM_M1",0.00716442624343717,1.17260420939954,0.067113114463819,0.0105130719754269,0.00276754186662164,0.000214618579366177,0.0005118592178741,-0.108,0.0109752656667826,"defined"
"prospective","GoodOverlap","PATE","MisMis","WM_PS_M3",1000,TRUE,"inclusive",0.866391828860284,"all_requested","defined",0.931072606142826,0.0646807772825419,0.0646807772825419,7.4655340837676,0.00570660396018115,0.075542067486806,0.00238884992416459,0.275723967446352,0.00988450030609476,0.0994208243080631,0.00216137731364722,0.00027100406862382,1,0,0.853,0.0111978122863352,0.829515920120911,0.874382788866488,1000,0.853,0.0111978122863352,1000,0.2850026013578,0.00533367021416724,0.934648742296448,0,"CorCor","PSM_M1",0.00757770737570927,1.32788387429443,0.0768729719081996,0.0095582192305311,0.00279211426548747,-0.000724125768436105,0.000506347479405688,-0.105,0.0113182641382459,"defined"
"retrospective","PoorOverlap","PATE","MisMis","WM_PS_M3",1000,TRUE,"inclusive",0.866391828860284,"all_requested","defined",1.10947906372138,0.243087234861096,0.243087234861096,28.0574246851879,0.0547693876846423,0.234028604415448,0.00740063427583354,0.854190220788311,0.113806022049371,0.337351481469063,0.00767879334436411,0.00300601753198515,1,0,0.779,0.0131209374665075,0.751981536788357,0.804364625547162,1000,0.779,0.0131209374665075,1000,0.841844420060651,0.0538304616933289,0.982856737476789,0,"CorCor","PSM_M1",0.0988525312143353,1.8048865505585,0.129881293998959,0.151982981349521,0.0100713595120542,0.00675235835834905,0.00662978758558007,-0.169,0.0140938865341551,"defined"
"prospective","PoorOverlap","PATE","MisMis","WM_PS_M3",1000,TRUE,"inclusive",0.866391828860284,"all_requested","defined",1.11156312230165,0.245171293441368,0.245171293441368,28.2979692645399,0.0521176762459178,0.228292961446291,0.00721925731955288,0.833255471609148,0.112174521697385,0.33492465077594,0.00715678344803481,0.00277674251979109,1,0,0.762,0.0134668481835951,0.734356319276744,0.788091594186229,1000,0.762,0.0134668481835951,1000,0.829290080775117,0.0516785973819427,0.991575240962331,0,"CorCor","PSM_M1",0.12591407450154,2.41595718710506,0.163930783221086,0.15367130937025,0.0110893028292905,-0.0219858858146676,0.00720120697421474,-0.201,0.0138849483899578,"defined"
"retrospective","GoodOverlap","PATT","MisMis","WM_PS_M3",1000,TRUE,"inclusive",1.03507218631865,"all_requested","defined",1.08534683049833,0.0502746441796803,0.0502746441796803,4.85711478331647,0.00439970946966744,0.066330305816176,0.0020975484427463,0.202647551588306,0.00692284960759123,0.0832036634265056,0.00176468239037008,0.00019174647310953,1,0,0.865,0.0108062481925967,0.842244084448781,0.885580949573487,1000,0.865,0.0108062481925967,1000,0.254866565238952,0.00424050191638078,0.963814075819263,0,"CorCor","PSM_M1",0.00658007194057743,1.49556964748284,0.0808567226638849,-0.0114495636282731,0.00226174590657635,-0.00346052009056504,0.000391552762306445,-0.096,0.0109956766460689,"defined"
"prospective","GoodOverlap","PATT","MisMis","WM_PS_M3",1000,TRUE,"inclusive",1.03507218631865,"all_requested","defined",1.07725440407264,0.0421822177539849,0.0421822177539849,4.07529236236273,0.00597115802734098,0.0772732685172627,0.00244359530760332,0.236079699551607,0.00774452636395824,0.08800299065349,0.00195650740765433,0.000273362683546795,1,0,0.904,0.00931579304192617,0.884033356637123,0.921547963752578,1000,0.904,0.00931579304192617,1000,0.291531204251568,0.00555544149051552,0.93037924387163,0,"CorCor","PSM_M1",0.00607209848913143,1.01690467097475,0.0572457794809973,-0.0184809631355844,0.00246884881969359,-0.00200152154232466,0.000417634106356107,-0.053,0.00981260858728642,"defined"
"retrospective","PoorOverlap","PATT","MisMis","WM_PS_M3",1000,TRUE,"inclusive",1.18185416619657,"all_requested","defined",1.37942974153811,0.19757557534154,0.19757557534154,16.7174242806433,0.014776841740542,0.121560033483633,0.00384406578254613,0.32525720114158,0.0537981728703421,0.23194433140377,0.00365463956764933,0.000727476073167483,1,0,0.586,0.0155757503832079,0.554755949441274,0.616736242065649,1000,0.586,0.0155757503832079,1000,0.466528289633902,0.0151560168335664,1.02566009027383,0,"CorCor","PSM_M1",0.0556480920523005,3.76589889973739,0.251609023827255,0.144925920388765,0.00657641545277838,-0.00456625725655248,0.00320021113102608,-0.375,0.0158942639850868,"defined"
"prospective","PoorOverlap","PATT","MisMis","WM_PS_M3",1000,TRUE,"inclusive",1.18185416619657,"all_requested","defined",1.36613808638945,0.184283920192884,0.184283920192884,15.5927800115936,0.0246833834544316,0.157109463287326,0.00496823745954555,0.420376523741019,0.0586192633126345,0.242114153474419,0.00478553301394229,0.00118487504020654,1,0,0.702,0.0144636095080032,0.67258666145396,0.730218668585495,1000,0.702,0.0144636095080032,1000,0.555358807705407,0.0220628736238523,0.893835063761942,0,"CorCor","PSM_M1",0.0516976678438343,2.09443198657405,0.130921110040229,0.105459435242121,0.00652495108601407,0.000759993708890986,0.00315513074639975,-0.255,0.0148389755439921,"defined"
"retrospective","GoodOverlap","PATE","CorCor","WM_DSM_M3",1000,TRUE,"inclusive",0.866391828860284,"all_requested","defined",0.864920544983888,-0.00147128387639578,0.00147128387639578,-0.169817376778728,0.00317069524312854,0.0563089268511534,0.00178064461449458,0.205524169917088,0.00316968922413035,0.0562999931095054,0.00130163913409451,0.000146779450473988,1,0,0.943,0.00733150734842434,0.926777270539338,0.956546418063041,1000,0.943,0.00733150734842434,1000,0.216082742184467,0.00305563673488651,0.963711899309345,0,"CorCor","PSM_M1",0.00716442624343717,2.2595758009111,0.123825257197648,-0.0565276809577444,0.00230260223575307,-0.00701877945264251,0.000435326049566403,-0.027,0.00838697450463165,"defined"
"prospective","GoodOverlap","PATE","CorCor","WM_DSM_M3",1000,TRUE,"inclusive",0.866391828860284,"all_requested","defined",0.861333885481965,-0.00505794337831851,0.00505794337831851,-0.58379398441143,0.00330006019427521,0.0574461503869076,0.00181660678031191,0.209674966891321,0.00332234292529921,0.0576397686090013,0.00127014567877874,0.000145520471127536,1,0,0.922,0.00848033018225116,0.903606366597417,0.937858786867286,1000,0.922,0.00848033018225116,1000,0.212491610309448,0.0029517639238351,0.894457600790337,0,"CorCor","PSM_M1",0.00757770737570927,2.29623307746165,0.127916280887236,-0.0601805014303293,0.0024293179454802,-0.00728628314923165,0.000475858967910034,-0.036,0.0104313380164202,"defined"
"retrospective","PoorOverlap","PATE","CorCor","WM_DSM_M3",1000,TRUE,"inclusive",0.866391828860284,"all_requested","defined",0.872564566700864,0.00617273784058044,0.00617273784058044,0.71246491886939,0.0113712669382932,0.106636142739191,0.00337213091950671,0.389215457392144,0.0113979983638034,0.106761408588513,0.00246358749884135,0.000521746900019032,1,0,0.944,0.00727076337120113,0.927892253716747,0.957424450313383,1000,0.944,0.00727076337120113,1000,0.418431574931963,0.0115817443678904,1.01850958479291,0,"CorCor","PSM_M1",0.0988525312143353,8.69318535487416,0.562762295007422,-0.0849315156709943,0.00951620595276921,-0.0956556653272188,0.00496232305920774,-0.004,0.00959562796673965,"defined"
"prospective","PoorOverlap","PATE","CorCor","WM_DSM_M3",1000,TRUE,"inclusive",0.866391828860284,"all_requested","defined",0.863587486082339,-0.00280434277794477,0.00280434277794477,-0.323680658626918,0.0114818963954218,0.107153611210364,0.00338849470936901,0.39110418594627,0.0114782788374426,0.107136729637611,0.00251010423757941,0.000537908398108292,1,0,0.94,0.00750999334220744,0.923439509596065,0.953904964577516,1000,0.94,0.00750999334220744,1000,0.413649262638413,0.011332239234506,0.986965815074286,0,"CorCor","PSM_M1",0.12591407450154,10.9663134176812,0.759277724998132,-0.0943043268490636,0.0109581616893435,-0.12268212867461,0.00650889987388343,-0.023,0.00930363141776143,"defined"
"retrospective","GoodOverlap","PATT","CorCor","WM_DSM_M3",1000,TRUE,"inclusive",1.03507218631865,"all_requested","defined",1.0324426401369,-0.00262954618175253,0.00262954618175253,-0.254044714611142,0.00287806881927142,0.0536476357286267,0.00169648719985487,0.163900375478991,0.00288210526357412,0.0536852425120174,0.00113681012000574,0.000122032884091212,1,0,0.941,0.00745110730026082,0.924550926915759,0.954786645597203,1000,0.941,0.00745110730026082,1000,0.20215023167192,0.00266738586412488,0.926797110014945,0,"CorCor","PSM_M1",0.00658007194057743,2.28628026422355,0.116969687452732,-0.0643537539897059,0.00204922659405833,-0.00750126443458215,0.000410555492193362,-0.02,0.00881349406748979,"defined"
"prospective","GoodOverlap","PATT","CorCor","WM_DSM_M3",1000,TRUE,"inclusive",1.03507218631865,"all_requested","defined",1.02895801377817,-0.00611417254047919,0.00611417254047919,-0.590700109740646,0.00383848282759619,0.0619554906977275,0.00195920464158193,0.189281932939389,0.00387202745062335,0.0622256173181379,0.00141165821258058,0.000174185144397906,1,0,0.937,0.00768316341099159,0.920111958126645,0.951253072443419,1000,0.937,0.00768316341099159,1000,0.230041668830666,0.00345623904643139,0.900418004109144,0,"CorCor","PSM_M1",0.00607209848913143,1.58190065238197,0.087753377182772,-0.0667773534300485,0.00219706126463102,-0.00587402045565956,0.000418309876813369,-0.02,0.00947046406939436,"defined"
"retrospective","PoorOverlap","PATT","CorCor","WM_DSM_M3",1000,TRUE,"inclusive",1.18185416619657,"all_requested","defined",1.18538908756806,0.00353492137149414,0.00353492137149414,0.299099624352993,0.00591502131929257,0.0769091757808687,0.00243208168433804,0.205785261320772,0.00592160196707592,0.0769519458303422,0.00180054805022907,0.000278140727713765,1,0,0.948,0.00702111102319284,0.932364985949493,0.96092346505602,1000,0.948,0.00702111102319284,1000,0.3060212623499,0.00615126898985589,1.03994029062799,0,"CorCor","PSM_M1",0.0556480920523005,9.40792755400516,0.632999747733305,-0.0491147335812813,0.00703815985311155,-0.0524428281598186,0.00307273778107745,-0.013,0.00899510488609843,"defined"
"prospective","PoorOverlap","PATT","CorCor","WM_DSM_M3",1000,TRUE,"inclusive",1.18185416619657,"all_requested","defined",1.17770461860062,-0.00414954759595305,0.00414954759595305,-0.351104875257755,0.00928505871892928,0.0963590095368839,0.0030471394321444,0.257827024627807,0.00929299240546143,0.0964001680779729,0.00208231416212029,0.000398888320577166,1,0,0.939,0.00756828910652864,0.922329225950876,0.95302212445892,1000,0.939,0.00756828910652864,1000,0.359803147284833,0.00856103816840954,0.922023050964266,0,"CorCor","PSM_M1",0.0516976678438343,5.56783423872584,0.341213215631356,-0.0829740325467161,0.00676437843249566,-0.0485662771982821,0.00289842524078014,-0.018,0.00957954945536416,"defined"
"retrospective","GoodOverlap","PATE","CorMis","WM_DSM_M3",1000,TRUE,"inclusive",0.866391828860284,"all_requested","defined",0.859396263845729,-0.00699556501455472,0.00699556501455472,-0.807436633348355,0.00389277848891849,0.0623921348321925,0.00197301254150056,0.227727510322438,0.00393782364030243,0.0627520807647239,0.00141053655452188,0.000175036902774483,1,0,0.962,0.00604615580348373,0.948212896378036,0.972971184017016,1000,0.962,0.00604615580348373,1000,0.274088268087752,0.00491812060805277,1.26339595793932,0,"CorCor","PSM_M1",0.00716442624343717,1.84044025721783,0.0964529252702698,-0.0620519620959033,0.00235343600766101,-0.00625064503647043,0.000440874909761949,-0.008,0.00734778810187052,"defined"
"prospective","GoodOverlap","PATE","CorMis","WM_DSM_M3",1000,TRUE,"inclusive",0.866391828860284,"all_requested","defined",0.862536735033423,-0.00385509382686068,0.00385509382686068,-0.44495962432286,0.00394321314979211,0.0627950089560636,0.00198575253991833,0.229197976454896,0.00395413168505622,0.0628818867803457,0.00145810112316302,0.000183447472921007,1,0,0.963,0.00596917079668525,0.949358876940075,0.973817291156263,1000,0.963,0.00596917079668525,1000,0.265992940545036,0.00463026592127376,1.17423678238593,0,"CorCor","PSM_M1",0.00757770737570927,1.92170879124522,0.1092885664936,-0.0589776518788715,0.00246597274753422,-0.00665449438947464,0.000471053524605724,0.005,0.00830927457989228,"defined"
"retrospective","PoorOverlap","PATE","CorMis","WM_DSM_M3",1000,TRUE,"inclusive",0.866391828860284,"all_requested","defined",0.889345219267689,0.0229533904074058,0.0229533904074058,2.64930827401736,0.01661995089426,0.128918388503192,0.00407675739948552,0.470544303822486,0.0171301890745605,0.1308823482161,0.00287217334393617,0.000725594545637786,1,0,0.958,0.00634318531969546,0.943649708424255,0.96956529373686,1000,0.958,0.00634318531969546,1000,0.543195742450369,0.0196252192353314,1.18082293745581,0,"CorCor","PSM_M1",0.0988525312143353,5.94782330244284,0.390253419684298,-0.068150863104169,0.00958225301741873,-0.0899234746164617,0.00500013168783836,0.01,0.00927286287971444,"defined"
"prospective","PoorOverlap","PATE","CorMis","WM_DSM_M3",1000,TRUE,"inclusive",0.866391828860284,"all_requested","defined",0.881931463538795,0.0155396346785109,0.0155396346785109,1.79360355913708,0.0159326698245725,0.126224679934522,0.00399157485518843,0.46071243082235,0.0161582174006895,0.127114977090387,0.00318709786326355,0.00079788408854994,1,0,0.962,0.00604615580348373,0.948212896378036,0.972971184017016,1000,0.962,0.00604615580348373,1000,0.525066899528512,0.0183313772277358,1.15055275917811,0,"CorCor","PSM_M1",0.12591407450154,7.90288607546149,0.555662892836113,-0.075960349392608,0.011057431034561,-0.118002190111363,0.00649543738592465,-0.001,0.00794116251326354,"defined"
"retrospective","GoodOverlap","PATT","CorMis","WM_DSM_M3",1000,TRUE,"inclusive",1.03507218631865,"all_requested","defined",1.0355815661548,0.000509379836151003,0.000509379836151003,0.0492120108030985,0.0033302657759044,0.0577084549776235,0.00182490157978571,0.176306696663947,0.00332719497794597,0.0576818427058808,0.0012902787206735,0.000148905157645195,1,0,0.968,0.00556560868189635,0.955124097164991,0.978011150394358,1000,0.968,0.00556560868189635,1000,0.24460097851337,0.00390543846939035,1.17271074808729,0,"CorCor","PSM_M1",0.00658007194057743,1.97583988286655,0.104877659801655,-0.0612148279718023,0.00211440526099977,-0.00705617472021029,0.000408804114420368,0.007,0.0078110186283232,"defined"
"prospective","GoodOverlap","PATT","CorMis","WM_DSM_M3",1000,TRUE,"inclusive",1.03507218631865,"all_requested","defined",1.02152514654055,-0.0135470397781,0.0135470397781,-1.30880144951837,0.00451273915571637,0.0671769242799667,0.00212432086929361,0.205234079069306,0.00469174870331008,0.0684963408023384,0.00150213627044537,0.0002036307262063,1,0,0.958,0.00634318531969546,0.943649708424255,0.96956529373686,1000,0.958,0.00634318531969546,1000,0.276987705198163,0.00501265039152861,1.11077778230966,0,"CorCor","PSM_M1",0.00607209848913143,1.34554608179376,0.0751576226789674,-0.0742102206676693,0.00231922456930782,-0.00505429920297283,0.000435606019004601,0.001,0.00854822040380757,"defined"
"retrospective","PoorOverlap","PATT","CorMis","WM_DSM_M3",1000,TRUE,"inclusive",1.18185416619657,"all_requested","defined",1.21203564981328,0.0301814836167098,0.0301814836167098,2.55374008739501,0.00834141195151746,0.0913313306128705,0.00288815026470533,0.244374504681905,0.00924399249287167,0.0961456836934018,0.00209154704773161,0.000375727121472282,1,0,0.951,0.00682634602111555,0.93573394685983,0.963532940827952,1000,0.951,0.00682634602111555,1000,0.384393154664236,0.00973496142359579,1.16706397911745,0,"CorCor","PSM_M1",0.0556480920523005,6.67130365647234,0.432274158684506,-0.0224681713360656,0.00694938412024687,-0.0491204376340229,0.00304597094226945,-0.01,0.00871641990590036,"defined"
"prospective","PoorOverlap","PATT","CorMis","WM_DSM_M3",1000,TRUE,"inclusive",1.18185416619657,"all_requested","defined",1.1930559875231,0.0112018213265292,0.0112018213265292,0.947817560484536,0.013782671874941,0.117399624679728,0.00371250210436856,0.314125228861027,0.0138943700040975,0.117874382306324,0.00259306426982542,0.000616029445976569,1,0,0.941,0.00745110730026082,0.924550926915759,0.954786645597203,1000,0.941,0.00745110730026082,1000,0.452260201999485,0.0135319207184878,0.98180678182515,0,"CorCor","PSM_M1",0.0516976678438343,3.75091769672241,0.23269532558426,-0.0676226636242339,0.0066326938142764,-0.043964899599646,0.00289463630230614,-0.016,0.00926443899164055,"defined"
"retrospective","GoodOverlap","PATE","MisCor","WM_DSM_M3",1000,TRUE,"inclusive",0.866391828860284,"all_requested","defined",0.865237536440844,-0.00115429241944011,0.00115429241944011,-0.133229836777033,0.00321476864249418,0.0566989298178915,0.00179297759118573,0.206947657106179,0.00321288626484127,0.0566823276237071,0.00129032037274087,0.00014670870744165,1,0,0.947,0.00708456067798138,0.931244816710037,0.960050747639981,1000,0.947,0.00708456067798138,1000,0.216022672112134,0.0030538300722073,0.949937744147579,0,"CorCor","PSM_M1",0.00716442624343717,2.22859777488642,0.119930649132744,-0.0562106895007887,0.00230704308512736,-0.0069755824119316,0.000430883101360793,-0.023,0.00827886100496557,"defined"
"prospective","GoodOverlap","PATE","MisCor","WM_DSM_M3",1000,TRUE,"inclusive",0.866391828860284,"all_requested","defined",0.86100096418631,-0.00539086467397404,0.00539086467397404,-0.622220165795606,0.00327442026823239,0.0572225503471524,0.0018095359262066,0.208858840299429,0.00330020726989726,0.0574474304899467,0.00126564419229048,0.000144371664386288,1,0,0.929,0.00812151463706124,0.911283559113213,0.944135351750103,1000,0.929,0.00812151463706124,1000,0.212327665731082,0.00294725087377416,0.900083261262355,0,"CorCor","PSM_M1",0.00757770737570927,2.31421343473417,0.129816523569662,-0.0605134227259849,0.00243039151074227,-0.00730841880463361,0.000477722758736602,-0.029,0.0101124310262795,"defined"
"retrospective","PoorOverlap","PATE","MisCor","WM_DSM_M3",1000,TRUE,"inclusive",0.866391828860284,"all_requested","defined",0.872868488758275,0.00647665989799152,0.00647665989799152,0.747543972859416,0.0113588126240692,0.106577730432156,0.00337028376017053,0.389002256012047,0.0113894009348794,0.106721136308041,0.00246606905079582,0.000521963095564459,1,0,0.949,0.00695693898205238,0.933486538405065,0.961794763225314,1000,0.949,0.00695693898205238,1000,0.41939248343653,0.0116409119808158,1.02483528570132,0,"CorCor","PSM_M1",0.0988525312143353,8.70271695519192,0.56726194452684,-0.0846275936135832,0.00957763952634058,-0.0956642627561428,0.00496661956934472,0.001,0.00954411284981952,"defined"
"prospective","PoorOverlap","PATE","MisCor","WM_DSM_M3",1000,TRUE,"inclusive",0.866391828860284,"all_requested","defined",0.862690289809672,-0.00370153905061172,0.00370153905061172,-0.427236145045481,0.0116286928377286,0.107836417029353,0.00341008692524525,0.393596385798229,0.0116307655362341,0.107846026984002,0.00247743134692754,0.000533690168068218,1,0,0.945,0.00720936890441875,0.929008484457942,0.958301204920464,1000,0.945,0.00720936890441875,1000,0.414560051788679,0.0113810330533153,0.978702697898268,0,"CorCor","PSM_M1",0.12591407450154,10.8278786153005,0.741070043152178,-0.0952015231217306,0.0109497789440576,-0.122529641975819,0.00650821670590032,-0.018,0.00893060780438575,"defined"
"retrospective","GoodOverlap","PATT","MisCor","WM_DSM_M3",1000,TRUE,"inclusive",1.03507218631865,"all_requested","defined",1.03250718100902,-0.002565005309634,0.002565005309634,-0.247809316445524,0.00292454262170544,0.0540790405028181,0.00171012941665402,0.165218372134632,0.00292819733132218,0.0541128203970388,0.00114425310068195,0.000123710441928054,1,0,0.942,0.00739161687318817,0.925663504617648,0.955667139747179,1000,0.942,0.00739161687318817,1000,0.202123036853145,0.00266678282666098,0.911863211316733,0,"CorCor","PSM_M1",0.00658007194057743,2.24994906613475,0.115068011221448,-0.0642892131175873,0.00206945971419324,-0.00745517236683408,0.000411739544807265,-0.019,0.00852711626000911,"defined"
"prospective","GoodOverlap","PATT","MisCor","WM_DSM_M3",1000,TRUE,"inclusive",1.03507218631865,"all_requested","defined",1.02879847228256,-0.00627371403609436,0.00627371403609436,-0.606113671975624,0.00384707524171803,0.0620247953782843,0.00196139624801263,0.1894936675855,0.003882587654283,0.0623104136905141,0.0014114759174393,0.000174546432432216,1,0,0.94,0.00750999334220744,0.923439509596065,0.953904964577516,1000,0.94,0.00750999334220744,1000,0.230100852332153,0.00345776260332213,0.898802957068745,0,"CorCor","PSM_M1",0.00607209848913143,1.57836748896539,0.0870056169372787,-0.0669368949256637,0.00220712106581097,-0.00586346025199991,0.000418857153388826,-0.017,0.00931653357197825,"defined"
"retrospective","PoorOverlap","PATT","MisCor","WM_DSM_M3",1000,TRUE,"inclusive",1.18185416619657,"all_requested","defined",1.18441871696709,0.00256455077051667,0.00256455077051667,0.21699384271495,0.00601387356460034,0.077549168690582,0.00245232003714857,0.207497685187386,0.0060144366116903,0.077552798864324,0.0018567518347805,0.000289211038741546,1,0,0.938,0.00762600813007697,0.921220050338967,0.952138151886639,1000,0.938,0.00762600813007697,1000,0.305379791036787,0.00612736900527813,1.01887226917205,0,"CorCor","PSM_M1",0.0556480920523005,9.25328599853906,0.631871981258308,-0.0500851041822587,0.00705343285591152,-0.0523499935152042,0.00307558607970893,-0.023,0.00951638384900281,"defined"
"prospective","PoorOverlap","PATT","MisCor","WM_DSM_M3",1000,TRUE,"inclusive",1.18185416619657,"all_requested","defined",1.17635716003555,-0.00549700616101854,0.00549700616101854,-0.465117128512475,0.0093094458106315,0.0964854694274298,0.00305113844501221,0.25816539233697,0.00933035344155514,0.0965937546715891,0.00202983564388087,0.000387856264035158,1,0,0.943,0.00733150734842434,0.926777270539338,0.956546418063041,1000,0.943,0.00733150734842434,1000,0.357535855864453,0.00844520258501863,0.907164911511071,0,"CorCor","PSM_M1",0.0516976678438343,5.55324869980928,0.335422931653082,-0.0843214911117816,0.00675648034020706,-0.0485289161621884,0.0029008566160348,-0.014,0.00904908204658826,"defined"
"retrospective","GoodOverlap","PATE","MisMis","WM_DSM_M3",1000,TRUE,"inclusive",0.866391828860284,"all_requested","defined",0.917733845306291,0.0513420164460072,0.0513420164460072,5.92595806374886,0.00528282228016383,0.0726830260801229,0.00229843909646608,0.265288639608896,0.00791354211062574,0.0889580918782869,0.00188898000382,0.000229821548927777,1,0,0.891,0.00985489725973843,0.870021634657065,0.90964185232308,1000,0.891,0.00985489725973843,1000,0.280369389698273,0.00514924518940889,0.974714824071121,0,"CorCor","PSM_M1",0.00716442624343717,1.3561740038726,0.0735918500807066,-0.00371438063534144,0.00260724805192113,-0.00227492656614713,0.000437545087554178,-0.079,0.0103375947814695,"defined"
"prospective","GoodOverlap","PATE","MisMis","WM_DSM_M3",1000,TRUE,"inclusive",0.866391828860284,"all_requested","defined",0.9216083738508,0.0552165449905167,0.0552165449905167,6.37316086685082,0.00511363441165442,0.0715096805450452,0.00226133465273374,0.261005999526619,0.00815738761793252,0.0903182573898131,0.00200908747624581,0.000246393018710259,1,0,0.879,0.0103130499853341,0.857164237318432,0.898574192769252,1000,0.879,0.0103130499853341,1000,0.270588553411111,0.00479197328804276,0.937097356260243,0,"CorCor","PSM_M1",0.00757770737570927,1.48186334135248,0.0885519377013942,9.39869385058869e-05,0.00272209910760884,-0.00245123845659834,0.000478477512080069,-0.079,0.0105294762391047,"defined"
"retrospective","PoorOverlap","PATE","MisMis","WM_DSM_M3",1000,TRUE,"inclusive",0.866391828860284,"all_requested","defined",1.09395159639724,0.227559767536958,0.227559767536958,26.2652254969102,0.0223511640514599,0.149503056997039,0.00472770177268617,0.545677096113122,0.0741122606888827,0.272235671227859,0.00455457500209299,0.00101146236806114,1,0,0.679,0.0147634345597493,0.649068805633619,0.707873032404677,1000,0.679,0.0147634345597493,1000,0.584168240096405,0.0229134021906643,1.02515475873695,0,"CorCor","PSM_M1",0.0988525312143353,4.42270169852198,0.294555441806343,0.136455514025383,0.00990744320906112,-0.0329414030021395,0.00533314044524138,-0.269,0.0154556746173656,"defined"
"prospective","PoorOverlap","PATE","MisMis","WM_DSM_M3",1000,TRUE,"inclusive",0.866391828860284,"all_requested","defined",1.08760794049005,0.221216111629763,0.221216111629763,25.533033006644,0.0202533707937708,0.142314337976786,0.00450037451705642,0.519438707423701,0.0691696854675686,0.263001303167054,0.00438270645620056,0.000977602172952288,1,0,0.669,0.0148808265899445,0.638868962268816,0.698132163923171,1000,0.669,0.0148808265899445,1000,0.561581746818032,0.0211293565853751,1.04325135803437,0,"CorCor","PSM_M1",0.12591407450154,6.2169441217294,0.428630820238918,0.129716127558644,0.0110732275169371,-0.0649907220444844,0.00663549279604987,-0.294,0.0152904479266566,"defined"
"retrospective","GoodOverlap","PATT","MisMis","WM_DSM_M3",1000,TRUE,"inclusive",1.03507218631865,"all_requested","defined",1.07584829811149,0.0407761117928345,0.0407761117928345,3.93944618856577,0.00414367179313705,0.064371358484477,0.00203560108890152,0.196662717422768,0.00580221941428565,0.0761723008336078,0.00173258752549351,0.000187633532313392,1,0,0.886,0.0100500746265886,0.864656086928392,0.905038718026716,1000,0.886,0.0100500746265886,1000,0.243738279311422,0.00387763693410408,0.935797313997312,0,"CorCor","PSM_M1",0.00658007194057743,1.58798096689889,0.0882622925565566,-0.0209480960151188,0.00225190134772986,-0.00458115028387061,0.000388699292961519,-0.075,0.0102703690527887,"defined"
"prospective","GoodOverlap","PATT","MisMis","WM_DSM_M3",1000,TRUE,"inclusive",1.03507218631865,"all_requested","defined",1.0658651252724,0.0307929389537483,0.0307929389537483,2.97495569495175,0.00528958240890996,0.0727295153903143,0.00229990921753663,0.222197953721132,0.00623249791591032,0.0789461710022109,0.00179435012990733,0.000243125779387568,1,0,0.92,0.00857904423581089,0.901420220952098,0.936058017153327,1000,0.92,0.00857904423581089,1000,0.27564655974331,0.004964328924292,0.938510555375772,0,"CorCor","PSM_M1",0.00607209848913143,1.14793532262648,0.067111099644127,-0.029870241935821,0.00246688208694816,-0.00351354999037258,0.000410954160897799,-0.037,0.00925833228593124,"defined"
"retrospective","PoorOverlap","PATT","MisMis","WM_DSM_M3",1000,TRUE,"inclusive",1.18185416619657,"all_requested","defined",1.34417804619675,0.162323880000184,0.162323880000184,13.7346793405631,0.00858817877725251,0.0926724272761457,0.00293055946488934,0.247962866207126,0.0349286326167895,0.186892034653137,0.00266563891542527,0.000387512775115077,1,0,0.582,0.0155973074599432,0.550725621426939,0.612790203031829,1000,0.582,0.0155973074599432,1000,0.369759432676487,0.00899734134452664,1.04764253026007,0,"CorCor","PSM_M1",0.0556480920523005,6.47961500285666,0.42309480802252,0.109674225047409,0.00698593862311804,-0.023435797510105,0.00313047492177161,-0.379,0.0159879521707633,"defined"
"prospective","PoorOverlap","PATT","MisMis","WM_DSM_M3",1000,TRUE,"inclusive",1.18185416619657,"all_requested","defined",1.32683364294157,0.144979476745003,0.144979476745003,12.2671206728977,0.0140239489015707,0.118422754999074,0.00374485632589165,0.316862810404375,0.0350289736299239,0.187160288602908,0.0032335477626815,0.000639629799198563,1,0,0.712,0.0143197765345692,0.682838113283807,0.739907792899221,1000,0.712,0.0143197765345692,1000,0.436276434787462,0.012572841430272,0.89652647186014,0,"CorCor","PSM_M1",0.0516976678438343,3.68638449887993,0.229500470252512,0.0661549917942396,0.00665718684947428,-0.0228302959738197,0.0029100405371751,-0.245,0.0147374418469486,"defined"
"retrospective","GoodOverlap","PATE","CorCor","WM_X6_M3",1000,TRUE,"inclusive",0.866391828860284,"all_requested","defined",0.865516693000621,-0.000875135859662301,0.000875135859662301,-0.101009246683861,0.00322783647604494,0.0568140517481806,0.00179661806626922,0.207367845173774,0.00322537450234177,0.0567923806715458,0.00125634427404778,0.00014307948356662,1,0,0.935,0.0077958322198467,0.917898930078629,0.949479690310382,1000,0.935,0.0077958322198467,1000,0.215391508494758,0.00303300801828832,0.939641162369121,0,"CorCor","PSM_M1",0.00716442624343717,2.21957533989321,0.120539007771833,-0.0559315329410109,0.00235892784353251,-0.0069630941744311,0.000433662274548641,-0.035,0.00882342636694232,"defined"
"prospective","GoodOverlap","PATE","CorCor","WM_X6_M3",1000,TRUE,"inclusive",0.866391828860284,"all_requested","defined",0.861270368769345,-0.0051214600909384,0.0051214600909384,-0.591125160734209,0.00319040573855463,0.0564836767443005,0.00178617069132674,0.206161996434846,0.00321344468627915,0.0566872532963024,0.0012632910101824,0.000143582695193012,1,0,0.938,0.00762600813007697,0.921220050338967,0.952138151886639,1000,0.938,0.00762600813007697,1000,0.212365941391412,0.00294667789691971,0.923606004499812,0,"CorCor","PSM_M1",0.00757770737570927,2.37515475982759,0.130649611081831,-0.0602440181429492,0.0024054809569163,-0.00739518138825171,0.000467300828243194,-0.02,0.00957557787768925,"defined"
"retrospective","PoorOverlap","PATE","CorCor","WM_X6_M3",1000,TRUE,"inclusive",0.866391828860284,"all_requested","defined",0.861381339731433,-0.00501048912885044,0.00501048912885044,-0.578316757146892,0.0134277938701682,0.115878358075044,0.00366439543037705,0.422948983163596,0.0134394710776084,0.115928732752534,0.00262526186191512,0.000609344017170083,1,0,0.935,0.0077958322198467,0.917898930078629,0.949479690310382,1000,0.935,0.0077958322198467,1000,0.44117534657532,0.0128125853169534,0.954183944200869,0,"CorCor","PSM_M1",0.0988525312143353,7.36178497898679,0.473328754473703,-0.0961147426404252,0.0095850810562827,-0.0936141926134138,0.00496815855654162,-0.013,0.0101456362015368,"defined"
"prospective","PoorOverlap","PATE","CorCor","WM_X6_M3",1000,TRUE,"inclusive",0.866391828860284,"all_requested","defined",0.855603465337667,-0.0107883635226162,0.0107883635226162,-1.24520605611067,0.0127165463056286,0.112767665159959,0.00356602668324686,0.411595142573988,0.0128202185468191,0.113226403929557,0.00257962503332254,0.00057778620868416,1,0,0.948,0.00702111102319284,0.932364985949493,0.96092346505602,1000,0.948,0.00702111102319284,1000,0.446423582939498,0.0131161890854341,1.03142699048944,0,"CorCor","PSM_M1",0.12591407450154,9.90159367766444,0.663281441146828,-0.102288347593735,0.0109993316249037,-0.121340188965234,0.0064985306061123,-0.015,0.00876651879892195,"defined"
"retrospective","GoodOverlap","PATT","CorCor","WM_X6_M3",1000,TRUE,"inclusive",1.03507218631865,"all_requested","defined",1.03292952883093,-0.00214265748772676,0.00214265748772676,-0.207005609468395,0.00296943686366819,0.0544925395230227,0.00172320540379497,0.166481664426105,0.00297105840791423,0.0545074160817978,0.00115064076749319,0.000125628809920586,1,0,0.936,0.0077397674383666,0.919004925632949,0.950366910708151,1000,0.936,0.0077397674383666,1000,0.202102662254839,0.00266597706620652,0.897805607125521,0,"CorCor","PSM_M1",0.00658007194057743,2.21593259687932,0.114880628984861,-0.0638668652956801,0.0020803697793529,-0.00741231129024203,0.000412698720194605,-0.025,0.00896969650854785,"defined"
"prospective","GoodOverlap","PATT","CorCor","WM_X6_M3",1000,TRUE,"inclusive",1.03507218631865,"all_requested","defined",1.02896422050614,-0.00610796581251065,0.00610796581251065,-0.590100467701127,0.00373347746846658,0.0611021887371196,0.00193222086430785,0.186674986522438,0.00376705123736491,0.0613763084370909,0.00139757010529305,0.000172192396189038,1,0,0.939,0.00756828910652864,0.922329225950876,0.95302212445892,1000,0.939,0.00756828910652864,1000,0.229906472524068,0.00345150997612526,0.924475908928644,0,"CorCor","PSM_M1",0.00607209848913143,1.62639216130729,0.0906500245744919,-0.06677114670208,0.00219431370634581,-0.00597899666891799,0.000414823604631832,-0.018,0.00926076464239113,"defined"
"retrospective","PoorOverlap","PATT","CorCor","WM_X6_M3",1000,TRUE,"inclusive",1.18185416619657,"all_requested","defined",1.18379007147215,0.00193590527558408,0.00193590527558408,0.163802381965127,0.00493610199861,0.0702573981770603,0.00222173400716872,0.187987153636619,0.00493491362584742,0.0702489403894993,0.00160208031266867,0.000225203473196777,1,0,0.947,0.00708456067798138,0.931244816710037,0.960050747639981,1000,0.947,0.00708456067798138,1000,0.276034569185563,0.00497726242721638,1.00833865033947,0,"CorCor","PSM_M1",0.0556480920523005,11.273691683837,0.764207478410519,-0.0507137496771913,0.00719535131605049,-0.0534295165010471,0.00308095221325922,-0.014,0.00904908204658826,"defined"
"prospective","PoorOverlap","PATT","CorCor","WM_X6_M3",1000,TRUE,"inclusive",1.18185416619657,"all_requested","defined",1.17333576772607,-0.00851839847049961,0.00851839847049961,-0.720765616786158,0.00712174549631135,0.0843904348626748,0.00266865986898131,0.225802805905365,0.00718718686331725,0.0847772779895489,0.00181296882096135,0.000301270074883677,1,0,0.932,0.00796090447122687,0.914586949808569,0.946811900239598,1000,0.932,0.00796090447122687,1000,0.318933516516545,0.00665470025771341,0.93441983586189,0,"CorCor","PSM_M1",0.0516976678438343,7.25912880074284,0.452655267016921,-0.0873428834212626,0.00689412854831352,-0.0506720827404263,0.00290202510437312,-0.025,0.00982198918098933,"defined"
"retrospective","GoodOverlap","PATE","CorMis","WM_X6_M3",1000,TRUE,"inclusive",0.866391828860284,"all_requested","defined",0.865516693000621,-0.000875135859662301,0.000875135859662301,-0.101009246683861,0.00322783647604494,0.0568140517481806,0.00179661806626922,0.207367845173774,0.00322537450234177,0.0567923806715458,0.00125634427404778,0.00014307948356662,1,0,0.935,0.0077958322198467,0.917898930078629,0.949479690310382,1000,0.935,0.0077958322198467,1000,0.215391508494758,0.00303300801828832,0.939641162369121,0,"CorCor","PSM_M1",0.00716442624343717,2.21957533989321,0.120539007771833,-0.0559315329410109,0.00235892784353251,-0.0069630941744311,0.000433662274548641,-0.035,0.00882342636694232,"defined"
"prospective","GoodOverlap","PATE","CorMis","WM_X6_M3",1000,TRUE,"inclusive",0.866391828860284,"all_requested","defined",0.861270368769345,-0.0051214600909384,0.0051214600909384,-0.591125160734209,0.00319040573855463,0.0564836767443005,0.00178617069132674,0.206161996434846,0.00321344468627915,0.0566872532963024,0.0012632910101824,0.000143582695193012,1,0,0.938,0.00762600813007697,0.921220050338967,0.952138151886639,1000,0.938,0.00762600813007697,1000,0.212365941391412,0.00294667789691971,0.923606004499812,0,"CorCor","PSM_M1",0.00757770737570927,2.37515475982759,0.130649611081831,-0.0602440181429492,0.0024054809569163,-0.00739518138825171,0.000467300828243194,-0.02,0.00957557787768925,"defined"
"retrospective","PoorOverlap","PATE","CorMis","WM_X6_M3",1000,TRUE,"inclusive",0.866391828860284,"all_requested","defined",0.861381339731433,-0.00501048912885044,0.00501048912885044,-0.578316757146892,0.0134277938701682,0.115878358075044,0.00366439543037705,0.422948983163596,0.0134394710776084,0.115928732752534,0.00262526186191512,0.000609344017170083,1,0,0.935,0.0077958322198467,0.917898930078629,0.949479690310382,1000,0.935,0.0077958322198467,1000,0.44117534657532,0.0128125853169534,0.954183944200869,0,"CorCor","PSM_M1",0.0988525312143353,7.36178497898679,0.473328754473703,-0.0961147426404252,0.0095850810562827,-0.0936141926134138,0.00496815855654162,-0.013,0.0101456362015368,"defined"
"prospective","PoorOverlap","PATE","CorMis","WM_X6_M3",1000,TRUE,"inclusive",0.866391828860284,"all_requested","defined",0.855603465337667,-0.0107883635226162,0.0107883635226162,-1.24520605611067,0.0127165463056286,0.112767665159959,0.00356602668324686,0.411595142573988,0.0128202185468191,0.113226403929557,0.00257962503332254,0.00057778620868416,1,0,0.948,0.00702111102319284,0.932364985949493,0.96092346505602,1000,0.948,0.00702111102319284,1000,0.446423582939498,0.0131161890854341,1.03142699048944,0,"CorCor","PSM_M1",0.12591407450154,9.90159367766444,0.663281441146828,-0.102288347593735,0.0109993316249037,-0.121340188965234,0.0064985306061123,-0.015,0.00876651879892195,"defined"
"retrospective","GoodOverlap","PATT","CorMis","WM_X6_M3",1000,TRUE,"inclusive",1.03507218631865,"all_requested","defined",1.03292952883093,-0.00214265748772676,0.00214265748772676,-0.207005609468395,0.00296943686366819,0.0544925395230227,0.00172320540379497,0.166481664426105,0.00297105840791423,0.0545074160817978,0.00115064076749319,0.000125628809920586,1,0,0.936,0.0077397674383666,0.919004925632949,0.950366910708151,1000,0.936,0.0077397674383666,1000,0.202102662254839,0.00266597706620652,0.897805607125521,0,"CorCor","PSM_M1",0.00658007194057743,2.21593259687932,0.114880628984861,-0.0638668652956801,0.0020803697793529,-0.00741231129024203,0.000412698720194605,-0.025,0.00896969650854785,"defined"
"prospective","GoodOverlap","PATT","CorMis","WM_X6_M3",1000,TRUE,"inclusive",1.03507218631865,"all_requested","defined",1.02896422050614,-0.00610796581251065,0.00610796581251065,-0.590100467701127,0.00373347746846658,0.0611021887371196,0.00193222086430785,0.186674986522438,0.00376705123736491,0.0613763084370909,0.00139757010529305,0.000172192396189038,1,0,0.939,0.00756828910652864,0.922329225950876,0.95302212445892,1000,0.939,0.00756828910652864,1000,0.229906472524068,0.00345150997612526,0.924475908928644,0,"CorCor","PSM_M1",0.00607209848913143,1.62639216130729,0.0906500245744919,-0.06677114670208,0.00219431370634581,-0.00597899666891799,0.000414823604631832,-0.018,0.00926076464239113,"defined"
"retrospective","PoorOverlap","PATT","CorMis","WM_X6_M3",1000,TRUE,"inclusive",1.18185416619657,"all_requested","defined",1.18379007147215,0.00193590527558408,0.00193590527558408,0.163802381965127,0.00493610199861,0.0702573981770603,0.00222173400716872,0.187987153636619,0.00493491362584742,0.0702489403894993,0.00160208031266867,0.000225203473196777,1,0,0.947,0.00708456067798138,0.931244816710037,0.960050747639981,1000,0.947,0.00708456067798138,1000,0.276034569185563,0.00497726242721638,1.00833865033947,0,"CorCor","PSM_M1",0.0556480920523005,11.273691683837,0.764207478410519,-0.0507137496771913,0.00719535131605049,-0.0534295165010471,0.00308095221325922,-0.014,0.00904908204658826,"defined"
"prospective","PoorOverlap","PATT","CorMis","WM_X6_M3",1000,TRUE,"inclusive",1.18185416619657,"all_requested","defined",1.17333576772607,-0.00851839847049961,0.00851839847049961,-0.720765616786158,0.00712174549631135,0.0843904348626748,0.00266865986898131,0.225802805905365,0.00718718686331725,0.0847772779895489,0.00181296882096135,0.000301270074883677,1,0,0.932,0.00796090447122687,0.914586949808569,0.946811900239598,1000,0.932,0.00796090447122687,1000,0.318933516516545,0.00665470025771341,0.93441983586189,0,"CorCor","PSM_M1",0.0516976678438343,7.25912880074284,0.452655267016921,-0.0873428834212626,0.00689412854831352,-0.0506720827404263,0.00290202510437312,-0.025,0.00982198918098933,"defined"
"retrospective","GoodOverlap","PATE","MisCor","WM_X6_M3",1000,TRUE,"inclusive",0.866391828860284,"all_requested","defined",0.865516693000621,-0.000875135859662301,0.000875135859662301,-0.101009246683861,0.00322783647604494,0.0568140517481806,0.00179661806626922,0.207367845173774,0.00322537450234177,0.0567923806715458,0.00125634427404778,0.00014307948356662,1,0,0.935,0.0077958322198467,0.917898930078629,0.949479690310382,1000,0.935,0.0077958322198467,1000,0.215391508494758,0.00303300801828832,0.939641162369121,0,"CorCor","PSM_M1",0.00716442624343717,2.21957533989321,0.120539007771833,-0.0559315329410109,0.00235892784353251,-0.0069630941744311,0.000433662274548641,-0.035,0.00882342636694232,"defined"
"prospective","GoodOverlap","PATE","MisCor","WM_X6_M3",1000,TRUE,"inclusive",0.866391828860284,"all_requested","defined",0.861270368769345,-0.0051214600909384,0.0051214600909384,-0.591125160734209,0.00319040573855463,0.0564836767443005,0.00178617069132674,0.206161996434846,0.00321344468627915,0.0566872532963024,0.0012632910101824,0.000143582695193012,1,0,0.938,0.00762600813007697,0.921220050338967,0.952138151886639,1000,0.938,0.00762600813007697,1000,0.212365941391412,0.00294667789691971,0.923606004499812,0,"CorCor","PSM_M1",0.00757770737570927,2.37515475982759,0.130649611081831,-0.0602440181429492,0.0024054809569163,-0.00739518138825171,0.000467300828243194,-0.02,0.00957557787768925,"defined"
"retrospective","PoorOverlap","PATE","MisCor","WM_X6_M3",1000,TRUE,"inclusive",0.866391828860284,"all_requested","defined",0.861381339731433,-0.00501048912885044,0.00501048912885044,-0.578316757146892,0.0134277938701682,0.115878358075044,0.00366439543037705,0.422948983163596,0.0134394710776084,0.115928732752534,0.00262526186191512,0.000609344017170083,1,0,0.935,0.0077958322198467,0.917898930078629,0.949479690310382,1000,0.935,0.0077958322198467,1000,0.44117534657532,0.0128125853169534,0.954183944200869,0,"CorCor","PSM_M1",0.0988525312143353,7.36178497898679,0.473328754473703,-0.0961147426404252,0.0095850810562827,-0.0936141926134138,0.00496815855654162,-0.013,0.0101456362015368,"defined"
"prospective","PoorOverlap","PATE","MisCor","WM_X6_M3",1000,TRUE,"inclusive",0.866391828860284,"all_requested","defined",0.855603465337667,-0.0107883635226162,0.0107883635226162,-1.24520605611067,0.0127165463056286,0.112767665159959,0.00356602668324686,0.411595142573988,0.0128202185468191,0.113226403929557,0.00257962503332254,0.00057778620868416,1,0,0.948,0.00702111102319284,0.932364985949493,0.96092346505602,1000,0.948,0.00702111102319284,1000,0.446423582939498,0.0131161890854341,1.03142699048944,0,"CorCor","PSM_M1",0.12591407450154,9.90159367766444,0.663281441146828,-0.102288347593735,0.0109993316249037,-0.121340188965234,0.0064985306061123,-0.015,0.00876651879892195,"defined"
"retrospective","GoodOverlap","PATT","MisCor","WM_X6_M3",1000,TRUE,"inclusive",1.03507218631865,"all_requested","defined",1.03292952883093,-0.00214265748772676,0.00214265748772676,-0.207005609468395,0.00296943686366819,0.0544925395230227,0.00172320540379497,0.166481664426105,0.00297105840791423,0.0545074160817978,0.00115064076749319,0.000125628809920586,1,0,0.936,0.0077397674383666,0.919004925632949,0.950366910708151,1000,0.936,0.0077397674383666,1000,0.202102662254839,0.00266597706620652,0.897805607125521,0,"CorCor","PSM_M1",0.00658007194057743,2.21593259687932,0.114880628984861,-0.0638668652956801,0.0020803697793529,-0.00741231129024203,0.000412698720194605,-0.025,0.00896969650854785,"defined"
"prospective","GoodOverlap","PATT","MisCor","WM_X6_M3",1000,TRUE,"inclusive",1.03507218631865,"all_requested","defined",1.02896422050614,-0.00610796581251065,0.00610796581251065,-0.590100467701127,0.00373347746846658,0.0611021887371196,0.00193222086430785,0.186674986522438,0.00376705123736491,0.0613763084370909,0.00139757010529305,0.000172192396189038,1,0,0.939,0.00756828910652864,0.922329225950876,0.95302212445892,1000,0.939,0.00756828910652864,1000,0.229906472524068,0.00345150997612526,0.924475908928644,0,"CorCor","PSM_M1",0.00607209848913143,1.62639216130729,0.0906500245744919,-0.06677114670208,0.00219431370634581,-0.00597899666891799,0.000414823604631832,-0.018,0.00926076464239113,"defined"
"retrospective","PoorOverlap","PATT","MisCor","WM_X6_M3",1000,TRUE,"inclusive",1.18185416619657,"all_requested","defined",1.18379007147215,0.00193590527558408,0.00193590527558408,0.163802381965127,0.00493610199861,0.0702573981770603,0.00222173400716872,0.187987153636619,0.00493491362584742,0.0702489403894993,0.00160208031266867,0.000225203473196777,1,0,0.947,0.00708456067798138,0.931244816710037,0.960050747639981,1000,0.947,0.00708456067798138,1000,0.276034569185563,0.00497726242721638,1.00833865033947,0,"CorCor","PSM_M1",0.0556480920523005,11.273691683837,0.764207478410519,-0.0507137496771913,0.00719535131605049,-0.0534295165010471,0.00308095221325922,-0.014,0.00904908204658826,"defined"
"prospective","PoorOverlap","PATT","MisCor","WM_X6_M3",1000,TRUE,"inclusive",1.18185416619657,"all_requested","defined",1.17333576772607,-0.00851839847049961,0.00851839847049961,-0.720765616786158,0.00712174549631135,0.0843904348626748,0.00266865986898131,0.225802805905365,0.00718718686331725,0.0847772779895489,0.00181296882096135,0.000301270074883677,1,0,0.932,0.00796090447122687,0.914586949808569,0.946811900239598,1000,0.932,0.00796090447122687,1000,0.318933516516545,0.00665470025771341,0.93441983586189,0,"CorCor","PSM_M1",0.0516976678438343,7.25912880074284,0.452655267016921,-0.0873428834212626,0.00689412854831352,-0.0506720827404263,0.00290202510437312,-0.025,0.00982198918098933,"defined"
"retrospective","GoodOverlap","PATE","MisMis","WM_X6_M3",1000,TRUE,"inclusive",0.866391828860284,"all_requested","defined",0.865516693000621,-0.000875135859662301,0.000875135859662301,-0.101009246683861,0.00322783647604494,0.0568140517481806,0.00179661806626922,0.207367845173774,0.00322537450234177,0.0567923806715458,0.00125634427404778,0.00014307948356662,1,0,0.935,0.0077958322198467,0.917898930078629,0.949479690310382,1000,0.935,0.0077958322198467,1000,0.215391508494758,0.00303300801828832,0.939641162369121,0,"CorCor","PSM_M1",0.00716442624343717,2.21957533989321,0.120539007771833,-0.0559315329410109,0.00235892784353251,-0.0069630941744311,0.000433662274548641,-0.035,0.00882342636694232,"defined"
"prospective","GoodOverlap","PATE","MisMis","WM_X6_M3",1000,TRUE,"inclusive",0.866391828860284,"all_requested","defined",0.861270368769345,-0.0051214600909384,0.0051214600909384,-0.591125160734209,0.00319040573855463,0.0564836767443005,0.00178617069132674,0.206161996434846,0.00321344468627915,0.0566872532963024,0.0012632910101824,0.000143582695193012,1,0,0.938,0.00762600813007697,0.921220050338967,0.952138151886639,1000,0.938,0.00762600813007697,1000,0.212365941391412,0.00294667789691971,0.923606004499812,0,"CorCor","PSM_M1",0.00757770737570927,2.37515475982759,0.130649611081831,-0.0602440181429492,0.0024054809569163,-0.00739518138825171,0.000467300828243194,-0.02,0.00957557787768925,"defined"
"retrospective","PoorOverlap","PATE","MisMis","WM_X6_M3",1000,TRUE,"inclusive",0.866391828860284,"all_requested","defined",0.861381339731433,-0.00501048912885044,0.00501048912885044,-0.578316757146892,0.0134277938701682,0.115878358075044,0.00366439543037705,0.422948983163596,0.0134394710776084,0.115928732752534,0.00262526186191512,0.000609344017170083,1,0,0.935,0.0077958322198467,0.917898930078629,0.949479690310382,1000,0.935,0.0077958322198467,1000,0.44117534657532,0.0128125853169534,0.954183944200869,0,"CorCor","PSM_M1",0.0988525312143353,7.36178497898679,0.473328754473703,-0.0961147426404252,0.0095850810562827,-0.0936141926134138,0.00496815855654162,-0.013,0.0101456362015368,"defined"
"prospective","PoorOverlap","PATE","MisMis","WM_X6_M3",1000,TRUE,"inclusive",0.866391828860284,"all_requested","defined",0.855603465337667,-0.0107883635226162,0.0107883635226162,-1.24520605611067,0.0127165463056286,0.112767665159959,0.00356602668324686,0.411595142573988,0.0128202185468191,0.113226403929557,0.00257962503332254,0.00057778620868416,1,0,0.948,0.00702111102319284,0.932364985949493,0.96092346505602,1000,0.948,0.00702111102319284,1000,0.446423582939498,0.0131161890854341,1.03142699048944,0,"CorCor","PSM_M1",0.12591407450154,9.90159367766444,0.663281441146828,-0.102288347593735,0.0109993316249037,-0.121340188965234,0.0064985306061123,-0.015,0.00876651879892195,"defined"
"retrospective","GoodOverlap","PATT","MisMis","WM_X6_M3",1000,TRUE,"inclusive",1.03507218631865,"all_requested","defined",1.03292952883093,-0.00214265748772676,0.00214265748772676,-0.207005609468395,0.00296943686366819,0.0544925395230227,0.00172320540379497,0.166481664426105,0.00297105840791423,0.0545074160817978,0.00115064076749319,0.000125628809920586,1,0,0.936,0.0077397674383666,0.919004925632949,0.950366910708151,1000,0.936,0.0077397674383666,1000,0.202102662254839,0.00266597706620652,0.897805607125521,0,"CorCor","PSM_M1",0.00658007194057743,2.21593259687932,0.114880628984861,-0.0638668652956801,0.0020803697793529,-0.00741231129024203,0.000412698720194605,-0.025,0.00896969650854785,"defined"
"prospective","GoodOverlap","PATT","MisMis","WM_X6_M3",1000,TRUE,"inclusive",1.03507218631865,"all_requested","defined",1.02896422050614,-0.00610796581251065,0.00610796581251065,-0.590100467701127,0.00373347746846658,0.0611021887371196,0.00193222086430785,0.186674986522438,0.00376705123736491,0.0613763084370909,0.00139757010529305,0.000172192396189038,1,0,0.939,0.00756828910652864,0.922329225950876,0.95302212445892,1000,0.939,0.00756828910652864,1000,0.229906472524068,0.00345150997612526,0.924475908928644,0,"CorCor","PSM_M1",0.00607209848913143,1.62639216130729,0.0906500245744919,-0.06677114670208,0.00219431370634581,-0.00597899666891799,0.000414823604631832,-0.018,0.00926076464239113,"defined"
"retrospective","PoorOverlap","PATT","MisMis","WM_X6_M3",1000,TRUE,"inclusive",1.18185416619657,"all_requested","defined",1.18379007147215,0.00193590527558408,0.00193590527558408,0.163802381965127,0.00493610199861,0.0702573981770603,0.00222173400716872,0.187987153636619,0.00493491362584742,0.0702489403894993,0.00160208031266867,0.000225203473196777,1,0,0.947,0.00708456067798138,0.931244816710037,0.960050747639981,1000,0.947,0.00708456067798138,1000,0.276034569185563,0.00497726242721638,1.00833865033947,0,"CorCor","PSM_M1",0.0556480920523005,11.273691683837,0.764207478410519,-0.0507137496771913,0.00719535131605049,-0.0534295165010471,0.00308095221325922,-0.014,0.00904908204658826,"defined"
"prospective","PoorOverlap","PATT","MisMis","WM_X6_M3",1000,TRUE,"inclusive",1.18185416619657,"all_requested","defined",1.17333576772607,-0.00851839847049961,0.00851839847049961,-0.720765616786158,0.00712174549631135,0.0843904348626748,0.00266865986898131,0.225802805905365,0.00718718686331725,0.0847772779895489,0.00181296882096135,0.000301270074883677,1,0,0.932,0.00796090447122687,0.914586949808569,0.946811900239598,1000,0.932,0.00796090447122687,1000,0.318933516516545,0.00665470025771341,0.93441983586189,0,"CorCor","PSM_M1",0.0516976678438343,7.25912880074284,0.452655267016921,-0.0873428834212626,0.00689412854831352,-0.0506720827404263,0.00290202510437312,-0.025,0.00982198918098933,"defined"
"retrospective","GoodOverlap","PATE","CorCor","WM_PS_M5",1000,TRUE,"inclusive",0.866391828860284,"all_requested","defined",0.865696495259951,-0.000695333600332588,0.000695333600332588,-0.080256250944481,0.00322519673257303,0.0567908155653098,0.00179588327364922,0.207283034514725,0.00322245502465621,0.0567666717771635,0.00130165293498748,0.000148028518058574,1,0,0.941,0.00745110730026082,0.924550926915759,0.954786645597203,1000,0.941,0.00745110730026082,1000,0.216777430267387,0.00308156988087201,0.955467258710003,0,"CorCor","PSM_M1",0.00716442624343717,2.22139200721609,0.121381783221175,-0.0557517306816812,0.00231351780491786,-0.00696601365211666,0.000433734099176235,-0.029,0.00861587100839104,"defined"
"prospective","GoodOverlap","PATE","CorCor","WM_PS_M5",1000,TRUE,"inclusive",0.866391828860284,"all_requested","defined",0.859673569876255,-0.00671825898402913,0.00671825898402913,-0.775429633595093,0.00326642270008191,0.0571526263620659,0.00180732473564711,0.208603621992212,0.00330829128115832,0.0575177475320298,0.00124507015656931,0.000143070867054308,1,0,0.938,0.00762600813007697,0.921220050338967,0.952138151886639,1000,0.938,0.00762600813007697,1000,0.215075633959174,0.00302605752157356,0.926413327184407,0,"CorCor","PSM_M1",0.00757770737570927,2.31987959657494,0.118135001712735,-0.06184081703604,0.00232283867785636,-0.00730033479337254,0.000462107619167147,-0.02,0.00925665629078263,"defined"
"retrospective","PoorOverlap","PATE","CorCor","WM_PS_M5",1000,TRUE,"inclusive",0.866391828860284,"all_requested","defined",0.862092115630507,-0.00429971322977682,0.00429971322977682,-0.496278137275716,0.0208758977921352,0.144484939672393,0.00456901496956786,0.527361272044576,0.0208735094282013,0.144476674339498,0.00367071533828588,0.00106174125604396,1,0,0.953,0.00669260786241059,0.937987369306695,0.965264937733204,1000,0.953,0.00669260786241059,1000,0.553705874867488,0.0212271647833277,1.0168264375832,0,"CorCor","PSM_M1",0.0988525312143353,4.7352469435627,0.315653562202516,-0.0954039667413516,0.00947925360302393,-0.0861801542628209,0.00497670768669146,0.005,0.00943737590986308,"defined"
"prospective","PoorOverlap","PATE","CorCor","WM_PS_M5",1000,TRUE,"inclusive",0.866391828860284,"all_requested","defined",0.857448739648825,-0.00894308921145911,0.00894308921145911,-1.03222224789718,0.0209744661012138,0.144825640344567,0.00457978887081204,0.528604808846897,0.0210334704797567,0.145029205609617,0.0033228234518705,0.000959493350155969,1,0,0.946,0.00714730718522718,0.930125994422933,0.959176648874369,1000,0.946,0.00714730718522718,1000,0.549029468304525,0.0212284041578211,1.01210700932181,0,"CorCor","PSM_M1",0.12591407450154,6.00320760938238,0.394508226390503,-0.100443073282578,0.0107355352705312,-0.113126937032296,0.00649433360983211,-0.017,0.00898842543451253,"defined"
"retrospective","GoodOverlap","PATT","CorCor","WM_PS_M5",1000,TRUE,"inclusive",1.03507218631865,"all_requested","defined",1.03294053463844,-0.0021316516802106,0.0021316516802106,-0.205942320582688,0.0028756690690599,0.0536252652120239,0.00169577978200588,0.163832030695087,0.00287733733887659,0.0536408178430995,0.00114995508089568,0.000123241561752824,1,0,0.944,0.00727076337120113,0.927892253716747,0.957424450313383,1000,0.944,0.00727076337120113,1000,0.198933057210975,0.00258312241555832,0.898268317224269,0,"CorCor","PSM_M1",0.00658007194057743,2.28818816858108,0.117072420964292,-0.0638558594881639,0.00201560472197111,-0.00750603235927968,0.000410707981386377,-0.017,0.00876286413153758,"defined"
"prospective","GoodOverlap","PATT","CorCor","WM_PS_M5",1000,TRUE,"inclusive",1.03507218631865,"all_requested","defined",1.02735156160156,-0.00772062471709028,0.00772062471709028,-0.745902055831442,0.00379118650588332,0.0615726116539109,0.00194709694311386,0.188112188584539,0.00384700336539958,0.0620242159595717,0.00140940962174498,0.000173281888276199,1,0,0.936,0.0077397674383666,0.919004925632949,0.950366910708151,1000,0.936,0.0077397674383666,1000,0.227277100211767,0.00337354201749184,0.88983805261404,0,"CorCor","PSM_M1",0.00607209848913143,1.60163539295904,0.0858464229099486,-0.0683838056066596,0.00212320291653031,-0.00589904454088333,0.000415998519868065,-0.021,0.00897995766357724,"defined"
"retrospective","PoorOverlap","PATT","CorCor","WM_PS_M5",1000,TRUE,"inclusive",1.18185416619657,"all_requested","defined",1.18158066223355,-0.000273503963021496,0.000273503963021496,-0.0231419383917462,0.0081457998032056,0.0902540846898665,0.0028540847575371,0.241492126454322,0.00813772880782018,0.0902093609766757,0.00211925598177831,0.00038263559105157,1,0,0.942,0.00739161687318817,0.925663504617648,0.955667139747179,1000,0.942,0.00739161687318817,1000,0.34528617509198,0.00801107374238275,0.983460671256636,0,"CorCor","PSM_M1",0.0556480920523005,6.83150745128814,0.451782399446856,-0.0529231589157969,0.00676871730960388,-0.0502267013190744,0.00305727944511204,-0.019,0.00909514825177257,"defined"
"prospective","PoorOverlap","PATT","CorCor","WM_PS_M5",1000,TRUE,"inclusive",1.18185416619657,"all_requested","defined",1.17275365058846,-0.00910051560810906,0.00910051560810906,-0.7700201825574,0.013172171678339,0.11477008180854,0.00362934865758844,0.307089382209344,0.0132418188909941,0.115073102378419,0.00250040322027973,0.000567334611887202,1,0,0.926,0.00827792244467173,0.907988263985751,0.941450555739347,1000,0.926,0.00827792244467173,1000,0.40561893238787,0.0112910292808821,0.857188135457541,0,"CorCor","PSM_M1",0.0516976678438343,3.92476420033673,0.238413237392816,-0.0879250005588721,0.00664763849099794,-0.0446174507127494,0.00290384077389265,-0.031,0.0103993820560237,"defined"
"retrospective","GoodOverlap","PATE","CorMis","WM_PS_M5",1000,TRUE,"inclusive",0.866391828860284,"all_requested","defined",0.861084078382323,-0.00530775047796078,0.00530775047796078,-0.612627024073276,0.00371502261566415,0.0609509853543333,0.00192743939351258,0.222467402081582,0.00373947980818478,0.0611512862349172,0.00136924747686983,0.00016725023003457,1,0,0.971,0.00530650544143696,0.958615280883598,0.980494062675615,1000,0.971,0.00530650544143696,1000,0.286536677179028,0.00539696911188078,1.45274192655647,0,"CorCor","PSM_M1",0.00716442624343717,1.92850138064539,0.100297060038255,-0.0603641475593094,0.00228982997660735,-0.00644898886858809,0.000438470060711343,0.001,0.00671148597883092,"defined"
"prospective","GoodOverlap","PATE","CorMis","WM_PS_M5",1000,TRUE,"inclusive",0.866391828860284,"all_requested","defined",0.858634069221233,-0.00775775963905047,0.00775775963905047,-0.895410065126723,0.00393707013634105,0.0627460766609439,0.00198420516488115,0.229019376543674,0.00399331590082199,0.0631926886658733,0.00138904021854588,0.000173942829751794,1,0,0.974,0.00503229569878401,0.962134877521079,0.982947213654371,1000,0.974,0.00503229569878401,1000,0.280385786895719,0.0051536953955403,1.30901792883221,0,"CorCor","PSM_M1",0.00757770737570927,1.92470723489617,0.0975080384397349,-0.0628803176910613,0.00233374850458369,-0.00661531017370888,0.000464575418461877,0.016,0.00719692960892322,"defined"
"retrospective","PoorOverlap","PATE","CorMis","WM_PS_M5",1000,TRUE,"inclusive",0.866391828860284,"all_requested","defined",0.867568946263072,0.00117711740278817,0.00117711740278817,0.135864324151884,0.0395965932643746,0.198988927491895,0.00629258240028485,0.726297523900079,0.0395583822764902,0.198892891467971,0.00488146670527895,0.00194235667101383,1,0,0.955,0.00655553201502365,0.940247167306592,0.966990374568851,1000,0.955,0.00655553201502365,1000,0.757367331914571,0.0406123518460438,1.02565267609987,0,"CorCor","PSM_M1",0.0988525312143353,2.49649081056864,0.165874044164116,-0.0899271361087866,0.00971866338167493,-0.067495281414532,0.00515135474179611,0.007,0.00932941788312851,"defined"
"prospective","PoorOverlap","PATE","CorMis","WM_PS_M5",1000,TRUE,"inclusive",0.866391828860284,"all_requested","defined",0.862671419400326,-0.0037204094599575,0.0037204094599575,-0.429414190673013,0.0369801589341202,0.192302259305813,0.0060811313860268,0.70189159032425,0.0369570202217358,0.192242087539997,0.00497523546355757,0.00191925167880712,1,0,0.964,0.00589101010014412,0.950507088281988,0.974661085070162,1000,0.964,0.00589101010014412,1000,0.751724216425392,0.040859008956523,1.10489003114651,0,"CorCor","PSM_M1",0.12591407450154,3.40490896012249,0.233706147278261,-0.0952203935310764,0.0108807303255475,-0.0972033872903172,0.00654881599716517,0.001,0.00794116251326354,"defined"
"retrospective","GoodOverlap","PATT","CorMis","WM_PS_M5",1000,TRUE,"inclusive",1.03507218631865,"all_requested","defined",1.03359030683526,-0.00148187948339318,0.00148187948339318,-0.143166776479972,0.00314745493258021,0.0561021829573521,0.00177410679852714,0.171399330595187,0.00314650344445093,0.056093702359988,0.00118842063833545,0.000133418559804658,1,0,0.979,0.00453420334788814,0.968077664819584,0.986954807709612,1000,0.979,0.00453420334788814,1000,0.250044746659906,0.00408131079989342,1.29670190274898,0,"CorCor","PSM_M1",0.00658007194057743,2.09060084465872,0.104173649624881,-0.0632060872913465,0.00199279858825783,-0.00723686625370534,0.000406125022168216,0.018,0.00705164702220167,"defined"
"prospective","GoodOverlap","PATT","CorMis","WM_PS_M5",1000,TRUE,"inclusive",1.03507218631865,"all_requested","defined",1.02444103769159,-0.0106311486270577,0.0106311486270577,-1.02709248374923,0.00440812075653391,0.0663936800948246,0.0020995525134023,0.202841168099549,0.00451673395690796,0.0672066511359401,0.0014750184260778,0.000195568158951897,1,0,0.966,0.00573096850453743,0.952810561384293,0.976341351892403,1000,0.966,0.00573096850453743,1000,0.286435201325533,0.00536333077046865,1.21669325018352,0,"CorCor","PSM_M1",0.00607209848913143,1.37748007019343,0.0712472134684769,-0.0712943295166271,0.00214626367318514,-0.00522931394937494,0.000420295941352538,0.009,0.00793611882358007,"defined"
"retrospective","PoorOverlap","PATT","CorMis","WM_PS_M5",1000,TRUE,"inclusive",1.18185416619657,"all_requested","defined",1.19533213178725,0.0134779655906817,0.0134779655906817,1.14040851876474,0.0125047782924129,0.11182476600652,0.00353620959395974,0.299208624473519,0.0126739290705841,0.112578546226997,0.00256983859524776,0.000582744941258712,1,0,0.952,0.00675988165576884,0.936859884598491,0.964399734657117,1000,0.952,0.00675988165576884,1000,0.458529996689845,0.0143245531210341,1.14552635689073,0,"CorCor","PSM_M1",0.0556480920523005,4.45014623618432,0.275430724210796,-0.0391716893620937,0.00640410089251083,-0.0456905010563105,0.00299233087238262,-0.009,0.00842555576742508,"defined"
"prospective","PoorOverlap","PATT","CorMis","WM_PS_M5",1000,TRUE,"inclusive",1.18185416619657,"all_requested","defined",1.18264626501941,0.00079209882284321,0.00079209882284321,0.0670217058499133,0.0201921216021047,0.142098985225457,0.0044935644651106,0.380213108658891,0.0201725569010478,0.142030126737421,0.00313003373722209,0.000890090909637318,1,0,0.951,0.00682634602111555,0.93573394685983,0.963532940827952,1000,0.951,0.00682634602111555,1000,0.5443433929685,0.0204676846004798,1.01364705521318,0,"CorCor","PSM_M1",0.0516976678438343,2.56028905048025,0.146288165189272,-0.0780323861279198,0.00631389806479492,-0.0376867127026958,0.00283228392906702,-0.006,0.00905792724888239,"defined"
"retrospective","GoodOverlap","PATE","MisCor","WM_PS_M5",1000,TRUE,"inclusive",0.866391828860284,"all_requested","defined",0.864780464478471,-0.00161136438181258,0.00161136438181258,-0.185985639307367,0.00332403896882421,0.0576544791739914,0.00182319471500556,0.210435354336608,0.00332331142502636,0.0576481693120116,0.00130982652421373,0.000151480484201295,1,0,0.94,0.00750999334220744,0.923439509596065,0.953904964577516,1000,0.94,0.00750999334220744,1000,0.216400616486632,0.00306909388973681,0.9233026202525,0,"CorCor","PSM_M1",0.00716442624343717,2.15533762107831,0.118606655989419,-0.0566677614631612,0.00233389724482348,-0.00686515725174651,0.000436547778671343,-0.03,0.00889826832474607,"defined"
"prospective","GoodOverlap","PATE","MisCor","WM_PS_M5",1000,TRUE,"inclusive",0.866391828860284,"all_requested","defined",0.860723185899653,-0.00566864296063037,0.00566864296063037,-0.654281673926603,0.00324681101923979,0.0569807951790758,0.00180189095653422,0.207976448589613,0.00327569772123565,0.0572337114053916,0.00124712433396075,0.000142909488129871,1,0,0.944,0.00727076337120113,0.927892253716747,0.957424450313383,1000,0.944,0.00727076337120113,1000,0.214846716814619,0.00301992704283306,0.930120978688851,0,"CorCor","PSM_M1",0.00757770737570927,2.33389234261116,0.124647614052748,-0.0607912010126412,0.0023857893888138,-0.00733292835329521,0.00046684331390067,-0.014,0.00904908204658826,"defined"
"retrospective","PoorOverlap","PATE","MisCor","WM_PS_M5",1000,TRUE,"inclusive",0.866391828860284,"all_requested","defined",0.864662947764736,-0.00172888109554814,0.00172888109554814,-0.199549561521424,0.0207163004184958,0.143931582421982,0.00455151627685717,0.525341551621577,0.0206985731479198,0.143869986960171,0.00363968133446479,0.00104855375391764,1,0,0.951,0.00682634602111555,0.93573394685983,0.963532940827952,1000,0.951,0.00682634602111555,1000,0.548072812046475,0.0207573796970763,1.0019829447223,0,"CorCor","PSM_M1",0.0988525312143353,4.77172705634634,0.32070387137626,-0.0928331346071229,0.00952179011556402,-0.0863550905431024,0.0049840529625485,0.003,0.00933156353876874,"defined"
"prospective","PoorOverlap","PATE","MisCor","WM_PS_M5",1000,TRUE,"inclusive",0.866391828860284,"all_requested","defined",0.860189144069038,-0.00620268479124565,0.00620268479124565,-0.715921432385289,0.0203059475952881,0.142498938926885,0.00450621211166187,0.520112489702226,0.0203241149463124,0.142562670241239,0.00334917176796848,0.000951274122757159,1,0,0.95,0.00689202437604511,0.934609512084506,0.962664602395338,1000,0.95,0.00689202437604511,1000,0.545844891914011,0.0209057295002372,1.02953725267607,0,"CorCor","PSM_M1",0.12591407450154,6.20084701345123,0.412367933064191,-0.0977026688623645,0.0108062580212978,-0.113836292565741,0.00649489480135257,-0.013,0.00899510488609843,"defined"
"retrospective","GoodOverlap","PATT","MisCor","WM_PS_M5",1000,TRUE,"inclusive",1.03507218631865,"all_requested","defined",1.03139575612416,-0.00367643019449129,0.00367643019449129,-0.355185874288336,0.00277461145759198,0.0526745807538321,0.00166571649976579,0.160927568316765,0.00278535298510936,0.052776443467795,0.00111940958434092,0.000117669183075128,1,0,0.937,0.00768316341099159,0.920111958126645,0.951253072443419,1000,0.937,0.00768316341099159,1000,0.198804575356595,0.0025799194080502,0.929830878118427,0,"CorCor","PSM_M1",0.00658007194057743,2.37152914602613,0.123928026370954,-0.0654006380024446,0.00205701864336092,-0.0075980167130469,0.000415124072732555,-0.024,0.00913824422454924,"defined"
"prospective","GoodOverlap","PATT","MisCor","WM_PS_M5",1000,TRUE,"inclusive",1.03507218631865,"all_requested","defined",1.02734762573573,-0.0077245605829185,0.0077245605829185,-0.746282306202406,0.00368910949442171,0.0607380399290404,0.0019207054679002,0.185562465428754,0.00374508922112646,0.0611971340924268,0.00135037017773892,0.000163223605639598,1,0,0.936,0.0077397674383666,0.919004925632949,0.950366910708151,1000,0.936,0.0077397674383666,1000,0.227160950498819,0.00337027133085379,0.913573136267699,0,"CorCor","PSM_M1",0.00607209848913143,1.6459523628434,0.0887674009539385,-0.0683877414724878,0.00216897958725347,-0.00600095868515644,0.000416678375528325,-0.021,0.00920019802197994,"defined"
"retrospective","PoorOverlap","PATT","MisCor","WM_PS_M5",1000,TRUE,"inclusive",1.18185416619657,"all_requested","defined",1.18182350548133,-3.06607152380229e-05,3.06607152380229e-05,-0.00259428922069928,0.00759159252297667,0.0871297453397901,0.00275528447224178,0.233132356854891,0.00758400187053315,0.0870861749678624,0.00208756891668179,0.000363947659560925,1,0,0.946,0.00714730718522718,0.930125994422933,0.959176648874369,1000,0.946,0.00714730718522718,1000,0.339867360343772,0.00774562055486348,1.02028929126802,0,"CorCor","PSM_M1",0.0556480920523005,7.33022641611445,0.491764195553456,-0.0526803156680134,0.00682334551174212,-0.0507804282563614,0.00306388505985404,-0.015,0.00899198842614112,"defined"
"prospective","PoorOverlap","PATT","MisCor","WM_PS_M5",1000,TRUE,"inclusive",1.18185416619657,"all_requested","defined",1.17203110493209,-0.00982306126448337,0.00982306126448337,-0.831156799666395,0.0126111448138865,0.112299353577331,0.00355121737068945,0.300478474608922,0.0126950262016784,0.112672206873205,0.00245636342304719,0.000548425507300046,1,0,0.924,0.00837997613361756,0.905795676355098,0.939656338820098,1000,0.924,0.00837997613361756,1000,0.402729548000818,0.0112024504287582,0.888297660052473,0,"CorCor","PSM_M1",0.0516976678438343,4.09936358726994,0.250723727061467,-0.0886475462152464,0.00661997833264446,-0.0451642434020652,0.00290351238784076,-0.033,0.0102964565272242,"defined"
"retrospective","GoodOverlap","PATE","MisMis","WM_PS_M5",1000,TRUE,"inclusive",0.866391828860284,"all_requested","defined",0.933025778796356,0.0666339499360727,0.0666339499360727,7.69097165005907,0.00572012491409632,0.075631507416528,0.00239167826308145,0.276050417768557,0.0101544880732653,0.100769479869975,0.00210311015822529,0.000251931316598799,1,0,0.854,0.0111661989951818,0.830574624546146,0.875317961710623,1000,0.854,0.0111661989951818,1000,0.287939218828089,0.00544803983029556,0.952433716415832,0,"CorCor","PSM_M1",0.00716442624343717,1.25249471839008,0.0709716072966522,0.0115775528547241,0.00270972971641143,-3.39806035075977e-05,0.000500494145189315,-0.116,0.011343397756963,"defined"
"prospective","GoodOverlap","PATE","MisMis","WM_PS_M5",1000,TRUE,"inclusive",0.866391828860284,"all_requested","defined",0.933107625159285,0.0667157962990014,0.0667157962990014,7.70041845694278,0.00540006248108047,0.0734851174121704,0.00232380345147357,0.268216224353186,0.00984565989440924,0.0992252986612247,0.00204172646564792,0.000246937668242327,1,0,0.838,0.0116514376795312,0.813675345075231,0.860314888415422,1000,0.838,0.0116514376795312,1000,0.282877861607038,0.00526053385424636,0.974161664365374,0,"CorCor","PSM_M1",0.00757770737570927,1.40326290709753,0.081274824584674,0.0115932382469905,0.00278375370112759,-0.000762966180121623,0.000498520921627774,-0.12,0.0118211564468008,"defined"
"retrospective","PoorOverlap","PATE","MisMis","WM_PS_M5",1000,TRUE,"inclusive",0.866391828860284,"all_requested","defined",1.11896280622326,0.252570977362973,0.252570977362973,29.1520497942858,0.044356981163756,0.210610971138153,0.00666010369016549,0.768717278754428,0.10810472278868,0.328792826546869,0.00664274484653278,0.0023199812459714,1,0,0.747,0.0137473997541353,0.718852737416706,0.77368475133546,1000,0.747,0.0137473997541353,1000,0.77898967319537,0.0436623554910577,0.984340104883739,0,"CorCor","PSM_M1",0.0988525312143353,2.22856760358406,0.160066901104791,0.161466723851398,0.0101141354220031,0.00105105909765754,0.00623737220605997,-0.201,0.0146565280272585,"defined"
"prospective","PoorOverlap","PATE","MisMis","WM_PS_M5",1000,TRUE,"inclusive",0.866391828860284,"all_requested","defined",1.11481726219973,0.248425433339447,0.248425433339447,28.6735660545465,0.0422259671881971,0.205489579269113,0.00649815105920115,0.750024508858689,0.103898937150901,0.322333580551113,0.00645030251348282,0.00215381493523751,1,0,0.737,0.0139223202089307,0.708540638560736,0.764056475319707,1000,0.737,0.0139223202089307,1000,0.765032781794263,0.0424501011748695,1.00530796572814,0,"CorCor","PSM_M1",0.12591407450154,2.98191096346835,0.198640540368328,0.156925449268328,0.0111374548448943,-0.0302614703611523,0.00701230515233387,-0.226,0.0143920509702798,"defined"
"retrospective","GoodOverlap","PATT","MisMis","WM_PS_M5",1000,TRUE,"inclusive",1.03507218631865,"all_requested","defined",1.08650478894247,0.0514326026238205,0.0514326026238205,4.96898702367283,0.00423466960062996,0.0650743390333699,0.00205783128575449,0.19881041273782,0.00687574754368916,0.0829201274944097,0.00173065178398303,0.000179930922743782,1,0,0.857,0.0110702755159933,0.833752843403278,0.878121357124108,1000,0.857,0.0110702755159933,1000,0.248473646320074,0.00403039736009048,0.951761941354505,0,"CorCor","PSM_M1",0.00658007194057743,1.55385722172954,0.0830872669071545,-0.0102916051841328,0.00223695378436519,-0.0035076221544671,0.000387469337257841,-0.104,0.0111941640737176,"defined"
"prospective","GoodOverlap","PATT","MisMis","WM_PS_M5",1000,TRUE,"inclusive",1.03507218631865,"all_requested","defined",1.0801298230702,0.0450576367515513,0.0450576367515513,4.35309124784849,0.00563154502438895,0.0750436208107588,0.00237308765628009,0.229267841185091,0.00765610410899931,0.0874991663331675,0.00192187102732068,0.000256285694903462,1,0,0.888,0.00997276290703835,0.86680083443076,0.90688146007839,1000,0.888,0.00997276290703835,1000,0.284996365075235,0.00530858029131608,0.942650776709733,0,"CorCor","PSM_M1",0.00607209848913143,1.07822959113965,0.0622313665959548,-0.015605544138018,0.00245115626814544,-0.0020899437972836,0.000419037448209712,-0.069,0.0105995920370244,"defined"
"retrospective","PoorOverlap","PATT","MisMis","WM_PS_M5",1000,TRUE,"inclusive",1.18185416619657,"all_requested","defined",1.38885322133037,0.206999055133801,0.206999055133801,17.5147713698013,0.012926528986445,0.113694894284858,0.00359534824272212,0.304212511624224,0.0557622112837449,0.236140236477702,0.00339377295336864,0.00061161533946302,1,0,0.535,0.0157726028289563,0.503521694373,0.566271693163022,1000,0.535,0.0157726028289563,1000,0.443484417466318,0.013391862487366,1.03599833345896,0,"CorCor","PSM_M1",0.0556480920523005,4.30495240529411,0.283418174467335,0.154349400181025,0.00672962627172973,-0.0026022188431496,0.00320636179657032,-0.426,0.0160867269132904,"defined"
"prospective","PoorOverlap","PATT","MisMis","WM_PS_M5",1000,TRUE,"inclusive",1.18185416619657,"all_requested","defined",1.37352387377148,0.191669707574914,0.191669707574914,16.2177122234753,0.0214646287379905,0.146508118334755,0.004632993496433,0.392010590557281,0.0581804409111055,0.241206220713947,0.00431884786827637,0.000968917972283067,1,0,0.669,0.0148808265899445,0.638868962268816,0.698132163923171,1000,0.669,0.0148808265899445,1000,0.532085156291061,0.0197304361925272,0.919206962923429,0,"CorCor","PSM_M1",0.0516976678438343,2.40850510273835,0.146235947376957,0.112845222624151,0.00655799760843684,0.000321171307361914,0.00307655200373383,-0.288,0.0151421691076703,"defined"
"retrospective","GoodOverlap","PATE","CorCor","WM_DSM_M5",1000,TRUE,"inclusive",0.866391828860284,"all_requested","defined",0.864916974189942,-0.00147485467034172,0.00147485467034172,-0.170229522164568,0.00307607156459132,0.0554623436629874,0.00175387330346046,0.20243419259478,0.00307517068932536,0.0554542215645064,0.00127682175280504,0.000142013896770721,1,0,0.944,0.00727076337120113,0.927892253716747,0.957424450313383,1000,0.944,0.00727076337120113,1000,0.212332105085993,0.00294910907037323,0.958725767085667,0,"CorCor","PSM_M1",0.00716442624343717,2.32908308308133,0.126742033583115,-0.0565312517516903,0.00229771153424592,-0.00711329798744751,0.000431574659542727,-0.026,0.00833026970712194,"defined"
"prospective","GoodOverlap","PATE","CorCor","WM_DSM_M5",1000,TRUE,"inclusive",0.866391828860284,"all_requested","defined",0.861176891841812,-0.00521493701847139,0.00521493701847139,-0.601914381548532,0.00319905875939181,0.0565602224128567,0.00178859127790332,0.206441383485364,0.00322305526873905,0.0567719584719344,0.00124043407409294,0.000139792047168772,1,0,0.929,0.00812151463706124,0.911283559113213,0.944135351750103,1000,0.929,0.00812151463706124,1000,0.212122180142085,0.00294147274769259,0.919480687579431,0,"CorCor","PSM_M1",0.00757770737570927,2.36873028776436,0.13027136787232,-0.0603374950704822,0.00241606801282081,-0.00738557080579182,0.000474932450308661,-0.029,0.0101124310262795,"defined"
"retrospective","PoorOverlap","PATE","CorCor","WM_DSM_M5",1000,TRUE,"inclusive",0.866391828860284,"all_requested","defined",0.873960217526354,0.00756838866607025,0.00756838866607025,0.87355263680479,0.0106830263702118,0.103358726628243,0.00326848992199943,0.377253087243337,0.0107296238508423,0.103583897642647,0.00235737213609201,0.000483216200124995,1,0,0.944,0.00727076337120113,0.927892253716747,0.957424450313383,1000,0.944,0.00727076337120113,1000,0.401182951715479,0.0106144967627818,0.993585187843292,0,"CorCor","PSM_M1",0.0988525312143353,9.2532329125361,0.600416494004346,-0.0835358648455045,0.00956120103238583,-0.0963240398401799,0.00496784822719628,-0.004,0.00949073622402783,"defined"
"prospective","PoorOverlap","PATE","CorCor","WM_DSM_M5",1000,TRUE,"inclusive",0.866391828860284,"all_requested","defined",0.866257095204907,-0.000134733655376692,0.000134733655376692,-0.0155511225854855,0.0107981815024048,0.103914298835169,0.00328605865778516,0.379280892123358,0.0107874014740603,0.10386241608041,0.00243670025766958,0.00050662702631765,1,0,0.943,0.00733150734842434,0.926777270539338,0.956546418063041,1000,0.943,0.00733150734842434,1000,0.403059397540147,0.0107446920743643,0.995046441104125,0,"CorCor","PSM_M1",0.12591407450154,11.6606740193706,0.80547061836295,-0.0916347177264956,0.010981795478658,-0.123373006037993,0.00650406035132946,-0.02,0.00914787864390885,"defined"
"retrospective","GoodOverlap","PATT","CorCor","WM_DSM_M5",1000,TRUE,"inclusive",1.03507218631865,"all_requested","defined",1.03159747741721,-0.0034747089014416,0.0034747089014416,-0.335697253521977,0.00276880976505394,0.0526194808512393,0.00166397408785532,0.160759231080629,0.00277811455723865,0.0527078225431353,0.00109486801832091,0.000115185497029192,1,0,0.944,0.00727076337120113,0.927892253716747,0.957424450313383,1000,0.944,0.00727076337120113,1000,0.198243628294353,0.00256527195469414,0.926489059332021,0,"CorCor","PSM_M1",0.00658007194057743,2.3764983870061,0.118447261121365,-0.0651989167093949,0.00203245074727299,-0.00760525514091762,0.000409746188660849,-0.017,0.0085313412652281,"defined"
"prospective","GoodOverlap","PATT","CorCor","WM_DSM_M5",1000,TRUE,"inclusive",1.03507218631865,"all_requested","defined",1.02844168886282,-0.00663049745583029,0.00663049745583029,-0.640583095891349,0.00374526253869892,0.0611985501355949,0.00193526807928486,0.186969382895685,0.003785480772672,0.0615262608377268,0.00139186004892196,0.000169212970472058,1,0,0.94,0.00750999334220744,0.923439509596065,0.953904964577516,1000,0.94,0.00750999334220744,1000,0.226799042185273,0.00335935273709163,0.896960547459683,0,"CorCor","PSM_M1",0.00607209848913143,1.62127445710143,0.08848187422679,-0.0672936783453996,0.00217000968736593,-0.00596056713361091,0.000416849807241958,-0.017,0.00942336456897428,"defined"
"retrospective","PoorOverlap","PATT","CorCor","WM_DSM_M5",1000,TRUE,"inclusive",1.18185416619657,"all_requested","defined",1.1851211417654,0.00326697556883208,0.00326697556883208,0.276427977518227,0.00564326151973149,0.0751216448151363,0.00237555499194009,0.201002379133212,0.0056482913875791,0.0751551155117142,0.00180984059232585,0.00027281747994901,1,0,0.95,0.00689202437604511,0.934609512084506,0.962664602395338,1000,0.95,0.00689202437604511,1000,0.297621225181454,0.00581016975515737,1.02957655512549,0,"CorCor","PSM_M1",0.0556480920523005,9.86098054427014,0.675099037849875,-0.0493826793839433,0.00703988287102336,-0.0527161387393154,0.00307419572886123,-0.011,0.0089977752783652,"defined"
"prospective","PoorOverlap","PATT","CorCor","WM_DSM_M5",1000,TRUE,"inclusive",1.18185416619657,"all_requested","defined",1.17877029858845,-0.00308386760811817,0.00308386760811817,-0.260934698740593,0.00899499737306402,0.0948419599811393,0.0029991661129494,0.253767867367366,0.00899551261511536,0.094844676261324,0.00206447413425264,0.000389757068040644,1,0,0.936,0.0077397674383666,0.919004925632949,0.950366910708151,1000,0.936,0.0077397674383666,1000,0.354974301534582,0.00832910554302678,0.925970869982543,0,"CorCor","PSM_M1",0.0516976678438343,5.74737998241618,0.356241771802063,-0.0819083525588812,0.00679793014064151,-0.0488637569886282,0.00290248440712981,-0.021,0.00941528797475933,"defined"
"retrospective","GoodOverlap","PATE","CorMis","WM_DSM_M5",1000,TRUE,"inclusive",0.866391828860284,"all_requested","defined",0.863209777751984,-0.00318205110829938,0.00318205110829938,-0.367276214098797,0.00371661355646717,0.0609640349424738,0.00192785205772309,0.222515032287312,0.00372302239216653,0.0610165747331537,0.00136291075574316,0.000166348387025044,1,0,0.972,0.0052168956286282,0.959785112626157,0.981315313804462,1000,0.972,0.0052168956286282,1000,0.269329973066851,0.00474778355090298,1.27744880622348,0,"CorCor","PSM_M1",0.00716442624343717,1.92767586260632,0.101874692468475,-0.058238448189648,0.00234645402254914,-0.00646544628460634,0.000434802873616915,0.002,0.00693138110653599,"defined"
"prospective","GoodOverlap","PATE","CorMis","WM_DSM_M5",1000,TRUE,"inclusive",0.866391828860284,"all_requested","defined",0.864079026655641,-0.00231280220464249,0.00231280220464249,-0.266946447046358,0.00394007527756869,0.0627700189387314,0.00198496228618296,0.229106764406369,0.00394148425632893,0.0627812412773826,0.00140929074848562,0.000177128037865884,1,0,0.966,0.00573096850453743,0.952810561384293,0.976341351892403,1000,0.966,0.00573096850453743,1000,0.265060463459374,0.00459704849434678,1.16674128550749,0,"CorCor","PSM_M1",0.00757770737570927,1.92323923830847,0.107358689202777,-0.0574353602566533,0.00248443909884111,-0.00666714181820194,0.000470564492744089,0.008,0.00824645402606502,"defined"
"retrospective","PoorOverlap","PATE","CorMis","WM_DSM_M5",1000,TRUE,"inclusive",0.866391828860284,"all_requested","defined",0.899003521047164,0.0326116921868803,0.0326116921868803,3.76408122751805,0.0150555452753478,0.122701040237432,0.00388014758422251,0.447851359508636,0.0161040121973643,0.126901584692092,0.0028024241544587,0.000663463368643195,1,0,0.961,0.00612200947402077,0.947069064214555,0.972122851204664,1000,0.961,0.00612200947402077,1000,0.520541357108686,0.0179594740453694,1.19288100941628,0,"CorCor","PSM_M1",0.0988525312143353,6.56585526504962,0.429148249435956,-0.0584925613246945,0.00959413132125644,-0.0909496514936579,0.00498045181239256,0.013,0.00910570776567719,"defined"
"prospective","PoorOverlap","PATE","CorMis","WM_DSM_M5",1000,TRUE,"inclusive",0.866391828860284,"all_requested","defined",0.889848679531268,0.0234568506709841,0.0234568506709841,2.70741827076566,0.0150973234563227,0.122871166090026,0.00388552743605327,0.448472308558656,0.0156324499762672,0.125029796353778,0.00319977354753791,0.000777676024422129,1,0,0.962,0.00604615580348373,0.948212896378036,0.972971184017016,1000,0.962,0.00604615580348373,1000,0.512290201022827,0.0174253508383143,1.15420133169477,0,"CorCor","PSM_M1",0.12591407450154,8.34015876163845,0.59850886047324,-0.0680431334001348,0.0110628381680583,-0.118527957535786,0.006497137990821,-0.001,0.00806622985440311,"defined"
"retrospective","GoodOverlap","PATT","CorMis","WM_DSM_M5",1000,TRUE,"inclusive",1.03507218631865,"all_requested","defined",1.0342937548815,-0.000778431437152673,0.000778431437152673,-0.0752055216478428,0.00315334120322883,0.0561546187167969,0.001775764962834,0.171559528533918,0.00315079381752795,0.0561319322447388,0.00121856733393019,0.000137047556816709,1,0,0.97,0.00539444158370447,0.957448597529971,0.97966951431689,1000,0.97,0.00539444158370447,1000,0.239123488991668,0.00373252469374092,1.1836729529678,0,"CorCor","PSM_M1",0.00658007194057743,2.08669836738246,0.107826506938855,-0.062502639245106,0.00209226099890422,-0.00723257588062831,0.000406926818173399,0.009,0.0075482432377326,"defined"
"prospective","GoodOverlap","PATT","CorMis","WM_DSM_M5",1000,TRUE,"inclusive",1.03507218631865,"all_requested","defined",1.02455660777413,-0.0105155785445193,0.0105155785445193,-1.01592707093398,0.00428594976738452,0.0654671655670575,0.0020702535514725,0.200010547944061,0.00439224120974309,0.0662739859201413,0.00144758009487566,0.000189729850669547,1,0,0.961,0.00612200947402077,0.947069064214555,0.972122851204664,1000,0.961,0.00612200947402077,1000,0.271822048080409,0.00482738381134325,1.12632766909192,0,"CorCor","PSM_M1",0.00607209848913143,1.41674513671141,0.0784401678726242,-0.0711787594340887,0.00226415806391815,-0.00535380669653982,0.000428330246531753,0.004,0.00824936676673137,"defined"
"retrospective","PoorOverlap","PATT","CorMis","WM_DSM_M5",1000,TRUE,"inclusive",1.18185416619657,"all_requested","defined",1.21458513808864,0.0327309718920746,0.0327309718920746,2.76945945009519,0.00797044964798044,0.0892773747820826,0.0028231984783186,0.238878751631784,0.00903379571933224,0.0950462819858422,0.00211993341613569,0.000372510021148913,1,0,0.947,0.00708456067798138,0.931244816710037,0.960050747639981,1000,0.947,0.00708456067798138,1000,0.371901934994994,0.00909318754215024,1.14086255402846,0,"CorCor","PSM_M1",0.0556480920523005,6.98180084060887,0.464906796707609,-0.0199186830607008,0.00698753317084283,-0.0493306344075623,0.00305247725567389,-0.014,0.00882507121115076,"defined"
"prospective","PoorOverlap","PATT","CorMis","WM_DSM_M5",1000,TRUE,"inclusive",1.18185416619657,"all_requested","defined",1.20048432886533,0.0186301626687616,0.0186301626687616,1.57635038244329,0.0133246278725844,0.115432351932136,0.00365029147775687,0.308861413037464,0.0136583862057764,0.116869098592298,0.00248872334688983,0.000576924995438928,1,0,0.939,0.00756828910652864,0.922329225950876,0.95302212445892,1000,0.939,0.00756828910652864,1000,0.443123517364579,0.0129713469604603,0.973486620752013,0,"CorCor","PSM_M1",0.0516976678438343,3.87985828483832,0.238858396011989,-0.0601943222820014,0.0066861881829559,-0.0442008833979672,0.00288657032217912,-0.018,0.00926076464239113,"defined"
"retrospective","GoodOverlap","PATE","MisCor","WM_DSM_M5",1000,TRUE,"inclusive",0.866391828860284,"all_requested","defined",0.865412902347455,-0.000978926512828524,0.000978926512828524,-0.112988890271077,0.0031158730581036,0.0558200058948725,0.00176518357631823,0.203739638061947,0.00311371548216302,0.0558006763593688,0.0012607451718142,0.000141088027518261,1,0,0.945,0.00720936890441875,0.929008484457942,0.958301204920464,1000,0.945,0.00720936890441875,1000,0.212288740224317,0.00294790217893261,0.946091873436841,0,"CorCor","PSM_M1",0.00716442624343717,2.2993318757978,0.124147520338597,-0.0560353235941771,0.00229804618293747,-0.00707475319460985,0.000431093966322057,-0.025,0.00827305526655319,"defined"
"prospective","GoodOverlap","PATE","MisCor","WM_DSM_M5",1000,TRUE,"inclusive",0.866391828860284,"all_requested","defined",0.861007636800329,-0.00538419205995483,0.00538419205995483,-0.621450004559438,0.00320932182706379,0.0566508766663305,0.00179145801710891,0.206772266015658,0.0032351020293752,0.0568779573242148,0.00125609904385039,0.000142001057918084,1,0,0.929,0.00812151463706124,0.911283559113213,0.944135351750103,1000,0.929,0.00812151463706124,1000,0.211929443425488,0.00293621566529558,0.91490222031797,0,"CorCor","PSM_M1",0.00757770737570927,2.36115534185679,0.132039540571418,-0.0605067501119657,0.00242722251522495,-0.00737352404515566,0.000476766760859133,-0.029,0.0100129545719163,"defined"
"retrospective","PoorOverlap","PATE","MisCor","WM_DSM_M5",1000,TRUE,"inclusive",0.866391828860284,"all_requested","defined",0.87433712486576,0.00794529600547585,0.00794529600547585,0.917055740925868,0.0106087334941069,0.102998706273947,0.00325710507876348,0.375939034772306,0.0106612524892274,0.103253341298126,0.00232302288339148,0.000474510737915827,1,0,0.947,0.00708456067798138,0.931244816710037,0.960050747639981,1000,0.947,0.00708456067798138,1000,0.40148385466981,0.0106332262165831,1.00230873199801,0,"CorCor","PSM_M1",0.0988525312143353,9.31803322887201,0.604050831275554,-0.0831589575060989,0.00960152803886016,-0.0963924112017948,0.00497000265147071,-0.001,0.00933199261069607,"defined"
"prospective","PoorOverlap","PATE","MisCor","WM_DSM_M5",1000,TRUE,"inclusive",0.866391828860284,"all_requested","defined",0.86516380740116,-0.00122802145912393,0.00122802145912393,-0.14173973232635,0.0108443777660091,0.104136342196224,0.00329308028538769,0.38009133693235,0.0108350414249471,0.104091505056595,0.00242887351918869,0.0005057152233773,1,0,0.95,0.00689202437604511,0.934609512084506,0.962664602395338,1000,0.95,0.00689202437604511,1000,0.403599948295542,0.0107734606898374,0.993460475307863,0,"CorCor","PSM_M1",0.12591407450154,11.6110003928679,0.802611039869547,-0.0927280055302428,0.0109788493973269,-0.123325366087106,0.00650851767233266,-0.013,0.00888312500812129,"defined"
"retrospective","GoodOverlap","PATT","MisCor","WM_DSM_M5",1000,TRUE,"inclusive",1.03507218631865,"all_requested","defined",1.03210685422095,-0.0029653320977018,0.0029653320977018,-0.286485535685036,0.00279704158489782,0.052887064438271,0.0016724358238503,0.16157673309709,0.00280303773776259,0.0529437223640592,0.00110270178273772,0.000116646275237809,1,0,0.943,0.00733150734842434,0.926777270539338,0.956546418063041,1000,0.943,0.00733150734842434,1000,0.198208347141963,0.00256429152924683,0.916787059260152,0,"CorCor","PSM_M1",0.00658007194057743,2.35251130197902,0.119597228927456,-0.0646895399056551,0.0020489500295838,-0.00758033196039368,0.000412249496742883,-0.018,0.00881780889755237,"defined"
"prospective","GoodOverlap","PATT","MisCor","WM_DSM_M5",1000,TRUE,"inclusive",1.03507218631865,"all_requested","defined",1.02828337492232,-0.0067888113963287,0.0067888113963287,-0.655878062038731,0.00370525488172589,0.0608708048388214,0.00192490386298274,0.185968079176089,0.00374763758701908,0.0612179515094966,0.00140399098340253,0.000170068289065262,1,0,0.944,0.00727076337120113,0.927892253716747,0.957424450313383,1000,0.944,0.00727076337120113,1000,0.22662183258394,0.00335400192916373,0.905201406171943,0,"CorCor","PSM_M1",0.00607209848913143,1.63878024129425,0.0891415090866232,-0.067451992285898,0.002178704074385,-0.00599841031926383,0.000416505611467948,-0.013,0.00910570776567719,"defined"
"retrospective","PoorOverlap","PATT","MisCor","WM_DSM_M5",1000,TRUE,"inclusive",1.18185416619657,"all_requested","defined",1.18350183529084,0.00164766909426876,0.00164766909426876,0.139413909211089,0.0057400202817606,0.0757629215497964,0.00239583394286011,0.202718238119882,0.00573699507492305,0.0757429539622205,0.00182094646387136,0.000276575680708231,1,0,0.945,0.00720936890441875,0.929008484457942,0.958301204920464,1000,0.945,0.00720936890441875,1000,0.296828922581199,0.00578004181775115,1.00697236839349,0,"CorCor","PSM_M1",0.0556480920523005,9.69475530062621,0.665210258185726,-0.0510019858585067,0.00705264544024051,-0.0526274350519715,0.00307584404431417,-0.016,0.00893441793424864,"defined"
"prospective","PoorOverlap","PATT","MisCor","WM_DSM_M5",1000,TRUE,"inclusive",1.18185416619657,"all_requested","defined",1.17736508016938,-0.00448908602719261,0.00448908602719261,-0.379834175449865,0.00914245837962809,0.0956162035411786,0.00302364984408382,0.25583950461625,0.009153467814608,0.0956737571887296,0.00204105448248623,0.000387406830261836,1,0,0.935,0.0077958322198467,0.917898930078629,0.949479690310382,1000,0.935,0.0077958322198467,1000,0.353010876879826,0.00823644820952993,0.900900815461518,0,"CorCor","PSM_M1",0.0516976678438343,5.65467904770898,0.347856301028912,-0.0833135709779557,0.00679347759499559,-0.0487058017891356,0.00290667695274324,-0.022,0.00977811902216431,"defined"
"retrospective","GoodOverlap","PATE","MisMis","WM_DSM_M5",1000,TRUE,"inclusive",0.866391828860284,"all_requested","defined",0.92068377616365,0.0542919473033664,0.0542919473033664,6.26644267580247,0.00503669685948623,0.0709696897237562,0.00224425864362516,0.259035065759729,0.00797927570461825,0.0893267916395649,0.00190289688135328,0.000220086933717931,1,0,0.88,0.0102761860629321,0.858233136207175,0.899499076251832,1000,0.88,0.0102761860629321,1000,0.275753186167439,0.00497878676937729,0.988502367379949,0,"CorCor","PSM_M1",0.00716442624343717,1.42244539294509,0.0784222613446192,-0.000764449777982271,0.0025860488821403,-0.00220919297215462,0.000443516266527302,-0.09,0.0104885656793486,"defined"
"prospective","GoodOverlap","PATE","MisMis","WM_DSM_M5",1000,TRUE,"inclusive",0.866391828860284,"all_requested","defined",0.922036856674796,0.0556450278145127,0.0556450278145127,6.42261687621319,0.00509945828273247,0.0714104914052023,0.00225819801672317,0.260643965178408,0.00819072794492764,0.0905026405411888,0.00199523106506584,0.000244893628178907,1,0,0.874,0.010493998284734,0.851826283528973,0.89394316773752,1000,0.874,0.010493998284734,1000,0.269503956819482,0.00475356186726012,0.932169968593799,0,"CorCor","PSM_M1",0.00757770737570927,1.48598281534502,0.0887545061814413,0.000522469762501889,0.00272779133583993,-0.00241789812960323,0.000479919850120328,-0.084,0.0107265585841433,"defined"
"retrospective","PoorOverlap","PATE","MisMis","WM_DSM_M5",1000,TRUE,"inclusive",0.866391828860284,"all_requested","defined",1.09735020243653,0.230958373576244,0.230958373576244,26.6574967448693,0.0202394771746191,0.142265516463474,0.00449883064524762,0.519260511859365,0.0735610080224283,0.271221326636436,0.00436702257228007,0.000914987420693034,1,0,0.633,0.0152417518678136,0.602269971690401,0.662944337866416,1000,0.633,0.0152417518678136,1000,0.555863003069756,0.0206051357256134,1.01806660062607,0,"CorCor","PSM_M1",0.0988525312143353,4.88414450439951,0.323720459170183,0.139854120064669,0.00993118513336951,-0.0334926556685939,0.00529693291238246,-0.315,0.0158753591148996,"defined"
"prospective","PoorOverlap","PATE","MisMis","WM_DSM_M5",1000,TRUE,"inclusive",0.866391828860284,"all_requested","defined",1.08993603500443,0.223544206144149,0.223544206144149,25.8017445107043,0.0195880389594888,0.139957275478943,0.00442583765625094,0.510835572176738,0.0695404630211471,0.26370525785647,0.00427422276855001,0.000938839974533628,1,0,0.654,0.0150427391122761,0.62359687365066,0.683493123372,1000,0.654,0.0150427391122761,1000,0.546779354453169,0.0200184405052459,1.02197267151894,0,"CorCor","PSM_M1",0.12591407450154,6.42811027494637,0.444252072244064,0.13204422207303,0.0111239063536376,-0.0646199444909059,0.00665015847309496,-0.309,0.0153543073681216,"defined"
"retrospective","GoodOverlap","PATT","MisMis","WM_DSM_M5",1000,TRUE,"inclusive",1.03507218631865,"all_requested","defined",1.07629909754341,0.0412269112247586,0.0412269112247586,3.98299865165797,0.00393214638452901,0.0627068288508438,0.00198296404015025,0.191577366908378,0.00562787244727861,0.0750191472044211,0.00170080354420964,0.000177179938791445,1,0,0.883,0.010164201887015,0.861442533609417,0.902270997504933,1000,0.883,0.010164201887015,1000,0.238275639640682,0.00370577840029337,0.942431445297591,0,"CorCor","PSM_M1",0.00658007194057743,1.67340462360879,0.0922499960391761,-0.0204972965831948,0.00223203912648877,-0.00475549725087766,0.000384314737784484,-0.078,0.0102966995693777,"defined"
"prospective","GoodOverlap","PATT","MisMis","WM_DSM_M5",1000,TRUE,"inclusive",1.03507218631865,"all_requested","defined",1.06848816158809,0.033415975269441,0.033415975269441,3.22837148086151,0.00514058534247507,0.0716978754390608,0.00226728589782477,0.219046161977226,0.00625207216034049,0.0790700459108283,0.00176753261676576,0.000233319685027183,1,0,0.917,0.00872416185085994,0.898146703244624,0.933351068191121,1000,0.917,0.00872416185085994,1000,0.270782577998453,0.00479054968071037,0.931907431071619,0,"CorCor","PSM_M1",0.00607209848913143,1.18120760275285,0.0685619864843214,-0.0272472056201283,0.00243656655723245,-0.00349397574594241,0.000405490030929312,-0.04,0.00940683201128246,"defined"
"retrospective","PoorOverlap","PATT","MisMis","WM_DSM_M5",1000,TRUE,"inclusive",1.18185416619657,"all_requested","defined",1.34616941246701,0.164315246270443,0.164315246270443,13.9031744330386,0.00811423560827117,0.0900790519947405,0.00284854973772114,0.241023792883712,0.0351056215295791,0.18736494210385,0.00258747686535331,0.000372021019642153,1,0,0.547,0.0157413785927409,0.515547314269461,0.578175223370839,1000,0.547,0.0157413785927409,1000,0.358821894242404,0.00845369018355719,1.0418344489455,0,"CorCor","PSM_M1",0.0556480920523005,6.85808186239702,0.452921957442623,0.111665591317667,0.00702657239574987,-0.0232588085973154,0.00314069969996179,-0.414,0.0162131695503028,"defined"
"prospective","PoorOverlap","PATT","MisMis","WM_DSM_M5",1000,TRUE,"inclusive",1.18185416619657,"all_requested","defined",1.33051877756195,0.148664611365383,0.148664611365383,12.5789302620825,0.0136415411819149,0.116797008445914,0.00369344570583012,0.312512813464653,0.0357290663131533,0.189021338248234,0.00322903816180793,0.000617934172872941,1,0,0.699,0.0145051370210695,0.669514391944551,0.727308756120668,1000,0.699,0.0145051370210695,1000,0.429220939145172,0.0121601534637483,0.891406132312193,0,"CorCor","PSM_M1",0.0516976678438343,3.78972340107522,0.236361104989547,0.0698401264146196,0.0067072216613221,-0.0221302032905903,0.0029261942084835,-0.258,0.0148207845829988,"defined"
"retrospective","GoodOverlap","PATE","CorCor","WM_X6_M5",1000,TRUE,"inclusive",0.866391828860284,"all_requested","defined",0.864933563497883,-0.0014582653624011,0.0014582653624011,-0.168314764039201,0.00317244969437082,0.0563245034986623,0.00178113719133896,0.205581023736338,0.00317140378254363,0.0563152180369004,0.00123374601704232,0.000139412742005323,1,0,0.937,0.00768316341099159,0.920111958126645,0.951253072443419,1000,0.937,0.00768316341099159,1000,0.213346756550589,0.00297557715397713,0.937943053677723,0,"CorCor","PSM_M1",0.00716442624343717,2.25832619383995,0.121754152769829,-0.0565146624437497,0.00233858040157261,-0.00701706489422924,0.000432204703922581,-0.033,0.00883113746858178,"defined"
"prospective","GoodOverlap","PATE","CorCor","WM_X6_M5",1000,TRUE,"inclusive",0.866391828860284,"all_requested","defined",0.860948850663929,-0.00544297819635492,0.00544297819635492,-0.628235172013917,0.0032374967108601,0.0568990044803958,0.00179930450754176,0.207677917497064,0.00326388522579524,0.0571304229443056,0.00125444797952749,0.000143651227344427,1,0,0.937,0.00768316341099159,0.920111958126645,0.951253072443419,1000,0.937,0.00768316341099159,1000,0.213085631000018,0.00296698214654511,0.91644329292828,0,"CorCor","PSM_M1",0.00757770737570927,2.34060697275461,0.128083820600868,-0.0605655362483658,0.00241810717395826,-0.00734474084873562,0.000467648689608987,-0.021,0.00952101095733272,"defined"
"retrospective","PoorOverlap","PATE","CorCor","WM_X6_M5",1000,TRUE,"inclusive",0.866391828860284,"all_requested","defined",0.861085057692871,-0.00530677116741239,0.00530677116741239,-0.612513990857153,0.0132581880706048,0.115144205545068,0.00364117948893003,0.420269370928845,0.0132730917027574,0.115208904615735,0.00258497412001081,0.000596551681361929,1,0,0.932,0.00796090447122687,0.914586949808569,0.946811900239598,1000,0.932,0.00796090447122687,1000,0.436969959043936,0.0125600180055442,0.947340461506308,0,"CorCor","PSM_M1",0.0988525312143353,7.45596085135532,0.478556582593502,-0.0964110246789871,0.00960317878541992,-0.0937805719882647,0.00497046931477827,-0.016,0.0101905764237283,"defined"
"prospective","PoorOverlap","PATE","CorCor","WM_X6_M5",1000,TRUE,"inclusive",0.866391828860284,"all_requested","defined",0.855249180959484,-0.0111426479007997,0.0111426479007997,-1.2860979904967,0.0130801665266311,0.114368555672576,0.0036166512862911,0.417438295909221,0.0131912449623457,0.114853145200058,0.00261238621565768,0.000593773073251241,1,0,0.946,0.00714730718522718,0.930125994422933,0.959176648874369,1000,0.946,0.00714730718522718,1000,0.449466724639674,0.0132942209286942,1.01636480710145,0,"CorCor","PSM_M1",0.12591407450154,9.62633573855346,0.643334425863337,-0.102642631971919,0.0110302784293804,-0.120969162549707,0.00649671021426325,-0.017,0.00887636129220695,"defined"
"retrospective","GoodOverlap","PATT","CorCor","WM_X6_M5",1000,TRUE,"inclusive",1.03507218631865,"all_requested","defined",1.0324415223687,-0.0026306639499521,0.0026306639499521,-0.254152704006892,0.00280954266373454,0.0530051192219633,0.00167616904390176,0.161937405531419,0.00281365351388839,0.0530438829073474,0.00110783161812533,0.000117650255034419,1,0,0.943,0.00733150734842434,0.926777270539338,0.956546418063041,1000,0.943,0.00733150734842434,1000,0.198588602495917,0.00257400884089889,0.916166490056936,0,"CorCor","PSM_M1",0.00658007194057743,2.34204378723723,0.120784210975843,-0.0643548717579054,0.00205113684225015,-0.00756971618426788,0.000411963761079799,-0.018,0.0085877674485136,"defined"
"prospective","GoodOverlap","PATT","CorCor","WM_X6_M5",1000,TRUE,"inclusive",1.03507218631865,"all_requested","defined",1.02866074364359,-0.00641144267506375,0.00641144267506375,-0.619419858808761,0.00362252577164756,0.0601874220385585,0.0019032934013566,0.18388025748483,0.00366000984305154,0.0604980151992736,0.00138098061868617,0.000167822746818069,1,0,0.94,0.00750999334220744,0.923439509596065,0.953904964577516,1000,0.94,0.00750999334220744,1000,0.226994382638364,0.00336469837011677,0.928826620489845,0,"CorCor","PSM_M1",0.00607209848913143,1.67620573928168,0.0945496710837189,-0.0670746235646331,0.00217734683733787,-0.00608603806323136,0.000415552953149202,-0.017,0.00920846327004652,"defined"
"retrospective","PoorOverlap","PATT","CorCor","WM_X6_M5",1000,TRUE,"inclusive",1.18185416619657,"all_requested","defined",1.18320351031069,0.00134934411411677,0.00134934411411677,0.114171794855131,0.00485502985042137,0.0696780442494002,0.00220341322734102,0.186436981005196,0.00485199555010925,0.0696562671272962,0.00157530165082765,0.00021977056524144,1,0,0.944,0.00727076337120113,0.927892253716747,0.957424450313383,1000,0.944,0.00727076337120113,1000,0.273531752513349,0.00488686445762355,1.00655703634848,0,"CorCor","PSM_M1",0.0556480920523005,11.4619464280886,0.773654914887154,-0.0513003108386587,0.00721352684463383,-0.0535124345767853,0.0030810047671585,-0.017,0.00920846327004652,"defined"
"prospective","PoorOverlap","PATT","CorCor","WM_X6_M5",1000,TRUE,"inclusive",1.18185416619657,"all_requested","defined",1.17317878066352,-0.00867538553305175,0.00867538553305175,-0.734048733015071,0.0071941642902527,0.0848184195222518,0.00268219393226006,0.226947961007056,0.00726223244010953,0.085218732917766,0.00182146702711178,0.000303432806725467,1,0,0.933,0.00790638982089803,0.915689962897559,0.947702163599955,1000,0.933,0.00790638982089803,1000,0.318244875233322,0.00662573306029208,0.920987176963586,0,"CorCor","PSM_M1",0.0516976678438343,7.18605605294266,0.447823780905258,-0.0874998704838148,0.00691005132484864,-0.050597037163634,0.00290416007730515,-0.024,0.0098752985535386,"defined"
"retrospective","GoodOverlap","PATE","CorMis","WM_X6_M5",1000,TRUE,"inclusive",0.866391828860284,"all_requested","defined",0.864933563497883,-0.0014582653624011,0.0014582653624011,-0.168314764039201,0.00317244969437082,0.0563245034986623,0.00178113719133896,0.205581023736338,0.00317140378254363,0.0563152180369004,0.00123374601704232,0.000139412742005323,1,0,0.937,0.00768316341099159,0.920111958126645,0.951253072443419,1000,0.937,0.00768316341099159,1000,0.213346756550589,0.00297557715397713,0.937943053677723,0,"CorCor","PSM_M1",0.00716442624343717,2.25832619383995,0.121754152769829,-0.0565146624437497,0.00233858040157261,-0.00701706489422924,0.000432204703922581,-0.033,0.00883113746858178,"defined"
"prospective","GoodOverlap","PATE","CorMis","WM_X6_M5",1000,TRUE,"inclusive",0.866391828860284,"all_requested","defined",0.860948850663929,-0.00544297819635492,0.00544297819635492,-0.628235172013917,0.0032374967108601,0.0568990044803958,0.00179930450754176,0.207677917497064,0.00326388522579524,0.0571304229443056,0.00125444797952749,0.000143651227344427,1,0,0.937,0.00768316341099159,0.920111958126645,0.951253072443419,1000,0.937,0.00768316341099159,1000,0.213085631000018,0.00296698214654511,0.91644329292828,0,"CorCor","PSM_M1",0.00757770737570927,2.34060697275461,0.128083820600868,-0.0605655362483658,0.00241810717395826,-0.00734474084873562,0.000467648689608987,-0.021,0.00952101095733272,"defined"
"retrospective","PoorOverlap","PATE","CorMis","WM_X6_M5",1000,TRUE,"inclusive",0.866391828860284,"all_requested","defined",0.861085057692871,-0.00530677116741239,0.00530677116741239,-0.612513990857153,0.0132581880706048,0.115144205545068,0.00364117948893003,0.420269370928845,0.0132730917027574,0.115208904615735,0.00258497412001081,0.000596551681361929,1,0,0.932,0.00796090447122687,0.914586949808569,0.946811900239598,1000,0.932,0.00796090447122687,1000,0.436969959043936,0.0125600180055442,0.947340461506308,0,"CorCor","PSM_M1",0.0988525312143353,7.45596085135532,0.478556582593502,-0.0964110246789871,0.00960317878541992,-0.0937805719882647,0.00497046931477827,-0.016,0.0101905764237283,"defined"
"prospective","PoorOverlap","PATE","CorMis","WM_X6_M5",1000,TRUE,"inclusive",0.866391828860284,"all_requested","defined",0.855249180959484,-0.0111426479007997,0.0111426479007997,-1.2860979904967,0.0130801665266311,0.114368555672576,0.0036166512862911,0.417438295909221,0.0131912449623457,0.114853145200058,0.00261238621565768,0.000593773073251241,1,0,0.946,0.00714730718522718,0.930125994422933,0.959176648874369,1000,0.946,0.00714730718522718,1000,0.449466724639674,0.0132942209286942,1.01636480710145,0,"CorCor","PSM_M1",0.12591407450154,9.62633573855346,0.643334425863337,-0.102642631971919,0.0110302784293804,-0.120969162549707,0.00649671021426325,-0.017,0.00887636129220695,"defined"
"retrospective","GoodOverlap","PATT","CorMis","WM_X6_M5",1000,TRUE,"inclusive",1.03507218631865,"all_requested","defined",1.0324415223687,-0.0026306639499521,0.0026306639499521,-0.254152704006892,0.00280954266373454,0.0530051192219633,0.00167616904390176,0.161937405531419,0.00281365351388839,0.0530438829073474,0.00110783161812533,0.000117650255034419,1,0,0.943,0.00733150734842434,0.926777270539338,0.956546418063041,1000,0.943,0.00733150734842434,1000,0.198588602495917,0.00257400884089889,0.916166490056936,0,"CorCor","PSM_M1",0.00658007194057743,2.34204378723723,0.120784210975843,-0.0643548717579054,0.00205113684225015,-0.00756971618426788,0.000411963761079799,-0.018,0.0085877674485136,"defined"
"prospective","GoodOverlap","PATT","CorMis","WM_X6_M5",1000,TRUE,"inclusive",1.03507218631865,"all_requested","defined",1.02866074364359,-0.00641144267506375,0.00641144267506375,-0.619419858808761,0.00362252577164756,0.0601874220385585,0.0019032934013566,0.18388025748483,0.00366000984305154,0.0604980151992736,0.00138098061868617,0.000167822746818069,1,0,0.94,0.00750999334220744,0.923439509596065,0.953904964577516,1000,0.94,0.00750999334220744,1000,0.226994382638364,0.00336469837011677,0.928826620489845,0,"CorCor","PSM_M1",0.00607209848913143,1.67620573928168,0.0945496710837189,-0.0670746235646331,0.00217734683733787,-0.00608603806323136,0.000415552953149202,-0.017,0.00920846327004652,"defined"
"retrospective","PoorOverlap","PATT","CorMis","WM_X6_M5",1000,TRUE,"inclusive",1.18185416619657,"all_requested","defined",1.18320351031069,0.00134934411411677,0.00134934411411677,0.114171794855131,0.00485502985042137,0.0696780442494002,0.00220341322734102,0.186436981005196,0.00485199555010925,0.0696562671272962,0.00157530165082765,0.00021977056524144,1,0,0.944,0.00727076337120113,0.927892253716747,0.957424450313383,1000,0.944,0.00727076337120113,1000,0.273531752513349,0.00488686445762355,1.00655703634848,0,"CorCor","PSM_M1",0.0556480920523005,11.4619464280886,0.773654914887154,-0.0513003108386587,0.00721352684463383,-0.0535124345767853,0.0030810047671585,-0.017,0.00920846327004652,"defined"
"prospective","PoorOverlap","PATT","CorMis","WM_X6_M5",1000,TRUE,"inclusive",1.18185416619657,"all_requested","defined",1.17317878066352,-0.00867538553305175,0.00867538553305175,-0.734048733015071,0.0071941642902527,0.0848184195222518,0.00268219393226006,0.226947961007056,0.00726223244010953,0.085218732917766,0.00182146702711178,0.000303432806725467,1,0,0.933,0.00790638982089803,0.915689962897559,0.947702163599955,1000,0.933,0.00790638982089803,1000,0.318244875233322,0.00662573306029208,0.920987176963586,0,"CorCor","PSM_M1",0.0516976678438343,7.18605605294266,0.447823780905258,-0.0874998704838148,0.00691005132484864,-0.050597037163634,0.00290416007730515,-0.024,0.0098752985535386,"defined"
"retrospective","GoodOverlap","PATE","MisCor","WM_X6_M5",1000,TRUE,"inclusive",0.866391828860284,"all_requested","defined",0.864933563497883,-0.0014582653624011,0.0014582653624011,-0.168314764039201,0.00317244969437082,0.0563245034986623,0.00178113719133896,0.205581023736338,0.00317140378254363,0.0563152180369004,0.00123374601704232,0.000139412742005323,1,0,0.937,0.00768316341099159,0.920111958126645,0.951253072443419,1000,0.937,0.00768316341099159,1000,0.213346756550589,0.00297557715397713,0.937943053677723,0,"CorCor","PSM_M1",0.00716442624343717,2.25832619383995,0.121754152769829,-0.0565146624437497,0.00233858040157261,-0.00701706489422924,0.000432204703922581,-0.033,0.00883113746858178,"defined"
"prospective","GoodOverlap","PATE","MisCor","WM_X6_M5",1000,TRUE,"inclusive",0.866391828860284,"all_requested","defined",0.860948850663929,-0.00544297819635492,0.00544297819635492,-0.628235172013917,0.0032374967108601,0.0568990044803958,0.00179930450754176,0.207677917497064,0.00326388522579524,0.0571304229443056,0.00125444797952749,0.000143651227344427,1,0,0.937,0.00768316341099159,0.920111958126645,0.951253072443419,1000,0.937,0.00768316341099159,1000,0.213085631000018,0.00296698214654511,0.91644329292828,0,"CorCor","PSM_M1",0.00757770737570927,2.34060697275461,0.128083820600868,-0.0605655362483658,0.00241810717395826,-0.00734474084873562,0.000467648689608987,-0.021,0.00952101095733272,"defined"
"retrospective","PoorOverlap","PATE","MisCor","WM_X6_M5",1000,TRUE,"inclusive",0.866391828860284,"all_requested","defined",0.861085057692871,-0.00530677116741239,0.00530677116741239,-0.612513990857153,0.0132581880706048,0.115144205545068,0.00364117948893003,0.420269370928845,0.0132730917027574,0.115208904615735,0.00258497412001081,0.000596551681361929,1,0,0.932,0.00796090447122687,0.914586949808569,0.946811900239598,1000,0.932,0.00796090447122687,1000,0.436969959043936,0.0125600180055442,0.947340461506308,0,"CorCor","PSM_M1",0.0988525312143353,7.45596085135532,0.478556582593502,-0.0964110246789871,0.00960317878541992,-0.0937805719882647,0.00497046931477827,-0.016,0.0101905764237283,"defined"
"prospective","PoorOverlap","PATE","MisCor","WM_X6_M5",1000,TRUE,"inclusive",0.866391828860284,"all_requested","defined",0.855249180959484,-0.0111426479007997,0.0111426479007997,-1.2860979904967,0.0130801665266311,0.114368555672576,0.0036166512862911,0.417438295909221,0.0131912449623457,0.114853145200058,0.00261238621565768,0.000593773073251241,1,0,0.946,0.00714730718522718,0.930125994422933,0.959176648874369,1000,0.946,0.00714730718522718,1000,0.449466724639674,0.0132942209286942,1.01636480710145,0,"CorCor","PSM_M1",0.12591407450154,9.62633573855346,0.643334425863337,-0.102642631971919,0.0110302784293804,-0.120969162549707,0.00649671021426325,-0.017,0.00887636129220695,"defined"
"retrospective","GoodOverlap","PATT","MisCor","WM_X6_M5",1000,TRUE,"inclusive",1.03507218631865,"all_requested","defined",1.0324415223687,-0.0026306639499521,0.0026306639499521,-0.254152704006892,0.00280954266373454,0.0530051192219633,0.00167616904390176,0.161937405531419,0.00281365351388839,0.0530438829073474,0.00110783161812533,0.000117650255034419,1,0,0.943,0.00733150734842434,0.926777270539338,0.956546418063041,1000,0.943,0.00733150734842434,1000,0.198588602495917,0.00257400884089889,0.916166490056936,0,"CorCor","PSM_M1",0.00658007194057743,2.34204378723723,0.120784210975843,-0.0643548717579054,0.00205113684225015,-0.00756971618426788,0.000411963761079799,-0.018,0.0085877674485136,"defined"
"prospective","GoodOverlap","PATT","MisCor","WM_X6_M5",1000,TRUE,"inclusive",1.03507218631865,"all_requested","defined",1.02866074364359,-0.00641144267506375,0.00641144267506375,-0.619419858808761,0.00362252577164756,0.0601874220385585,0.0019032934013566,0.18388025748483,0.00366000984305154,0.0604980151992736,0.00138098061868617,0.000167822746818069,1,0,0.94,0.00750999334220744,0.923439509596065,0.953904964577516,1000,0.94,0.00750999334220744,1000,0.226994382638364,0.00336469837011677,0.928826620489845,0,"CorCor","PSM_M1",0.00607209848913143,1.67620573928168,0.0945496710837189,-0.0670746235646331,0.00217734683733787,-0.00608603806323136,0.000415552953149202,-0.017,0.00920846327004652,"defined"
"retrospective","PoorOverlap","PATT","MisCor","WM_X6_M5",1000,TRUE,"inclusive",1.18185416619657,"all_requested","defined",1.18320351031069,0.00134934411411677,0.00134934411411677,0.114171794855131,0.00485502985042137,0.0696780442494002,0.00220341322734102,0.186436981005196,0.00485199555010925,0.0696562671272962,0.00157530165082765,0.00021977056524144,1,0,0.944,0.00727076337120113,0.927892253716747,0.957424450313383,1000,0.944,0.00727076337120113,1000,0.273531752513349,0.00488686445762355,1.00655703634848,0,"CorCor","PSM_M1",0.0556480920523005,11.4619464280886,0.773654914887154,-0.0513003108386587,0.00721352684463383,-0.0535124345767853,0.0030810047671585,-0.017,0.00920846327004652,"defined"
"prospective","PoorOverlap","PATT","MisCor","WM_X6_M5",1000,TRUE,"inclusive",1.18185416619657,"all_requested","defined",1.17317878066352,-0.00867538553305175,0.00867538553305175,-0.734048733015071,0.0071941642902527,0.0848184195222518,0.00268219393226006,0.226947961007056,0.00726223244010953,0.085218732917766,0.00182146702711178,0.000303432806725467,1,0,0.933,0.00790638982089803,0.915689962897559,0.947702163599955,1000,0.933,0.00790638982089803,1000,0.318244875233322,0.00662573306029208,0.920987176963586,0,"CorCor","PSM_M1",0.0516976678438343,7.18605605294266,0.447823780905258,-0.0874998704838148,0.00691005132484864,-0.050597037163634,0.00290416007730515,-0.024,0.0098752985535386,"defined"
"retrospective","GoodOverlap","PATE","MisMis","WM_X6_M5",1000,TRUE,"inclusive",0.866391828860284,"all_requested","defined",0.864933563497883,-0.0014582653624011,0.0014582653624011,-0.168314764039201,0.00317244969437082,0.0563245034986623,0.00178113719133896,0.205581023736338,0.00317140378254363,0.0563152180369004,0.00123374601704232,0.000139412742005323,1,0,0.937,0.00768316341099159,0.920111958126645,0.951253072443419,1000,0.937,0.00768316341099159,1000,0.213346756550589,0.00297557715397713,0.937943053677723,0,"CorCor","PSM_M1",0.00716442624343717,2.25832619383995,0.121754152769829,-0.0565146624437497,0.00233858040157261,-0.00701706489422924,0.000432204703922581,-0.033,0.00883113746858178,"defined"
"prospective","GoodOverlap","PATE","MisMis","WM_X6_M5",1000,TRUE,"inclusive",0.866391828860284,"all_requested","defined",0.860948850663929,-0.00544297819635492,0.00544297819635492,-0.628235172013917,0.0032374967108601,0.0568990044803958,0.00179930450754176,0.207677917497064,0.00326388522579524,0.0571304229443056,0.00125444797952749,0.000143651227344427,1,0,0.937,0.00768316341099159,0.920111958126645,0.951253072443419,1000,0.937,0.00768316341099159,1000,0.213085631000018,0.00296698214654511,0.91644329292828,0,"CorCor","PSM_M1",0.00757770737570927,2.34060697275461,0.128083820600868,-0.0605655362483658,0.00241810717395826,-0.00734474084873562,0.000467648689608987,-0.021,0.00952101095733272,"defined"
"retrospective","PoorOverlap","PATE","MisMis","WM_X6_M5",1000,TRUE,"inclusive",0.866391828860284,"all_requested","defined",0.861085057692871,-0.00530677116741239,0.00530677116741239,-0.612513990857153,0.0132581880706048,0.115144205545068,0.00364117948893003,0.420269370928845,0.0132730917027574,0.115208904615735,0.00258497412001081,0.000596551681361929,1,0,0.932,0.00796090447122687,0.914586949808569,0.946811900239598,1000,0.932,0.00796090447122687,1000,0.436969959043936,0.0125600180055442,0.947340461506308,0,"CorCor","PSM_M1",0.0988525312143353,7.45596085135532,0.478556582593502,-0.0964110246789871,0.00960317878541992,-0.0937805719882647,0.00497046931477827,-0.016,0.0101905764237283,"defined"
"prospective","PoorOverlap","PATE","MisMis","WM_X6_M5",1000,TRUE,"inclusive",0.866391828860284,"all_requested","defined",0.855249180959484,-0.0111426479007997,0.0111426479007997,-1.2860979904967,0.0130801665266311,0.114368555672576,0.0036166512862911,0.417438295909221,0.0131912449623457,0.114853145200058,0.00261238621565768,0.000593773073251241,1,0,0.946,0.00714730718522718,0.930125994422933,0.959176648874369,1000,0.946,0.00714730718522718,1000,0.449466724639674,0.0132942209286942,1.01636480710145,0,"CorCor","PSM_M1",0.12591407450154,9.62633573855346,0.643334425863337,-0.102642631971919,0.0110302784293804,-0.120969162549707,0.00649671021426325,-0.017,0.00887636129220695,"defined"
"retrospective","GoodOverlap","PATT","MisMis","WM_X6_M5",1000,TRUE,"inclusive",1.03507218631865,"all_requested","defined",1.0324415223687,-0.0026306639499521,0.0026306639499521,-0.254152704006892,0.00280954266373454,0.0530051192219633,0.00167616904390176,0.161937405531419,0.00281365351388839,0.0530438829073474,0.00110783161812533,0.000117650255034419,1,0,0.943,0.00733150734842434,0.926777270539338,0.956546418063041,1000,0.943,0.00733150734842434,1000,0.198588602495917,0.00257400884089889,0.916166490056936,0,"CorCor","PSM_M1",0.00658007194057743,2.34204378723723,0.120784210975843,-0.0643548717579054,0.00205113684225015,-0.00756971618426788,0.000411963761079799,-0.018,0.0085877674485136,"defined"
"prospective","GoodOverlap","PATT","MisMis","WM_X6_M5",1000,TRUE,"inclusive",1.03507218631865,"all_requested","defined",1.02866074364359,-0.00641144267506375,0.00641144267506375,-0.619419858808761,0.00362252577164756,0.0601874220385585,0.0019032934013566,0.18388025748483,0.00366000984305154,0.0604980151992736,0.00138098061868617,0.000167822746818069,1,0,0.94,0.00750999334220744,0.923439509596065,0.953904964577516,1000,0.94,0.00750999334220744,1000,0.226994382638364,0.00336469837011677,0.928826620489845,0,"CorCor","PSM_M1",0.00607209848913143,1.67620573928168,0.0945496710837189,-0.0670746235646331,0.00217734683733787,-0.00608603806323136,0.000415552953149202,-0.017,0.00920846327004652,"defined"
"retrospective","PoorOverlap","PATT","MisMis","WM_X6_M5",1000,TRUE,"inclusive",1.18185416619657,"all_requested","defined",1.18320351031069,0.00134934411411677,0.00134934411411677,0.114171794855131,0.00485502985042137,0.0696780442494002,0.00220341322734102,0.186436981005196,0.00485199555010925,0.0696562671272962,0.00157530165082765,0.00021977056524144,1,0,0.944,0.00727076337120113,0.927892253716747,0.957424450313383,1000,0.944,0.00727076337120113,1000,0.273531752513349,0.00488686445762355,1.00655703634848,0,"CorCor","PSM_M1",0.0556480920523005,11.4619464280886,0.773654914887154,-0.0513003108386587,0.00721352684463383,-0.0535124345767853,0.0030810047671585,-0.017,0.00920846327004652,"defined"
"prospective","PoorOverlap","PATT","MisMis","WM_X6_M5",1000,TRUE,"inclusive",1.18185416619657,"all_requested","defined",1.17317878066352,-0.00867538553305175,0.00867538553305175,-0.734048733015071,0.0071941642902527,0.0848184195222518,0.00268219393226006,0.226947961007056,0.00726223244010953,0.085218732917766,0.00182146702711178,0.000303432806725467,1,0,0.933,0.00790638982089803,0.915689962897559,0.947702163599955,1000,0.933,0.00790638982089803,1000,0.318244875233322,0.00662573306029208,0.920987176963586,0,"CorCor","PSM_M1",0.0516976678438343,7.18605605294266,0.447823780905258,-0.0874998704838148,0.00691005132484864,-0.050597037163634,0.00290416007730515,-0.024,0.0098752985535386,"defined"
"retrospective","GoodOverlap","PATE","CorCor","WM_DSM_analytic_M1",1000,TRUE,"inclusive",0.866391828860284,"all_requested","defined",0.864859577501244,-0.00153225135903918,0.00153225135903918,-0.176854317873105,0.00387249740256784,0.0622293933970743,0.00196786620545398,0.227133513948609,0.00387097269939255,0.0622171415237999,0.00139280889746852,0.000173403039600623,1,0,0.942,0.00739161687318817,0.925663504617648,0.955667139747179,1000,0.942,0.00739161687318817,1000,0.234152916684141,0.00358451324079869,0.925633478390925,0,"CorCor","PSM_M1",0.00716442624343717,1.85007903134718,0.101267304904154,-0.0565886484403878,0.00242416894526374,-0.00631749597738032,0.000442969193295814,-0.028,0.00844317992744957,"defined"
"prospective","GoodOverlap","PATE","CorCor","WM_DSM_analytic_M1",1000,TRUE,"inclusive",0.866391828860284,"all_requested","defined",0.86013980144946,-0.00625202741082398,0.00625202741082398,-0.721616617627657,0.00356738178646189,0.0597275630380304,0.00188875138291462,0.21800198478317,0.00360290225142112,0.0600241805560153,0.00129804393563787,0.000154592179016626,1,0,0.931,0.00801492358042171,0.913484890654288,0.945920664206744,1000,0.931,0.00801492358042171,1000,0.222363600844859,0.00322467446903503,0.903933097733631,0,"CorCor","PSM_M1",0.00757770737570927,2.12416495606566,0.116961708755602,-0.0613745854628348,0.00244704131430831,-0.00700572382310974,0.000475445712455371,-0.027,0.00991813336114056,"defined"
"retrospective","PoorOverlap","PATE","CorCor","WM_DSM_analytic_M1",1000,TRUE,"inclusive",0.866391828860284,"all_requested","defined",0.869386567854972,0.00299473899468861,0.00299473899468861,0.345656421832615,0.0148299681018574,0.121778356459009,0.00385096976122345,0.444483619644624,0.0148241065954018,0.121754287790623,0.00279744372497187,0.000680666039189591,1,0,0.95,0.00689202437604511,0.934609512084506,0.962664602395338,1000,0.95,0.00689202437604511,1000,0.475297810601613,0.0151192743388634,1.01950821707902,0,"CorCor","PSM_M1",0.0988525312143353,6.66572783807636,0.434423907621141,-0.0881095145168861,0.00958745307237491,-0.0922295570956204,0.00497664712209796,0.002,0.00927804300928176,"defined"
"prospective","PoorOverlap","PATE","CorCor","WM_DSM_analytic_M1",1000,TRUE,"inclusive",0.866391828860284,"all_requested","defined",0.857508031637301,-0.00888379722298298,0.00888379722298298,-1.02537869438005,0.013571598405974,0.11649720342555,0.00368396503864708,0.425207731182466,0.0136369486606671,0.116777346521777,0.00253365906197967,0.000589546273629439,1,0,0.941,0.00745110730026082,0.924550926915759,0.954786645597203,1000,0.941,0.00745110730026082,1000,0.45445904625951,0.0137762585458865,1.01508003212226,0,"CorCor","PSM_M1",0.12591407450154,9.27776307071642,0.612088737382514,-0.100383781294102,0.0108598816483939,-0.120523458851386,0.00649570191174166,-0.022,0.00925211335866577,"defined"
"retrospective","GoodOverlap","PATT","CorCor","WM_DSM_analytic_M1",1000,TRUE,"inclusive",1.03507218631865,"all_requested","defined",1.03250044185355,-0.00257174446510342,0.00257174446510342,-0.248460397168057,0.00349730622601465,0.0591380269032934,0.00187010861342721,0.18067422138725,0.00350042278938243,0.0591643709455482,0.00132079644333855,0.00015657916579932,1,0,0.938,0.00762600813007697,0.921220050338967,0.952138151886639,1000,0.938,0.00762600813007697,1000,0.221192081830988,0.00318570327709122,0.910902011781074,0,"CorCor","PSM_M1",0.00658007194057743,1.88146862623344,0.105471189893387,-0.0642959522730567,0.00216948366071942,-0.00688294690877384,0.000424245458253529,-0.023,0.00930363141776143,"defined"
"prospective","GoodOverlap","PATT","CorCor","WM_DSM_analytic_M1",1000,TRUE,"inclusive",1.03507218631865,"all_requested","defined",1.0298022747082,-0.00526991161045445,0.00526991161045445,-0.50913469418954,0.00447947206189173,0.0669288582144633,0.00211647633152174,0.204476205572601,0.00450276455821184,0.0671026419614894,0.00149778867880243,0.000201344175921475,1,0,0.93,0.00806845710157772,0.912383766510715,0.94502847508083,1000,0.93,0.00806845710157772,1000,0.248431093167072,0.00402049520678757,0.897537734634217,0,"CorCor","PSM_M1",0.00607209848913143,1.35553886824938,0.0778381370440506,-0.0659330925000238,0.00233152915728156,-0.00524328334807106,0.000426521596464137,-0.027,0.0096105860052009,"defined"
"retrospective","PoorOverlap","PATT","CorCor","WM_DSM_analytic_M1",1000,TRUE,"inclusive",1.18185416619657,"all_requested","defined",1.18469486641071,0.00284070021414416,0.00284070021414416,0.240359622650066,0.00726576296381233,0.0852394448821221,0.00269550792315889,0.228074495166653,0.00726656677855515,0.0852441597914787,0.00206382320658129,0.000352161222698645,1,0,0.948,0.00702111102319284,0.932364985949493,0.96092346505602,1000,0.948,0.00702111102319284,1000,0.339412128036007,0.00760599693562524,1.04682701231894,0,"CorCor","PSM_M1",0.0556480920523005,7.65894680702632,0.511415188066966,-0.0498089547386313,0.00702039023999802,-0.0510978633483394,0.00306020553914575,-0.013,0.00899510488609843,"defined"
"prospective","PoorOverlap","PATT","CorCor","WM_DSM_analytic_M1",1000,TRUE,"inclusive",1.18185416619657,"all_requested","defined",1.17393476779226,-0.00791939840431223,0.00791939840431223,-0.670082539015651,0.0105627293402177,0.102775139699334,0.00325003528291889,0.274994612353749,0.0106148834819637,0.10302855663341,0.00224792898395047,0.000458107610574613,1,0,0.94,0.00750999334220744,0.923439509596065,0.953904964577516,1000,0.94,0.00750999334220744,1000,0.390231495396787,0.0101254341344425,0.958600169360571,0,"CorCor","PSM_M1",0.0516976678438343,4.89434749094583,0.302499640612014,-0.0867438833550753,0.0067901566338986,-0.0472443861217799,0.00289924134039897,-0.017,0.00931653357197825,"defined"
"retrospective","GoodOverlap","PATE","CorMis","WM_DSM_analytic_M1",1000,TRUE,"inclusive",0.866391828860284,"all_requested","defined",0.842995755585558,-0.0233960732747257,0.0233960732747257,-2.70040326967333,0.00474491666076076,0.0688833554696689,0.00217828296159171,0.251420072192646,0.00528754798877633,0.0727155278381195,0.00165750585462645,0.000223368880263718,1,0,0.966,0.00573096850453743,0.952810561384293,0.976341351892403,1000,0.966,0.00573096850453743,1000,0.295866315309803,0.00572616654715293,1.20680023624163,0,"CorCor","PSM_M1",0.00716442624343717,1.5099161388197,0.0819269975280786,-0.0784524703560743,0.00253126357750077,-0.00490092068799654,0.000487433138175407,-0.004,0.00735105693339659,"defined"
"prospective","GoodOverlap","PATE","CorMis","WM_DSM_analytic_M1",1000,TRUE,"inclusive",0.866391828860284,"all_requested","defined",0.856089714134392,-0.0103021147258912,0.0103021147258912,-1.18908262782711,0.00459529545316638,0.0677886085796602,0.00214366402525358,0.24742431240072,0.00469683372553863,0.0685334496836299,0.00158300061915647,0.000213748330959778,1,0,0.96,0.00619677335393187,0.945927303180632,0.971272374714109,1000,0.96,0.00619677335393187,1000,0.279976817809775,0.00511874460164566,1.11390979183256,0,"CorCor","PSM_M1",0.00757770737570927,1.64901418264366,0.0940185148535653,-0.065424672777902,0.00253571060510806,-0.00591179234899223,0.000488237338684883,0.002,0.00825009479121689,"defined"
"retrospective","PoorOverlap","PATE","CorMis","WM_DSM_analytic_M1",1000,TRUE,"inclusive",0.866391828860284,"all_requested","defined",0.861618661461766,-0.004773167398518,0.004773167398518,-0.550924794015772,0.0223302271197633,0.149433018840427,0.00472548697170601,0.545421461086754,0.0223306800196578,0.149434534227058,0.00330774174317982,0.000989345159359198,1,0,0.958,0.00634318531969546,0.943649708424255,0.96956529373686,1000,0.958,0.00634318531969546,1000,0.611649871313793,0.0251998322326688,1.12850765455788,0,"CorCor","PSM_M1",0.0988525312143353,4.42684844556938,0.288025099147164,-0.0958774209100927,0.00963919329883958,-0.0847229836713644,0.00502508598558121,0.01,0.00905439020486648,"defined"
"prospective","PoorOverlap","PATE","CorMis","WM_DSM_analytic_M1",1000,TRUE,"inclusive",0.866391828860284,"all_requested","defined",0.860827037054567,-0.00556479180571676,0.00556479180571676,-0.642295047154022,0.0193954503114729,0.139267549384172,0.00440402660203965,0.508318113737642,0.0194070217690024,0.1393090871731,0.00327774196329595,0.000913772358781995,1,0,0.959,0.00627048642451286,0.944787540684701,0.970419831465964,1000,0.959,0.00627048642451286,1000,0.579203966772389,0.0225003439894806,1.16008360868894,0,"CorCor","PSM_M1",0.12591407450154,6.49193870106012,0.447149736656828,-0.0970647758768356,0.0109168769853411,-0.114753385743051,0.00653337010530003,-0.004,0.00848858386634991,"defined"
"retrospective","GoodOverlap","PATT","CorMis","WM_DSM_analytic_M1",1000,TRUE,"inclusive",1.03507218631865,"all_requested","defined",1.03691227144986,0.00184008513120478,0.00184008513120478,0.177773604153083,0.0041903653445219,0.0647330313249882,0.0020470381883399,0.197767674119466,0.00418956089246746,0.0647268174133988,0.00149105633540803,0.000192545878641827,1,0,0.965,0.00581162627841812,0.951657618385778,0.975502472105241,1000,0.965,0.00581162627841812,1000,0.27045304122556,0.00476373571222874,1.13683063899342,0,"CorCor","PSM_M1",0.00658007194057743,1.57028597737417,0.0858628055834255,-0.0598841226767486,0.00228635691353882,-0.0061938088056888,0.00041855131082388,0.004,0.00800300243958778,"defined"
"prospective","GoodOverlap","PATT","CorMis","WM_DSM_analytic_M1",1000,TRUE,"inclusive",1.03507218631865,"all_requested","defined",1.0130505881333,-0.0220215981853478,0.0220215981853478,-2.12754225999155,0.00526804159784722,0.0725812758075195,0.00229522147032639,0.221745062872339,0.00574772434288628,0.0758137477169298,0.00159903600519115,0.000232001387253152,1,0,0.962,0.00604615580348373,0.948212896378036,0.972971184017016,1000,0.962,0.00604615580348373,1000,0.305061756150076,0.0060649929036894,1.15128037450727,0,"CorCor","PSM_M1",0.00607209848913143,1.15262918417592,0.0650279975243691,-0.0826847790749172,0.00249223401513051,-0.00399832356339662,0.0004613269184948,0.005,0.00830927457989228,"defined"
"retrospective","PoorOverlap","PATT","CorMis","WM_DSM_analytic_M1",1000,TRUE,"inclusive",1.18185416619657,"all_requested","defined",1.20511183275706,0.0232576665604858,0.0232576665604858,1.96789648212972,0.0108517824988568,0.104171889196927,0.00329420438024978,0.278731883718881,0.0113818497701967,0.106685752423633,0.00240416409789612,0.00049652480137871,1,0,0.95,0.00689202437604511,0.934609512084506,0.962664602395338,1000,0.95,0.00689202437604511,1000,0.434416568761817,0.0125684182915674,1.15818929220996,0,"CorCor","PSM_M1",0.0556480920523005,5.1280139514557,0.332166762446394,-0.0293919883922896,0.00685903702605594,-0.0469825803566978,0.0030409336299069,-0.011,0.0083034901064521,"defined"
"prospective","PoorOverlap","PATT","CorMis","WM_DSM_analytic_M1",1000,TRUE,"inclusive",1.18185416619657,"all_requested","defined",1.17189585399467,-0.00995831220189671,0.00995831220189671,-0.842600761305808,0.0165642990335351,0.128702366075901,0.00406992617052633,0.34436788285175,0.016646902716412,0.129022876717317,0.00288846111129534,0.00073218690299368,1,0,0.952,0.00675988165576884,0.936859884598491,0.964399734657117,1000,0.952,0.00675988165576884,1000,0.499423713430891,0.0166802291310682,1.00699879284348,0,"CorCor","PSM_M1",0.0516976678438343,3.12102961551045,0.19164550664707,-0.0887827971526597,0.00655912294877564,-0.0412123668873315,0.00293118947418816,-0.005,0.00900311368672283,"defined"
"retrospective","GoodOverlap","PATE","MisCor","WM_DSM_analytic_M1",1000,TRUE,"inclusive",0.866391828860284,"all_requested","defined",0.866647063843477,0.000255234983193604,0.000255234983193604,0.0294595325915479,0.0039388609199069,0.0627603451225923,0.00198465637325631,0.229071455563827,0.00393498720388363,0.0627294763558858,0.00142230104704104,0.00017859117117911,1,0,0.95,0.00689202437604511,0.934609512084506,0.962664602395338,1000,0.95,0.00689202437604511,1000,0.233916046193918,0.00357712124780711,0.908161349320165,0,"CorCor","PSM_M1",0.00716442624343717,1.81890815368178,0.0979779667776675,-0.054801162098155,0.00241418015942717,-0.00625348147288923,0.000436069760600772,-0.02,0.00810343542367468,"defined"
"prospective","GoodOverlap","PATE","MisCor","WM_DSM_analytic_M1",1000,TRUE,"inclusive",0.866391828860284,"all_requested","defined",0.859771693084278,-0.00662013577600548,0.00662013577600548,-0.764104133428185,0.00356177288686181,0.0596805905371404,0.00188726598201256,0.217830538002096,0.0036020373116677,0.0600169751959202,0.00134673844023978,0.000160319241341953,1,0,0.932,0.00796090447122687,0.914586949808569,0.946811900239598,1000,0.932,0.00796090447122687,1000,0.222287300724838,0.00322251821642285,0.904751178355486,0,"CorCor","PSM_M1",0.00757770737570927,2.12750998348628,0.120193564921366,-0.0617426938280163,0.00245243014758138,-0.00700658876286316,0.000477971618848264,-0.026,0.00976828641161895,"defined"
"retrospective","PoorOverlap","PATE","MisCor","WM_DSM_analytic_M1",1000,TRUE,"inclusive",0.866391828860284,"all_requested","defined",0.871453231676939,0.00506140281665567,0.00506140281665567,0.584193276997293,0.014698095382747,0.121235701766216,0.00383380951310142,0.442502962908215,0.0147090150858367,0.121280728418973,0.00277840535144229,0.000670906593011336,1,0,0.952,0.00675988165576884,0.936859884598491,0.964399734657117,1000,0.952,0.00675988165576884,1000,0.476241241432635,0.0151945225817983,1.0337749338349,0,"CorCor","PSM_M1",0.0988525312143353,6.7255333864802,0.443065220369585,-0.0860428506949191,0.00963545819672779,-0.0923446486051855,0.00498776203415092,0.004,0.00927739565126281,"defined"
"prospective","PoorOverlap","PATE","MisCor","WM_DSM_analytic_M1",1000,TRUE,"inclusive",0.866391828860284,"all_requested","defined",0.85609003253702,-0.0103017963232633,0.0103017963232633,-1.18904587740804,0.0138286005369158,0.117595070206688,0.0037186826346054,0.429214878387904,0.0139208989438648,0.117986859199933,0.00258348343088964,0.000602926707618919,1,0,0.945,0.00720936890441875,0.929008484457942,0.958301204920464,1000,0.945,0.00720936890441875,1000,0.456125322537016,0.0138793891346746,1.00367272144591,0,"CorCor","PSM_M1",0.12591407450154,9.10533746096787,0.602938434413713,-0.101801780394382,0.010893679462369,-0.120239508568188,0.00650373575638852,-0.018,0.0091520358259657,"defined"
"retrospective","GoodOverlap","PATT","MisCor","WM_DSM_analytic_M1",1000,TRUE,"inclusive",1.03507218631865,"all_requested","defined",1.03274419643714,-0.00232798988150809,0.00232798988150809,-0.224910872138091,0.00357678834148186,0.0598062567084904,0.00189123989527555,0.182715748744244,0.00357863109002878,0.059821660709385,0.00128108565856652,0.000153568933303876,1,0,0.941,0.00745110730026082,0.924550926915759,0.954786645597203,1000,0.941,0.00745110730026082,1000,0.221105468645033,0.00318324756346215,0.889973702537662,0,"CorCor","PSM_M1",0.00658007194057743,1.83965930112916,0.0988667796452438,-0.0640521976894614,0.0021799078139103,-0.00680473860812748,0.000420509412889455,-0.02,0.00914787864390885,"defined"
"prospective","GoodOverlap","PATT","MisCor","WM_DSM_analytic_M1",1000,TRUE,"inclusive",1.03507218631865,"all_requested","defined",1.029862593996,-0.00520959232265132,0.00520959232265132,-0.503307150120592,0.00452100591915652,0.0672384259122455,0.0021262657216718,0.205421974406838,0.00454362476540559,0.067406414868361,0.00146148694264485,0.00019728116394936,1,0,0.933,0.00790638982089803,0.915689962897559,0.947702163599955,1000,0.933,0.00790638982089803,1000,0.248300133979794,0.00401630707464206,0.888365807623489,0,"CorCor","PSM_M1",0.00607209848913143,1.3430857197958,0.0727446059985807,-0.0658727732122207,0.00229431887710626,-0.00520242314087732,0.000420570019629436,-0.024,0.00902803995923287,"defined"
"retrospective","PoorOverlap","PATT","MisCor","WM_DSM_analytic_M1",1000,TRUE,"inclusive",1.18185416619657,"all_requested","defined",1.18288987269578,0.00103570649920805,0.00103570649920805,0.0876340354699728,0.00729844910405508,0.0854309610390465,0.00270156419580492,0.22858693340305,0.00729222334290353,0.0853945158830679,0.0020684189277536,0.000353997521723571,1,0,0.951,0.00682634602111555,0.93573394685983,0.963532940827952,1000,0.951,0.00682634602111555,1000,0.338210518654025,0.00754684051047548,1.03403345051518,0,"CorCor","PSM_M1",0.0556480920523005,7.62464617604608,0.516646251687361,-0.0516139484535674,0.00704980208497145,-0.051072206783991,0.00307085448088688,-0.01,0.00905439020486648,"defined"
"prospective","PoorOverlap","PATT","MisCor","WM_DSM_analytic_M1",1000,TRUE,"inclusive",1.18185416619657,"all_requested","defined",1.17448509853583,-0.00736906766074134,0.00736906766074134,-0.623517509309663,0.0105552357331058,0.102738676909457,0.00324888222826032,0.274897049160967,0.0105989836555612,0.102951365486628,0.00237179888222341,0.000484278124487497,1,0,0.938,0.00762600813007697,0.921220050338967,0.952138151886639,1000,0.938,0.00762600813007697,1000,0.388206067774137,0.0100142326933178,0.948745527483467,0,"CorCor","PSM_M1",0.0516976678438343,4.89782219469416,0.310454703057222,-0.0861935526115044,0.00679630791577975,-0.0472602859481823,0.00290846983340398,-0.019,0.00962973165419119,"defined"
"retrospective","GoodOverlap","PATE","MisMis","WM_DSM_analytic_M1",1000,TRUE,"inclusive",0.866391828860284,"all_requested","defined",0.906626846755315,0.0402350178950317,0.0402350178950317,4.64397476462351,0.00612916271714158,0.0782889693197042,0.00247571458717308,0.285749992636683,0.00774189021943796,0.0879880117938686,0.00193286202135816,0.000275740459754555,1,0,0.915,0.00881901355027874,0.895968014221623,0.93154272122901,1000,0.915,0.00881901355027874,1000,0.301915975450726,0.00596361772724634,0.972990602871048,0,"CorCor","PSM_M1",0.00716442624343717,1.16890782217288,0.0638913431477542,-0.0148213791863169,0.00276484897464554,-0.00244657845733491,0.000453252148621221,-0.055,0.00959515852224793,"defined"
"prospective","GoodOverlap","PATE","MisMis","WM_DSM_analytic_M1",1000,TRUE,"inclusive",0.866391828860284,"all_requested","defined",0.91621288581486,0.0498210569545763,0.0498210569545763,5.75040706698661,0.00564826303032777,0.0751549268533192,0.0023766074623984,0.274310927600133,0.00812475248336857,0.0901374089009029,0.00203142878527142,0.000260456079769495,1,0,0.889,0.00993373041711924,0.867873938241308,0.907802092795809,1000,0.889,0.00993373041711924,1000,0.284085042148144,0.00527217900352195,0.933415985624877,0,"CorCor","PSM_M1",0.00757770737570927,1.34159959177212,0.0792319125949397,-0.00530150109743454,0.00279068986115131,-0.00248387359116229,0.000491334795080776,-0.069,0.0105995920370244,"defined"
"retrospective","PoorOverlap","PATE","MisMis","WM_DSM_analytic_M1",1000,TRUE,"inclusive",0.866391828860284,"all_requested","defined",1.07640344929801,0.210011620437723,0.210011620437723,24.2397969881581,0.0284292996543376,0.168609903784854,0.00533191332021982,0.615415928752908,0.0725057510735613,0.269268919620444,0.00504584316596738,0.00133344720551764,1,0,0.774,0.0132258837133857,0.746791397104048,0.799584720317867,1000,0.774,0.0132258837133857,1000,0.659233024008333,0.0295149174396172,1.03818658209943,0,"CorCor","PSM_M1",0.0988525312143353,3.47713564583899,0.238070472787317,0.118907366926148,0.00998465295305341,-0.0345479126174609,0.00548609508928993,-0.174,0.0143502588802408,"defined"
"prospective","PoorOverlap","PATE","MisMis","WM_DSM_analytic_M1",1000,TRUE,"inclusive",0.866391828860284,"all_requested","defined",1.0732264104873,0.206834581627015,0.206834581627015,23.8730992995514,0.0231146393423243,0.152034993808413,0.00480776864484183,0.554918512004705,0.0658720688598042,0.256655545156936,0.0046502606609732,0.00115315610660213,1,0,0.753,0.0136378517369856,0.725048959062992,0.779452720521059,1000,0.753,0.0136378517369856,1000,0.619210057239403,0.0258994370869167,1.12047766367236,0,"CorCor","PSM_M1",0.12591407450154,5.4473735296827,0.387221192585221,0.115334597555896,0.0110007064343903,-0.0682883386522488,0.00670825765128265,-0.21,0.0136413374009327,"defined"
"retrospective","GoodOverlap","PATT","MisMis","WM_DSM_analytic_M1",1000,TRUE,"inclusive",1.03507218631865,"all_requested","defined",1.07204714890888,0.0369749625902282,0.0369749625902282,3.57221100894748,0.00468700264669731,0.0684616874368235,0.00216494864758897,0.209159194518486,0.00604946350259939,0.0777782971181511,0.00175491696822847,0.000211202572415683,1,0,0.903,0.00935900635751467,0.882952156019713,0.920635528170636,1000,0.903,0.00935900635751467,1000,0.268823464053703,0.00470620849357946,1.00409768210728,0,"CorCor","PSM_M1",0.00658007194057743,1.40389763705682,0.0797262920633727,-0.0247492452177251,0.00240815349539025,-0.00433390619555687,0.000408317957246745,-0.058,0.0100367692379937,"defined"
"prospective","GoodOverlap","PATT","MisMis","WM_DSM_analytic_M1",1000,TRUE,"inclusive",1.03507218631865,"all_requested","defined",1.06064508290469,0.0255728965860335,0.0255728965860335,2.47063894905594,0.00628898845036836,0.079303142752153,0.00250778556706277,0.242281224460488,0.00693667250171796,0.0832866886226002,0.0018486518729796,0.000274934890980569,1,0,0.933,0.00790638982089803,0.915689962897559,0.947702163599955,1000,0.933,0.00790638982089803,1000,0.302108701179726,0.00594823792382096,0.945817911857122,0,"CorCor","PSM_M1",0.00607209848913143,0.965512742955629,0.0564073821911043,-0.0350902843035358,0.00264335022371852,-0.00280937540456495,0.00044167068219495,-0.024,0.0092471352055385,"defined"
"retrospective","PoorOverlap","PATT","MisMis","WM_DSM_analytic_M1",1000,TRUE,"inclusive",1.18185416619657,"all_requested","defined",1.33601769311531,0.154163526918744,0.154163526918744,13.0442089496432,0.0111336547376794,0.105516134963708,0.00333671316383044,0.282328671274952,0.0348889141149681,0.186785743875083,0.00299175357982422,0.000512705245054843,1,0,0.681,0.0147390298188178,0.651110582700778,0.709819393422726,1000,0.681,0.0147390298188178,1000,0.414359239360463,0.0114111815199124,1.0249268356862,0,"CorCor","PSM_M1",0.0556480920523005,4.99818733052427,0.322990628071288,0.101513871965969,0.00691491591242935,-0.0234755160119264,0.00313333744908263,-0.28,0.0150939666035084,"defined"
"prospective","PoorOverlap","PATT","MisMis","WM_DSM_analytic_M1",1000,TRUE,"inclusive",1.18185416619657,"all_requested","defined",1.31425191817259,0.132397751976022,0.132397751976022,11.202545606968,0.0164495080357226,0.128255635493036,0.00405579930910327,0.343172569434315,0.0339622232559911,0.184288424096553,0.00340773825860431,0.000749724921565121,1,0,0.772,0.0132671021704063,0.744716822478433,0.797671270128969,1000,0.772,0.0132671021704063,1000,0.479377572550824,0.0153515224478363,0.93325115951785,0,"CorCor","PSM_M1",0.0516976678438343,3.14280936132346,0.194263361856386,0.0535732670252591,0.0066049155588215,-0.0238970463477524,0.00289733109765342,-0.185,0.0138912910835519,"defined"
"retrospective","GoodOverlap","PATE","CorCor","WM_DSM_analytic_M3",1000,TRUE,"inclusive",0.866391828860284,"all_requested","defined",0.864920544983888,-0.00147128387639578,0.00147128387639578,-0.169817376778728,0.00317069524312854,0.0563089268511534,0.00178064461449458,0.205524169917088,0.00316968922413035,0.0562999931095054,0.00130163913409451,0.000146779450473988,1,0,0.947,0.00708456067798138,0.931244816710037,0.960050747639981,1000,0.947,0.00708456067798138,1000,0.216725575865709,0.00306570684841663,0.966887894716643,0,"CorCor","PSM_M1",0.00716442624343717,2.2595758009111,0.123825257197648,-0.0565276809577444,0.00230260223575307,-0.00701877945264251,0.000435326049566403,-0.023,0.00827886100496557,"defined"
"prospective","GoodOverlap","PATE","CorCor","WM_DSM_analytic_M3",1000,TRUE,"inclusive",0.866391828860284,"all_requested","defined",0.861333885481965,-0.00505794337831851,0.00505794337831851,-0.58379398441143,0.00330006019427521,0.0574461503869076,0.00181660678031191,0.209674966891321,0.00332234292529921,0.0576397686090013,0.00127014567877874,0.000145520471127536,1,0,0.926,0.00827792244467173,0.907988263985751,0.941450555739347,1000,0.926,0.00827792244467173,1000,0.212742665378493,0.00295076425288105,0.894154675723765,0,"CorCor","PSM_M1",0.00757770737570927,2.29623307746165,0.127916280887236,-0.0601805014303293,0.0024293179454802,-0.00728628314923165,0.000475858967910034,-0.032,0.010250906354127,"defined"
"retrospective","PoorOverlap","PATE","CorCor","WM_DSM_analytic_M3",1000,TRUE,"inclusive",0.866391828860284,"all_requested","defined",0.872564566700864,0.00617273784058044,0.00617273784058044,0.71246491886939,0.0113712669382932,0.106636142739191,0.00337213091950671,0.389215457392144,0.0113979983638034,0.106761408588513,0.00246358749884135,0.000521746900019032,1,0,0.95,0.00689202437604511,0.934609512084506,0.962664602395338,1000,0.95,0.00689202437604511,1000,0.418669469450527,0.0115817465576023,1.01850977735825,0,"CorCor","PSM_M1",0.0988525312143353,8.69318535487416,0.562762295007422,-0.0849315156709943,0.00951620595276921,-0.0956556653272188,0.00496232305920774,0.002,0.00959625385700525,"defined"
"prospective","PoorOverlap","PATE","CorCor","WM_DSM_analytic_M3",1000,TRUE,"inclusive",0.866391828860284,"all_requested","defined",0.863587486082339,-0.00280434277794477,0.00280434277794477,-0.323680658626918,0.0114818963954218,0.107153611210364,0.00338849470936901,0.39110418594627,0.0114782788374426,0.107136729637611,0.00251010423757941,0.000537908398108292,1,0,0.946,0.00714730718522718,0.930125994422933,0.959176648874369,1000,0.946,0.00714730718522718,1000,0.414347721293795,0.0113443227954179,0.988018216219164,0,"CorCor","PSM_M1",0.12591407450154,10.9663134176812,0.759277724998132,-0.0943043268490636,0.0109581616893435,-0.12268212867461,0.00650889987388343,-0.017,0.00898842543451253,"defined"
"retrospective","GoodOverlap","PATT","CorCor","WM_DSM_analytic_M3",1000,TRUE,"inclusive",1.03507218631865,"all_requested","defined",1.0324426401369,-0.00262954618175253,0.00262954618175253,-0.254044714611142,0.00287806881927142,0.0536476357286267,0.00169648719985487,0.163900375478991,0.00288210526357412,0.0536852425120174,0.00113681012000574,0.000122032884091212,1,0,0.947,0.00708456067798138,0.931244816710037,0.960050747639981,1000,0.947,0.00708456067798138,1000,0.202615708716019,0.00267281626413714,0.92868393078028,0,"CorCor","PSM_M1",0.00658007194057743,2.28628026422355,0.116969687452732,-0.0643537539897059,0.00204922659405833,-0.00750126443458215,0.000410555492193362,-0.014,0.00859522413191639,"defined"
"prospective","GoodOverlap","PATT","CorCor","WM_DSM_analytic_M3",1000,TRUE,"inclusive",1.03507218631865,"all_requested","defined",1.02895801377817,-0.00611417254047919,0.00611417254047919,-0.590700109740646,0.00383848282759619,0.0619554906977275,0.00195920464158193,0.189281932939389,0.00387202745062335,0.0622256173181379,0.00141165821258058,0.000174185144397906,1,0,0.939,0.00756828910652864,0.922329225950876,0.95302212445892,1000,0.939,0.00756828910652864,1000,0.230511195878711,0.00346129158079393,0.901734288325975,0,"CorCor","PSM_M1",0.00607209848913143,1.58190065238197,0.087753377182772,-0.0667773534300485,0.00219706126463102,-0.00587402045565956,0.000418309876813369,-0.018,0.00936823162415211,"defined"
"retrospective","PoorOverlap","PATT","CorCor","WM_DSM_analytic_M3",1000,TRUE,"inclusive",1.18185416619657,"all_requested","defined",1.18538908756806,0.00353492137149414,0.00353492137149414,0.299099624352993,0.00591502131929257,0.0769091757808687,0.00243208168433804,0.205785261320772,0.00592160196707592,0.0769519458303422,0.00180054805022907,0.000278140727713765,1,0,0.947,0.00708456067798138,0.931244816710037,0.960050747639981,1000,0.947,0.00708456067798138,1000,0.306143869924674,0.00614347981389482,1.03862344398609,0,"CorCor","PSM_M1",0.0556480920523005,9.40792755400516,0.632999747733305,-0.0491147335812813,0.00703815985311155,-0.0524428281598186,0.00307273778107745,-0.014,0.00904908204658826,"defined"
"prospective","PoorOverlap","PATT","CorCor","WM_DSM_analytic_M3",1000,TRUE,"inclusive",1.18185416619657,"all_requested","defined",1.17770461860062,-0.00414954759595305,0.00414954759595305,-0.351104875257755,0.00928505871892928,0.0963590095368839,0.0030471394321444,0.257827024627807,0.00929299240546143,0.0964001680779729,0.00208231416212029,0.000398888320577166,1,0,0.936,0.0077397674383666,0.919004925632949,0.950366910708151,1000,0.936,0.0077397674383666,1000,0.359663214970001,0.00854389144381911,0.920176350247611,0,"CorCor","PSM_M1",0.0516976678438343,5.56783423872584,0.341213215631356,-0.0829740325467161,0.00676437843249566,-0.0485662771982821,0.00289842524078014,-0.021,0.0096255727960289,"defined"
"retrospective","GoodOverlap","PATE","CorMis","WM_DSM_analytic_M3",1000,TRUE,"inclusive",0.866391828860284,"all_requested","defined",0.859396263845729,-0.00699556501455472,0.00699556501455472,-0.807436633348355,0.00389277848891849,0.0623921348321925,0.00197301254150056,0.227727510322438,0.00393782364030243,0.0627520807647239,0.00141053655452188,0.000175036902774483,1,0,0.968,0.00556560868189635,0.955124097164991,0.978011150394358,1000,0.968,0.00556560868189635,1000,0.27485921695442,0.00493371369137252,1.26740160155972,0,"CorCor","PSM_M1",0.00716442624343717,1.84044025721783,0.0964529252702698,-0.0620519620959033,0.00235343600766101,-0.00625064503647043,0.000440874909761949,-0.002,0.00721443331440856,"defined"
"prospective","GoodOverlap","PATE","CorMis","WM_DSM_analytic_M3",1000,TRUE,"inclusive",0.866391828860284,"all_requested","defined",0.862536735033423,-0.00385509382686068,0.00385509382686068,-0.44495962432286,0.00394321314979211,0.0627950089560636,0.00198575253991833,0.229197976454896,0.00395413168505622,0.0628818867803457,0.00145810112316302,0.000183447472921007,1,0,0.962,0.00604615580348373,0.948212896378036,0.972971184017016,1000,0.962,0.00604615580348373,1000,0.266625362171051,0.00464078732937715,1.17690501453664,0,"CorCor","PSM_M1",0.00757770737570927,1.92170879124522,0.1092885664936,-0.0589776518788715,0.00246597274753422,-0.00665449438947464,0.000471053524605724,0.004,0.00836982998955499,"defined"
"retrospective","PoorOverlap","PATE","CorMis","WM_DSM_analytic_M3",1000,TRUE,"inclusive",0.866391828860284,"all_requested","defined",0.889345219267689,0.0229533904074058,0.0229533904074058,2.64930827401736,0.01661995089426,0.128918388503192,0.00407675739948552,0.470544303822486,0.0171301890745605,0.1308823482161,0.00287217334393617,0.000725594545637786,1,0,0.961,0.00612200947402077,0.947069064214555,0.972122851204664,1000,0.961,0.00612200947402077,1000,0.543031496152761,0.0195934911838071,1.17891390344445,0,"CorCor","PSM_M1",0.0988525312143353,5.94782330244284,0.390253419684298,-0.068150863104169,0.00958225301741873,-0.0899234746164617,0.00500013168783836,0.013,0.00910570776567719,"defined"
"prospective","PoorOverlap","PATE","CorMis","WM_DSM_analytic_M3",1000,TRUE,"inclusive",0.866391828860284,"all_requested","defined",0.881931463538795,0.0155396346785109,0.0155396346785109,1.79360355913708,0.0159326698245725,0.126224679934522,0.00399157485518843,0.46071243082235,0.0161582174006895,0.127114977090387,0.00318709786326355,0.00079788408854994,1,0,0.965,0.00581162627841812,0.951657618385778,0.975502472105241,1000,0.965,0.00581162627841812,1000,0.526716775156381,0.0184126889960199,1.15565622075608,0,"CorCor","PSM_M1",0.12591407450154,7.90288607546149,0.555662892836113,-0.075960349392608,0.011057431034561,-0.118002190111363,0.00649543738592465,0.002,0.00800375287350003,"defined"
"retrospective","GoodOverlap","PATT","CorMis","WM_DSM_analytic_M3",1000,TRUE,"inclusive",1.03507218631865,"all_requested","defined",1.0355815661548,0.000509379836151003,0.000509379836151003,0.0492120108030985,0.0033302657759044,0.0577084549776235,0.00182490157978571,0.176306696663947,0.00332719497794597,0.0576818427058808,0.0012902787206735,0.000148905157645195,1,0,0.971,0.00530650544143696,0.958615280883598,0.980494062675615,1000,0.971,0.00530650544143696,1000,0.244831004715631,0.00390309347675773,1.17200660229521,0,"CorCor","PSM_M1",0.00658007194057743,1.97583988286655,0.104877659801655,-0.0612148279718023,0.00211440526099977,-0.00705617472021029,0.000408804114420368,0.01,0.00761301241020649,"defined"
"prospective","GoodOverlap","PATT","CorMis","WM_DSM_analytic_M3",1000,TRUE,"inclusive",1.03507218631865,"all_requested","defined",1.02152514654055,-0.0135470397781,0.0135470397781,-1.30880144951837,0.00451273915571637,0.0671769242799667,0.00212432086929361,0.205234079069306,0.00469174870331008,0.0684963408023384,0.00150213627044537,0.0002036307262063,1,0,0.963,0.00596917079668525,0.949358876940075,0.973817291156263,1000,0.963,0.00596917079668525,1000,0.278050684229164,0.00503742845641003,1.11626847521843,0,"CorCor","PSM_M1",0.00607209848913143,1.34554608179376,0.0751576226789674,-0.0742102206676693,0.00231922456930782,-0.00505429920297283,0.000435606019004601,0.006,0.00824815324979065,"defined"
"retrospective","PoorOverlap","PATT","CorMis","WM_DSM_analytic_M3",1000,TRUE,"inclusive",1.18185416619657,"all_requested","defined",1.21203564981328,0.0301814836167098,0.0301814836167098,2.55374008739501,0.00834141195151746,0.0913313306128705,0.00288815026470533,0.244374504681905,0.00924399249287167,0.0961456836934018,0.00209154704773161,0.000375727121472282,1,0,0.953,0.00669260786241059,0.937987369306695,0.965264937733204,1000,0.953,0.00669260786241059,1000,0.384776687929587,0.00973500969299812,1.16706976583588,0,"CorCor","PSM_M1",0.0556480920523005,6.67130365647234,0.432274158684506,-0.0224681713360656,0.00694938412024687,-0.0491204376340229,0.00304597094226945,-0.008,0.00860290706738193,"defined"
"prospective","PoorOverlap","PATT","CorMis","WM_DSM_analytic_M3",1000,TRUE,"inclusive",1.18185416619657,"all_requested","defined",1.1930559875231,0.0112018213265292,0.0112018213265292,0.947817560484536,0.013782671874941,0.117399624679728,0.00371250210436856,0.314125228861027,0.0138943700040975,0.117874382306324,0.00259306426982542,0.000616029445976569,1,0,0.944,0.00727076337120113,0.927892253716747,0.957424450313383,1000,0.944,0.00727076337120113,1000,0.451760454931406,0.0134863913128747,0.97850340160786,0,"CorCor","PSM_M1",0.0516976678438343,3.75091769672241,0.23269532558426,-0.0676226636242339,0.0066326938142764,-0.043964899599646,0.00289463630230614,-0.013,0.00921498322928023,"defined"
"retrospective","GoodOverlap","PATE","MisCor","WM_DSM_analytic_M3",1000,TRUE,"inclusive",0.866391828860284,"all_requested","defined",0.865237536440844,-0.00115429241944011,0.00115429241944011,-0.133229836777033,0.00321476864249418,0.0566989298178915,0.00179297759118573,0.206947657106179,0.00321288626484127,0.0566823276237071,0.00129032037274087,0.00014670870744165,1,0,0.949,0.00695693898205238,0.933486538405065,0.961794763225314,1000,0.949,0.00695693898205238,1000,0.21672888903095,0.00306577245890342,0.953652595206613,0,"CorCor","PSM_M1",0.00716442624343717,2.22859777488642,0.119930649132744,-0.0562106895007887,0.00230704308512736,-0.0069755824119316,0.000430883101360793,-0.021,0.00803888198841254,"defined"
"prospective","GoodOverlap","PATE","MisCor","WM_DSM_analytic_M3",1000,TRUE,"inclusive",0.866391828860284,"all_requested","defined",0.86100096418631,-0.00539086467397404,0.00539086467397404,-0.622220165795606,0.00327442026823239,0.0572225503471524,0.0018095359262066,0.208858840299429,0.00330020726989726,0.0574474304899467,0.00126564419229048,0.000144371664386288,1,0,0.934,0.00785136930732467,0.916793949538597,0.948591433981081,1000,0.934,0.00785136930732467,1000,0.212746852485944,0.00295102596098189,0.901236163730116,0,"CorCor","PSM_M1",0.00757770737570927,2.31421343473417,0.129816523569662,-0.0605134227259849,0.00243039151074227,-0.00730841880463361,0.000477722758736602,-0.024,0.00977340879731936,"defined"
"retrospective","PoorOverlap","PATE","MisCor","WM_DSM_analytic_M3",1000,TRUE,"inclusive",0.866391828860284,"all_requested","defined",0.872868488758275,0.00647665989799152,0.00647665989799152,0.747543972859416,0.0113588126240692,0.106577730432156,0.00337028376017053,0.389002256012047,0.0113894009348794,0.106721136308041,0.00246606905079582,0.000521963095564459,1,0,0.95,0.00689202437604511,0.934609512084506,0.962664602395338,1000,0.95,0.00689202437604511,1000,0.419620249460097,0.0116376881982391,1.02455147235891,0,"CorCor","PSM_M1",0.0988525312143353,8.70271695519192,0.56726194452684,-0.0846275936135832,0.00957763952634058,-0.0956642627561428,0.00496661956934472,0.002,0.00927804300928176,"defined"
"prospective","PoorOverlap","PATE","MisCor","WM_DSM_analytic_M3",1000,TRUE,"inclusive",0.866391828860284,"all_requested","defined",0.862690289809672,-0.00370153905061172,0.00370153905061172,-0.427236145045481,0.0116286928377286,0.107836417029353,0.00341008692524525,0.393596385798229,0.0116307655362341,0.107846026984002,0.00247743134692754,0.000533690168068218,1,0,0.945,0.00720936890441875,0.929008484457942,0.958301204920464,1000,0.945,0.00720936890441875,1000,0.415281950197851,0.0113956803750846,0.979962282442612,0,"CorCor","PSM_M1",0.12591407450154,10.8278786153005,0.741070043152178,-0.0952015231217306,0.0109497789440576,-0.122529641975819,0.00650821670590032,-0.018,0.0090419996548196,"defined"
"retrospective","GoodOverlap","PATT","MisCor","WM_DSM_analytic_M3",1000,TRUE,"inclusive",1.03507218631865,"all_requested","defined",1.03250718100902,-0.002565005309634,0.002565005309634,-0.247809316445524,0.00292454262170544,0.0540790405028181,0.00171012941665402,0.165218372134632,0.00292819733132218,0.0541128203970388,0.00114425310068195,0.000123710441928054,1,0,0.943,0.00733150734842434,0.926777270539338,0.956546418063041,1000,0.943,0.00733150734842434,1000,0.202641826381786,0.00267351872576295,0.914166442957804,0,"CorCor","PSM_M1",0.00658007194057743,2.24994906613475,0.115068011221448,-0.0642892131175873,0.00206945971419324,-0.00745517236683408,0.000411739544807265,-0.018,0.00847040422575852,"defined"
"prospective","GoodOverlap","PATT","MisCor","WM_DSM_analytic_M3",1000,TRUE,"inclusive",1.03507218631865,"all_requested","defined",1.02879847228256,-0.00627371403609436,0.00627371403609436,-0.606113671975624,0.00384707524171803,0.0620247953782843,0.00196139624801263,0.1894936675855,0.003882587654283,0.0623104136905141,0.0014114759174393,0.000174546432432216,1,0,0.939,0.00756828910652864,0.922329225950876,0.95302212445892,1000,0.939,0.00756828910652864,1000,0.230638269210695,0.00346513799086243,0.900720098553354,0,"CorCor","PSM_M1",0.00607209848913143,1.57836748896539,0.0870056169372787,-0.0669368949256637,0.00220712106581097,-0.00586346025199991,0.000418857153388826,-0.018,0.00936823162415211,"defined"
"retrospective","PoorOverlap","PATT","MisCor","WM_DSM_analytic_M3",1000,TRUE,"inclusive",1.18185416619657,"all_requested","defined",1.18441871696709,0.00256455077051667,0.00256455077051667,0.21699384271495,0.00601387356460034,0.077549168690582,0.00245232003714857,0.207497685187386,0.0060144366116903,0.077552798864324,0.0018567518347805,0.000289211038741546,1,0,0.934,0.00785136930732467,0.916793949538597,0.948591433981081,1000,0.934,0.00785136930732467,1000,0.305613727507331,0.00612373012211212,1.01826718775041,0,"CorCor","PSM_M1",0.0556480920523005,9.25328599853906,0.631871981258308,-0.0500851041822587,0.00705343285591152,-0.0523499935152042,0.00307558607970893,-0.027,0.0096105860052009,"defined"
"prospective","PoorOverlap","PATT","MisCor","WM_DSM_analytic_M3",1000,TRUE,"inclusive",1.18185416619657,"all_requested","defined",1.17635716003555,-0.00549700616101854,0.00549700616101854,-0.465117128512475,0.0093094458106315,0.0964854694274298,0.00305113844501221,0.25816539233697,0.00933035344155514,0.0965937546715891,0.00202983564388087,0.000387856264035158,1,0,0.94,0.00750999334220744,0.923439509596065,0.953904964577516,1000,0.94,0.00750999334220744,1000,0.35762607870326,0.00843969034676541,0.906572799116267,0,"CorCor","PSM_M1",0.0516976678438343,5.55324869980928,0.335422931653082,-0.0843214911117816,0.00675648034020706,-0.0485289161621884,0.0029008566160348,-0.017,0.00920846327004652,"defined"
"retrospective","GoodOverlap","PATE","MisMis","WM_DSM_analytic_M3",1000,TRUE,"inclusive",0.866391828860284,"all_requested","defined",0.917733845306291,0.0513420164460072,0.0513420164460072,5.92595806374886,0.00528282228016383,0.0726830260801229,0.00229843909646608,0.265288639608896,0.00791354211062574,0.0889580918782869,0.00188898000382,0.000229821548927777,1,0,0.889,0.00993373041711924,0.867873938241308,0.907802092795809,1000,0.889,0.00993373041711924,1000,0.280633664400204,0.00514560140981822,0.974025082982471,0,"CorCor","PSM_M1",0.00716442624343717,1.3561740038726,0.0735918500807066,-0.00371438063534144,0.00260724805192113,-0.00227492656614713,0.000437545087554178,-0.081,0.0102246537126469,"defined"
"prospective","GoodOverlap","PATE","MisMis","WM_DSM_analytic_M3",1000,TRUE,"inclusive",0.866391828860284,"all_requested","defined",0.9216083738508,0.0552165449905167,0.0552165449905167,6.37316086685082,0.00511363441165442,0.0715096805450452,0.00226133465273374,0.261005999526619,0.00815738761793252,0.0903182573898131,0.00200908747624581,0.000246393018710259,1,0,0.881,0.0102390917565964,0.859302481977342,0.90042350817496,1000,0.881,0.0102390917565964,1000,0.270512058312634,0.00477694020373741,0.934157551985011,0,"CorCor","PSM_M1",0.00757770737570927,1.48186334135248,0.0885519377013942,9.39869385058869e-05,0.00272209910760884,-0.00245123845659834,0.000478477512080069,-0.077,0.0106388055807118,"defined"
"retrospective","PoorOverlap","PATE","MisMis","WM_DSM_analytic_M3",1000,TRUE,"inclusive",0.866391828860284,"all_requested","defined",1.09395159639724,0.227559767536958,0.227559767536958,26.2652254969102,0.0223511640514599,0.149503056997039,0.00472770177268617,0.545677096113122,0.0741122606888827,0.272235671227859,0.00455457500209299,0.00101146236806114,1,0,0.676,0.014799459449588,0.646007276615774,0.704952351556827,1000,0.676,0.014799459449588,1000,0.583931845951957,0.0228556658374429,1.02257161125127,0,"CorCor","PSM_M1",0.0988525312143353,4.42270169852198,0.294555441806343,0.136455514025383,0.00990744320906112,-0.0329414030021395,0.00533314044524138,-0.272,0.0155002018134041,"defined"
"prospective","PoorOverlap","PATE","MisMis","WM_DSM_analytic_M3",1000,TRUE,"inclusive",0.866391828860284,"all_requested","defined",1.08760794049005,0.221216111629763,0.221216111629763,25.533033006644,0.0202533707937708,0.142314337976786,0.00450037451705642,0.519438707423701,0.0691696854675686,0.263001303167054,0.00438270645620056,0.000977602172952288,1,0,0.673,0.0148347901906296,0.642947102723578,0.702030312381399,1000,0.673,0.0148347901906296,1000,0.563710367810299,0.0212580906627513,1.0496075383802,0,"CorCor","PSM_M1",0.12591407450154,6.2169441217294,0.428630820238918,0.129716127558644,0.0110732275169371,-0.0649907220444844,0.00663549279604987,-0.29,0.0152358830440553,"defined"
"retrospective","GoodOverlap","PATT","MisMis","WM_DSM_analytic_M3",1000,TRUE,"inclusive",1.03507218631865,"all_requested","defined",1.07584829811149,0.0407761117928345,0.0407761117928345,3.93944618856577,0.00414367179313705,0.064371358484477,0.00203560108890152,0.196662717422768,0.00580221941428565,0.0761723008336078,0.00173258752549351,0.000187633532313392,1,0,0.885,0.0100883596287999,0.863584432137167,0.904116620026736,1000,0.885,0.0100883596287999,1000,0.243583236389017,0.00386329589684346,0.93233636487379,0,"CorCor","PSM_M1",0.00658007194057743,1.58798096689889,0.0882622925565566,-0.0209480960151188,0.00225190134772986,-0.00458115028387061,0.000388699292961519,-0.076,0.0104082819106869,"defined"
"prospective","GoodOverlap","PATT","MisMis","WM_DSM_analytic_M3",1000,TRUE,"inclusive",1.03507218631865,"all_requested","defined",1.0658651252724,0.0307929389537483,0.0307929389537483,2.97495569495175,0.00528958240890996,0.0727295153903143,0.00229990921753663,0.222197953721132,0.00623249791591032,0.0789461710022109,0.00179435012990733,0.000243125779387568,1,0,0.918,0.00867617427210864,0.899237132584689,0.934254139728168,1000,0.918,0.00867617427210864,1000,0.276208763606824,0.00497070697955372,0.939716332083396,0,"CorCor","PSM_M1",0.00607209848913143,1.14793532262648,0.067111099644127,-0.029870241935821,0.00246688208694816,-0.00351354999037258,0.000410954160897799,-0.039,0.0093577009231203,"defined"
"retrospective","PoorOverlap","PATT","MisMis","WM_DSM_analytic_M3",1000,TRUE,"inclusive",1.18185416619657,"all_requested","defined",1.34417804619675,0.162323880000184,0.162323880000184,13.7346793405631,0.00858817877725251,0.0926724272761457,0.00293055946488934,0.247962866207126,0.0349286326167895,0.186892034653137,0.00266563891542527,0.000387512775115077,1,0,0.577,0.0156227718411299,0.54569060714761,0.60785475564006,1000,0.577,0.0156227718411299,1000,0.369528374987073,0.00896703379028436,1.04411354524143,0,"CorCor","PSM_M1",0.0556480920523005,6.47961500285666,0.42309480802252,0.109674225047409,0.00698593862311804,-0.023435797510105,0.00313047492177161,-0.384,0.0160250054852035,"defined"
"prospective","PoorOverlap","PATT","MisMis","WM_DSM_analytic_M3",1000,TRUE,"inclusive",1.18185416619657,"all_requested","defined",1.32683364294157,0.144979476745003,0.144979476745003,12.2671206728977,0.0140239489015707,0.118422754999074,0.00374485632589165,0.316862810404375,0.0350289736299239,0.187160288602908,0.0032335477626815,0.000639629799198563,1,0,0.714,0.0142899965010493,0.684890381210334,0.741843634300665,1000,0.714,0.0142899965010493,1000,0.436362466860329,0.0125582585890406,0.895486619152903,0,"CorCor","PSM_M1",0.0516976678438343,3.68638449887993,0.229500470252512,0.0661549917942396,0.00665718684947428,-0.0228302959738197,0.0029100405371751,-0.243,0.0147026244992915,"defined"
"retrospective","GoodOverlap","PATE","CorCor","WM_DSM_analytic_M5",1000,TRUE,"inclusive",0.866391828860284,"all_requested","defined",0.864916974189942,-0.00147485467034172,0.00147485467034172,-0.170229522164568,0.00307607156459132,0.0554623436629874,0.00175387330346046,0.20243419259478,0.00307517068932536,0.0554542215645064,0.00127682175280504,0.000142013896770721,1,0,0.949,0.00695693898205238,0.933486538405065,0.961794763225314,1000,0.949,0.00695693898205238,1000,0.21302923125405,0.00296096024975858,0.962578466587776,0,"CorCor","PSM_M1",0.00716442624343717,2.32908308308133,0.126742033583115,-0.0565312517516903,0.00229771153424592,-0.00711329798744751,0.000431574659542727,-0.021,0.00803888198841254,"defined"
"prospective","GoodOverlap","PATE","CorCor","WM_DSM_analytic_M5",1000,TRUE,"inclusive",0.866391828860284,"all_requested","defined",0.861176891841812,-0.00521493701847139,0.00521493701847139,-0.601914381548532,0.00319905875939181,0.0565602224128567,0.00178859127790332,0.206441383485364,0.00322305526873905,0.0567719584719344,0.00124043407409294,0.000139792047168772,1,0,0.936,0.0077397674383666,0.919004925632949,0.950366910708151,1000,0.936,0.0077397674383666,1000,0.212555988126792,0.00294549131659354,0.92073685984859,0,"CorCor","PSM_M1",0.00757770737570927,2.36873028776436,0.13027136787232,-0.0603374950704822,0.00241606801282081,-0.00738557080579182,0.000474932450308661,-0.022,0.00977811902216431,"defined"
"retrospective","PoorOverlap","PATE","CorCor","WM_DSM_analytic_M5",1000,TRUE,"inclusive",0.866391828860284,"all_requested","defined",0.873960217526354,0.00756838866607025,0.00756838866607025,0.87355263680479,0.0106830263702118,0.103358726628243,0.00326848992199943,0.377253087243337,0.0107296238508423,0.103583897642647,0.00235737213609201,0.000483216200124995,1,0,0.945,0.00720936890441875,0.929008484457942,0.958301204920464,1000,0.945,0.00720936890441875,1000,0.400818251093206,0.0105783076446327,0.990197653553382,0,"CorCor","PSM_M1",0.0988525312143353,9.2532329125361,0.600416494004346,-0.0835358648455045,0.00956120103238583,-0.0963240398401799,0.00496784822719628,-0.003,0.00964800933271129,"defined"
"prospective","PoorOverlap","PATE","CorCor","WM_DSM_analytic_M5",1000,TRUE,"inclusive",0.866391828860284,"all_requested","defined",0.866257095204907,-0.000134733655376692,0.000134733655376692,-0.0155511225854855,0.0107981815024048,0.103914298835169,0.00328605865778516,0.379280892123358,0.0107874014740603,0.10386241608041,0.00243670025766958,0.00050662702631765,1,0,0.942,0.00739161687318817,0.925663504617648,0.955667139747179,1000,0.942,0.00739161687318817,1000,0.403944212398044,0.010762941089959,0.996736449332888,0,"CorCor","PSM_M1",0.12591407450154,11.6606740193706,0.80547061836295,-0.0916347177264956,0.010981795478658,-0.123373006037993,0.00650406035132946,-0.021,0.00920019802197994,"defined"
"retrospective","GoodOverlap","PATT","CorCor","WM_DSM_analytic_M5",1000,TRUE,"inclusive",1.03507218631865,"all_requested","defined",1.03159747741721,-0.0034747089014416,0.0034747089014416,-0.335697253521977,0.00276880976505394,0.0526194808512393,0.00166397408785532,0.160759231080629,0.00277811455723865,0.0527078225431353,0.00109486801832091,0.000115185497029192,1,0,0.945,0.00720936890441875,0.929008484457942,0.958301204920464,1000,0.945,0.00720936890441875,1000,0.198678403078059,0.00256993132311934,0.928171864876846,0,"CorCor","PSM_M1",0.00658007194057743,2.3764983870061,0.118447261121365,-0.0651989167093949,0.00203245074727299,-0.00760525514091762,0.000409746188660849,-0.016,0.00870745771277816,"defined"
"prospective","GoodOverlap","PATT","CorCor","WM_DSM_analytic_M5",1000,TRUE,"inclusive",1.03507218631865,"all_requested","defined",1.02844168886282,-0.00663049745583029,0.00663049745583029,-0.640583095891349,0.00374526253869892,0.0611985501355949,0.00193526807928486,0.186969382895685,0.003785480772672,0.0615262608377268,0.00139186004892196,0.000169212970472058,1,0,0.936,0.0077397674383666,0.919004925632949,0.950366910708151,1000,0.936,0.0077397674383666,1000,0.227285727931758,0.00336521469865318,0.898525714521,0,"CorCor","PSM_M1",0.00607209848913143,1.62127445710143,0.08848187422679,-0.0672936783453996,0.00217000968736593,-0.00596056713361091,0.000416849807241958,-0.021,0.0097290109288485,"defined"
"retrospective","PoorOverlap","PATT","CorCor","WM_DSM_analytic_M5",1000,TRUE,"inclusive",1.18185416619657,"all_requested","defined",1.1851211417654,0.00326697556883208,0.00326697556883208,0.276427977518227,0.00564326151973149,0.0751216448151363,0.00237555499194009,0.201002379133212,0.0056482913875791,0.0751551155117142,0.00180984059232585,0.00027281747994901,1,0,0.951,0.00682634602111555,0.93573394685983,0.963532940827952,1000,0.951,0.00682634602111555,1000,0.297599080608051,0.00579596674953321,1.02705974714583,0,"CorCor","PSM_M1",0.0556480920523005,9.86098054427014,0.675099037849875,-0.0493826793839433,0.00703988287102336,-0.0527161387393154,0.00307419572886123,-0.01,0.00894315268683142,"defined"
"prospective","PoorOverlap","PATT","CorCor","WM_DSM_analytic_M5",1000,TRUE,"inclusive",1.18185416619657,"all_requested","defined",1.17877029858845,-0.00308386760811817,0.00308386760811817,-0.260934698740593,0.00899499737306402,0.0948419599811393,0.0029991661129494,0.253767867367366,0.00899551261511536,0.094844676261324,0.00206447413425264,0.000389757068040644,1,0,0.934,0.00785136930732467,0.916793949538597,0.948591433981081,1000,0.934,0.00785136930732467,1000,0.355254038473184,0.00833272865177239,0.926373661511583,0,"CorCor","PSM_M1",0.0516976678438343,5.74737998241618,0.356241771802063,-0.0819083525588812,0.00679793014064151,-0.0488637569886282,0.00290248440712981,-0.023,0.00951638384900281,"defined"
"retrospective","GoodOverlap","PATE","CorMis","WM_DSM_analytic_M5",1000,TRUE,"inclusive",0.866391828860284,"all_requested","defined",0.863209777751984,-0.00318205110829938,0.00318205110829938,-0.367276214098797,0.00371661355646717,0.0609640349424738,0.00192785205772309,0.222515032287312,0.00372302239216653,0.0610165747331537,0.00136291075574316,0.000166348387025044,1,0,0.97,0.00539444158370447,0.957448597529971,0.97966951431689,1000,0.97,0.00539444158370447,1000,0.270008738320676,0.0047602646519767,1.28080699799782,0,"CorCor","PSM_M1",0.00716442624343717,1.92767586260632,0.101874692468475,-0.058238448189648,0.00234645402254914,-0.00646544628460634,0.000434802873616915,0,0.00707460599963348,"defined"
"prospective","GoodOverlap","PATE","CorMis","WM_DSM_analytic_M5",1000,TRUE,"inclusive",0.866391828860284,"all_requested","defined",0.864079026655641,-0.00231280220464249,0.00231280220464249,-0.266946447046358,0.00394007527756869,0.0627700189387314,0.00198496228618296,0.229106764406369,0.00394148425632893,0.0627812412773826,0.00140929074848562,0.000177128037865884,1,0,0.967,0.00564898220921256,0.953966018182977,0.97717761665054,1000,0.967,0.00564898220921256,1000,0.265749876821823,0.00460983160116892,1.16998566687627,0,"CorCor","PSM_M1",0.00757770737570927,1.92323923830847,0.107358689202777,-0.0574353602566533,0.00248443909884111,-0.00666714181820194,0.000470564492744089,0.009,0.00818449668495174,"defined"
"retrospective","PoorOverlap","PATE","CorMis","WM_DSM_analytic_M5",1000,TRUE,"inclusive",0.866391828860284,"all_requested","defined",0.899003521047164,0.0326116921868803,0.0326116921868803,3.76408122751805,0.0150555452753478,0.122701040237432,0.00388014758422251,0.447851359508636,0.0161040121973643,0.126901584692092,0.0028024241544587,0.000663463368643195,1,0,0.956,0.00648567652600714,0.941379580793669,0.967850502989129,1000,0.956,0.00648567652600714,1000,0.519582771615342,0.017867057463363,1.18674263446431,0,"CorCor","PSM_M1",0.0988525312143353,6.56585526504962,0.429148249435956,-0.0584925613246945,0.00959413132125644,-0.0909496514936579,0.00498045181239256,0.008,0.00938211191704853,"defined"
"prospective","PoorOverlap","PATE","CorMis","WM_DSM_analytic_M5",1000,TRUE,"inclusive",0.866391828860284,"all_requested","defined",0.889848679531268,0.0234568506709841,0.0234568506709841,2.70741827076566,0.0150973234563227,0.122871166090026,0.00388552743605327,0.448472308558656,0.0156324499762672,0.125029796353778,0.00319977354753791,0.000777676024422129,1,0,0.963,0.00596917079668525,0.949358876940075,0.973817291156263,1000,0.963,0.00596917079668525,1000,0.513831711822483,0.017494351431135,1.15877171749993,0,"CorCor","PSM_M1",0.12591407450154,8.34015876163845,0.59850886047324,-0.0680431334001348,0.0110628381680583,-0.118527957535786,0.006497137990821,0,0.00800400300250219,"defined"
"retrospective","GoodOverlap","PATT","CorMis","WM_DSM_analytic_M5",1000,TRUE,"inclusive",1.03507218631865,"all_requested","defined",1.0342937548815,-0.000778431437152673,0.000778431437152673,-0.0752055216478428,0.00315334120322883,0.0561546187167969,0.001775764962834,0.171559528533918,0.00315079381752795,0.0561319322447388,0.00121856733393019,0.000137047556816709,1,0,0.97,0.00539444158370447,0.957448597529971,0.97966951431689,1000,0.97,0.00539444158370447,1000,0.239225349861396,0.003726328027158,1.1817078416197,0,"CorCor","PSM_M1",0.00658007194057743,2.08669836738246,0.107826506938855,-0.062502639245106,0.00209226099890422,-0.00723257588062831,0.000406926818173399,0.009,0.00767971210254512,"defined"
"prospective","GoodOverlap","PATT","CorMis","WM_DSM_analytic_M5",1000,TRUE,"inclusive",1.03507218631865,"all_requested","defined",1.02455660777413,-0.0105155785445193,0.0105155785445193,-1.01592707093398,0.00428594976738452,0.0654671655670575,0.0020702535514725,0.200010547944061,0.00439224120974309,0.0662739859201413,0.00144758009487566,0.000189729850669547,1,0,0.959,0.00627048642451286,0.944787540684701,0.970419831465964,1000,0.959,0.00627048642451286,1000,0.27290479462785,0.00485268373907741,1.13223066121905,0,"CorCor","PSM_M1",0.00607209848913143,1.41674513671141,0.0784401678726242,-0.0711787594340887,0.00226415806391815,-0.00535380669653982,0.000428330246531753,0.002,0.00837054753681419,"defined"
"retrospective","PoorOverlap","PATT","CorMis","WM_DSM_analytic_M5",1000,TRUE,"inclusive",1.18185416619657,"all_requested","defined",1.21458513808864,0.0327309718920746,0.0327309718920746,2.76945945009519,0.00797044964798044,0.0892773747820826,0.0028231984783186,0.238878751631784,0.00903379571933224,0.0950462819858422,0.00211993341613569,0.000372510021148913,1,0,0.947,0.00708456067798138,0.931244816710037,0.960050747639981,1000,0.947,0.00708456067798138,1000,0.371880264477279,0.00907084592306675,1.13805949773049,0,"CorCor","PSM_M1",0.0556480920523005,6.98180084060887,0.464906796707609,-0.0199186830607008,0.00698753317084283,-0.0493306344075623,0.00305247725567389,-0.014,0.00893777846469042,"defined"
"prospective","PoorOverlap","PATT","CorMis","WM_DSM_analytic_M5",1000,TRUE,"inclusive",1.18185416619657,"all_requested","defined",1.20048432886533,0.0186301626687616,0.0186301626687616,1.57635038244329,0.0133246278725844,0.115432351932136,0.00365029147775687,0.308861413037464,0.0136583862057764,0.116869098592298,0.00248872334688983,0.000576924995438928,1,0,0.935,0.0077958322198467,0.917898930078629,0.949479690310382,1000,0.935,0.0077958322198467,1000,0.442827476986224,0.0129384381164566,0.971016844911489,0,"CorCor","PSM_M1",0.0516976678438343,3.87985828483832,0.238858396011989,-0.0601943222820014,0.0066861881829559,-0.0442008833979672,0.00288657032217912,-0.022,0.00935967967419845,"defined"
"retrospective","GoodOverlap","PATE","MisCor","WM_DSM_analytic_M5",1000,TRUE,"inclusive",0.866391828860284,"all_requested","defined",0.865412902347455,-0.000978926512828524,0.000978926512828524,-0.112988890271077,0.0031158730581036,0.0558200058948725,0.00176518357631823,0.203739638061947,0.00311371548216302,0.0558006763593688,0.0012607451718142,0.000141088027518261,1,0,0.948,0.00702111102319284,0.932364985949493,0.96092346505602,1000,0.948,0.00702111102319284,1000,0.213027907863275,0.00296091967323093,0.950269673384263,0,"CorCor","PSM_M1",0.00716442624343717,2.2993318757978,0.124147520338597,-0.0560353235941771,0.00229804618293747,-0.00707475319460985,0.000431093966322057,-0.022,0.00809824558664292,"defined"
"prospective","GoodOverlap","PATE","MisCor","WM_DSM_analytic_M5",1000,TRUE,"inclusive",0.866391828860284,"all_requested","defined",0.861007636800329,-0.00538419205995483,0.00538419205995483,-0.621450004559438,0.00320932182706379,0.0566508766663305,0.00179145801710891,0.206772266015658,0.0032351020293752,0.0568779573242148,0.00125609904385039,0.000142001057918084,1,0,0.933,0.00790638982089803,0.915689962897559,0.947702163599955,1000,0.933,0.00790638982089803,1000,0.212416621416453,0.00294168887094366,0.916607629106182,0,"CorCor","PSM_M1",0.00757770737570927,2.36115534185679,0.132039540571418,-0.0605067501119657,0.00242722251522495,-0.00737352404515566,0.000476766760859133,-0.025,0.00982198918098933,"defined"
"retrospective","PoorOverlap","PATE","MisCor","WM_DSM_analytic_M5",1000,TRUE,"inclusive",0.866391828860284,"all_requested","defined",0.87433712486576,0.00794529600547585,0.00794529600547585,0.917055740925868,0.0106087334941069,0.102998706273947,0.00325710507876348,0.375939034772306,0.0106612524892274,0.103253341298126,0.00232302288339148,0.000474510737915827,1,0,0.949,0.00695693898205238,0.933486538405065,0.961794763225314,1000,0.949,0.00695693898205238,1000,0.401219173450202,0.0106002999798145,0.999205040422872,0,"CorCor","PSM_M1",0.0988525312143353,9.31803322887201,0.604050831275554,-0.0831589575060989,0.00960152803886016,-0.0963924112017948,0.00497000265147071,0.001,0.00933199261069607,"defined"
"prospective","PoorOverlap","PATE","MisCor","WM_DSM_analytic_M5",1000,TRUE,"inclusive",0.866391828860284,"all_requested","defined",0.86516380740116,-0.00122802145912393,0.00122802145912393,-0.14173973232635,0.0108443777660091,0.104136342196224,0.00329308028538769,0.38009133693235,0.0108350414249471,0.104091505056595,0.00242887351918869,0.0005057152233773,1,0,0.949,0.00695693898205238,0.933486538405065,0.961794763225314,1000,0.949,0.00695693898205238,1000,0.404424779168174,0.010789790356894,0.994966294028769,0,"CorCor","PSM_M1",0.12591407450154,11.6110003928679,0.802611039869547,-0.0927280055302428,0.0109788493973269,-0.123325366087106,0.00650851767233266,-0.014,0.00893777846469042,"defined"
"retrospective","GoodOverlap","PATT","MisCor","WM_DSM_analytic_M5",1000,TRUE,"inclusive",1.03507218631865,"all_requested","defined",1.03210685422095,-0.0029653320977018,0.0029653320977018,-0.286485535685036,0.00279704158489782,0.052887064438271,0.0016724358238503,0.16157673309709,0.00280303773776259,0.0529437223640592,0.00110270178273772,0.000116646275237809,1,0,0.945,0.00720936890441875,0.929008484457942,0.958301204920464,1000,0.945,0.00720936890441875,1000,0.198696302016976,0.00257041526973125,0.918976422663786,0,"CorCor","PSM_M1",0.00658007194057743,2.35251130197902,0.119597228927456,-0.0646895399056551,0.0020489500295838,-0.00758033196039368,0.000412249496742883,-0.016,0.00870745771277816,"defined"
"prospective","GoodOverlap","PATT","MisCor","WM_DSM_analytic_M5",1000,TRUE,"inclusive",1.03507218631865,"all_requested","defined",1.02828337492232,-0.0067888113963287,0.0067888113963287,-0.655878062038731,0.00370525488172589,0.0608708048388214,0.00192490386298274,0.185968079176089,0.00374763758701908,0.0612179515094966,0.00140399098340253,0.000170068289065262,1,0,0.942,0.00739161687318817,0.925663504617648,0.955667139747179,1000,0.942,0.00739161687318817,1000,0.227185576431399,0.0033622170216384,0.907418552559142,0,"CorCor","PSM_M1",0.00607209848913143,1.63878024129425,0.0891415090866232,-0.067451992285898,0.002178704074385,-0.00599841031926383,0.000416505611467948,-0.015,0.00921194115590519,"defined"
"retrospective","PoorOverlap","PATT","MisCor","WM_DSM_analytic_M5",1000,TRUE,"inclusive",1.18185416619657,"all_requested","defined",1.18350183529084,0.00164766909426876,0.00164766909426876,0.139413909211089,0.0057400202817606,0.0757629215497964,0.00239583394286011,0.202718238119882,0.00573699507492305,0.0757429539622205,0.00182094646387136,0.000276575680708231,1,0,0.94,0.00750999334220744,0.923439509596065,0.953904964577516,1000,0.94,0.00750999334220744,1000,0.296786774567901,0.00576530038747226,1.00440418403956,0,"CorCor","PSM_M1",0.0556480920523005,9.69475530062621,0.665210258185726,-0.0510019858585067,0.00705264544024051,-0.0526274350519715,0.00307584404431417,-0.021,0.00941528797475933,"defined"
"prospective","PoorOverlap","PATT","MisCor","WM_DSM_analytic_M5",1000,TRUE,"inclusive",1.18185416619657,"all_requested","defined",1.17736508016938,-0.00448908602719261,0.00448908602719261,-0.379834175449865,0.00914245837962809,0.0956162035411786,0.00302364984408382,0.25583950461625,0.009153467814608,0.0956737571887296,0.00204105448248623,0.000387406830261836,1,0,0.932,0.00796090447122687,0.914586949808569,0.946811900239598,1000,0.932,0.00796090447122687,1000,0.353346287875243,0.00824245871064961,0.901558242694993,0,"CorCor","PSM_M1",0.0516976678438343,5.65467904770898,0.347856301028912,-0.0833135709779557,0.00679347759499559,-0.0487058017891356,0.00290667695274324,-0.025,0.00982198918098933,"defined"
"retrospective","GoodOverlap","PATE","MisMis","WM_DSM_analytic_M5",1000,TRUE,"inclusive",0.866391828860284,"all_requested","defined",0.92068377616365,0.0542919473033664,0.0542919473033664,6.26644267580247,0.00503669685948623,0.0709696897237562,0.00224425864362516,0.259035065759729,0.00797927570461825,0.0893267916395649,0.00190289688135328,0.000220086933717931,1,0,0.882,0.0102017645532525,0.86037227946556,0.901347483605103,1000,0.882,0.0102017645532525,1000,0.275932492005151,0.0049724762830792,0.987249465632209,0,"CorCor","PSM_M1",0.00716442624343717,1.42244539294509,0.0784222613446192,-0.000764449777982271,0.0025860488821403,-0.00220919297215462,0.000443516266527302,-0.088,0.010409820573111,"defined"
"prospective","GoodOverlap","PATE","MisMis","WM_DSM_analytic_M5",1000,TRUE,"inclusive",0.866391828860284,"all_requested","defined",0.922036856674796,0.0556450278145127,0.0556450278145127,6.42261687621319,0.00509945828273247,0.0714104914052023,0.00225819801672317,0.260643965178408,0.00819072794492764,0.0905026405411888,0.00199523106506584,0.000244893628178907,1,0,0.875,0.0104582503316759,0.852893017221229,0.894870238445407,1000,0.875,0.0104582503316759,1000,0.269634986650686,0.00474543530164478,0.930576355083348,0,"CorCor","PSM_M1",0.00757770737570927,1.48598281534502,0.0887545061814413,0.000522469762501889,0.00272779133583993,-0.00241789812960323,0.000479919850120328,-0.083,0.010873326502466,"defined"
"retrospective","PoorOverlap","PATE","MisMis","WM_DSM_analytic_M5",1000,TRUE,"inclusive",0.866391828860284,"all_requested","defined",1.09735020243653,0.230958373576244,0.230958373576244,26.6574967448693,0.0202394771746191,0.142265516463474,0.00449883064524762,0.519260511859365,0.0735610080224283,0.271221326636436,0.00436702257228007,0.000914987420693034,1,0,0.638,0.0151972365909069,0.607342203031545,0.667842518463898,1000,0.638,0.0151972365909069,1000,0.555069964699988,0.0205178239836841,1.01375266795004,0,"CorCor","PSM_M1",0.0988525312143353,4.88414450439951,0.323720459170183,0.139854120064669,0.00993118513336951,-0.0334926556685939,0.00529693291238246,-0.31,0.0158161357527732,"defined"
"prospective","PoorOverlap","PATE","MisMis","WM_DSM_analytic_M5",1000,TRUE,"inclusive",0.866391828860284,"all_requested","defined",1.08993603500443,0.223544206144149,0.223544206144149,25.8017445107043,0.0195880389594888,0.139957275478943,0.00442583765625094,0.510835572176738,0.0695404630211471,0.26370525785647,0.00427422276855001,0.000938839974533628,1,0,0.659,0.0149906304070242,0.628683933926341,0.688376447152168,1000,0.659,0.0149906304070242,1000,0.548385709805304,0.0200950985346103,1.02588618371498,0,"CorCor","PSM_M1",0.12591407450154,6.42811027494637,0.444252072244064,0.13204422207303,0.0111239063536376,-0.0646199444909059,0.00665015847309496,-0.304,0.0154214727513886,"defined"
"retrospective","GoodOverlap","PATT","MisMis","WM_DSM_analytic_M5",1000,TRUE,"inclusive",1.03507218631865,"all_requested","defined",1.07629909754341,0.0412269112247586,0.0412269112247586,3.98299865165797,0.00393214638452901,0.0627068288508438,0.00198296404015025,0.191577366908378,0.00562787244727861,0.0750191472044211,0.00170080354420964,0.000177179938791445,1,0,0.883,0.010164201887015,0.861442533609417,0.902270997504933,1000,0.883,0.010164201887015,1000,0.238247851580261,0.00369587696071591,0.939913370279729,0,"CorCor","PSM_M1",0.00658007194057743,1.67340462360879,0.0922499960391761,-0.0204972965831948,0.00223203912648877,-0.00475549725087766,0.000384314737784484,-0.078,0.0102966995693777,"defined"
"prospective","GoodOverlap","PATT","MisMis","WM_DSM_analytic_M5",1000,TRUE,"inclusive",1.03507218631865,"all_requested","defined",1.06848816158809,0.033415975269441,0.033415975269441,3.22837148086151,0.00514058534247507,0.0716978754390608,0.00226728589782477,0.219046161977226,0.00625207216034049,0.0790700459108283,0.00176753261676576,0.000233319685027183,1,0,0.92,0.00857904423581089,0.901420220952098,0.936058017153327,1000,0.92,0.00857904423581089,1000,0.271449407601915,0.00480090439215042,0.933921736982368,0,"CorCor","PSM_M1",0.00607209848913143,1.18120760275285,0.0685619864843214,-0.0272472056201283,0.00243656655723245,-0.00349397574594241,0.000405490030929312,-0.037,0.00936582717749579,"defined"
"retrospective","PoorOverlap","PATT","MisMis","WM_DSM_analytic_M5",1000,TRUE,"inclusive",1.18185416619657,"all_requested","defined",1.34616941246701,0.164315246270443,0.164315246270443,13.9031744330386,0.00811423560827117,0.0900790519947405,0.00284854973772114,0.241023792883712,0.0351056215295791,0.18736494210385,0.00258747686535331,0.000372021019642153,1,0,0.554,0.0157189058143371,0.522570582712291,0.585110621340666,1000,0.554,0.0157189058143371,1000,0.358260529369786,0.00840886744611894,1.03631048592519,0,"CorCor","PSM_M1",0.0556480920523005,6.85808186239702,0.452921957442623,0.111665591317667,0.00702657239574987,-0.0232588085973154,0.00314069969996179,-0.407,0.0160501902982055,"defined"
"prospective","PoorOverlap","PATT","MisMis","WM_DSM_analytic_M5",1000,TRUE,"inclusive",1.18185416619657,"all_requested","defined",1.33051877756195,0.148664611365383,0.148664611365383,12.5789302620825,0.0136415411819149,0.116797008445914,0.00369344570583012,0.312512813464653,0.0357290663131533,0.189021338248234,0.00322903816180793,0.000617934172872941,1,0,0.704,0.0144355117678592,0.674635646595066,0.732157802480111,1000,0.704,0.0144355117678592,1000,0.429398313145641,0.0121535482550912,0.890921934187584,0,"CorCor","PSM_M1",0.0516976678438343,3.78972340107522,0.236361104989547,0.0698401264146196,0.0067072216613221,-0.0221302032905903,0.0029261942084835,-0.253,0.0147379852153613,"defined"
"retrospective","GoodOverlap","PATE","CorCor","PSM_M1",1000,TRUE,"inclusive",0.866391828860284,"all_requested","defined",0.921448225941632,0.0550563970813486,0.0550563970813486,6.35467640014264,0.00716442624343717,0.0846429338068877,0.00267664458668632,0.308941577877919,0.0101884686767729,0.100937944682725,0.00217099928463193,0.000311633714448134,1,0,0.97,0.00539444158370447,0.957448597529971,0.97966951431689,1000,0.97,0.00539444158370447,1000,0.442109846626797,0.012855994001583,1.79442059486055,0,"CorCor","PSM_M1",0.00716442624343717,1,0,0,0,0,0,0,0,"defined"
"prospective","GoodOverlap","PATE","CorCor","PSM_M1",1000,TRUE,"inclusive",0.866391828860284,"all_requested","defined",0.921514386912294,0.0551225580520108,0.0551225580520108,6.3623127799489,0.00757770737570927,0.0870500280052182,0.00275276358877933,0.317727325799058,0.0106086260745309,0.102998184811825,0.00229150516763364,0.000343904232463185,1,0,0.958,0.00634318531969546,0.943649708424255,0.96956529373686,1000,0.958,0.00634318531969546,1000,0.438484437500417,0.0126626329552635,1.67103746917626,0,"CorCor","PSM_M1",0.00757770737570927,1,0,0,0,0,0,0,0,"defined"
"retrospective","PoorOverlap","PATE","CorCor","PSM_M1",1000,TRUE,"inclusive",0.866391828860284,"all_requested","defined",0.957496082371858,0.0911042535115748,0.0911042535115748,10.5153638892717,0.0988525312143353,0.314408223833817,0.00994246102402897,1.14757095956318,0.107053663691022,0.327190561738908,0.00762848297705262,0.00497728847638675,1,0,0.948,0.00702111102319284,0.932364985949493,0.96092346505602,1000,0.948,0.00702111102319284,1000,1.26324091478078,0.117241236728159,1.18602159487401,0,"CorCor","PSM_M1",0.0988525312143353,1,0,0,0,0,0,0,0,"defined"
"prospective","PoorOverlap","PATE","CorCor","PSM_M1",1000,TRUE,"inclusive",0.866391828860284,"all_requested","defined",0.957891812931403,0.0914999840711189,0.0914999840711189,10.5610395923845,0.12591407450154,0.354843732509875,0.0112211440816674,1.295158115287,0.134160407512053,0.366279138789057,0.00885626782012744,0.00641600229775848,1,0,0.963,0.00596917079668525,0.949358876940075,0.973817291156263,1000,0.963,0.00596917079668525,1000,1.46972570551448,0.162712628318525,1.29225131473714,0,"CorCor","PSM_M1",0.12591407450154,1,0,0,0,0,0,0,0,"defined"
"retrospective","GoodOverlap","PATT","CorCor","PSM_M1",1000,TRUE,"inclusive",1.03507218631865,"all_requested","defined",1.09679639412661,0.0617242078079533,0.0617242078079533,5.96327566558254,0.00658007194057743,0.0811176425975104,0.0025651650903163,0.247824753115973,0.0103833696981563,0.101898820886977,0.0020510439708202,0.000300954563517594,1,0,0.961,0.00612200947402077,0.947069064214555,0.972122851204664,1000,0.961,0.00612200947402077,1000,0.412838577310772,0.0111480179835092,1.69420913390971,0,"CorCor","PSM_M1",0.00658007194057743,1,0,0,0,0,0,0,0,"defined"
"prospective","GoodOverlap","PATT","CorCor","PSM_M1",1000,TRUE,"inclusive",1.03507218631865,"all_requested","defined",1.09573536720822,0.0606631808895693,0.0606631808895693,5.86076813688953,0.00607209848913143,0.0779236709166825,0.00246416283738137,0.238066761908214,0.00974604790628291,0.0987220740578464,0.00209786873129991,0.000292108625197696,1,0,0.957,0.00641490451994416,0.942513742038028,0.968708829543907,1000,0.957,0.00641490451994416,1000,0.404043594320866,0.010674771553288,1.75800369055196,0,"CorCor","PSM_M1",0.00607209848913143,1,0,0,0,0,0,0,0,"defined"
"retrospective","PoorOverlap","PATT","CorCor","PSM_M1",1000,TRUE,"inclusive",1.18185416619657,"all_requested","defined",1.23450382114935,0.0526496549527754,0.0526496549527754,4.45483516144906,0.0556480920523005,0.235898478274661,0.00745976487915675,0.631191655664563,0.0583644301268945,0.241587313671257,0.00640380702040173,0.00302503302384951,1,0,0.961,0.00612200947402077,0.947069064214555,0.972122851204664,1000,0.961,0.00612200947402077,1000,0.934618572273202,0.0652088782130698,1.17180797774313,0,"CorCor","PSM_M1",0.0556480920523005,1,0,0,0,0,0,0,0,"defined"
"prospective","PoorOverlap","PATT","CorCor","PSM_M1",1000,TRUE,"inclusive",1.18185416619657,"all_requested","defined",1.26067865114733,0.078824484950763,0.078824484950763,6.66956103428861,0.0516976678438343,0.227371211554661,0.00719010902864722,0.6083753168791,0.0578592696037436,0.240539538545628,0.00604596161701416,0.00257801731685503,1,0,0.957,0.00641490451994416,0.942513742038028,0.968708829543907,1000,0.957,0.00641490451994416,1000,0.88603488117839,0.0581521847128507,1.12485121937248,0,"CorCor","PSM_M1",0.0516976678438343,1,0,0,0,0,0,0,0,"defined"
"retrospective","GoodOverlap","PATE","CorMis","PSM_M1",1000,TRUE,"inclusive",0.866391828860284,"all_requested","defined",0.921448225941632,0.0550563970813486,0.0550563970813486,6.35467640014264,0.00716442624343717,0.0846429338068877,0.00267664458668632,0.308941577877919,0.0101884686767729,0.100937944682725,0.00217099928463193,0.000311633714448134,1,0,0.97,0.00539444158370447,0.957448597529971,0.97966951431689,1000,0.97,0.00539444158370447,1000,0.442109846626797,0.012855994001583,1.79442059486055,0,"CorCor","PSM_M1",0.00716442624343717,1,0,0,0,0,0,0,0,"defined"
"prospective","GoodOverlap","PATE","CorMis","PSM_M1",1000,TRUE,"inclusive",0.866391828860284,"all_requested","defined",0.921514386912294,0.0551225580520108,0.0551225580520108,6.3623127799489,0.00757770737570927,0.0870500280052182,0.00275276358877933,0.317727325799058,0.0106086260745309,0.102998184811825,0.00229150516763364,0.000343904232463185,1,0,0.958,0.00634318531969546,0.943649708424255,0.96956529373686,1000,0.958,0.00634318531969546,1000,0.438484437500417,0.0126626329552635,1.67103746917626,0,"CorCor","PSM_M1",0.00757770737570927,1,0,0,0,0,0,0,0,"defined"
"retrospective","PoorOverlap","PATE","CorMis","PSM_M1",1000,TRUE,"inclusive",0.866391828860284,"all_requested","defined",0.957496082371858,0.0911042535115748,0.0911042535115748,10.5153638892717,0.0988525312143353,0.314408223833817,0.00994246102402897,1.14757095956318,0.107053663691022,0.327190561738908,0.00762848297705262,0.00497728847638675,1,0,0.948,0.00702111102319284,0.932364985949493,0.96092346505602,1000,0.948,0.00702111102319284,1000,1.26324091478078,0.117241236728159,1.18602159487401,0,"CorCor","PSM_M1",0.0988525312143353,1,0,0,0,0,0,0,0,"defined"
"prospective","PoorOverlap","PATE","CorMis","PSM_M1",1000,TRUE,"inclusive",0.866391828860284,"all_requested","defined",0.957891812931403,0.0914999840711189,0.0914999840711189,10.5610395923845,0.12591407450154,0.354843732509875,0.0112211440816674,1.295158115287,0.134160407512053,0.366279138789057,0.00885626782012744,0.00641600229775848,1,0,0.963,0.00596917079668525,0.949358876940075,0.973817291156263,1000,0.963,0.00596917079668525,1000,1.46972570551448,0.162712628318525,1.29225131473714,0,"CorCor","PSM_M1",0.12591407450154,1,0,0,0,0,0,0,0,"defined"
"retrospective","GoodOverlap","PATT","CorMis","PSM_M1",1000,TRUE,"inclusive",1.03507218631865,"all_requested","defined",1.09679639412661,0.0617242078079533,0.0617242078079533,5.96327566558254,0.00658007194057743,0.0811176425975104,0.0025651650903163,0.247824753115973,0.0103833696981563,0.101898820886977,0.0020510439708202,0.000300954563517594,1,0,0.961,0.00612200947402077,0.947069064214555,0.972122851204664,1000,0.961,0.00612200947402077,1000,0.412838577310772,0.0111480179835092,1.69420913390971,0,"CorCor","PSM_M1",0.00658007194057743,1,0,0,0,0,0,0,0,"defined"
"prospective","GoodOverlap","PATT","CorMis","PSM_M1",1000,TRUE,"inclusive",1.03507218631865,"all_requested","defined",1.09573536720822,0.0606631808895693,0.0606631808895693,5.86076813688953,0.00607209848913143,0.0779236709166825,0.00246416283738137,0.238066761908214,0.00974604790628291,0.0987220740578464,0.00209786873129991,0.000292108625197696,1,0,0.957,0.00641490451994416,0.942513742038028,0.968708829543907,1000,0.957,0.00641490451994416,1000,0.404043594320866,0.010674771553288,1.75800369055196,0,"CorCor","PSM_M1",0.00607209848913143,1,0,0,0,0,0,0,0,"defined"
"retrospective","PoorOverlap","PATT","CorMis","PSM_M1",1000,TRUE,"inclusive",1.18185416619657,"all_requested","defined",1.23450382114935,0.0526496549527754,0.0526496549527754,4.45483516144906,0.0556480920523005,0.235898478274661,0.00745976487915675,0.631191655664563,0.0583644301268945,0.241587313671257,0.00640380702040173,0.00302503302384951,1,0,0.961,0.00612200947402077,0.947069064214555,0.972122851204664,1000,0.961,0.00612200947402077,1000,0.934618572273202,0.0652088782130698,1.17180797774313,0,"CorCor","PSM_M1",0.0556480920523005,1,0,0,0,0,0,0,0,"defined"
"prospective","PoorOverlap","PATT","CorMis","PSM_M1",1000,TRUE,"inclusive",1.18185416619657,"all_requested","defined",1.26067865114733,0.078824484950763,0.078824484950763,6.66956103428861,0.0516976678438343,0.227371211554661,0.00719010902864722,0.6083753168791,0.0578592696037436,0.240539538545628,0.00604596161701416,0.00257801731685503,1,0,0.957,0.00641490451994416,0.942513742038028,0.968708829543907,1000,0.957,0.00641490451994416,1000,0.88603488117839,0.0581521847128507,1.12485121937248,0,"CorCor","PSM_M1",0.0516976678438343,1,0,0,0,0,0,0,0,"defined"
"retrospective","GoodOverlap","PATE","MisCor","PSM_M1",1000,TRUE,"inclusive",0.866391828860284,"all_requested","defined",0.993927254992715,0.127535426132431,0.127535426132431,14.720294199935,0.00838767181162647,0.0915842334227156,0.002896147753763,0.334276900738181,0.0246445690585956,0.156985888087419,0.00271814623879214,0.000377995747398895,1,0,0.84,0.0115931013969516,0.815783247241497,0.862194814778117,1000,0.84,0.0115931013969516,1000,0.440710604833025,0.012776381626672,1.52323337317064,0,"CorCor","PSM_M1",0.00716442624343717,0.854161488949328,0.0484247091558387,0.0724790290510824,0.0028775134415353,0.0144561003818227,0.000809340046179517,-0.13,0.0117148297997554,"defined"
"prospective","GoodOverlap","PATE","MisCor","PSM_M1",1000,TRUE,"inclusive",0.866391828860284,"all_requested","defined",0.993138066304028,0.126746237443744,0.126746237443744,14.6292050803937,0.00869869518342906,0.0932667957176029,0.00294935504533263,0.340418151128276,0.0247546051943917,0.157335962813311,0.00277529012847084,0.000406182129378439,1,0,0.824,0.0120425910833176,0.798953487282192,0.847121710383569,1000,0.824,0.0120425910833176,1000,0.437990103207948,0.0126032560824704,1.44886742398785,0,"CorCor","PSM_M1",0.00757770737570927,0.871131499140783,0.0485491725989771,0.0716236793917336,0.00282901371605539,0.0141459791198608,0.000781709629771951,-0.134,0.0121734215482826,"defined"
"retrospective","PoorOverlap","PATE","MisCor","PSM_M1",1000,TRUE,"inclusive",0.866391828860284,"all_requested","defined",1.19627660527238,0.329884776412099,0.329884776412099,38.0757026351522,0.0929290125042456,0.304842602836686,0.00963996952818035,1.11265702273087,0.201660049200202,0.449065751533338,0.00843807089860987,0.00429449464717007,1,0,0.784,0.0130132240432569,0.757177068896001,0.809139112732474,1000,0.784,0.0130132240432569,1000,1.25529557125358,0.114980115252183,1.23728975648944,0,"CorCor","PSM_M1",0.0988525312143353,1.06374240455659,0.0447837055485751,0.238780522900524,0.00708805040922415,0.0946063855091795,0.00643137843199017,-0.164,0.0124603073501122,"defined"
"prospective","PoorOverlap","PATE","MisCor","PSM_M1",1000,TRUE,"inclusive",0.866391828860284,"all_requested","defined",1.21054402822019,0.344152199359904,0.344152199359904,39.722465967001,0.13829898557064,0.371885715738909,0.0117600589101688,1.35736032109615,0.256601422909329,0.506558410165431,0.0109067240343114,0.00675311898269054,1,0,0.825,0.0120156148406979,0.800003174430663,0.848065967090469,1000,0.825,0.0120156148406979,1000,1.48335954715485,0.166121302531832,1.20117513405028,0,"CorCor","PSM_M1",0.12591407450154,0.910448286963213,0.0460909817034684,0.252652215288785,0.00856696290928463,0.122441015397276,0.00973033838229939,-0.138,0.0111839653558602,"defined"
"retrospective","GoodOverlap","PATT","MisCor","PSM_M1",1000,TRUE,"inclusive",1.03507218631865,"all_requested","defined",1.15309665282601,0.118024466507353,0.118024466507353,11.4025348248532,0.00768570344944454,0.0876681438690505,0.00277231012865526,0.267837370697331,0.0216077924403405,0.146995892596836,0.00256252122534176,0.000330822964426855,1,0,0.835,0.0117377595817941,0.810515791620291,0.857492682394477,1000,0.835,0.0117377595817941,1000,0.419249812355935,0.01149905083564,1.49616114013233,0,"CorCor","PSM_M1",0.00658007194057743,0.856144396392628,0.0484063857410847,0.0563002586994,0.00270582763696843,0.0112244227421842,0.000711424185860113,-0.126,0.0124208807368189,"defined"
"prospective","GoodOverlap","PATT","MisCor","PSM_M1",1000,TRUE,"inclusive",1.03507218631865,"all_requested","defined",1.15325660232436,0.118184416005704,0.118184416005704,11.4179878048931,0.00746189296410185,0.0863822491262056,0.00273164656646899,0.263908798108506,0.021421987257747,0.14636251998974,0.00240984619435495,0.000326859417360138,1,0,0.828,0.0119338174948337,0.803153926055261,0.850897035852021,1000,0.828,0.0119338174948337,1000,0.409040818704383,0.0109393626710397,1.46603049972272,0,"CorCor","PSM_M1",0.00607209848913143,0.813747733764538,0.0470645049198122,0.0575212351161345,0.00269448003851773,0.0116759393514641,0.000668503004465702,-0.129,0.0122682317189361,"defined"
"retrospective","PoorOverlap","PATT","MisCor","PSM_M1",1000,TRUE,"inclusive",1.18185416619657,"all_requested","defined",1.42975670065592,0.247902534459349,0.247902534459349,20.975729624675,0.0613397459745579,0.247668621295791,0.00783196948248382,0.662684932413327,0.122734072819952,0.350334230157363,0.00837416685382642,0.00373381507724285,1,0,0.808,0.0124553602918583,0.782195182243716,0.831976682528464,1000,0.808,0.0124553602918583,1000,0.976626831174941,0.0723795708360729,1.17997832703927,0,"CorCor","PSM_M1",0.0556480920523005,0.90721099620109,0.0522275763131502,0.195252879506574,0.00619817008433943,0.0643696426930578,0.00514408556229329,-0.153,0.0119889421858117,"defined"
"prospective","PoorOverlap","PATT","MisCor","PSM_M1",1000,TRUE,"inclusive",1.18185416619657,"all_requested","defined",1.46849678251251,0.286642616315941,0.286642616315941,24.2536367442365,0.0572446481416826,0.239258538283762,0.00756601930619283,0.640182141130128,0.139351392981989,0.37329799488075,0.00744054765086716,0.00274403817108168,1,0,0.715,0.0142749781085647,0.685916765661646,0.742811303743883,1000,0.715,0.0142749781085647,1000,0.912426740063915,0.0618873239692686,1.08110235591099,0,"CorCor","PSM_M1",0.0516976678438343,0.903100456061512,0.0475955783654595,0.207818131365178,0.00615618021424589,0.081492123378245,0.00482593452542499,-0.242,0.0142702361451953,"defined"
"retrospective","GoodOverlap","PATE","MisMis","PSM_M1",1000,TRUE,"inclusive",0.866391828860284,"all_requested","defined",0.993927254992715,0.127535426132431,0.127535426132431,14.720294199935,0.00838767181162647,0.0915842334227156,0.002896147753763,0.334276900738181,0.0246445690585956,0.156985888087419,0.00271814623879214,0.000377995747398895,1,0,0.84,0.0115931013969516,0.815783247241497,0.862194814778117,1000,0.84,0.0115931013969516,1000,0.440710604833025,0.012776381626672,1.52323337317064,0,"CorCor","PSM_M1",0.00716442624343717,0.854161488949328,0.0484247091558387,0.0724790290510824,0.0028775134415353,0.0144561003818227,0.000809340046179517,-0.13,0.0117148297997554,"defined"
"prospective","GoodOverlap","PATE","MisMis","PSM_M1",1000,TRUE,"inclusive",0.866391828860284,"all_requested","defined",0.993138066304028,0.126746237443744,0.126746237443744,14.6292050803937,0.00869869518342906,0.0932667957176029,0.00294935504533263,0.340418151128276,0.0247546051943917,0.157335962813311,0.00277529012847084,0.000406182129378439,1,0,0.824,0.0120425910833176,0.798953487282192,0.847121710383569,1000,0.824,0.0120425910833176,1000,0.437990103207948,0.0126032560824704,1.44886742398785,0,"CorCor","PSM_M1",0.00757770737570927,0.871131499140783,0.0485491725989771,0.0716236793917336,0.00282901371605539,0.0141459791198608,0.000781709629771951,-0.134,0.0121734215482826,"defined"
"retrospective","PoorOverlap","PATE","MisMis","PSM_M1",1000,TRUE,"inclusive",0.866391828860284,"all_requested","defined",1.19627660527238,0.329884776412099,0.329884776412099,38.0757026351522,0.0929290125042456,0.304842602836686,0.00963996952818035,1.11265702273087,0.201660049200202,0.449065751533338,0.00843807089860987,0.00429449464717007,1,0,0.784,0.0130132240432569,0.757177068896001,0.809139112732474,1000,0.784,0.0130132240432569,1000,1.25529557125358,0.114980115252183,1.23728975648944,0,"CorCor","PSM_M1",0.0988525312143353,1.06374240455659,0.0447837055485751,0.238780522900524,0.00708805040922415,0.0946063855091795,0.00643137843199017,-0.164,0.0124603073501122,"defined"
"prospective","PoorOverlap","PATE","MisMis","PSM_M1",1000,TRUE,"inclusive",0.866391828860284,"all_requested","defined",1.21054402822019,0.344152199359904,0.344152199359904,39.722465967001,0.13829898557064,0.371885715738909,0.0117600589101688,1.35736032109615,0.256601422909329,0.506558410165431,0.0109067240343114,0.00675311898269054,1,0,0.825,0.0120156148406979,0.800003174430663,0.848065967090469,1000,0.825,0.0120156148406979,1000,1.48335954715485,0.166121302531832,1.20117513405028,0,"CorCor","PSM_M1",0.12591407450154,0.910448286963213,0.0460909817034684,0.252652215288785,0.00856696290928463,0.122441015397276,0.00973033838229939,-0.138,0.0111839653558602,"defined"
"retrospective","GoodOverlap","PATT","MisMis","PSM_M1",1000,TRUE,"inclusive",1.03507218631865,"all_requested","defined",1.15309665282601,0.118024466507353,0.118024466507353,11.4025348248532,0.00768570344944454,0.0876681438690505,0.00277231012865526,0.267837370697331,0.0216077924403405,0.146995892596836,0.00256252122534176,0.000330822964426855,1,0,0.835,0.0117377595817941,0.810515791620291,0.857492682394477,1000,0.835,0.0117377595817941,1000,0.419249812355935,0.01149905083564,1.49616114013233,0,"CorCor","PSM_M1",0.00658007194057743,0.856144396392628,0.0484063857410847,0.0563002586994,0.00270582763696843,0.0112244227421842,0.000711424185860113,-0.126,0.0124208807368189,"defined"
"prospective","GoodOverlap","PATT","MisMis","PSM_M1",1000,TRUE,"inclusive",1.03507218631865,"all_requested","defined",1.15325660232436,0.118184416005704,0.118184416005704,11.4179878048931,0.00746189296410185,0.0863822491262056,0.00273164656646899,0.263908798108506,0.021421987257747,0.14636251998974,0.00240984619435495,0.000326859417360138,1,0,0.828,0.0119338174948337,0.803153926055261,0.850897035852021,1000,0.828,0.0119338174948337,1000,0.409040818704383,0.0109393626710397,1.46603049972272,0,"CorCor","PSM_M1",0.00607209848913143,0.813747733764538,0.0470645049198122,0.0575212351161345,0.00269448003851773,0.0116759393514641,0.000668503004465702,-0.129,0.0122682317189361,"defined"
"retrospective","PoorOverlap","PATT","MisMis","PSM_M1",1000,TRUE,"inclusive",1.18185416619657,"all_requested","defined",1.42975670065592,0.247902534459349,0.247902534459349,20.975729624675,0.0613397459745579,0.247668621295791,0.00783196948248382,0.662684932413327,0.122734072819952,0.350334230157363,0.00837416685382642,0.00373381507724285,1,0,0.808,0.0124553602918583,0.782195182243716,0.831976682528464,1000,0.808,0.0124553602918583,1000,0.976626831174941,0.0723795708360729,1.17997832703927,0,"CorCor","PSM_M1",0.0556480920523005,0.90721099620109,0.0522275763131502,0.195252879506574,0.00619817008433943,0.0643696426930578,0.00514408556229329,-0.153,0.0119889421858117,"defined"
"prospective","PoorOverlap","PATT","MisMis","PSM_M1",1000,TRUE,"inclusive",1.18185416619657,"all_requested","defined",1.46849678251251,0.286642616315941,0.286642616315941,24.2536367442365,0.0572446481416826,0.239258538283762,0.00756601930619283,0.640182141130128,0.139351392981989,0.37329799488075,0.00744054765086716,0.00274403817108168,1,0,0.715,0.0142749781085647,0.685916765661646,0.742811303743883,1000,0.715,0.0142749781085647,1000,0.912426740063915,0.0618873239692686,1.08110235591099,0,"CorCor","PSM_M1",0.0516976678438343,0.903100456061512,0.0475955783654595,0.207818131365178,0.00615618021424589,0.081492123378245,0.00482593452542499,-0.242,0.0142702361451953,"defined"
"retrospective","GoodOverlap","PATE","CorCor","PGM_M1",1000,TRUE,"inclusive",0.866391828860284,"all_requested","defined",0.920763933735738,0.054372104875454,0.054372104875454,6.27569456039066,0.00275987045559052,0.0525344692139411,0.00166128578384049,0.19174762832492,0.0057134363737223,0.0755872765333049,0.00149408552632736,0.000118568049803959,1,0,0.812,0.0123554036761249,0.786378459836871,0.835769276598681,1000,0.812,0.0123554036761249,1000,0.203806003010574,0.0027126532581796,0.982891516768379,0,"CorCor","PSM_M1",0.00716442624343717,2.59592845342599,0.146664976428287,-0.000684292205894621,0.00240110944983881,-0.00447503230305057,0.000420256240114688,-0.158,0.0127749441955415,"defined"
"prospective","GoodOverlap","PATE","CorCor","PGM_M1",1000,TRUE,"inclusive",0.866391828860284,"all_requested","defined",0.917605388445245,0.0512135595849608,0.0512135595849608,5.91113141640901,0.00322850267803242,0.0568199144493585,0.00179680346115885,0.207389243677713,0.00584810286071673,0.0764728897107774,0.00164027373591553,0.000151485993265338,1,0,0.813,0.0123300851578568,0.78742492046857,0.836716780075399,1000,0.813,0.0123300851578568,1000,0.204391306599278,0.00272731974536853,0.84476304260979,0,"CorCor","PSM_M1",0.00757770737570927,2.34712748645679,0.13186523941236,-0.00390899846705,0.0024476661359457,-0.00476052321381414,0.000430363231811245,-0.145,0.0124952443405934,"defined"
"retrospective","PoorOverlap","PATE","CorCor","PGM_M1",1000,TRUE,"inclusive",0.866391828860284,"all_requested","defined",0.919404286716515,0.053012457856231,0.053012457856231,6.11876244562088,0.00449040484229664,0.0670104830776248,0.00211905753633464,0.244584201483318,0.007296235125413,0.0854180023496979,0.00161503137119094,0.000197787018033423,1,0,0.879,0.0103130499853341,0.857164237318432,0.898574192769252,1000,0.879,0.0103130499853341,1000,0.263884762612145,0.00456637177691912,1.01691761373205,0,"CorCor","PSM_M1",0.0988525312143353,22.0141690306428,1.43678100584614,-0.0380917956553438,0.00978841313491924,-0.0997574285656092,0.00498777326422806,-0.069,0.0117633914062815,"defined"
"prospective","PoorOverlap","PATE","CorCor","PGM_M1",1000,TRUE,"inclusive",0.866391828860284,"all_requested","defined",0.915110776937996,0.0487189480777128,0.0487189480777128,5.62320031824415,0.00579135592713292,0.0761009587793276,0.00240652361865262,0.277763886787615,0.00815910047300466,0.0903277392222603,0.00198294318420598,0.0002627024840644,1,0,0.891,0.00985489725973843,0.870021634657065,0.90964185232308,1000,0.891,0.00985489725973843,1000,0.28775855964276,0.00544892735362813,0.940872469623135,0,"CorCor","PSM_M1",0.12591407450154,21.7417261321521,1.44922981863939,-0.0427810359934061,0.0110430823219233,-0.126001307039048,0.0064782593386277,-0.072,0.0110877833194439,"defined"
"retrospective","GoodOverlap","PATT","CorCor","PGM_M1",1000,TRUE,"inclusive",1.03507218631865,"all_requested","defined",1.09531939068637,0.060247204367717,0.060247204367717,5.82057997152767,0.00332178686723738,0.0576349448445765,0.00182257698527041,0.176082113823636,0.0069481907144956,0.0833558079229972,0.00155561123303645,0.000140957798002912,1,0,0.803,0.0125774003673255,0.77697174292461,0.827230249464335,1000,0.803,0.0125774003673255,1000,0.220393501563934,0.00317017041223186,0.954356958749852,0,"CorCor","PSM_M1",0.00658007194057743,1.98088324253322,0.104089135087922,-0.00147700344023635,0.00214517336099872,-0.00343517898366067,0.000384531069733805,-0.158,0.0126172578318427,"defined"
"prospective","GoodOverlap","PATT","CorCor","PGM_M1",1000,TRUE,"inclusive",1.03507218631865,"all_requested","defined",1.09118513263958,0.0561129463209271,0.0561129463209271,5.42116260707371,0.00350720086780038,0.0592216250013488,0.00187275221740634,0.18092962424843,0.00665235641174782,0.0815619789592419,0.00161873653493397,0.000157265791808081,1,0,0.807,0.0124800240384384,0.781149996417945,0.831027896730205,1000,0.807,0.0124800240384384,1000,0.219767277797072,0.00315210169702425,0.898751401998016,0,"CorCor","PSM_M1",0.00607209848913143,1.73132327403297,0.0899250949063064,-0.00455023456864226,0.00212107290351912,-0.00309369149453508,0.000362785196962803,-0.15,0.0124762035754333,"defined"
"retrospective","PoorOverlap","PATT","CorCor","PGM_M1",1000,TRUE,"inclusive",1.18185416619657,"all_requested","defined",1.22262055575423,0.0407663895576615,0.0407663895576615,3.44935870462389,0.00394286069697345,0.0627922025172987,0.00198566379253222,0.168012589820829,0.00560081635384349,0.074838602030259,0.00162208790259204,0.00017618685493672,1,0,0.901,0.00944452222190196,0.880791517313793,0.918808871053031,1000,0.901,0.00944452222190196,1000,0.244253633926645,0.00389411441204342,0.987636822937354,0,"CorCor","PSM_M1",0.0556480920523005,14.1136338128852,0.968714029847574,-0.011883265395114,0.00729083469582358,-0.052763613773051,0.0030800467455637,-0.06,0.0105123979429296,"defined"
"prospective","PoorOverlap","PATT","CorCor","PGM_M1",1000,TRUE,"inclusive",1.18185416619657,"all_requested","defined",1.2408775202668,0.0590233540702262,0.0590233540702262,4.99413174301991,0.00444720360964582,0.0666873571949423,0.00210883939873235,0.17843482377517,0.00792651273173546,0.0890309650163102,0.00172689577240773,0.000197797934334391,1,0,0.819,0.0121753439376471,0.793709193442431,0.842396258155771,1000,0.819,0.0121753439376471,1000,0.246149974718441,0.003954867327155,0.889293064652367,0,"CorCor","PSM_M1",0.0516976678438343,11.6247584733256,0.784334973001197,-0.0198011308805369,0.00704012014381982,-0.0499327568720081,0.00290984916115966,-0.138,0.0134587197436137,"defined"
"retrospective","GoodOverlap","PATE","CorMis","PGM_M1",1000,TRUE,"inclusive",0.866391828860284,"all_requested","defined",0.965421403062106,0.0990295742018226,0.0990295742018226,11.4301140549875,0.00394108330113141,0.0627780479238676,0.00198521618498626,0.22913606971545,0.0137439987844246,0.11723480193366,0.00199275067945182,0.000189175135782884,1,0,0.685,0.0146892818068141,0.655195968916796,0.713710278867603,1000,0.685,0.0146892818068141,1000,0.25259776120935,0.00417222006237728,1.05864802735317,0,"CorCor","PSM_M1",0.00716442624343717,1.81788246936582,0.111709534500625,0.0439731771204739,0.00268954082765542,0.0035555301076517,0.000540651323341061,-0.285,0.0148322282545474,"defined"
"prospective","GoodOverlap","PATE","CorMis","PGM_M1",1000,TRUE,"inclusive",0.866391828860284,"all_requested","defined",0.965400871076636,0.0990090422163519,0.0990090422163519,11.4277442282201,0.0042650450027436,0.0653073120159113,0.00206519853833562,0.23836773034348,0.0140635703983402,0.118589925366113,0.00201011007858968,0.000197001893211702,1,0,0.676,0.014799459449588,0.646007276615774,0.704952351556827,1000,0.676,0.014799459449588,1000,0.25479629761306,0.00424605832723008,0.995548305937849,0,"CorCor","PSM_M1",0.00757770737570927,1.77670045001512,0.10064493706901,0.043886484164341,0.00272980734574412,0.00345494432380934,0.000531882296075568,-0.282,0.0151890324480102,"defined"
"retrospective","PoorOverlap","PATE","CorMis","PGM_M1",1000,TRUE,"inclusive",0.866391828860284,"all_requested","defined",1.06344888478,0.197057055919719,0.197057055919719,22.7445653751078,0.00723024214371138,0.0850308305481687,0.00268891095868037,0.310357377471757,0.0460544951893149,0.214603110856564,0.00263473412418342,0.000321274952200086,1,0,0.391,0.0154311049507156,0.360614507952008,0.422029235557097,1000,0.391,0.0154311049507156,1000,0.343092695391559,0.00782287722067185,1.08196614514162,0,"CorCor","PSM_M1",0.0988525312143353,13.6720913697633,0.906033634016806,0.105952802408144,0.0100118700640641,-0.0609991685017073,0.005122254453806,-0.557,0.0168236153675134,"defined"
"prospective","PoorOverlap","PATE","CorMis","PGM_M1",1000,TRUE,"inclusive",0.866391828860284,"all_requested","defined",1.06947459395866,0.203082765098379,0.203082765098379,23.4400600667633,0.00982045023489533,0.0990981848213948,0.00313375976023934,0.361702367895335,0.051053239264664,0.225949638779671,0.0033920629368077,0.000541489786262229,1,0,0.489,0.0158075614817719,0.457589120808436,0.5204758115791,1000,0.489,0.0158075614817719,1000,0.393491895809081,0.0104350075258664,1.06257933967094,0,"CorCor","PSM_M1",0.12591407450154,12.8216193239415,0.96192605326311,0.111582781027261,0.0112716555734674,-0.083107168247389,0.00662451239800099,-0.474,0.0166613805430883,"defined"
"retrospective","GoodOverlap","PATT","CorMis","PGM_M1",1000,TRUE,"inclusive",1.03507218631865,"all_requested","defined",1.16836693850806,0.133294752189404,0.133294752189404,12.8778218515832,0.00498216788590246,0.0705844734052926,0.00223207703404306,0.215644576633992,0.0227446766792511,0.15081338362112,0.00214213957575198,0.000229840126480241,1,0,0.531,0.0157809695519635,0.499517144436695,0.562299857950986,1000,0.531,0.0157809695519635,1000,0.276914077655526,0.00500497708269345,1.00457816703759,0,"CorCor","PSM_M1",0.00658007194057743,1.32072465064784,0.0738424892549927,0.0715705443814503,0.00238732242088035,0.0123613069810948,0.000616809417092307,-0.43,0.0160423613398202,"defined"
"prospective","GoodOverlap","PATT","CorMis","PGM_M1",1000,TRUE,"inclusive",1.03507218631865,"all_requested","defined",1.16763131560369,0.132559129285039,0.132559129285039,12.8067521316074,0.00529307219050459,0.0727535029431889,0.00230066777056241,0.222271238757268,0.0228597018751219,0.151194252123293,0.00213306589904129,0.000233743764207956,1,0,0.527,0.0157883184665119,0.49551458399303,0.558326032517267,1000,0.527,0.0157883184665119,1000,0.27667928604345,0.00499692289484597,0.944049639793334,0,"CorCor","PSM_M1",0.00607209848913143,1.14717847605108,0.0628710869579014,0.07189594839547,0.00239318394677062,0.013113653968839,0.000605881237196592,-0.43,0.015917077412432,"defined"
"retrospective","PoorOverlap","PATT","CorMis","PGM_M1",1000,TRUE,"inclusive",1.18185416619657,"all_requested","defined",1.44910633784552,0.267252171648948,0.267252171648948,22.6129567668248,0.00621368279548646,0.0788269166940231,0.00249272597681463,0.210916545214432,0.07763119236377,0.278623746948766,0.00241575053195028,0.00028441074554399,1,0,0.071,0.00812151463706124,0.0558646482498975,0.0887164408867873,1000,0.071,0.00812151463706124,1000,0.300948275284107,0.00591158472646541,0.951381800622251,0,"CorCor","PSM_M1",0.0556480920523005,8.95573428574799,0.624487257206981,0.214602516696173,0.00735047322201826,0.0192667622368755,0.00330340685731517,-0.89,0.01,"defined"
"prospective","PoorOverlap","PATT","CorMis","PGM_M1",1000,TRUE,"inclusive",1.18185416619657,"all_requested","defined",1.46570924167122,0.283855075474653,0.283855075474653,24.0177750854111,0.00644824133031954,0.080300942275415,0.00253933875848016,0.21486058357371,0.08701549696171,0.294983892715704,0.0024851466561696,0.000288037585822775,1,0,0.052,0.00702111102319284,0.0390765349439805,0.0676350140505073,1000,0.052,0.00702111102319284,1000,0.30595796355817,0.00611286219044462,0.947989052720784,0,"CorCor","PSM_M1",0.0516976678438343,8.01732832187168,0.53878287566368,0.20503059052389,0.00715375770818291,0.0291562273579664,0.00313921968024989,-0.905,0.0093841921902241,"defined"
"retrospective","GoodOverlap","PATE","MisCor","PGM_M1",1000,TRUE,"inclusive",0.866391828860284,"all_requested","defined",0.920763933735738,0.054372104875454,0.054372104875454,6.27569456039066,0.00275987045559052,0.0525344692139411,0.00166128578384049,0.19174762832492,0.0057134363737223,0.0755872765333049,0.00149408552632736,0.000118568049803959,1,0,0.812,0.0123554036761249,0.786378459836871,0.835769276598681,1000,0.812,0.0123554036761249,1000,0.203806003010574,0.0027126532581796,0.982891516768379,0,"CorCor","PSM_M1",0.00716442624343717,2.59592845342599,0.146664976428287,-0.000684292205894621,0.00240110944983881,-0.00447503230305057,0.000420256240114688,-0.158,0.0127749441955415,"defined"
"prospective","GoodOverlap","PATE","MisCor","PGM_M1",1000,TRUE,"inclusive",0.866391828860284,"all_requested","defined",0.917605388445245,0.0512135595849608,0.0512135595849608,5.91113141640901,0.00322850267803242,0.0568199144493585,0.00179680346115885,0.207389243677713,0.00584810286071673,0.0764728897107774,0.00164027373591553,0.000151485993265338,1,0,0.813,0.0123300851578568,0.78742492046857,0.836716780075399,1000,0.813,0.0123300851578568,1000,0.204391306599278,0.00272731974536853,0.84476304260979,0,"CorCor","PSM_M1",0.00757770737570927,2.34712748645679,0.13186523941236,-0.00390899846705,0.0024476661359457,-0.00476052321381414,0.000430363231811245,-0.145,0.0124952443405934,"defined"
"retrospective","PoorOverlap","PATE","MisCor","PGM_M1",1000,TRUE,"inclusive",0.866391828860284,"all_requested","defined",0.919404286716515,0.053012457856231,0.053012457856231,6.11876244562088,0.00449040484229664,0.0670104830776248,0.00211905753633464,0.244584201483318,0.007296235125413,0.0854180023496979,0.00161503137119094,0.000197787018033423,1,0,0.879,0.0103130499853341,0.857164237318432,0.898574192769252,1000,0.879,0.0103130499853341,1000,0.263884762612145,0.00456637177691912,1.01691761373205,0,"CorCor","PSM_M1",0.0988525312143353,22.0141690306428,1.43678100584614,-0.0380917956553438,0.00978841313491924,-0.0997574285656092,0.00498777326422806,-0.069,0.0117633914062815,"defined"
"prospective","PoorOverlap","PATE","MisCor","PGM_M1",1000,TRUE,"inclusive",0.866391828860284,"all_requested","defined",0.915110776937996,0.0487189480777128,0.0487189480777128,5.62320031824415,0.00579135592713292,0.0761009587793276,0.00240652361865262,0.277763886787615,0.00815910047300466,0.0903277392222603,0.00198294318420598,0.0002627024840644,1,0,0.891,0.00985489725973843,0.870021634657065,0.90964185232308,1000,0.891,0.00985489725973843,1000,0.28775855964276,0.00544892735362813,0.940872469623135,0,"CorCor","PSM_M1",0.12591407450154,21.7417261321521,1.44922981863939,-0.0427810359934061,0.0110430823219233,-0.126001307039048,0.0064782593386277,-0.072,0.0110877833194439,"defined"
"retrospective","GoodOverlap","PATT","MisCor","PGM_M1",1000,TRUE,"inclusive",1.03507218631865,"all_requested","defined",1.09531939068637,0.060247204367717,0.060247204367717,5.82057997152767,0.00332178686723738,0.0576349448445765,0.00182257698527041,0.176082113823636,0.0069481907144956,0.0833558079229972,0.00155561123303645,0.000140957798002912,1,0,0.803,0.0125774003673255,0.77697174292461,0.827230249464335,1000,0.803,0.0125774003673255,1000,0.220393501563934,0.00317017041223186,0.954356958749852,0,"CorCor","PSM_M1",0.00658007194057743,1.98088324253322,0.104089135087922,-0.00147700344023635,0.00214517336099872,-0.00343517898366067,0.000384531069733805,-0.158,0.0126172578318427,"defined"
"prospective","GoodOverlap","PATT","MisCor","PGM_M1",1000,TRUE,"inclusive",1.03507218631865,"all_requested","defined",1.09118513263958,0.0561129463209271,0.0561129463209271,5.42116260707371,0.00350720086780038,0.0592216250013488,0.00187275221740634,0.18092962424843,0.00665235641174782,0.0815619789592419,0.00161873653493397,0.000157265791808081,1,0,0.807,0.0124800240384384,0.781149996417945,0.831027896730205,1000,0.807,0.0124800240384384,1000,0.219767277797072,0.00315210169702425,0.898751401998016,0,"CorCor","PSM_M1",0.00607209848913143,1.73132327403297,0.0899250949063064,-0.00455023456864226,0.00212107290351912,-0.00309369149453508,0.000362785196962803,-0.15,0.0124762035754333,"defined"
"retrospective","PoorOverlap","PATT","MisCor","PGM_M1",1000,TRUE,"inclusive",1.18185416619657,"all_requested","defined",1.22262055575423,0.0407663895576615,0.0407663895576615,3.44935870462389,0.00394286069697345,0.0627922025172987,0.00198566379253222,0.168012589820829,0.00560081635384349,0.074838602030259,0.00162208790259204,0.00017618685493672,1,0,0.901,0.00944452222190196,0.880791517313793,0.918808871053031,1000,0.901,0.00944452222190196,1000,0.244253633926645,0.00389411441204342,0.987636822937354,0,"CorCor","PSM_M1",0.0556480920523005,14.1136338128852,0.968714029847574,-0.011883265395114,0.00729083469582358,-0.052763613773051,0.0030800467455637,-0.06,0.0105123979429296,"defined"
"prospective","PoorOverlap","PATT","MisCor","PGM_M1",1000,TRUE,"inclusive",1.18185416619657,"all_requested","defined",1.2408775202668,0.0590233540702262,0.0590233540702262,4.99413174301991,0.00444720360964582,0.0666873571949423,0.00210883939873235,0.17843482377517,0.00792651273173546,0.0890309650163102,0.00172689577240773,0.000197797934334391,1,0,0.819,0.0121753439376471,0.793709193442431,0.842396258155771,1000,0.819,0.0121753439376471,1000,0.246149974718441,0.003954867327155,0.889293064652367,0,"CorCor","PSM_M1",0.0516976678438343,11.6247584733256,0.784334973001197,-0.0198011308805369,0.00704012014381982,-0.0499327568720081,0.00290984916115966,-0.138,0.0134587197436137,"defined"
"retrospective","GoodOverlap","PATE","MisMis","PGM_M1",1000,TRUE,"inclusive",0.866391828860284,"all_requested","defined",0.965421403062106,0.0990295742018226,0.0990295742018226,11.4301140549875,0.00394108330113141,0.0627780479238676,0.00198521618498626,0.22913606971545,0.0137439987844246,0.11723480193366,0.00199275067945182,0.000189175135782884,1,0,0.685,0.0146892818068141,0.655195968916796,0.713710278867603,1000,0.685,0.0146892818068141,1000,0.25259776120935,0.00417222006237728,1.05864802735317,0,"CorCor","PSM_M1",0.00716442624343717,1.81788246936582,0.111709534500625,0.0439731771204739,0.00268954082765542,0.0035555301076517,0.000540651323341061,-0.285,0.0148322282545474,"defined"
"prospective","GoodOverlap","PATE","MisMis","PGM_M1",1000,TRUE,"inclusive",0.866391828860284,"all_requested","defined",0.965400871076636,0.0990090422163519,0.0990090422163519,11.4277442282201,0.0042650450027436,0.0653073120159113,0.00206519853833562,0.23836773034348,0.0140635703983402,0.118589925366113,0.00201011007858968,0.000197001893211702,1,0,0.676,0.014799459449588,0.646007276615774,0.704952351556827,1000,0.676,0.014799459449588,1000,0.25479629761306,0.00424605832723008,0.995548305937849,0,"CorCor","PSM_M1",0.00757770737570927,1.77670045001512,0.10064493706901,0.043886484164341,0.00272980734574412,0.00345494432380934,0.000531882296075568,-0.282,0.0151890324480102,"defined"
"retrospective","PoorOverlap","PATE","MisMis","PGM_M1",1000,TRUE,"inclusive",0.866391828860284,"all_requested","defined",1.06344888478,0.197057055919719,0.197057055919719,22.7445653751078,0.00723024214371138,0.0850308305481687,0.00268891095868037,0.310357377471757,0.0460544951893149,0.214603110856564,0.00263473412418342,0.000321274952200086,1,0,0.391,0.0154311049507156,0.360614507952008,0.422029235557097,1000,0.391,0.0154311049507156,1000,0.343092695391559,0.00782287722067185,1.08196614514162,0,"CorCor","PSM_M1",0.0988525312143353,13.6720913697633,0.906033634016806,0.105952802408144,0.0100118700640641,-0.0609991685017073,0.005122254453806,-0.557,0.0168236153675134,"defined"
"prospective","PoorOverlap","PATE","MisMis","PGM_M1",1000,TRUE,"inclusive",0.866391828860284,"all_requested","defined",1.06947459395866,0.203082765098379,0.203082765098379,23.4400600667633,0.00982045023489533,0.0990981848213948,0.00313375976023934,0.361702367895335,0.051053239264664,0.225949638779671,0.0033920629368077,0.000541489786262229,1,0,0.489,0.0158075614817719,0.457589120808436,0.5204758115791,1000,0.489,0.0158075614817719,1000,0.393491895809081,0.0104350075258664,1.06257933967094,0,"CorCor","PSM_M1",0.12591407450154,12.8216193239415,0.96192605326311,0.111582781027261,0.0112716555734674,-0.083107168247389,0.00662451239800099,-0.474,0.0166613805430883,"defined"
"retrospective","GoodOverlap","PATT","MisMis","PGM_M1",1000,TRUE,"inclusive",1.03507218631865,"all_requested","defined",1.16836693850806,0.133294752189404,0.133294752189404,12.8778218515832,0.00498216788590246,0.0705844734052926,0.00223207703404306,0.215644576633992,0.0227446766792511,0.15081338362112,0.00214213957575198,0.000229840126480241,1,0,0.531,0.0157809695519635,0.499517144436695,0.562299857950986,1000,0.531,0.0157809695519635,1000,0.276914077655526,0.00500497708269345,1.00457816703759,0,"CorCor","PSM_M1",0.00658007194057743,1.32072465064784,0.0738424892549927,0.0715705443814503,0.00238732242088035,0.0123613069810948,0.000616809417092307,-0.43,0.0160423613398202,"defined"
"prospective","GoodOverlap","PATT","MisMis","PGM_M1",1000,TRUE,"inclusive",1.03507218631865,"all_requested","defined",1.16763131560369,0.132559129285039,0.132559129285039,12.8067521316074,0.00529307219050459,0.0727535029431889,0.00230066777056241,0.222271238757268,0.0228597018751219,0.151194252123293,0.00213306589904129,0.000233743764207956,1,0,0.527,0.0157883184665119,0.49551458399303,0.558326032517267,1000,0.527,0.0157883184665119,1000,0.27667928604345,0.00499692289484597,0.944049639793334,0,"CorCor","PSM_M1",0.00607209848913143,1.14717847605108,0.0628710869579014,0.07189594839547,0.00239318394677062,0.013113653968839,0.000605881237196592,-0.43,0.015917077412432,"defined"
"retrospective","PoorOverlap","PATT","MisMis","PGM_M1",1000,TRUE,"inclusive",1.18185416619657,"all_requested","defined",1.44910633784552,0.267252171648948,0.267252171648948,22.6129567668248,0.00621368279548646,0.0788269166940231,0.00249272597681463,0.210916545214432,0.07763119236377,0.278623746948766,0.00241575053195028,0.00028441074554399,1,0,0.071,0.00812151463706124,0.0558646482498975,0.0887164408867873,1000,0.071,0.00812151463706124,1000,0.300948275284107,0.00591158472646541,0.951381800622251,0,"CorCor","PSM_M1",0.0556480920523005,8.95573428574799,0.624487257206981,0.214602516696173,0.00735047322201826,0.0192667622368755,0.00330340685731517,-0.89,0.01,"defined"
"prospective","PoorOverlap","PATT","MisMis","PGM_M1",1000,TRUE,"inclusive",1.18185416619657,"all_requested","defined",1.46570924167122,0.283855075474653,0.283855075474653,24.0177750854111,0.00644824133031954,0.080300942275415,0.00253933875848016,0.21486058357371,0.08701549696171,0.294983892715704,0.0024851466561696,0.000288037585822775,1,0,0.052,0.00702111102319284,0.0390765349439805,0.0676350140505073,1000,0.052,0.00702111102319284,1000,0.30595796355817,0.00611286219044462,0.947989052720784,0,"CorCor","PSM_M1",0.0516976678438343,8.01732832187168,0.53878287566368,0.20503059052389,0.00715375770818291,0.0291562273579664,0.00313921968024989,-0.905,0.0093841921902241,"defined"
"retrospective","GoodOverlap","PATE","CorCor","DSM_M1",1000,TRUE,"inclusive",0.866391828860284,"all_requested","defined",0.92191255810927,0.0555207292489867,0.0555207292489867,6.40827018440638,0.00305418469756711,0.055264678571101,0.00174762258441779,0.201712726990597,0.00613368188920883,0.0783178261266797,0.00158319204777422,0.000136977166902241,1,0,0.816,0.0122533260790693,0.790565866585471,0.839557716815212,1000,0.816,0.0122533260790693,1000,0.209087873000404,0.00285733221978622,0.935546636083373,0,"CorCor","PSM_M1",0.00716442624343717,2.34577373436,0.12929481970171,0.000464332167638091,0.00236945750077814,-0.00405478678756404,0.000412739236780097,-0.154,0.0122651716023232,"defined"
"prospective","GoodOverlap","PATE","CorCor","DSM_M1",1000,TRUE,"inclusive",0.866391828860284,"all_requested","defined",0.917548779935655,0.0511569510753712,0.0511569510753712,5.90459759329296,0.00328859272360698,0.0573462529168818,0.00181344774493421,0.209310347180877,0.00590233777421129,0.0768266735854891,0.0016157285449759,0.000153710861793608,1,0,0.818,0.0122014753206323,0.792661150509835,0.841450346688562,1000,0.818,0.0122014753206323,1000,0.209802463474121,0.00287812327278308,0.875183859686435,0,"CorCor","PSM_M1",0.00757770737570927,2.30424014543155,0.129388383843336,-0.00396560697663967,0.00239345008934555,-0.00470628830031957,0.000429673656344068,-0.14,0.0122699042600401,"defined"
"retrospective","PoorOverlap","PATE","CorCor","DSM_M1",1000,TRUE,"inclusive",0.866391828860284,"all_requested","defined",0.917056644641979,0.0506648157816949,0.0506648157816949,5.84779473836257,0.0125134553514235,0.111863556851298,0.00353743626817834,0.408295202048679,0.0150678654542652,0.12275123402339,0.00282427506627831,0.000578603751213161,1,0,0.933,0.00790638982089803,0.915689962897559,0.947702163599955,1000,0.933,0.00790638982089803,1000,0.438909241878043,0.0129009501837849,1.03096625364291,0,"CorCor","PSM_M1",0.0988525312143353,7.89969903901004,0.505616223049437,-0.0404394377298798,0.00942230324903575,-0.091985798236757,0.00492830933395888,-0.015,0.00963679759400746,"defined"
"prospective","PoorOverlap","PATE","CorCor","DSM_M1",1000,TRUE,"inclusive",0.866391828860284,"all_requested","defined",0.91206622628842,0.045674397428136,0.045674397428136,5.2717945745425,0.0163465346706966,0.127853567297501,0.00404308479637721,0.466657770964413,0.0184163387164492,0.135706811606673,0.00284841643551912,0.000710908947383071,1,0,0.92,0.00857904423581089,0.901420220952098,0.936058017153327,1000,0.92,0.00857904423581089,1000,0.496733600894921,0.0166203553566479,1.01675099288427,0,"CorCor","PSM_M1",0.12591407450154,7.70279921941242,0.488266938643971,-0.0458255866429829,0.0105188890927373,-0.115744068795604,0.00641650530505118,-0.043,0.00975941833544634,"defined"
"retrospective","GoodOverlap","PATT","CorCor","DSM_M1",1000,TRUE,"inclusive",1.03507218631865,"all_requested","defined",1.09444079988315,0.0593686135644988,0.0593686135644988,5.7356978913374,0.00348691607872291,0.0590501149763734,0.0018673285942016,0.180405639228212,0.00700806143921498,0.083714165104927,0.00166805817728384,0.000158281593448007,1,0,0.812,0.0123554036761249,0.786378459836871,0.835769276598681,1000,0.812,0.0123554036761249,1000,0.222359003464893,0.00322777339760878,0.925681411521368,0,"CorCor","PSM_M1",0.00658007194057743,1.88707493728596,0.102637226292402,-0.00235559424345454,0.00208214196874085,-0.00337530825894128,0.000381265984355388,-0.149,0.0122044232943613,"defined"
"prospective","GoodOverlap","PATT","CorCor","DSM_M1",1000,TRUE,"inclusive",1.03507218631865,"all_requested","defined",1.09311825968117,0.0580460733625183,0.0580460733625183,5.60792514085085,0.0034848872467806,0.0590329335776277,0.00186678527066736,0.180353147861772,0.00685074899234068,0.08276925149076,0.00165092303371704,0.000154054758312068,1,0,0.814,0.01230463327369,0.788471640730062,0.837664022358392,1000,0.814,0.01230463327369,1000,0.221795297190255,0.00321162906113457,0.921587653689952,0,"CorCor","PSM_M1",0.00607209848913143,1.74240888130339,0.092848997555905,-0.00261710752705105,0.0021089527440478,-0.00289529891394223,0.00036755772652078,-0.143,0.0121942486320273,"defined"
"retrospective","PoorOverlap","PATT","CorCor","DSM_M1",1000,TRUE,"inclusive",1.18185416619657,"all_requested","defined",1.2246114183454,0.0427572521488305,0.0427572521488305,3.61781117939715,0.011092919396332,0.105322929110104,0.0033306034582838,0.28181171193078,0.0129100090882543,0.113622220926429,0.0025256606386066,0.000504871073129135,1,0,0.913,0.00891240708226459,0.893792142042979,0.929731513928621,1000,0.913,0.00891240708226459,1000,0.400553549895685,0.0108121567901623,0.974689926417164,0,"CorCor","PSM_M1",0.0556480920523005,5.01654163922811,0.315035964085932,-0.00989240280394489,0.00672729305556119,-0.0454544210386402,0.00300727763349326,-0.048,0.0100894894716134,"defined"
"prospective","PoorOverlap","PATT","CorCor","DSM_M1",1000,TRUE,"inclusive",1.18185416619657,"all_requested","defined",1.23799844886911,0.0561442826725389,0.0561442826725389,4.75052542677256,0.0114964307361876,0.10722140987782,0.00339063869148389,0.286891461608635,0.0146371147822653,0.120983944316034,0.00244013635133517,0.000480293092264121,1,0,0.892,0.00981509042240569,0.871096239120002,0.9105609670176,1000,0.892,0.00981509042240569,1000,0.388870969211504,0.0101928264757579,0.886607914200159,0,"CorCor","PSM_M1",0.0516976678438343,4.49684506697409,0.269936541588978,-0.0226802022782242,0.00663618813052372,-0.0432221548214782,0.00281590621862654,-0.065,0.0109952669770177,"defined"
"retrospective","GoodOverlap","PATE","CorMis","DSM_M1",1000,TRUE,"inclusive",0.866391828860284,"all_requested","defined",0.92385851445032,0.0574666855900361,0.0574666855900361,6.63287483512305,0.00339299003280344,0.0582493779606567,0.00184200706643689,0.21260669884895,0.0066920169954747,0.0818047492232248,0.00160842230236061,0.00015024562206878,1,0,0.876,0.0104222838188182,0.853960175029453,0.895796880804754,1000,0.876,0.0104222838188182,1000,0.247182533003985,0.00399296539986221,1.17682791910917,0,"CorCor","PSM_M1",0.00716442624343717,2.11153766270207,0.111339541086124,0.00241028850868752,0.00239715006072915,-0.00349645168129817,0.000403633385190333,-0.094,0.0101620503476054,"defined"
"prospective","GoodOverlap","PATE","CorMis","DSM_M1",1000,TRUE,"inclusive",0.866391828860284,"all_requested","defined",0.920583702992409,0.0541918741321258,0.0541918741321258,6.25489210850636,0.00379624451692229,0.0616136715098386,0.00194839536976515,0.22488616638135,0.00672920749435754,0.082031746868865,0.00170297915928306,0.000175913702221363,1,0,0.86,0.0109726933794762,0.836934284799045,0.880921502618644,1000,0.86,0.0109726933794762,1000,0.249430040331926,0.00406726808917455,1.0713925488846,0,"CorCor","PSM_M1",0.00757770737570927,1.99610624182151,0.109471611032163,-0.000930683919885007,0.00244026330302393,-0.00387941858017332,0.000428852259973018,-0.098,0.0109780014809853,"defined"
"retrospective","PoorOverlap","PATE","CorMis","DSM_M1",1000,TRUE,"inclusive",0.866391828860284,"all_requested","defined",0.918862096428394,0.0524702675681105,0.0524702675681105,6.05618218227356,0.0141607061881816,0.118998765490158,0.00376307137697142,0.434338281089475,0.0168996744606625,0.129998747919595,0.00299247036941663,0.000664580474887513,1,0,0.942,0.00739161687318817,0.925663504617648,0.955667139747179,1000,0.942,0.00739161687318817,1000,0.486520233724033,0.0157171748856969,1.10991462408947,0,"CorCor","PSM_M1",0.0988525312143353,6.98076281653502,0.445847881111374,-0.0386339859434642,0.00932230000887196,-0.0901539892303597,0.00491253217742352,-0.006,0.00927631662083879,"defined"
"prospective","PoorOverlap","PATE","CorMis","DSM_M1",1000,TRUE,"inclusive",0.866391828860284,"all_requested","defined",0.915052698728227,0.0486608698679434,0.0486608698679434,5.61649686054352,0.0183988048670183,0.135642194272351,0.00428938280723676,0.495085787325503,0.0207482863184562,0.144042654510587,0.00332423682177564,0.000857932424994406,1,0,0.934,0.00785136930732467,0.916793949538597,0.948591433981081,1000,0.934,0.00785136930732467,1000,0.559090232622817,0.0208434845119657,1.13287165457848,0,"CorCor","PSM_M1",0.12591407450154,6.8436007344832,0.445691705378795,-0.0428391142031755,0.0104669078798755,-0.113412121193597,0.00640857446715203,-0.029,0.00895763580635199,"defined"
"retrospective","GoodOverlap","PATT","CorMis","DSM_M1",1000,TRUE,"inclusive",1.03507218631865,"all_requested","defined",1.09319796508462,0.0581257787659635,0.0581257787659635,5.61562560894368,0.00451267670249011,0.067176459436994,0.00212430616966814,0.205232658914685,0.00788677018293735,0.0888074894529586,0.00188773801750968,0.000207577102450582,1,0,0.872,0.0105648473723003,0.849694071425129,0.892087758668802,1000,0.872,0.0105648473723003,1000,0.275641226569996,0.0049629792961429,1.09978614098464,0,"CorCor","PSM_M1",0.00658007194057743,1.45813058953382,0.0765677187541386,-0.00359842904198985,0.00222182950871758,-0.00249659951521892,0.000395864478781285,-0.089,0.0105446759167928,"defined"
"prospective","GoodOverlap","PATT","CorMis","DSM_M1",1000,TRUE,"inclusive",1.03507218631865,"all_requested","defined",1.09077420235318,0.0557020160345237,0.0557020160345237,5.38146196668988,0.00425351954796353,0.0652190121664192,0.00206240625192117,0.19925240762737,0.00735198061872591,0.0857436914223193,0.00179897815932594,0.000192000976573487,1,0,0.891,0.00985489725973843,0.870021634657065,0.90964185232308,1000,0.891,0.00985489725973843,1000,0.276170968161667,0.00498283630599619,1.17146195046449,0,"CorCor","PSM_M1",0.00607209848913143,1.42754686340599,0.0762853766117901,-0.00496116485504563,0.00226637748695774,-0.002394067287557,0.000378603652764332,-0.066,0.0102834697330108,"defined"
"retrospective","PoorOverlap","PATT","CorMis","DSM_M1",1000,TRUE,"inclusive",1.18185416619657,"all_requested","defined",1.23769868292815,0.0558445167315768,0.0558445167315768,4.72516138867582,0.0167273074531911,0.129334092385539,0.00408990311048943,0.346058187843218,0.0198291901947213,0.140816157434867,0.00313930723006975,0.000773153469264342,1,0,0.916,0.00877177291087725,0.897057001008265,0.932447258029417,1000,0.916,0.00877177291087725,1000,0.507587697915668,0.0176654438351349,1.05608412379392,0,"CorCor","PSM_M1",0.0556480920523005,3.3267812054046,0.200158804645748,0.0031948617788014,0.00645274388182708,-0.0385352399321733,0.00296737147009758,-0.045,0.00975038820099334,"defined"
"prospective","PoorOverlap","PATT","CorMis","DSM_M1",1000,TRUE,"inclusive",1.18185416619657,"all_requested","defined",1.2469689002559,0.0651147340593259,0.0651147340593259,5.50954051030487,0.0175965734495434,0.132652076687639,0.00419482698684265,0.354936091678925,0.0218189054677106,0.147712238720123,0.00307398087228556,0.000820764501133839,1,0,0.892,0.00981509042240569,0.871096239120002,0.9105609670176,1000,0.892,0.00981509042240569,1000,0.501088598657831,0.017170910561473,0.975809899052735,0,"CorCor","PSM_M1",0.0516976678438343,2.93793947964204,0.177287628209379,-0.0137097508914371,0.00622964471833924,-0.036040364136033,0.00280095308009597,-0.065,0.01090384766465,"defined"
"retrospective","GoodOverlap","PATE","MisCor","DSM_M1",1000,TRUE,"inclusive",0.866391828860284,"all_requested","defined",0.921742806406186,0.0553509775459023,0.0553509775459023,6.38867723610865,0.00305940019384372,0.05531184496872,0.0017491141168728,0.201884881482979,0.00612007150893686,0.0782308859015214,0.00157022567218625,0.000135127204677563,1,0,0.815,0.0122790471943062,0.789518622226654,0.838611001821214,1000,0.815,0.0122790471943062,1000,0.208946727994752,0.0028533721615358,0.932657377507362,0,"CorCor","PSM_M1",0.00716442624343717,2.34177478901054,0.128192351567732,0.00029458046455372,0.00236210050798039,-0.00406839716783601,0.000409624258290491,-0.155,0.0124551246533357,"defined"
"prospective","GoodOverlap","PATE","MisCor","DSM_M1",1000,TRUE,"inclusive",0.866391828860284,"all_requested","defined",0.916848070119435,0.050456241259151,0.050456241259151,5.82372081296344,0.00327238257517928,0.0572047425934186,0.0018089727955885,0.208793843077694,0.00581494247460575,0.0762557701069614,0.00160968735890081,0.000154248480621712,1,0,0.832,0.0118226900492231,0.807358944585495,0.854667750725273,1000,0.832,0.0118226900492231,1000,0.210012173183913,0.00288375410245751,0.881239902794533,0,"CorCor","PSM_M1",0.00757770737570927,2.31565448159561,0.131498170323733,-0.00466631679285987,0.00239551953270437,-0.00479368359992511,0.000432824374313953,-0.126,0.0120111726433462,"defined"
"retrospective","PoorOverlap","PATE","MisCor","DSM_M1",1000,TRUE,"inclusive",0.866391828860284,"all_requested","defined",0.918546076924563,0.0521542480642791,0.0521542480642791,6.01970682628513,0.0124594523566002,0.111621917008266,0.00352979494540408,0.407413231268286,0.0151670584953939,0.123154612156403,0.00282931536553541,0.000578672290757222,1,0,0.93,0.00806845710157772,0.912383766510715,0.94502847508083,1000,0.93,0.00806845710157772,1000,0.437959032624101,0.0128446736511653,1.0309179957144,0,"CorCor","PSM_M1",0.0988525312143353,7.93393869851509,0.507654872983386,-0.0389500054472957,0.00943653062875422,-0.0918866051956282,0.0049275572755253,-0.018,0.00957954945536416,"defined"
"prospective","PoorOverlap","PATE","MisCor","DSM_M1",1000,TRUE,"inclusive",0.866391828860284,"all_requested","defined",0.913355126148509,0.0469632972882254,0.0469632972882254,5.42056096604747,0.0163264496600003,0.127774996223832,0.00404060016086723,0.466370991308002,0.0185156745025225,0.136072313504704,0.00287344961986682,0.000714939060469729,1,0,0.921,0.00852988862764339,0.902512905093099,0.93695879719054,1000,0.921,0.00852988862764339,1000,0.496212283477645,0.0165879967665006,1.01601983970472,0,"CorCor","PSM_M1",0.12591407450154,7.71227530318661,0.489434199850811,-0.0445366867828935,0.0105346965708214,-0.115644733009531,0.00641632885743739,-0.042,0.00960876310085374,"defined"
"retrospective","GoodOverlap","PATT","MisCor","DSM_M1",1000,TRUE,"inclusive",1.03507218631865,"all_requested","defined",1.09443392644976,0.0593617401311061,0.0593617401311061,5.73503383780726,0.00340678795806696,0.0583676961860494,0.00184574861724639,0.178320762710377,0.00692719736150186,0.0832297865040027,0.00166240438078651,0.000155465277844087,1,0,0.804,0.0125532465920175,0.778015935715128,0.828180033966423,1000,0.804,0.0125532465920175,1000,0.222557179434476,0.00323358719695613,0.949160099412496,0,"CorCor","PSM_M1",0.00658007194057743,1.93145919897845,0.104273116626943,-0.00236246767684728,0.00209812275777409,-0.0034561723366544,0.000382414700570328,-0.157,0.0128263601818877,"defined"
"prospective","GoodOverlap","PATT","MisCor","DSM_M1",1000,TRUE,"inclusive",1.03507218631865,"all_requested","defined",1.09243808892137,0.0573659026027132,0.0573659026027132,5.54221274235388,0.00353699345416507,0.0594726277724893,0.00188068962196452,0.181696469755738,0.00682430324213488,0.0826093411312236,0.00160827196443602,0.000150301683664249,1,0,0.808,0.0124553602918583,0.782195182243716,0.831976682528464,1000,0.808,0.0124553602918583,1000,0.221505571061124,0.00320352959970999,0.905721099352787,0,"CorCor","PSM_M1",0.00607209848913143,1.71674009800077,0.0864783256767098,-0.00329727828685614,0.00208089505820291,-0.00292174466414803,0.000360483850359859,-0.149,0.0122861690510081,"defined"
"retrospective","PoorOverlap","PATT","MisCor","DSM_M1",1000,TRUE,"inclusive",1.18185416619657,"all_requested","defined",1.22335891238407,0.041504746187503,0.041504746187503,3.51183313259987,0.0105019784988174,0.102479161290564,0.00324067562381942,0.274202665312635,0.0122141204764076,0.110517512080247,0.00250604644701901,0.000502738685997993,1,0,0.928,0.00817410545564467,0.910184250824649,0.943241312445438,1000,0.928,0.00817410545564467,1000,0.397424381804207,0.0106373951921995,1.01289439826957,0,"CorCor","PSM_M1",0.0556480920523005,5.29881984223898,0.342892321207006,-0.0111449087652724,0.00675610563625991,-0.0461503096504869,0.00302209347907757,-0.033,0.00979831653943712,"defined"
"prospective","PoorOverlap","PATT","MisCor","DSM_M1",1000,TRUE,"inclusive",1.18185416619657,"all_requested","defined",1.23784183705157,0.0559876708549983,0.0559876708549983,4.73727406107788,0.0111526660460668,0.105606183749186,0.00333956075645687,0.282569614083961,0.0142761326677883,0.11948277142663,0.00253131452957349,0.000502219594828239,1,0,0.902,0.00940191469861325,0.881871545568764,0.919722494548995,1000,0.902,0.00940191469861325,1000,0.387123245531468,0.0100943043486173,0.905102359106078,0,"CorCor","PSM_M1",0.0516976678438343,4.63545376776225,0.290497943648433,-0.0228368140957647,0.0066925501826061,-0.0435831369359552,0.00283795657953778,-0.055,0.0108670646033367,"defined"
"retrospective","GoodOverlap","PATE","MisMis","DSM_M1",1000,TRUE,"inclusive",0.866391828860284,"all_requested","defined",0.957285688242644,0.0908938593823604,0.0908938593823604,10.4910799426547,0.00386760166103839,0.062190044710053,0.00196662189071473,0.226989893626048,0.0121254277327977,0.110115519945181,0.00188265795051763,0.000173899985398154,1,0,0.709,0.0143638086871136,0.679760956104503,0.737002782314238,1000,0.709,0.0143638086871136,1000,0.251271206568173,0.00412803922189495,1.06733825861132,0,"CorCor","PSM_M1",0.00716442624343717,1.85242092421525,0.103630491473451,0.0358374623010118,0.00249555247991489,0.00193695905602479,0.000481869699400794,-0.261,0.0143904859572596,"defined"
"prospective","GoodOverlap","PATE","MisMis","DSM_M1",1000,TRUE,"inclusive",0.866391828860284,"all_requested","defined",0.957389166325582,0.0909973374652982,0.0909973374652982,10.5030235090055,0.00429856658860659,0.0655634546726039,0.00207329848034637,0.239302635514666,0.0125747834477913,0.112137341897297,0.00196749416580206,0.000205943249860383,1,0,0.721,0.0141830532678969,0.692078612648022,0.74861376902678,1000,0.721,0.0141830532678969,1000,0.253211202395847,0.00419407175517616,0.975690772429258,0,"CorCor","PSM_M1",0.00757770737570927,1.7628451762953,0.101099947782337,0.0358747794132873,0.00257258613048242,0.00196615737326047,0.000496132173445781,-0.237,0.014036667269264,"defined"
"retrospective","PoorOverlap","PATE","MisMis","DSM_M1",1000,TRUE,"inclusive",0.866391828860284,"all_requested","defined",1.01318885963827,0.146797030777986,0.146797030777986,16.9434920653734,0.0150119038582936,0.122523074799377,0.00387451982293208,0.44720179644687,0.0365462601996683,0.19117076188494,0.00353874846695806,0.000697305367130647,1,0,0.795,0.0127661662216971,0.76862689506608,0.819623231011318,1000,0.795,0.0127661662216971,1000,0.496690214845494,0.0163847498068354,1.09145048899199,0,"CorCor","PSM_M1",0.0988525312143353,6.58494299906684,0.423576719173118,0.0556927772664111,0.00933379406812755,-0.0705074034913539,0.00494889701822248,-0.153,0.0134823133316495,"defined"
"prospective","PoorOverlap","PATE","MisMis","DSM_M1",1000,TRUE,"inclusive",0.866391828860284,"all_requested","defined",1.01657596561036,0.150184136750076,0.150184136750076,17.3344359615717,0.0198708844278022,0.14096412461262,0.0044576770214768,0.514510510485857,0.04240628847474,0.205927872020132,0.0041733337301552,0.00095011404745636,1,0,0.824,0.0120425910833176,0.798953487282192,0.847121710383569,1000,0.824,0.0120425910833176,1000,0.569110558816929,0.0215936013917122,1.08669553537837,0,"CorCor","PSM_M1",0.12591407450154,6.33661148596725,0.417321408253487,0.0586841526789573,0.0104983300609025,-0.091754119037313,0.00641942431991473,-0.139,0.0120757949976316,"defined"
"retrospective","GoodOverlap","PATT","MisMis","DSM_M1",1000,TRUE,"inclusive",1.03507218631865,"all_requested","defined",1.13667778055041,0.101605594231756,0.101605594231756,9.81628098742832,0.00501026472910372,0.0707832235003728,0.00223836206389934,0.216251783545679,0.015328951243563,0.1238101419253,0.00208836247793125,0.000220559832962108,1,0,0.699,0.0145051370210695,0.669514391944551,0.727308756120668,1000,0.699,0.0145051370210695,1000,0.273443606867746,0.00488311556151177,0.974622265595395,0,"CorCor","PSM_M1",0.00658007194057743,1.31331821697065,0.0712567031625221,0.0398813864238031,0.00235124093916441,0.0049455815454067,0.000497605631692708,-0.262,0.0146140196239628,"defined"
"prospective","GoodOverlap","PATT","MisMis","DSM_M1",1000,TRUE,"inclusive",1.03507218631865,"all_requested","defined",1.13838510803515,0.103312921716502,0.103312921716502,9.98122866038415,0.00534934430556668,0.0731392118194248,0.0023128649561889,0.223449628611397,0.0160175547548612,0.126560478645038,0.00209402865080266,0.000230815762398848,1,0,0.671,0.0148579608291313,0.640907734885419,0.700081536440962,1000,0.671,0.0148579608291313,1000,0.274439888919922,0.00492085968826434,0.919899600245127,0,"CorCor","PSM_M1",0.00607209848913143,1.13511079905861,0.0624995486738784,0.0426497408269328,0.00243852039275979,0.00627150684857831,0.000522686122670838,-0.286,0.014846697424829,"defined"
"retrospective","PoorOverlap","PATT","MisMis","DSM_M1",1000,TRUE,"inclusive",1.18185416619657,"all_requested","defined",1.3887764961303,0.206922329933731,0.206922329933731,17.5082794351562,0.0161058903627714,0.126908984562841,0.00401321446757725,0.339569346401895,0.0589066350976123,0.242706891326992,0.0036259378279748,0.000759451885837353,1,0,0.575,0.0156324982008635,0.543677499108175,0.605879678166047,1000,0.575,0.0156324982008635,1000,0.484635029150163,0.0159377441908346,0.989559957993666,0,"CorCor","PSM_M1",0.0556480920523005,3.45513913225999,0.211513865992486,0.154272674980955,0.00655927287147138,0.000542204970717778,0.00322376437446354,-0.386,0.0160393659868856,"defined"
"prospective","PoorOverlap","PATT","MisMis","DSM_M1",1000,TRUE,"inclusive",1.18185416619657,"all_requested","defined",1.40253678610633,0.22068261990976,0.22068261990976,18.6725762130161,0.0172034320069017,0.131161854237052,0.00414770201520092,0.350948715487377,0.0658870473051306,0.256684723552319,0.00369764646774372,0.000797762934698843,1,0,0.542,0.0157555069737537,0.510534453572937,0.573217605928506,1000,0.542,0.0157555069737537,1000,0.482565278424879,0.0157828440879979,0.917424155928075,0,"CorCor","PSM_M1",0.0516976678438343,3.00507874377008,0.185460638658283,0.141858134958997,0.00640680567632004,0.00802777770138706,0.00307369926249658,-0.415,0.016094534290685,"defined"
"retrospective","GoodOverlap","PATE","CorCor","SWPSM_full",1000,TRUE,"inclusive",0.866391828860284,"all_requested","defined",0.865356088434688,-0.00103574042559537,0.00103574042559537,-0.119546421271985,0.00406555680012392,0.063761718923849,0.00201632259326823,0.232726409241492,0.00406256400155301,0.0637382459874212,0.00142068644866341,0.000181291533959511,1,0,0.932,0.00796090447122687,0.914586949808569,0.946811900239598,1000,0.932,0.00796090447122687,1000,0.234963456547481,0.00362314017878116,0.891179328418367,0,"CorCor","PSM_M1",0.00716442624343717,1.7622251011765,0.0970052962133432,-0.056092137506944,0.00249421823497589,-0.00612590467521986,0.000448206576070174,-0.038,0.00909057966461098,"defined"
"prospective","GoodOverlap","PATE","CorCor","SWPSM_full",1000,TRUE,"inclusive",0.866391828860284,"all_requested","defined",0.860990693865988,-0.0054011349942961,0.0054011349942961,-0.623405578674623,0.00383334191092013,0.0619139880069127,0.00195789221126193,0.225982303392391,0.00385868082823582,0.0621182809504241,0.00141784044978706,0.00017537282745129,1,0,0.92,0.00857904423581089,0.901420220952098,0.936058017153327,1000,0.92,0.00857904423581089,1000,0.219853630095343,0.00316127764176347,0.824679278610099,0,"CorCor","PSM_M1",0.00757770737570927,1.97678880512131,0.110791757639202,-0.0605236930463069,0.0024459045070932,-0.00674994524629504,0.000478802095962471,-0.038,0.0101320609284912,"defined"
"retrospective","PoorOverlap","PATE","CorCor","SWPSM_full",1000,TRUE,"inclusive",0.866391828860284,"all_requested","defined",0.857494823359829,-0.00889700550045455,0.00889700550045455,-1.02690320985117,0.031930177443983,0.178690171649095,0.00565067937897586,0.652208295455554,0.0319774039734141,0.17882226923237,0.00479388729189631,0.00171101625414114,1,0,0.817,0.0122274690758145,0.791613375455868,0.840504165669104,1000,0.817,0.0122274690758145,1000,0.460032838833932,0.0147219099196728,0.461065709562694,0,"CorCor","PSM_M1",0.0988525312143353,3.09589670736275,0.207257086367762,-0.100001259012029,0.00881998508623632,-0.0750762597176081,0.00502325138489504,-0.131,0.0137851017054293,"defined"
"prospective","PoorOverlap","PATE","CorCor","SWPSM_full",1000,TRUE,"inclusive",0.866391828860284,"all_requested","defined",0.851188432958786,-0.0152033959014974,0.0152033959014974,-1.75479447001446,0.0265327511802111,0.162888769349551,0.00515099516406404,0.594534134842897,0.0267373616759686,0.163515631289393,0.00359149709962939,0.00116132220653009,1,0,0.842,0.0115341232870123,0.817892397512141,0.864073483815035,1000,0.842,0.0115341232870123,1000,0.457420364278419,0.0146818623086152,0.553348659884367,0,"CorCor","PSM_M1",0.12591407450154,4.74560944118941,0.291079884648322,-0.106703379972616,0.00999341320979275,-0.107423045836084,0.00642974145504665,-0.121,0.0123495551139104,"defined"
"retrospective","GoodOverlap","PATT","CorCor","SWPSM_full",1000,TRUE,"inclusive",1.03507218631865,"all_requested","defined",1.03294237109218,-0.00212981522647408,0.00212981522647408,-0.205764897813456,0.00300350590505579,0.0548042507936728,0.00173306257967097,0.16743398214909,0.00300503851204965,0.0548182315662376,0.00118845859534693,0.000130154587297265,1,0,0.907,0.00918428004799505,0.887280582298844,0.924281597393135,1000,0.907,0.00918428004799505,1000,0.179770156412651,0.00210568629469683,0.701076129450033,0,"CorCor","PSM_M1",0.00658007194057743,2.1907970713496,0.115298892480796,-0.0638540230344274,0.0020581162082061,-0.00737833118610661,0.000414379390778323,-0.054,0.0103533178832291,"defined"
"prospective","GoodOverlap","PATT","CorCor","SWPSM_full",1000,TRUE,"inclusive",1.03507218631865,"all_requested","defined",1.02773003036653,-0.00734215595212559,0.00734215595212559,-0.709337575598352,0.00406640952612057,0.0637684053910757,0.00201653403792759,0.194820618753134,0.00411625037061978,0.0641580109621533,0.00144314155939684,0.000186239768064221,1,0,0.902,0.00940191469861325,0.881871545568764,0.919722494548995,1000,0.902,0.00940191469861325,1000,0.208392241181851,0.00283285988254376,0.69664893915551,0,"CorCor","PSM_M1",0.00607209848913143,1.49323339179867,0.0826381667308715,-0.0680053368416949,0.00222579634087047,-0.00562979753566313,0.000419149603822324,-0.055,0.0107745575821512,"defined"
"retrospective","PoorOverlap","PATT","CorCor","SWPSM_full",1000,TRUE,"inclusive",1.18185416619657,"all_requested","defined",1.17545084234725,-0.00640332384932438,0.00640332384932438,-0.541803213329736,0.0122527310468978,0.110692055030602,0.00350039012781401,0.296177838851212,0.0122814808721702,0.110821842937979,0.00261864378811145,0.000581284251977807,1,0,0.856,0.0111024321659716,0.832693083184209,0.877187248892484,1000,0.856,0.0111024321659716,1000,0.325151455193646,0.00714472306927959,0.583112698869575,0,"CorCor","PSM_M1",0.0556480920523005,4.54168885608486,0.286067093970189,-0.0590529788020998,0.00639376490250978,-0.0460829492547243,0.00300987223635413,-0.105,0.0124148753166969,"defined"
"prospective","PoorOverlap","PATT","CorCor","SWPSM_full",1000,TRUE,"inclusive",1.18185416619657,"all_requested","defined",1.16594382658713,-0.0159103396094437,0.0159103396094437,-1.34621851532209,0.0172191573125561,0.131221786729781,0.00414959724702966,0.351109076374782,0.0174550770617314,0.132117663700701,0.00319097514139622,0.000841207366206618,1,0,0.83,0.0118785521003193,0.805255854928796,0.852782977647531,1000,0.83,0.0118785521003193,1000,0.364954265117311,0.00915854500011416,0.531881138773021,0,"CorCor","PSM_M1",0.0516976678438343,3.00233437127243,0.177028983044893,-0.0947348245602068,0.0061757597440354,-0.0404041925420121,0.00281865237899067,-0.127,0.0131546206347444,"defined"
"retrospective","GoodOverlap","PATE","CorMis","SWPSM_full",1000,TRUE,"inclusive",0.866391828860284,"all_requested","defined",0.865356088434688,-0.00103574042559537,0.00103574042559537,-0.119546421271985,0.00406555680012392,0.063761718923849,0.00201632259326823,0.232726409241492,0.00406256400155301,0.0637382459874212,0.00142068644866341,0.000181291533959511,1,0,0.932,0.00796090447122687,0.914586949808569,0.946811900239598,1000,0.932,0.00796090447122687,1000,0.234963456547481,0.00362314017878116,0.891179328418367,0,"CorCor","PSM_M1",0.00716442624343717,1.7622251011765,0.0970052962133432,-0.056092137506944,0.00249421823497589,-0.00612590467521986,0.000448206576070174,-0.038,0.00909057966461098,"defined"
"prospective","GoodOverlap","PATE","CorMis","SWPSM_full",1000,TRUE,"inclusive",0.866391828860284,"all_requested","defined",0.860990693865988,-0.0054011349942961,0.0054011349942961,-0.623405578674623,0.00383334191092013,0.0619139880069127,0.00195789221126193,0.225982303392391,0.00385868082823582,0.0621182809504241,0.00141784044978706,0.00017537282745129,1,0,0.92,0.00857904423581089,0.901420220952098,0.936058017153327,1000,0.92,0.00857904423581089,1000,0.219853630095343,0.00316127764176347,0.824679278610099,0,"CorCor","PSM_M1",0.00757770737570927,1.97678880512131,0.110791757639202,-0.0605236930463069,0.0024459045070932,-0.00674994524629504,0.000478802095962471,-0.038,0.0101320609284912,"defined"
"retrospective","PoorOverlap","PATE","CorMis","SWPSM_full",1000,TRUE,"inclusive",0.866391828860284,"all_requested","defined",0.857494823359829,-0.00889700550045455,0.00889700550045455,-1.02690320985117,0.031930177443983,0.178690171649095,0.00565067937897586,0.652208295455554,0.0319774039734141,0.17882226923237,0.00479388729189631,0.00171101625414114,1,0,0.817,0.0122274690758145,0.791613375455868,0.840504165669104,1000,0.817,0.0122274690758145,1000,0.460032838833932,0.0147219099196728,0.461065709562694,0,"CorCor","PSM_M1",0.0988525312143353,3.09589670736275,0.207257086367762,-0.100001259012029,0.00881998508623632,-0.0750762597176081,0.00502325138489504,-0.131,0.0137851017054293,"defined"
"prospective","PoorOverlap","PATE","CorMis","SWPSM_full",1000,TRUE,"inclusive",0.866391828860284,"all_requested","defined",0.851188432958786,-0.0152033959014974,0.0152033959014974,-1.75479447001446,0.0265327511802111,0.162888769349551,0.00515099516406404,0.594534134842897,0.0267373616759686,0.163515631289393,0.00359149709962939,0.00116132220653009,1,0,0.842,0.0115341232870123,0.817892397512141,0.864073483815035,1000,0.842,0.0115341232870123,1000,0.457420364278419,0.0146818623086152,0.553348659884367,0,"CorCor","PSM_M1",0.12591407450154,4.74560944118941,0.291079884648322,-0.106703379972616,0.00999341320979275,-0.107423045836084,0.00642974145504665,-0.121,0.0123495551139104,"defined"
"retrospective","GoodOverlap","PATT","CorMis","SWPSM_full",1000,TRUE,"inclusive",1.03507218631865,"all_requested","defined",1.03294237109218,-0.00212981522647408,0.00212981522647408,-0.205764897813456,0.00300350590505579,0.0548042507936728,0.00173306257967097,0.16743398214909,0.00300503851204965,0.0548182315662376,0.00118845859534693,0.000130154587297265,1,0,0.907,0.00918428004799505,0.887280582298844,0.924281597393135,1000,0.907,0.00918428004799505,1000,0.179770156412651,0.00210568629469683,0.701076129450033,0,"CorCor","PSM_M1",0.00658007194057743,2.1907970713496,0.115298892480796,-0.0638540230344274,0.0020581162082061,-0.00737833118610661,0.000414379390778323,-0.054,0.0103533178832291,"defined"
"prospective","GoodOverlap","PATT","CorMis","SWPSM_full",1000,TRUE,"inclusive",1.03507218631865,"all_requested","defined",1.02773003036653,-0.00734215595212559,0.00734215595212559,-0.709337575598352,0.00406640952612057,0.0637684053910757,0.00201653403792759,0.194820618753134,0.00411625037061978,0.0641580109621533,0.00144314155939684,0.000186239768064221,1,0,0.902,0.00940191469861325,0.881871545568764,0.919722494548995,1000,0.902,0.00940191469861325,1000,0.208392241181851,0.00283285988254376,0.69664893915551,0,"CorCor","PSM_M1",0.00607209848913143,1.49323339179867,0.0826381667308715,-0.0680053368416949,0.00222579634087047,-0.00562979753566313,0.000419149603822324,-0.055,0.0107745575821512,"defined"
"retrospective","PoorOverlap","PATT","CorMis","SWPSM_full",1000,TRUE,"inclusive",1.18185416619657,"all_requested","defined",1.17545084234725,-0.00640332384932438,0.00640332384932438,-0.541803213329736,0.0122527310468978,0.110692055030602,0.00350039012781401,0.296177838851212,0.0122814808721702,0.110821842937979,0.00261864378811145,0.000581284251977807,1,0,0.856,0.0111024321659716,0.832693083184209,0.877187248892484,1000,0.856,0.0111024321659716,1000,0.325151455193646,0.00714472306927959,0.583112698869575,0,"CorCor","PSM_M1",0.0556480920523005,4.54168885608486,0.286067093970189,-0.0590529788020998,0.00639376490250978,-0.0460829492547243,0.00300987223635413,-0.105,0.0124148753166969,"defined"
"prospective","PoorOverlap","PATT","CorMis","SWPSM_full",1000,TRUE,"inclusive",1.18185416619657,"all_requested","defined",1.16594382658713,-0.0159103396094437,0.0159103396094437,-1.34621851532209,0.0172191573125561,0.131221786729781,0.00414959724702966,0.351109076374782,0.0174550770617314,0.132117663700701,0.00319097514139622,0.000841207366206618,1,0,0.83,0.0118785521003193,0.805255854928796,0.852782977647531,1000,0.83,0.0118785521003193,1000,0.364954265117311,0.00915854500011416,0.531881138773021,0,"CorCor","PSM_M1",0.0516976678438343,3.00233437127243,0.177028983044893,-0.0947348245602068,0.0061757597440354,-0.0404041925420121,0.00281865237899067,-0.127,0.0131546206347444,"defined"
"retrospective","GoodOverlap","PATE","MisCor","SWPSM_full",1000,TRUE,"inclusive",0.866391828860284,"all_requested","defined",0.86293232267802,-0.00345950618226402,0.00345950618226402,-0.399300416627302,0.00417798610420906,0.0646373429544335,0.00204401225637447,0.235922383878356,0.00418577630112997,0.0646975756974709,0.0014699626142721,0.000189471367255633,1,0,0.928,0.00817410545564467,0.910184250824649,0.943241312445438,1000,0.928,0.00817410545564467,1000,0.233720361754235,0.00358641047591014,0.85840651128472,0,"CorCor","PSM_M1",0.00716442624343717,1.71480375107506,0.0948776848792404,-0.0585159032636126,0.00248456806797208,-0.0060026923756429,0.000453840052684705,-0.042,0.00929098069755407,"defined"
"prospective","GoodOverlap","PATE","MisCor","SWPSM_full",1000,TRUE,"inclusive",0.866391828860284,"all_requested","defined",0.859543024710249,-0.00684880415003473,0.00684880415003473,-0.790497315636524,0.00380200988103135,0.0616604401624847,0.00194987432441974,0.225056869128689,0.00384511398943585,0.0620089831349931,0.00143249148449923,0.000175503983414766,1,0,0.924,0.00837997613361756,0.905795676355098,0.939656338820098,1000,0.924,0.00837997613361756,1000,0.219293333346238,0.00314498906875521,0.827191187599461,0,"CorCor","PSM_M1",0.00757770737570927,1.99307934824559,0.111381090750006,-0.0619713622020456,0.00246132900677566,-0.00676351208509501,0.000479337931667237,-0.034,0.00984585907582172,"defined"
"retrospective","PoorOverlap","PATE","MisCor","SWPSM_full",1000,TRUE,"inclusive",0.866391828860284,"all_requested","defined",0.856156288555233,-0.0102355403050503,0.0102355403050503,-1.18139852709771,0.032422718029672,0.18006309457985,0.00569409501410646,0.657219380934939,0.0324950615969786,0.18026386658723,0.00461493898882941,0.00166382330769301,1,0,0.823,0.0120694241784768,0.797904078692219,0.846177173298604,1000,0.823,0.0120694241784768,1000,0.461914610776992,0.0149108000846509,0.459887418167876,0,"CorCor","PSM_M1",0.0988525312143353,3.04886626481683,0.200087379608262,-0.101339793816625,0.00928319089964984,-0.0745586020940436,0.00502981245348094,-0.125,0.0139846548248632,"defined"
"prospective","PoorOverlap","PATE","MisCor","SWPSM_full",1000,TRUE,"inclusive",0.866391828860284,"all_requested","defined",0.855410133270258,-0.0109816955900254,0.0109816955900254,-1.2675206787755,0.0272621858934328,0.165112646073621,0.005221320320899,0.602651150088466,0.0273555213455714,0.165395046315092,0.00364821650806035,0.00119629130648083,1,0,0.846,0.0114142016803629,0.822114519472124,0.867826971627347,1000,0.846,0.0114142016803629,1000,0.456289693669693,0.0145714685919196,0.534493772761989,0,"CorCor","PSM_M1",0.12591407450154,4.618634580284,0.290736427369656,-0.102481679661144,0.0100536593868725,-0.106804886166482,0.00646880844202865,-0.117,0.0126281618009301,"defined"
"retrospective","GoodOverlap","PATT","MisCor","SWPSM_full",1000,TRUE,"inclusive",1.03507218631865,"all_requested","defined",1.03141784499161,-0.00365434132703862,0.00365434132703862,-0.353051833035499,0.00290311112479436,0.0538805263967823,0.00170385184942657,0.1646118861996,0.00291356222420407,0.0539774232823693,0.00112858060884096,0.000121403107826908,1,0,0.89,0.00989444288477123,0.868947536362512,0.908722225540534,1000,0.89,0.00989444288477123,1000,0.179719420776771,0.00210454132137998,0.72492620189627,0,"CorCor","PSM_M1",0.00658007194057743,2.26655875635609,0.117118299859688,-0.065378549134992,0.00205890163945603,-0.0074698074739522,0.000413881994996837,-0.071,0.0107738143233989,"defined"
"prospective","GoodOverlap","PATT","MisCor","SWPSM_full",1000,TRUE,"inclusive",1.03507218631865,"all_requested","defined",1.02858463460564,-0.00648755171301595,0.00648755171301595,-0.626772876207759,0.00399018940732393,0.0631679460432578,0.00199754584611316,0.192986138794594,0.00402828754514566,0.0634687918992134,0.00141210347412583,0.000179776657432181,1,0,0.902,0.00940191469861325,0.881871545568764,0.919722494548995,1000,0.902,0.00940191469861325,1000,0.208138781048417,0.00282588584380503,0.708208447102326,0,"CorCor","PSM_M1",0.00607209848913143,1.52175695669639,0.0811875276719947,-0.0671507326025853,0.00218908385898997,-0.00571776036113725,0.000414105116186037,-0.055,0.0105871189228745,"defined"
"retrospective","PoorOverlap","PATT","MisCor","SWPSM_full",1000,TRUE,"inclusive",1.18185416619657,"all_requested","defined",1.17333820193727,-0.00851596425930343,0.00851596425930343,-0.72055965134086,0.011545819666868,0.107451475871055,0.0033979140169916,0.287507047331121,0.0116067954944668,0.107734838814874,0.00260634753603354,0.000559581276813302,1,0,0.874,0.010493998284734,0.851826283528973,0.89394316773752,1000,0.874,0.010493998284734,1000,0.326142400824362,0.00718038804476924,0.621903706444868,0,"CorCor","PSM_M1",0.0556480920523005,4.81976106139861,0.315658318015872,-0.0611656192120789,0.00658451028389772,-0.0467576346324277,0.00304540350208375,-0.087,0.0118139989237587,"defined"
"prospective","PoorOverlap","PATT","MisCor","SWPSM_full",1000,TRUE,"inclusive",1.18185416619657,"all_requested","defined",1.16838974689176,-0.0134644193048114,0.0134644193048114,-1.13926232947525,0.0171935829652644,0.131124303488195,0.00414651455625859,0.350848241251529,0.0173576799695149,0.131748548263405,0.00292918256670025,0.000773802421514542,1,0,0.821,0.0121226647235664,0.795806089841688,0.844287265442077,1000,0.821,0.0121226647235664,1000,0.364738906037455,0.00912436420454631,0.530684280465565,0,"CorCor","PSM_M1",0.0516976678438343,3.0068001502815,0.182560558297293,-0.0922889042555744,0.00648455768620796,-0.0405015896342287,0.00288122220049371,-0.136,0.0137000617404336,"defined"
"retrospective","GoodOverlap","PATE","MisMis","SWPSM_full",1000,TRUE,"inclusive",0.866391828860284,"all_requested","defined",0.86293232267802,-0.00345950618226402,0.00345950618226402,-0.399300416627302,0.00417798610420906,0.0646373429544335,0.00204401225637447,0.235922383878356,0.00418577630112997,0.0646975756974709,0.0014699626142721,0.000189471367255633,1,0,0.928,0.00817410545564467,0.910184250824649,0.943241312445438,1000,0.928,0.00817410545564467,1000,0.233720361754235,0.00358641047591014,0.85840651128472,0,"CorCor","PSM_M1",0.00716442624343717,1.71480375107506,0.0948776848792404,-0.0585159032636126,0.00248456806797208,-0.0060026923756429,0.000453840052684705,-0.042,0.00929098069755407,"defined"
"prospective","GoodOverlap","PATE","MisMis","SWPSM_full",1000,TRUE,"inclusive",0.866391828860284,"all_requested","defined",0.859543024710249,-0.00684880415003473,0.00684880415003473,-0.790497315636524,0.00380200988103135,0.0616604401624847,0.00194987432441974,0.225056869128689,0.00384511398943585,0.0620089831349931,0.00143249148449923,0.000175503983414766,1,0,0.924,0.00837997613361756,0.905795676355098,0.939656338820098,1000,0.924,0.00837997613361756,1000,0.219293333346238,0.00314498906875521,0.827191187599461,0,"CorCor","PSM_M1",0.00757770737570927,1.99307934824559,0.111381090750006,-0.0619713622020456,0.00246132900677566,-0.00676351208509501,0.000479337931667237,-0.034,0.00984585907582172,"defined"
"retrospective","PoorOverlap","PATE","MisMis","SWPSM_full",1000,TRUE,"inclusive",0.866391828860284,"all_requested","defined",0.856156288555233,-0.0102355403050503,0.0102355403050503,-1.18139852709771,0.032422718029672,0.18006309457985,0.00569409501410646,0.657219380934939,0.0324950615969786,0.18026386658723,0.00461493898882941,0.00166382330769301,1,0,0.823,0.0120694241784768,0.797904078692219,0.846177173298604,1000,0.823,0.0120694241784768,1000,0.461914610776992,0.0149108000846509,0.459887418167876,0,"CorCor","PSM_M1",0.0988525312143353,3.04886626481683,0.200087379608262,-0.101339793816625,0.00928319089964984,-0.0745586020940436,0.00502981245348094,-0.125,0.0139846548248632,"defined"
"prospective","PoorOverlap","PATE","MisMis","SWPSM_full",1000,TRUE,"inclusive",0.866391828860284,"all_requested","defined",0.855410133270258,-0.0109816955900254,0.0109816955900254,-1.2675206787755,0.0272621858934328,0.165112646073621,0.005221320320899,0.602651150088466,0.0273555213455714,0.165395046315092,0.00364821650806035,0.00119629130648083,1,0,0.846,0.0114142016803629,0.822114519472124,0.867826971627347,1000,0.846,0.0114142016803629,1000,0.456289693669693,0.0145714685919196,0.534493772761989,0,"CorCor","PSM_M1",0.12591407450154,4.618634580284,0.290736427369656,-0.102481679661144,0.0100536593868725,-0.106804886166482,0.00646880844202865,-0.117,0.0126281618009301,"defined"
"retrospective","GoodOverlap","PATT","MisMis","SWPSM_full",1000,TRUE,"inclusive",1.03507218631865,"all_requested","defined",1.03141784499161,-0.00365434132703862,0.00365434132703862,-0.353051833035499,0.00290311112479436,0.0538805263967823,0.00170385184942657,0.1646118861996,0.00291356222420407,0.0539774232823693,0.00112858060884096,0.000121403107826908,1,0,0.89,0.00989444288477123,0.868947536362512,0.908722225540534,1000,0.89,0.00989444288477123,1000,0.179719420776771,0.00210454132137998,0.72492620189627,0,"CorCor","PSM_M1",0.00658007194057743,2.26655875635609,0.117118299859688,-0.065378549134992,0.00205890163945603,-0.0074698074739522,0.000413881994996837,-0.071,0.0107738143233989,"defined"
"prospective","GoodOverlap","PATT","MisMis","SWPSM_full",1000,TRUE,"inclusive",1.03507218631865,"all_requested","defined",1.02858463460564,-0.00648755171301595,0.00648755171301595,-0.626772876207759,0.00399018940732393,0.0631679460432578,0.00199754584611316,0.192986138794594,0.00402828754514566,0.0634687918992134,0.00141210347412583,0.000179776657432181,1,0,0.902,0.00940191469861325,0.881871545568764,0.919722494548995,1000,0.902,0.00940191469861325,1000,0.208138781048417,0.00282588584380503,0.708208447102326,0,"CorCor","PSM_M1",0.00607209848913143,1.52175695669639,0.0811875276719947,-0.0671507326025853,0.00218908385898997,-0.00571776036113725,0.000414105116186037,-0.055,0.0105871189228745,"defined"
"retrospective","PoorOverlap","PATT","MisMis","SWPSM_full",1000,TRUE,"inclusive",1.18185416619657,"all_requested","defined",1.17333820193727,-0.00851596425930343,0.00851596425930343,-0.72055965134086,0.011545819666868,0.107451475871055,0.0033979140169916,0.287507047331121,0.0116067954944668,0.107734838814874,0.00260634753603354,0.000559581276813302,1,0,0.874,0.010493998284734,0.851826283528973,0.89394316773752,1000,0.874,0.010493998284734,1000,0.326142400824362,0.00718038804476924,0.621903706444868,0,"CorCor","PSM_M1",0.0556480920523005,4.81976106139861,0.315658318015872,-0.0611656192120789,0.00658451028389772,-0.0467576346324277,0.00304540350208375,-0.087,0.0118139989237587,"defined"
"prospective","PoorOverlap","PATT","MisMis","SWPSM_full",1000,TRUE,"inclusive",1.18185416619657,"all_requested","defined",1.16838974689176,-0.0134644193048114,0.0134644193048114,-1.13926232947525,0.0171935829652644,0.131124303488195,0.00414651455625859,0.350848241251529,0.0173576799695149,0.131748548263405,0.00292918256670025,0.000773802421514542,1,0,0.821,0.0121226647235664,0.795806089841688,0.844287265442077,1000,0.821,0.0121226647235664,1000,0.364738906037455,0.00912436420454631,0.530684280465565,0,"CorCor","PSM_M1",0.0516976678438343,3.0068001502815,0.182560558297293,-0.0922889042555744,0.00648455768620796,-0.0405015896342287,0.00288122220049371,-0.136,0.0137000617404336,"defined"
