"sampling_design","overlap","estimand","scenario","method","requested","interval_required","coverage_rule","truth","denominator","scope","mean_estimate","signed_bias","absolute_bias","signed_relative_bias_percent","empirical_variance","empirical_sd","bias_mcse","signed_relative_bias_mcse","mse","rmse","rmse_mcse"
"retrospective","GoodOverlap","PATE","CorCor","WDSM_M1",1000,TRUE,"inclusive",0.866391828860284,1000,"conditional_on_available_point",0.864859577501244,-0.00153225135903918,0.00153225135903918,-0.176854317873106,0.00387249740256784,0.0622293933970743,0.00196786620545398,0.227133513948609,0.00387097269939255,0.0622171415237999,0.00139280889746852
"prospective","GoodOverlap","PATE","CorCor","WDSM_M1",1000,TRUE,"inclusive",0.866391828860284,1000,"conditional_on_available_point",0.86013980144946,-0.00625202741082404,0.00625202741082404,-0.721616617627665,0.00356738178646189,0.0597275630380303,0.00188875138291462,0.21800198478317,0.00360290225142112,0.0600241805560153,0.00129804393563787
"retrospective","PoorOverlap","PATE","CorCor","WDSM_M1",1000,TRUE,"inclusive",0.866391828860284,1000,"conditional_on_available_point",0.86938656785498,0.0029947389946959,0.0029947389946959,0.345656421833456,0.0148299681018603,0.121778356459021,0.00385096976122383,0.444483619644668,0.0148241065954048,0.121754287790635,0.00279744372497162
"prospective","PoorOverlap","PATE","CorCor","WDSM_M1",1000,TRUE,"inclusive",0.866391828860284,1000,"conditional_on_available_point",0.857508031637302,-0.00888379722298193,0.00888379722298193,-1.02537869437993,0.0135715984059739,0.11649720342555,0.00368396503864707,0.425207731182464,0.013636948660667,0.116777346521776,0.00253365906197966
"retrospective","GoodOverlap","PATT","CorCor","WDSM_M1",1000,TRUE,"inclusive",1.03507218631865,1000,"conditional_on_available_point",1.03250044185355,-0.00257174446510342,0.00257174446510342,-0.248460397168057,0.00349730622601465,0.0591380269032934,0.00187010861342721,0.18067422138725,0.00350042278938242,0.0591643709455482,0.00132079644333855
"prospective","GoodOverlap","PATT","CorCor","WDSM_M1",1000,TRUE,"inclusive",1.03507218631865,1000,"conditional_on_available_point",1.0298022747082,-0.00526991161045446,0.00526991161045446,-0.50913469418954,0.00447947206189173,0.0669288582144633,0.00211647633152174,0.204476205572601,0.00450276455821184,0.0671026419614894,0.00149778867880243
"retrospective","PoorOverlap","PATT","CorCor","WDSM_M1",1000,TRUE,"inclusive",1.18185416619657,1000,"conditional_on_available_point",1.18469486641072,0.00284070021414611,0.00284070021414611,0.240359622650231,0.00726576296381287,0.0852394448821252,0.00269550792315899,0.228074495166662,0.0072665667785557,0.0852441597914819,0.00206382320658132
"prospective","PoorOverlap","PATT","CorCor","WDSM_M1",1000,TRUE,"inclusive",1.18185416619657,1000,"conditional_on_available_point",1.17393476779226,-0.00791939840431294,0.00791939840431294,-0.670082539015711,0.0105627293402196,0.102775139699343,0.00325003528291918,0.274994612353773,0.0106148834819656,0.103028556633419,0.00224792898395034
"retrospective","GoodOverlap","PATE","CorMis","WDSM_M1",1000,TRUE,"inclusive",0.866391828860284,1000,"conditional_on_available_point",0.842995755585558,-0.0233960732747257,0.0233960732747257,-2.70040326967333,0.00474491666076076,0.0688833554696689,0.00217828296159171,0.251420072192646,0.00528754798877633,0.0727155278381195,0.00165750585462645
"prospective","GoodOverlap","PATE","CorMis","WDSM_M1",1000,TRUE,"inclusive",0.866391828860284,1000,"conditional_on_available_point",0.856089714134392,-0.0103021147258913,0.0103021147258913,-1.18908262782711,0.00459529545316638,0.0677886085796602,0.00214366402525358,0.24742431240072,0.00469683372553863,0.0685334496836299,0.00158300061915647
"retrospective","PoorOverlap","PATE","CorMis","WDSM_M1",1000,TRUE,"inclusive",0.866391828860284,1000,"conditional_on_available_point",0.861618661461779,-0.00477316739850422,0.00477316739850422,-0.550924794014182,0.02233022711977,0.149433018840449,0.00472548697170672,0.545421461086837,0.0223306800196644,0.14943453422708,0.00330774174318014
"prospective","PoorOverlap","PATE","CorMis","WDSM_M1",1000,TRUE,"inclusive",0.866391828860284,1000,"conditional_on_available_point",0.860827037054575,-0.00556479180570899,0.00556479180570899,-0.642295047153125,0.0193954503114763,0.139267549384185,0.00440402660204004,0.508318113737686,0.0194070217690057,0.139309087173112,0.00327774196329598
"retrospective","GoodOverlap","PATT","CorMis","WDSM_M1",1000,TRUE,"inclusive",1.03507218631865,1000,"conditional_on_available_point",1.03691227144986,0.00184008513120478,0.00184008513120478,0.177773604153083,0.0041903653445219,0.0647330313249882,0.0020470381883399,0.197767674119466,0.00418956089246746,0.0647268174133988,0.00149105633540803
"prospective","GoodOverlap","PATT","CorMis","WDSM_M1",1000,TRUE,"inclusive",1.03507218631865,1000,"conditional_on_available_point",1.0130505881333,-0.0220215981853478,0.0220215981853478,-2.12754225999155,0.00526804159784722,0.0725812758075195,0.00229522147032639,0.221745062872339,0.00574772434288628,0.0758137477169298,0.00159903600519115
"retrospective","PoorOverlap","PATT","CorMis","WDSM_M1",1000,TRUE,"inclusive",1.18185416619657,1000,"conditional_on_available_point",1.20511183275706,0.0232576665604879,0.0232576665604879,1.96789648212989,0.0108517824988585,0.104171889196935,0.00329420438025003,0.278731883718903,0.0113818497701985,0.106685752423641,0.00240416409789632
"prospective","PoorOverlap","PATT","CorMis","WDSM_M1",1000,TRUE,"inclusive",1.18185416619657,1000,"conditional_on_available_point",1.17189585399467,-0.00995831220189981,0.00995831220189981,-0.84260076130607,0.0165642990335369,0.128702366075907,0.00406992617052655,0.344367882851768,0.0166469027164138,0.129022876717324,0.00288846111129537
"retrospective","GoodOverlap","PATE","MisCor","WDSM_M1",1000,TRUE,"inclusive",0.866391828860284,1000,"conditional_on_available_point",0.866647063843477,0.000255234983193605,0.000255234983193605,0.0294595325915482,0.0039388609199069,0.0627603451225923,0.00198465637325631,0.229071455563827,0.00393498720388363,0.0627294763558858,0.00142230104704104
"prospective","GoodOverlap","PATE","MisCor","WDSM_M1",1000,TRUE,"inclusive",0.866391828860284,1000,"conditional_on_available_point",0.859771693084278,-0.00662013577600554,0.00662013577600554,-0.764104133428193,0.00356177288686181,0.0596805905371404,0.00188726598201256,0.217830538002096,0.0036020373116677,0.0600169751959202,0.00134673844023978
"retrospective","PoorOverlap","PATE","MisCor","WDSM_M1",1000,TRUE,"inclusive",0.866391828860284,1000,"conditional_on_available_point",0.871453231676939,0.0050614028166552,0.0050614028166552,0.584193276997239,0.0146980953827496,0.121235701766227,0.00383380951310177,0.442502962908254,0.0147090150858393,0.121280728418984,0.0027784053514422
"prospective","PoorOverlap","PATE","MisCor","WDSM_M1",1000,TRUE,"inclusive",0.866391828860284,1000,"conditional_on_available_point",0.856090032537012,-0.0103017963232714,0.0103017963232714,-1.18904587740898,0.0138286005369181,0.117595070206697,0.00371868263460571,0.42921487838794,0.0139208989438673,0.117986859199944,0.00258348343088953
"retrospective","GoodOverlap","PATT","MisCor","WDSM_M1",1000,TRUE,"inclusive",1.03507218631865,1000,"conditional_on_available_point",1.03274419643714,-0.00232798988150809,0.00232798988150809,-0.224910872138091,0.00357678834148186,0.0598062567084904,0.00189123989527555,0.182715748744244,0.00357863109002878,0.059821660709385,0.00128108565856652
"prospective","GoodOverlap","PATT","MisCor","WDSM_M1",1000,TRUE,"inclusive",1.03507218631865,1000,"conditional_on_available_point",1.029862593996,-0.00520959232265131,0.00520959232265131,-0.503307150120592,0.00452100591915652,0.0672384259122455,0.00212626572167181,0.205421974406839,0.00454362476540559,0.067406414868361,0.00146148694264485
"retrospective","PoorOverlap","PATT","MisCor","WDSM_M1",1000,TRUE,"inclusive",1.18185416619657,1000,"conditional_on_available_point",1.18288987269578,0.0010357064992126,0.0010357064992126,0.0876340354703573,0.00729844910405554,0.0854309610390492,0.002701564195805,0.228586933403057,0.00729222334290399,0.0853945158830706,0.00206841892775345
"prospective","PoorOverlap","PATT","MisCor","WDSM_M1",1000,TRUE,"inclusive",1.18185416619657,1000,"conditional_on_available_point",1.17448509853583,-0.00736906766073846,0.00736906766073846,-0.62351750930942,0.0105552357331085,0.10273867690947,0.00324888222826074,0.274897049161002,0.0105989836555639,0.102951365486641,0.00237179888222331
"retrospective","GoodOverlap","PATE","MisMis","WDSM_M1",1000,TRUE,"inclusive",0.866391828860284,1000,"conditional_on_available_point",0.906626846755315,0.0402350178950317,0.0402350178950317,4.64397476462351,0.00612916271714158,0.0782889693197042,0.00247571458717308,0.285749992636683,0.00774189021943796,0.0879880117938686,0.00193286202135816
"prospective","GoodOverlap","PATE","MisMis","WDSM_M1",1000,TRUE,"inclusive",0.866391828860284,1000,"conditional_on_available_point",0.91621288581486,0.0498210569545762,0.0498210569545762,5.7504070669866,0.00564826303032776,0.0751549268533192,0.0023766074623984,0.274310927600133,0.00812475248336856,0.0901374089009029,0.00203142878527142
"retrospective","PoorOverlap","PATE","MisMis","WDSM_M1",1000,TRUE,"inclusive",0.866391828860284,1000,"conditional_on_available_point",1.07640344929807,0.210011620437788,0.210011620437788,24.2397969881656,0.0284292996543572,0.168609903784912,0.00533191332022166,0.615415928753121,0.0725057510736083,0.269268919620532,0.00504584316596881
"prospective","PoorOverlap","PATE","MisMis","WDSM_M1",1000,TRUE,"inclusive",0.866391828860284,1000,"conditional_on_available_point",1.07322641048732,0.206834581627033,0.206834581627033,23.8730992995535,0.0231146393423281,0.152034993808426,0.00480776864484224,0.554918512004751,0.0658720688598156,0.256655545156959,0.00465026066097337
"retrospective","GoodOverlap","PATT","MisMis","WDSM_M1",1000,TRUE,"inclusive",1.03507218631865,1000,"conditional_on_available_point",1.07204714890888,0.0369749625902282,0.0369749625902282,3.57221100894748,0.00468700264669731,0.0684616874368235,0.00216494864758897,0.209159194518485,0.00604946350259939,0.0777782971181511,0.00175491696822847
"prospective","GoodOverlap","PATT","MisMis","WDSM_M1",1000,TRUE,"inclusive",1.03507218631865,1000,"conditional_on_available_point",1.06064508290469,0.0255728965860335,0.0255728965860335,2.47063894905595,0.00628898845036836,0.079303142752153,0.00250778556706277,0.242281224460488,0.00693667250171796,0.0832866886226002,0.0018486518729796
"retrospective","PoorOverlap","PATT","MisMis","WDSM_M1",1000,TRUE,"inclusive",1.18185416619657,1000,"conditional_on_available_point",1.33601769311532,0.154163526918755,0.154163526918755,13.0442089496441,0.0111336547376806,0.105516134963714,0.00333671316383063,0.282328671274968,0.0348889141149726,0.186785743875095,0.00299175357982414
"prospective","PoorOverlap","PATT","MisMis","WDSM_M1",1000,TRUE,"inclusive",1.18185416619657,1000,"conditional_on_available_point",1.3142519181726,0.132397751976032,0.132397751976032,11.2025456069688,0.0164495080357262,0.12825563549305,0.00405579930910372,0.343172569434353,0.0339622232559972,0.18428842409657,0.00340773825860448
"retrospective","GoodOverlap","PATE","CorCor","WDSM_M3",1000,TRUE,"inclusive",0.866391828860284,1000,"conditional_on_available_point",0.864920544983888,-0.00147128387639578,0.00147128387639578,-0.169817376778728,0.00317069524312854,0.0563089268511534,0.00178064461449458,0.205524169917088,0.00316968922413035,0.0562999931095054,0.00130163913409451
"prospective","GoodOverlap","PATE","CorCor","WDSM_M3",1000,TRUE,"inclusive",0.866391828860284,1000,"conditional_on_available_point",0.861333885481965,-0.00505794337831858,0.00505794337831858,-0.583793984411438,0.00330006019427521,0.0574461503869076,0.00181660678031191,0.209674966891321,0.00332234292529921,0.0576397686090013,0.00127014567877874
"retrospective","PoorOverlap","PATE","CorCor","WDSM_M3",1000,TRUE,"inclusive",0.866391828860284,1000,"conditional_on_available_point",0.872564566700873,0.0061727378405893,0.0061727378405893,0.712464918870412,0.0113712669382966,0.106636142739207,0.00337213091950722,0.389215457392202,0.011397998363807,0.10676140858853,0.00246358749884094
"prospective","PoorOverlap","PATE","CorCor","WDSM_M3",1000,TRUE,"inclusive",0.866391828860284,1000,"conditional_on_available_point",0.863587486082341,-0.00280434277794287,0.00280434277794287,-0.323680658626699,0.0114818963954226,0.107153611210367,0.00338849470936913,0.391104185946284,0.0114782788374434,0.107136729637615,0.00251010423757943
"retrospective","GoodOverlap","PATT","CorCor","WDSM_M3",1000,TRUE,"inclusive",1.03507218631865,1000,"conditional_on_available_point",1.0324426401369,-0.00262954618175253,0.00262954618175253,-0.254044714611142,0.00287806881927142,0.0536476357286267,0.00169648719985487,0.163900375478991,0.00288210526357412,0.0536852425120174,0.00113681012000574
"prospective","GoodOverlap","PATT","CorCor","WDSM_M3",1000,TRUE,"inclusive",1.03507218631865,1000,"conditional_on_available_point",1.02895801377817,-0.00611417254047919,0.00611417254047919,-0.590700109740647,0.00383848282759619,0.0619554906977275,0.00195920464158193,0.189281932939389,0.00387202745062335,0.0622256173181379,0.00141165821258058
"retrospective","PoorOverlap","PATT","CorCor","WDSM_M3",1000,TRUE,"inclusive",1.18185416619657,1000,"conditional_on_available_point",1.18538908756807,0.00353492137149622,0.00353492137149622,0.299099624353169,0.00591502131929378,0.0769091757808767,0.00243208168433829,0.205785261320793,0.00592160196707715,0.0769519458303502,0.00180054805022915
"prospective","PoorOverlap","PATT","CorCor","WDSM_M3",1000,TRUE,"inclusive",1.18185416619657,1000,"conditional_on_available_point",1.17770461860062,-0.00414954759595415,0.00414954759595415,-0.351104875257848,0.00928505871893218,0.0963590095368989,0.00304713943214487,0.257827024627848,0.00929299240546434,0.096400168077988,0.00208231416212044
"retrospective","GoodOverlap","PATE","CorMis","WDSM_M3",1000,TRUE,"inclusive",0.866391828860284,1000,"conditional_on_available_point",0.859396263845729,-0.00699556501455471,0.00699556501455471,-0.807436633348355,0.00389277848891849,0.0623921348321925,0.00197301254150056,0.227727510322438,0.00393782364030243,0.0627520807647239,0.00141053655452188
"prospective","GoodOverlap","PATE","CorMis","WDSM_M3",1000,TRUE,"inclusive",0.866391828860284,1000,"conditional_on_available_point",0.862536735033423,-0.00385509382686075,0.00385509382686075,-0.444959624322868,0.00394321314979211,0.0627950089560636,0.00198575253991833,0.229197976454896,0.00395413168505622,0.0628818867803457,0.00145810112316302
"retrospective","PoorOverlap","PATE","CorMis","WDSM_M3",1000,TRUE,"inclusive",0.866391828860284,1000,"conditional_on_available_point",0.889345219267707,0.0229533904074236,0.0229533904074236,2.64930827401941,0.016619950894267,0.128918388503219,0.00407675739948638,0.470544303822585,0.0171301890745683,0.13088234821613,0.00287217334393661
"prospective","PoorOverlap","PATE","CorMis","WDSM_M3",1000,TRUE,"inclusive",0.866391828860284,1000,"conditional_on_available_point",0.881931463538805,0.0155396346785217,0.0155396346785217,1.79360355913832,0.0159326698245761,0.126224679934536,0.00399157485518887,0.460712430822402,0.0161582174006934,0.127114977090402,0.00318709786326361
"retrospective","GoodOverlap","PATT","CorMis","WDSM_M3",1000,TRUE,"inclusive",1.03507218631865,1000,"conditional_on_available_point",1.0355815661548,0.000509379836150999,0.000509379836150999,0.0492120108030982,0.0033302657759044,0.0577084549776235,0.00182490157978571,0.176306696663947,0.00332719497794597,0.0576818427058808,0.0012902787206735
"prospective","GoodOverlap","PATT","CorMis","WDSM_M3",1000,TRUE,"inclusive",1.03507218631865,1000,"conditional_on_available_point",1.02152514654055,-0.0135470397781,0.0135470397781,-1.30880144951837,0.00451273915571638,0.0671769242799667,0.00212432086929361,0.205234079069306,0.00469174870331008,0.0684963408023384,0.00150213627044537
"retrospective","PoorOverlap","PATT","CorMis","WDSM_M3",1000,TRUE,"inclusive",1.18185416619657,1000,"conditional_on_available_point",1.21203564981328,0.0301814836167097,0.0301814836167097,2.553740087395,0.00834141195151965,0.0913313306128825,0.00288815026470571,0.244374504681937,0.00924399249287385,0.0961456836934132,0.00209154704773168
"prospective","PoorOverlap","PATT","CorMis","WDSM_M3",1000,TRUE,"inclusive",1.18185416619657,1000,"conditional_on_available_point",1.19305598752309,0.0112018213265239,0.0112018213265239,0.947817560484087,0.0137826718749433,0.117399624679738,0.00371250210436887,0.314125228861053,0.0138943700040997,0.117874382306334,0.00259306426982546
"retrospective","GoodOverlap","PATE","MisCor","WDSM_M3",1000,TRUE,"inclusive",0.866391828860284,1000,"conditional_on_available_point",0.865237536440844,-0.0011542924194401,0.0011542924194401,-0.133229836777033,0.00321476864249418,0.0566989298178915,0.00179297759118573,0.206947657106179,0.00321288626484127,0.0566823276237071,0.00129032037274087
"prospective","GoodOverlap","PATE","MisCor","WDSM_M3",1000,TRUE,"inclusive",0.866391828860284,1000,"conditional_on_available_point",0.86100096418631,-0.00539086467397411,0.00539086467397411,-0.622220165795614,0.00327442026823239,0.0572225503471524,0.0018095359262066,0.208858840299429,0.00330020726989726,0.0574474304899467,0.00126564419229048
"retrospective","PoorOverlap","PATE","MisCor","WDSM_M3",1000,TRUE,"inclusive",0.866391828860284,1000,"conditional_on_available_point",0.872868488758276,0.00647665989799214,0.00647665989799214,0.747543972859488,0.0113588126240739,0.106577730432177,0.00337028376017122,0.389002256012126,0.0113894009348841,0.106721136308063,0.00246606905079543
"prospective","PoorOverlap","PATE","MisCor","WDSM_M3",1000,TRUE,"inclusive",0.866391828860284,1000,"conditional_on_available_point",0.862690289809661,-0.003701539050623,0.003701539050623,-0.427236145046783,0.0116286928377339,0.107836417029378,0.00341008692524603,0.393596385798318,0.0116307655362395,0.107846026984027,0.00247743134692761
"retrospective","GoodOverlap","PATT","MisCor","WDSM_M3",1000,TRUE,"inclusive",1.03507218631865,1000,"conditional_on_available_point",1.03250718100902,-0.00256500530963399,0.00256500530963399,-0.247809316445524,0.00292454262170544,0.0540790405028181,0.00171012941665402,0.165218372134632,0.00292819733132218,0.0541128203970388,0.00114425310068195
"prospective","GoodOverlap","PATT","MisCor","WDSM_M3",1000,TRUE,"inclusive",1.03507218631865,1000,"conditional_on_available_point",1.02879847228256,-0.00627371403609436,0.00627371403609436,-0.606113671975625,0.00384707524171803,0.0620247953782843,0.00196139624801263,0.1894936675855,0.003882587654283,0.0623104136905141,0.0014114759174393
"retrospective","PoorOverlap","PATT","MisCor","WDSM_M3",1000,TRUE,"inclusive",1.18185416619657,1000,"conditional_on_available_point",1.18441871696709,0.00256455077052348,0.00256455077052348,0.216993842715526,0.00601387356460179,0.0775491686905913,0.00245232003714886,0.207497685187411,0.00601443661169178,0.0775527988643336,0.00185675183478081
"prospective","PoorOverlap","PATT","MisCor","WDSM_M3",1000,TRUE,"inclusive",1.18185416619657,1000,"conditional_on_available_point",1.17635716003556,-0.00549700616101411,0.00549700616101411,-0.465117128512101,0.0093094458106353,0.0964854694274495,0.00305113844501283,0.258165392337023,0.00933035344155889,0.0965937546716085,0.00202983564388077
"retrospective","GoodOverlap","PATE","MisMis","WDSM_M3",1000,TRUE,"inclusive",0.866391828860284,1000,"conditional_on_available_point",0.917733845306291,0.0513420164460072,0.0513420164460072,5.92595806374886,0.00528282228016383,0.0726830260801229,0.00229843909646608,0.265288639608896,0.00791354211062574,0.0889580918782869,0.00188898000382
"prospective","GoodOverlap","PATE","MisMis","WDSM_M3",1000,TRUE,"inclusive",0.866391828860284,1000,"conditional_on_available_point",0.9216083738508,0.0552165449905166,0.0552165449905166,6.37316086685081,0.00511363441165442,0.0715096805450452,0.00226133465273374,0.261005999526619,0.00815738761793251,0.090318257389813,0.0020090874762458
"retrospective","PoorOverlap","PATE","MisMis","WDSM_M3",1000,TRUE,"inclusive",0.866391828860284,1000,"conditional_on_available_point",1.09395159639733,0.227559767537044,0.227559767537044,26.2652254969202,0.0223511640514853,0.149503056997124,0.00472770177268885,0.545677096113432,0.0741122606889474,0.272235671227977,0.00455457500209677
"prospective","PoorOverlap","PATE","MisMis","WDSM_M3",1000,TRUE,"inclusive",0.866391828860284,1000,"conditional_on_available_point",1.08760794049007,0.221216111629787,0.221216111629787,25.5330330066468,0.0202533707937773,0.142314337976809,0.00450037451705715,0.519438707423785,0.0691696854675858,0.263001303167087,0.00438270645620095
"retrospective","GoodOverlap","PATT","MisMis","WDSM_M3",1000,TRUE,"inclusive",1.03507218631865,1000,"conditional_on_available_point",1.07584829811149,0.0407761117928345,0.0407761117928345,3.93944618856577,0.00414367179313705,0.064371358484477,0.00203560108890152,0.196662717422768,0.00580221941428565,0.0761723008336078,0.00173258752549351
"prospective","GoodOverlap","PATT","MisMis","WDSM_M3",1000,TRUE,"inclusive",1.03507218631865,1000,"conditional_on_available_point",1.0658651252724,0.0307929389537483,0.0307929389537483,2.97495569495175,0.00528958240890996,0.0727295153903143,0.00229990921753663,0.222197953721132,0.00623249791591032,0.0789461710022109,0.00179435012990733
"retrospective","PoorOverlap","PATT","MisMis","WDSM_M3",1000,TRUE,"inclusive",1.18185416619657,1000,"conditional_on_available_point",1.34417804619677,0.162323880000198,0.162323880000198,13.7346793405643,0.00858817877725405,0.092672427276154,0.0029305594648896,0.247962866207148,0.0349286326167956,0.186892034653154,0.00266563891542513
"prospective","PoorOverlap","PATT","MisMis","WDSM_M3",1000,TRUE,"inclusive",1.18185416619657,1000,"conditional_on_available_point",1.32683364294158,0.144979476745014,0.144979476745014,12.2671206728987,0.014023948901575,0.118422754999092,0.00374485632589223,0.316862810404424,0.0350289736299316,0.187160288602929,0.00323354776268162
"retrospective","GoodOverlap","PATE","CorCor","WDSM_M5",1000,TRUE,"inclusive",0.866391828860284,1000,"conditional_on_available_point",0.864916974189942,-0.00147485467034173,0.00147485467034173,-0.170229522164568,0.00307607156459132,0.0554623436629874,0.00175387330346046,0.20243419259478,0.00307517068932536,0.0554542215645063,0.00127682175280504
"prospective","GoodOverlap","PATE","CorCor","WDSM_M5",1000,TRUE,"inclusive",0.866391828860284,1000,"conditional_on_available_point",0.861176891841812,-0.00521493701847146,0.00521493701847146,-0.60191438154854,0.00319905875939181,0.0565602224128567,0.00178859127790332,0.206441383485364,0.00322305526873905,0.0567719584719344,0.00124043407409294
"retrospective","PoorOverlap","PATE","CorCor","WDSM_M5",1000,TRUE,"inclusive",0.866391828860284,1000,"conditional_on_available_point",0.873960217526364,0.00756838866608047,0.00756838866608047,0.87355263680597,0.0106830263702162,0.103358726628264,0.0032684899220001,0.377253087243414,0.0107296238508469,0.103583897642669,0.00235737213609155
"prospective","PoorOverlap","PATE","CorCor","WDSM_M5",1000,TRUE,"inclusive",0.866391828860284,1000,"conditional_on_available_point",0.866257095204909,-0.000134733655374534,0.000134733655374534,-0.0155511225852363,0.0107981815024062,0.103914298835176,0.00328605865778537,0.379280892123382,0.0107874014740617,0.103862416080417,0.0024367002576697
"retrospective","GoodOverlap","PATT","CorCor","WDSM_M5",1000,TRUE,"inclusive",1.03507218631865,1000,"conditional_on_available_point",1.03159747741721,-0.0034747089014416,0.0034747089014416,-0.335697253521977,0.00276880976505394,0.0526194808512393,0.00166397408785532,0.160759231080629,0.00277811455723865,0.0527078225431353,0.00109486801832091
"prospective","GoodOverlap","PATT","CorCor","WDSM_M5",1000,TRUE,"inclusive",1.03507218631865,1000,"conditional_on_available_point",1.02844168886282,-0.00663049745583029,0.00663049745583029,-0.640583095891349,0.00374526253869892,0.0611985501355949,0.00193526807928486,0.186969382895685,0.003785480772672,0.0615262608377268,0.00139186004892196
"retrospective","PoorOverlap","PATT","CorCor","WDSM_M5",1000,TRUE,"inclusive",1.18185416619657,1000,"conditional_on_available_point",1.1851211417654,0.00326697556883398,0.00326697556883398,0.276427977518388,0.00564326151973304,0.0751216448151466,0.00237555499194042,0.20100237913324,0.00564829138758066,0.0751551155117246,0.00180984059232584
"prospective","PoorOverlap","PATT","CorCor","WDSM_M5",1000,TRUE,"inclusive",1.18185416619657,1000,"conditional_on_available_point",1.17877029858845,-0.00308386760811959,0.00308386760811959,-0.260934698740713,0.0089949973730673,0.0948419599811566,0.00299916611294995,0.253767867367412,0.00899551261511865,0.0948446762613413,0.00206447413425275
"retrospective","GoodOverlap","PATE","CorMis","WDSM_M5",1000,TRUE,"inclusive",0.866391828860284,1000,"conditional_on_available_point",0.863209777751984,-0.00318205110829938,0.00318205110829938,-0.367276214098797,0.00371661355646717,0.0609640349424738,0.00192785205772309,0.222515032287312,0.00372302239216653,0.0610165747331537,0.00136291075574316
"prospective","GoodOverlap","PATE","CorMis","WDSM_M5",1000,TRUE,"inclusive",0.866391828860284,1000,"conditional_on_available_point",0.864079026655641,-0.00231280220464256,0.00231280220464256,-0.266946447046366,0.00394007527756869,0.0627700189387314,0.00198496228618296,0.229106764406369,0.00394148425632893,0.0627812412773826,0.00140929074848562
"retrospective","PoorOverlap","PATE","CorMis","WDSM_M5",1000,TRUE,"inclusive",0.866391828860284,1000,"conditional_on_available_point",0.899003521047182,0.0326116921868987,0.0326116921868987,3.76408122752018,0.0150555452753549,0.122701040237461,0.00388014758422343,0.447851359508741,0.0161040121973726,0.126901584692125,0.00280242415445891
"prospective","PoorOverlap","PATE","CorMis","WDSM_M5",1000,TRUE,"inclusive",0.866391828860284,1000,"conditional_on_available_point",0.88984867953128,0.0234568506709959,0.0234568506709959,2.70741827076702,0.0150973234563274,0.122871166090045,0.00388552743605388,0.448472308558726,0.0156324499762725,0.125029796353799,0.00319977354753837
"retrospective","GoodOverlap","PATT","CorMis","WDSM_M5",1000,TRUE,"inclusive",1.03507218631865,1000,"conditional_on_available_point",1.0342937548815,-0.000778431437152669,0.000778431437152669,-0.0752055216478424,0.00315334120322883,0.0561546187167969,0.001775764962834,0.171559528533918,0.00315079381752795,0.0561319322447388,0.00121856733393019
"prospective","GoodOverlap","PATT","CorMis","WDSM_M5",1000,TRUE,"inclusive",1.03507218631865,1000,"conditional_on_available_point",1.02455660777413,-0.0105155785445194,0.0105155785445194,-1.01592707093398,0.00428594976738452,0.0654671655670575,0.0020702535514725,0.200010547944061,0.00439224120974309,0.0662739859201413,0.00144758009487566
"retrospective","PoorOverlap","PATT","CorMis","WDSM_M5",1000,TRUE,"inclusive",1.18185416619657,1000,"conditional_on_available_point",1.21458513808864,0.0327309718920734,0.0327309718920734,2.76945945009509,0.00797044964798353,0.0892773747820999,0.00282319847831914,0.23887875163183,0.00903379571933524,0.095046281985858,0.00211993341613563
"prospective","PoorOverlap","PATT","CorMis","WDSM_M5",1000,TRUE,"inclusive",1.18185416619657,1000,"conditional_on_available_point",1.20048432886532,0.0186301626687544,0.0186301626687544,1.57635038244268,0.0133246278725876,0.11543235193215,0.00365029147775731,0.308861413037501,0.0136583862057793,0.116869098592311,0.00248872334688995
"retrospective","GoodOverlap","PATE","MisCor","WDSM_M5",1000,TRUE,"inclusive",0.866391828860284,1000,"conditional_on_available_point",0.865412902347455,-0.000978926512828522,0.000978926512828522,-0.112988890271077,0.0031158730581036,0.0558200058948725,0.00176518357631823,0.203739638061947,0.00311371548216302,0.0558006763593688,0.0012607451718142
"prospective","GoodOverlap","PATE","MisCor","WDSM_M5",1000,TRUE,"inclusive",0.866391828860284,1000,"conditional_on_available_point",0.861007636800329,-0.0053841920599549,0.0053841920599549,-0.621450004559446,0.00320932182706379,0.0566508766663305,0.00179145801710891,0.206772266015658,0.0032351020293752,0.0568779573242148,0.00125609904385039
"retrospective","PoorOverlap","PATE","MisCor","WDSM_M5",1000,TRUE,"inclusive",0.866391828860284,1000,"conditional_on_available_point",0.874337124865761,0.00794529600547711,0.00794529600547711,0.917055740926014,0.0106087334941134,0.102998706273979,0.00325710507876448,0.375939034772422,0.0106612524892339,0.103253341298158,0.00232302288339108
"prospective","PoorOverlap","PATE","MisCor","WDSM_M5",1000,TRUE,"inclusive",0.866391828860284,1000,"conditional_on_available_point",0.865163807401147,-0.00122802145913679,0.00122802145913679,-0.141739732327834,0.0108443777660156,0.104136342196255,0.00329308028538868,0.380091336932464,0.0108350414249536,0.104091505056626,0.00242887351918918
"retrospective","GoodOverlap","PATT","MisCor","WDSM_M5",1000,TRUE,"inclusive",1.03507218631865,1000,"conditional_on_available_point",1.03210685422095,-0.0029653320977018,0.0029653320977018,-0.286485535685036,0.00279704158489782,0.052887064438271,0.0016724358238503,0.16157673309709,0.00280303773776259,0.0529437223640592,0.00110270178273771
"prospective","GoodOverlap","PATT","MisCor","WDSM_M5",1000,TRUE,"inclusive",1.03507218631865,1000,"conditional_on_available_point",1.02828337492232,-0.0067888113963287,0.0067888113963287,-0.655878062038731,0.00370525488172589,0.0608708048388214,0.00192490386298274,0.185968079176089,0.00374763758701908,0.0612179515094966,0.00140399098340253
"retrospective","PoorOverlap","PATT","MisCor","WDSM_M5",1000,TRUE,"inclusive",1.18185416619657,1000,"conditional_on_available_point",1.18350183529085,0.00164766909427692,0.00164766909427692,0.13941390921178,0.00574002028176197,0.0757629215498054,0.00239583394286039,0.202718238119906,0.00573699507492444,0.0757429539622297,0.00182094646387161
"prospective","PoorOverlap","PATT","MisCor","WDSM_M5",1000,TRUE,"inclusive",1.18185416619657,1000,"conditional_on_available_point",1.17736508016938,-0.00448908602718773,0.00448908602718773,-0.379834175449452,0.00914245837963238,0.095616203541201,0.00302364984408453,0.25583950461631,0.00915346781461224,0.0956737571887518,0.00204105448248621
"retrospective","GoodOverlap","PATE","MisMis","WDSM_M5",1000,TRUE,"inclusive",0.866391828860284,1000,"conditional_on_available_point",0.92068377616365,0.0542919473033664,0.0542919473033664,6.26644267580247,0.00503669685948622,0.0709696897237562,0.00224425864362516,0.259035065759729,0.00797927570461825,0.0893267916395649,0.00190289688135328
"prospective","GoodOverlap","PATE","MisMis","WDSM_M5",1000,TRUE,"inclusive",0.866391828860284,1000,"conditional_on_available_point",0.922036856674796,0.0556450278145127,0.0556450278145127,6.42261687621319,0.00509945828273247,0.0714104914052023,0.00225819801672317,0.260643965178408,0.00819072794492763,0.0905026405411888,0.00199523106506584
"retrospective","PoorOverlap","PATE","MisMis","WDSM_M5",1000,TRUE,"inclusive",0.866391828860284,1000,"conditional_on_available_point",1.09735020243663,0.230958373576342,0.230958373576342,26.6574967448807,0.0202394771746458,0.142265516463568,0.00449883064525058,0.519260511859707,0.0735610080225004,0.271221326636569,0.00436702257228397
"prospective","PoorOverlap","PATE","MisMis","WDSM_M5",1000,TRUE,"inclusive",0.866391828860284,1000,"conditional_on_available_point",1.08993603500446,0.223544206144178,0.223544206144178,25.8017445107076,0.0195880389594962,0.13995727547897,0.00442583765625177,0.510835572176835,0.0695404630211673,0.263705257856508,0.00427422276855051
"retrospective","GoodOverlap","PATT","MisMis","WDSM_M5",1000,TRUE,"inclusive",1.03507218631865,1000,"conditional_on_available_point",1.07629909754341,0.0412269112247586,0.0412269112247586,3.98299865165797,0.00393214638452901,0.0627068288508438,0.00198296404015025,0.191577366908378,0.00562787244727861,0.0750191472044211,0.00170080354420964
"prospective","GoodOverlap","PATT","MisMis","WDSM_M5",1000,TRUE,"inclusive",1.03507218631865,1000,"conditional_on_available_point",1.06848816158809,0.033415975269441,0.033415975269441,3.22837148086151,0.00514058534247507,0.0716978754390608,0.00226728589782477,0.219046161977226,0.00625207216034049,0.0790700459108283,0.00176753261676576
"retrospective","PoorOverlap","PATT","MisMis","WDSM_M5",1000,TRUE,"inclusive",1.18185416619657,1000,"conditional_on_available_point",1.34616941246703,0.164315246270461,0.164315246270461,13.9031744330401,0.00811423560827281,0.0900790519947496,0.00284854973772143,0.241023792883736,0.0351056215295868,0.187364942103871,0.00258747686535321
"prospective","PoorOverlap","PATT","MisMis","WDSM_M5",1000,TRUE,"inclusive",1.18185416619657,1000,"conditional_on_available_point",1.33051877756197,0.148664611365396,0.148664611365396,12.5789302620835,0.0136415411819195,0.116797008445934,0.00369344570583074,0.312512813464705,0.0357290663131617,0.189021338248256,0.00322903816180799
"retrospective","GoodOverlap","PATE","CorCor","WM_PS_M1",1000,TRUE,"inclusive",0.866391828860284,1000,"conditional_on_available_point",0.866386353353136,-5.47550714773981e-06,5.47550714773981e-06,-0.000631989703197305,0.00414139537038517,0.0643536741016795,0.00203504185961497,0.234887009760009,0.00413725400499597,0.064321489449452,0.00141348923040074
"prospective","GoodOverlap","PATE","CorCor","WM_PS_M1",1000,TRUE,"inclusive",0.866391828860284,1000,"conditional_on_available_point",0.858520343387968,-0.00787148547231602,0.00787148547231602,-0.908536439300305,0.00398572017582808,0.0631325603458951,0.00199642685211056,0.230430018567558,0.00404369473919313,0.0635900522031012,0.00140937204890239
"retrospective","PoorOverlap","PATE","CorCor","WM_PS_M1",1000,TRUE,"inclusive",0.866391828860284,1000,"conditional_on_available_point",0.853920896038703,-0.0124709328215803,0.0124709328215803,-1.43941025367073,0.0428866674257187,0.207090964133442,0.00654879129501915,0.755869466547708,0.0429993049237333,0.207362737548802,0.00575280624950626
"prospective","PoorOverlap","PATE","CorCor","WM_PS_M1",1000,TRUE,"inclusive",0.866391828860284,1000,"conditional_on_available_point",0.849758630065125,-0.016633198795159,0.016633198795159,-1.91982406124946,0.0348762865880486,0.186751938646025,0.0059056148357346,0.68163325634122,0.0351180736036198,0.187398168623975,0.00428474003140136
"retrospective","GoodOverlap","PATT","CorCor","WM_PS_M1",1000,TRUE,"inclusive",1.03507218631865,1000,"conditional_on_available_point",1.03500368947794,-6.84968407083644e-05,6.84968407083644e-05,-0.00661759069693302,0.00346795147871048,0.0588893154885543,0.00186224366792063,0.179914376266249,0.00346448821904896,0.0588599033217772,0.00124843479731671
"prospective","GoodOverlap","PATT","CorCor","WM_PS_M1",1000,TRUE,"inclusive",1.03507218631865,1000,"conditional_on_available_point",1.0274540758765,-0.00761811044214859,0.00761811044214859,-0.735997985729212,0.00437481138494655,0.0661423569654616,0.00209160497822762,0.202073343856977,0.00442847218027038,0.066546766865644,0.00146594963664751
"retrospective","PoorOverlap","PATT","CorCor","WM_PS_M1",1000,TRUE,"inclusive",1.18185416619657,1000,"conditional_on_available_point",1.17518319236428,-0.0066709738322868,0.0066709738322868,-0.564449830028966,0.0131875136556153,0.114836900235139,0.00363146164176565,0.307268167734466,0.0132188280338307,0.114973162232891,0.00268270844462724
"prospective","PoorOverlap","PATT","CorCor","WM_PS_M1",1000,TRUE,"inclusive",1.18185416619657,1000,"conditional_on_available_point",1.16408544764433,-0.0177687185522364,0.0177687185522364,-1.50346117655273,0.0183467765684175,0.135450273415809,0.00428331373686512,0.362423204095446,0.0186441571508376,0.136543608971045,0.00341799316836167
"retrospective","GoodOverlap","PATE","CorMis","WM_PS_M1",1000,TRUE,"inclusive",0.866391828860284,1000,"conditional_on_available_point",0.846557347124953,-0.0198344817353305,0.0198344817353305,-2.28932003680393,0.00543401621104616,0.073715779932428,0.00233109764082206,0.269058128570829,0.00582198886054427,0.0763019584319058,0.00171934787417661
"prospective","GoodOverlap","PATE","CorMis","WM_PS_M1",1000,TRUE,"inclusive",0.866391828860284,1000,"conditional_on_available_point",0.850325658651152,-0.0160661702091321,0.0160661702091321,-1.8543769313091,0.00515741985928181,0.0718151784742042,0.00227099534549981,0.262121048450705,0.00541038426461133,0.0735553143193021,0.00158036657149572
"retrospective","PoorOverlap","PATE","CorMis","WM_PS_M1",1000,TRUE,"inclusive",0.866391828860284,1000,"conditional_on_available_point",0.825315995954611,-0.0410758329056722,0.0410758329056722,-4.74102265711651,0.0775191834885229,0.278422670572141,0.00880449791234701,1.01622587137382,0.0791288883539291,0.281298575101135,0.00803496176249588
"prospective","PoorOverlap","PATE","CorMis","WM_PS_M1",1000,TRUE,"inclusive",0.866391828860284,1000,"conditional_on_available_point",0.828735732663152,-0.0376560961971316,0.0376560961971316,-4.3463124815786,0.0654481628282719,0.255828385501437,0.00809000388308139,0.933758100387856,0.0668006962462513,0.258458306591704,0.00731418632634451
"retrospective","GoodOverlap","PATT","CorMis","WM_PS_M1",1000,TRUE,"inclusive",1.03507218631865,1000,"conditional_on_available_point",1.03262019093029,-0.0024519953883659,0.0024519953883659,-0.236891244956228,0.00452823641098976,0.067292171988945,0.00212796532184849,0.20558617553205,0.00452972045596334,0.0673031979623802,0.00144321510706053
"prospective","GoodOverlap","PATT","CorMis","WM_PS_M1",1000,TRUE,"inclusive",1.03507218631865,1000,"conditional_on_available_point",1.01049888087176,-0.0245733054468926,0.0245733054468926,-2.37406683047781,0.0057159995286518,0.0756042295685354,0.00239081566178821,0.230980572503973,0.00631413086970943,0.0794615055842099,0.0017400012434798
"retrospective","PoorOverlap","PATT","CorMis","WM_PS_M1",1000,TRUE,"inclusive",1.18185416619657,1000,"conditional_on_available_point",1.17534343075139,-0.00651073544517791,0.00651073544517791,-0.55089161009862,0.0218468017164304,0.147806636239482,0.00467405623804746,0.395485024441675,0.0218673445907511,0.147876112306049,0.0040868781315805
"prospective","PoorOverlap","PATT","CorMis","WM_PS_M1",1000,TRUE,"inclusive",1.18185416619657,1000,"conditional_on_available_point",1.14952451803861,-0.0323296481579647,0.0323296481579647,-2.73550232191571,0.0299877363584221,0.173169675054329,0.00547610594842924,0.463348702831279,0.0310029547720814,0.176076559405508,0.00482883124612913
"retrospective","GoodOverlap","PATE","MisCor","WM_PS_M1",1000,TRUE,"inclusive",0.866391828860284,1000,"conditional_on_available_point",0.865129326818582,-0.00126250204170212,0.00126250204170212,-0.145719523158812,0.00418337582219565,0.064679021499986,0.00204533024770956,0.236074508043334,0.00418078635777875,0.0646590005937205,0.00146208791576989
"prospective","GoodOverlap","PATE","MisCor","WM_PS_M1",1000,TRUE,"inclusive",0.866391828860284,1000,"conditional_on_available_point",0.860501981047967,-0.00588984781231664,0.00588984781231664,-0.679813407296856,0.00392908321736608,0.0626823995820683,0.00198219151884122,0.228786959065478,0.00395984444140096,0.0629272948838655,0.00137280392565709
"retrospective","PoorOverlap","PATE","MisCor","WM_PS_M1",1000,TRUE,"inclusive",0.866391828860284,1000,"conditional_on_available_point",0.85730666809747,-0.00908516076281403,0.00908516076281403,-1.04862031937274,0.0412886700355353,0.203196136861741,0.00642562604230399,0.741653583085697,0.0413299215115859,0.203297618066681,0.0054559240804568
"prospective","PoorOverlap","PATE","MisCor","WM_PS_M1",1000,TRUE,"inclusive",0.866391828860284,1000,"conditional_on_available_point",0.852692803953688,-0.0136990249065953,0.0136990249065953,-1.58115813772344,0.0352004410990345,0.187617805922131,0.00593299596317362,0.684793619415631,0.035352903941327,0.188023679203783,0.00421870633531001
"retrospective","GoodOverlap","PATT","MisCor","WM_PS_M1",1000,TRUE,"inclusive",1.03507218631865,1000,"conditional_on_available_point",1.03080281098555,-0.00426937533310057,0.00426937533310057,-0.412471264278202,0.00340100847952396,0.0583181659478756,0.00184418233358959,0.178169441510029,0.00341583503677932,0.0584451455364714,0.00125969481876221
"prospective","GoodOverlap","PATT","MisCor","WM_PS_M1",1000,TRUE,"inclusive",1.03507218631865,1000,"conditional_on_available_point",1.02809542022803,-0.00697676609062003,0.00697676609062003,-0.674036669406959,0.00464252036174167,0.0681360430443511,0.00215465086771423,0.208164309329717,0.00468655310646315,0.0684584042062269,0.00153626795195929
"retrospective","PoorOverlap","PATT","MisCor","WM_PS_M1",1000,TRUE,"inclusive",1.18185416619657,1000,"conditional_on_available_point",1.1725499924018,-0.00930417379477274,0.00930417379477274,-0.787252273663792,0.0128761401730783,0.11347308127075,0.00358833389932965,0.303619008331424,0.0129498316829086,0.113797327222165,0.00290161821538404
"prospective","PoorOverlap","PATT","MisCor","WM_PS_M1",1000,TRUE,"inclusive",1.18185416619657,1000,"conditional_on_available_point",1.16547104399855,-0.0163831221980171,0.0163831221980171,-1.38622197785545,0.0176374218131541,0.132805955488277,0.00419969306177893,0.35534782394467,0.0178881910842961,0.133746742331528,0.00301542812362028
"retrospective","GoodOverlap","PATE","MisMis","WM_PS_M1",1000,TRUE,"inclusive",0.866391828860284,1000,"conditional_on_available_point",0.925459225699055,0.0590673968387717,0.0590673968387717,6.81763087683702,0.007175839323848,0.0847103259576305,0.00267877571361396,0.309187555143246,0.0106576208538331,0.103235753757277,0.00226395697209465
"prospective","GoodOverlap","PATE","MisMis","WM_PS_M1",1000,TRUE,"inclusive",0.866391828860284,1000,"conditional_on_available_point",0.92591292310756,0.0595210942472761,0.0595210942472761,6.86999718425029,0.00638737373574027,0.0799210468884153,0.00252732541152505,0.291706976836299,0.00992374702239765,0.099618005513048,0.00222755557721089
"retrospective","PoorOverlap","PATE","MisMis","WM_PS_M1",1000,TRUE,"inclusive",0.866391828860284,1000,"conditional_on_available_point",1.08678028479572,0.220388455935437,0.220388455935437,25.4375039784658,0.0846147741620776,0.29088618764403,0.00919862892838262,1.06171695322695,0.133101230897522,0.36483041388777,0.00884122247294405
"prospective","PoorOverlap","PATE","MisMis","WM_PS_M1",1000,TRUE,"inclusive",0.866391828860284,1000,"conditional_on_available_point",1.09335263730492,0.226960808444639,0.226960808444639,26.1960929090478,0.0742334881823759,0.272458231995981,0.00861588580369865,0.994456032097235,0.125670463264037,0.354500300795412,0.00898688387783448
"retrospective","GoodOverlap","PATT","MisMis","WM_PS_M1",1000,TRUE,"inclusive",1.03507218631865,1000,"conditional_on_available_point",1.07426204112063,0.0391898548019732,0.0391898548019732,3.78619533207207,0.00542290045966196,0.0736403453255208,0.00232871218909979,0.22498065544415,0.00695332227860203,0.0833865833249093,0.0018375716858668
"prospective","GoodOverlap","PATT","MisMis","WM_PS_M1",1000,TRUE,"inclusive",1.03507218631865,1000,"conditional_on_available_point",1.06882636436749,0.0337541780488371,0.0337541780488371,3.26104579902659,0.0072117001843113,0.0849217297534106,0.00268546088862067,0.259446724983675,0.00834383301987959,0.0913445839657699,0.00207648901873816
"retrospective","PoorOverlap","PATT","MisMis","WM_PS_M1",1000,TRUE,"inclusive",1.18185416619657,1000,"conditional_on_available_point",1.35775651938299,0.175902353186423,0.175902353186423,14.8835920892431,0.0233154845143929,0.152694088013888,0.00482861103366102,0.408562339734385,0.0542338068863997,0.232881529723591,0.00501328949301768
"prospective","PoorOverlap","PATT","MisMis","WM_PS_M1",1000,TRUE,"inclusive",1.18185416619657,1000,"conditional_on_available_point",1.34759008115566,0.165735914959095,0.165735914959095,14.0233812004458,0.032407145285378,0.180019846920771,0.00569272740304487,0.481677652443799,0.0598431316474209,0.244628558527865,0.00542298628440526
"retrospective","GoodOverlap","PATE","CorCor","WM_DSM_M1",1000,TRUE,"inclusive",0.866391828860284,1000,"conditional_on_available_point",0.864859577501244,-0.00153225135903918,0.00153225135903918,-0.176854317873105,0.00387249740256784,0.0622293933970743,0.00196786620545398,0.227133513948609,0.00387097269939255,0.0622171415237999,0.00139280889746852
"prospective","GoodOverlap","PATE","CorCor","WM_DSM_M1",1000,TRUE,"inclusive",0.866391828860284,1000,"conditional_on_available_point",0.86013980144946,-0.00625202741082398,0.00625202741082398,-0.721616617627657,0.00356738178646189,0.0597275630380304,0.00188875138291462,0.21800198478317,0.00360290225142112,0.0600241805560153,0.00129804393563787
"retrospective","PoorOverlap","PATE","CorCor","WM_DSM_M1",1000,TRUE,"inclusive",0.866391828860284,1000,"conditional_on_available_point",0.869386567854972,0.00299473899468861,0.00299473899468861,0.345656421832615,0.0148299681018574,0.121778356459009,0.00385096976122345,0.444483619644624,0.0148241065954018,0.121754287790623,0.00279744372497187
"prospective","PoorOverlap","PATE","CorCor","WM_DSM_M1",1000,TRUE,"inclusive",0.866391828860284,1000,"conditional_on_available_point",0.857508031637301,-0.00888379722298298,0.00888379722298298,-1.02537869438005,0.013571598405974,0.11649720342555,0.00368396503864708,0.425207731182466,0.0136369486606671,0.116777346521777,0.00253365906197967
"retrospective","GoodOverlap","PATT","CorCor","WM_DSM_M1",1000,TRUE,"inclusive",1.03507218631865,1000,"conditional_on_available_point",1.03250044185355,-0.00257174446510342,0.00257174446510342,-0.248460397168057,0.00349730622601465,0.0591380269032934,0.00187010861342721,0.18067422138725,0.00350042278938243,0.0591643709455482,0.00132079644333855
"prospective","GoodOverlap","PATT","CorCor","WM_DSM_M1",1000,TRUE,"inclusive",1.03507218631865,1000,"conditional_on_available_point",1.0298022747082,-0.00526991161045445,0.00526991161045445,-0.50913469418954,0.00447947206189173,0.0669288582144633,0.00211647633152174,0.204476205572601,0.00450276455821184,0.0671026419614894,0.00149778867880243
"retrospective","PoorOverlap","PATT","CorCor","WM_DSM_M1",1000,TRUE,"inclusive",1.18185416619657,1000,"conditional_on_available_point",1.18469486641071,0.00284070021414416,0.00284070021414416,0.240359622650066,0.00726576296381233,0.0852394448821221,0.00269550792315889,0.228074495166653,0.00726656677855515,0.0852441597914787,0.00206382320658129
"prospective","PoorOverlap","PATT","CorCor","WM_DSM_M1",1000,TRUE,"inclusive",1.18185416619657,1000,"conditional_on_available_point",1.17393476779226,-0.00791939840431223,0.00791939840431223,-0.670082539015651,0.0105627293402177,0.102775139699334,0.00325003528291889,0.274994612353749,0.0106148834819637,0.10302855663341,0.00224792898395047
"retrospective","GoodOverlap","PATE","CorMis","WM_DSM_M1",1000,TRUE,"inclusive",0.866391828860284,1000,"conditional_on_available_point",0.842995755585558,-0.0233960732747257,0.0233960732747257,-2.70040326967333,0.00474491666076076,0.0688833554696689,0.00217828296159171,0.251420072192646,0.00528754798877633,0.0727155278381195,0.00165750585462645
"prospective","GoodOverlap","PATE","CorMis","WM_DSM_M1",1000,TRUE,"inclusive",0.866391828860284,1000,"conditional_on_available_point",0.856089714134392,-0.0103021147258912,0.0103021147258912,-1.18908262782711,0.00459529545316638,0.0677886085796602,0.00214366402525358,0.24742431240072,0.00469683372553863,0.0685334496836299,0.00158300061915647
"retrospective","PoorOverlap","PATE","CorMis","WM_DSM_M1",1000,TRUE,"inclusive",0.866391828860284,1000,"conditional_on_available_point",0.861618661461766,-0.004773167398518,0.004773167398518,-0.550924794015772,0.0223302271197633,0.149433018840427,0.00472548697170601,0.545421461086754,0.0223306800196578,0.149434534227058,0.00330774174317982
"prospective","PoorOverlap","PATE","CorMis","WM_DSM_M1",1000,TRUE,"inclusive",0.866391828860284,1000,"conditional_on_available_point",0.860827037054567,-0.00556479180571676,0.00556479180571676,-0.642295047154022,0.0193954503114729,0.139267549384172,0.00440402660203965,0.508318113737642,0.0194070217690024,0.1393090871731,0.00327774196329595
"retrospective","GoodOverlap","PATT","CorMis","WM_DSM_M1",1000,TRUE,"inclusive",1.03507218631865,1000,"conditional_on_available_point",1.03691227144986,0.00184008513120478,0.00184008513120478,0.177773604153083,0.0041903653445219,0.0647330313249882,0.0020470381883399,0.197767674119466,0.00418956089246746,0.0647268174133988,0.00149105633540803
"prospective","GoodOverlap","PATT","CorMis","WM_DSM_M1",1000,TRUE,"inclusive",1.03507218631865,1000,"conditional_on_available_point",1.0130505881333,-0.0220215981853478,0.0220215981853478,-2.12754225999155,0.00526804159784722,0.0725812758075195,0.00229522147032639,0.221745062872339,0.00574772434288628,0.0758137477169298,0.00159903600519115
"retrospective","PoorOverlap","PATT","CorMis","WM_DSM_M1",1000,TRUE,"inclusive",1.18185416619657,1000,"conditional_on_available_point",1.20511183275706,0.0232576665604858,0.0232576665604858,1.96789648212972,0.0108517824988568,0.104171889196927,0.00329420438024978,0.278731883718881,0.0113818497701967,0.106685752423633,0.00240416409789612
"prospective","PoorOverlap","PATT","CorMis","WM_DSM_M1",1000,TRUE,"inclusive",1.18185416619657,1000,"conditional_on_available_point",1.17189585399467,-0.00995831220189671,0.00995831220189671,-0.842600761305808,0.0165642990335351,0.128702366075901,0.00406992617052633,0.34436788285175,0.016646902716412,0.129022876717317,0.00288846111129534
"retrospective","GoodOverlap","PATE","MisCor","WM_DSM_M1",1000,TRUE,"inclusive",0.866391828860284,1000,"conditional_on_available_point",0.866647063843477,0.000255234983193604,0.000255234983193604,0.0294595325915479,0.0039388609199069,0.0627603451225923,0.00198465637325631,0.229071455563827,0.00393498720388363,0.0627294763558858,0.00142230104704104
"prospective","GoodOverlap","PATE","MisCor","WM_DSM_M1",1000,TRUE,"inclusive",0.866391828860284,1000,"conditional_on_available_point",0.859771693084278,-0.00662013577600548,0.00662013577600548,-0.764104133428185,0.00356177288686181,0.0596805905371404,0.00188726598201256,0.217830538002096,0.0036020373116677,0.0600169751959202,0.00134673844023978
"retrospective","PoorOverlap","PATE","MisCor","WM_DSM_M1",1000,TRUE,"inclusive",0.866391828860284,1000,"conditional_on_available_point",0.871453231676939,0.00506140281665567,0.00506140281665567,0.584193276997293,0.014698095382747,0.121235701766216,0.00383380951310142,0.442502962908215,0.0147090150858367,0.121280728418973,0.00277840535144229
"prospective","PoorOverlap","PATE","MisCor","WM_DSM_M1",1000,TRUE,"inclusive",0.866391828860284,1000,"conditional_on_available_point",0.85609003253702,-0.0103017963232633,0.0103017963232633,-1.18904587740804,0.0138286005369158,0.117595070206688,0.0037186826346054,0.429214878387904,0.0139208989438648,0.117986859199933,0.00258348343088964
"retrospective","GoodOverlap","PATT","MisCor","WM_DSM_M1",1000,TRUE,"inclusive",1.03507218631865,1000,"conditional_on_available_point",1.03274419643714,-0.00232798988150809,0.00232798988150809,-0.224910872138091,0.00357678834148186,0.0598062567084904,0.00189123989527555,0.182715748744244,0.00357863109002878,0.059821660709385,0.00128108565856652
"prospective","GoodOverlap","PATT","MisCor","WM_DSM_M1",1000,TRUE,"inclusive",1.03507218631865,1000,"conditional_on_available_point",1.029862593996,-0.00520959232265132,0.00520959232265132,-0.503307150120592,0.00452100591915652,0.0672384259122455,0.0021262657216718,0.205421974406838,0.00454362476540559,0.067406414868361,0.00146148694264485
"retrospective","PoorOverlap","PATT","MisCor","WM_DSM_M1",1000,TRUE,"inclusive",1.18185416619657,1000,"conditional_on_available_point",1.18288987269578,0.00103570649920805,0.00103570649920805,0.0876340354699728,0.00729844910405508,0.0854309610390465,0.00270156419580492,0.22858693340305,0.00729222334290353,0.0853945158830679,0.0020684189277536
"prospective","PoorOverlap","PATT","MisCor","WM_DSM_M1",1000,TRUE,"inclusive",1.18185416619657,1000,"conditional_on_available_point",1.17448509853583,-0.00736906766074134,0.00736906766074134,-0.623517509309663,0.0105552357331058,0.102738676909457,0.00324888222826032,0.274897049160967,0.0105989836555612,0.102951365486628,0.00237179888222341
"retrospective","GoodOverlap","PATE","MisMis","WM_DSM_M1",1000,TRUE,"inclusive",0.866391828860284,1000,"conditional_on_available_point",0.906626846755315,0.0402350178950317,0.0402350178950317,4.64397476462351,0.00612916271714158,0.0782889693197042,0.00247571458717308,0.285749992636683,0.00774189021943796,0.0879880117938686,0.00193286202135816
"prospective","GoodOverlap","PATE","MisMis","WM_DSM_M1",1000,TRUE,"inclusive",0.866391828860284,1000,"conditional_on_available_point",0.91621288581486,0.0498210569545763,0.0498210569545763,5.75040706698661,0.00564826303032777,0.0751549268533192,0.0023766074623984,0.274310927600133,0.00812475248336857,0.0901374089009029,0.00203142878527142
"retrospective","PoorOverlap","PATE","MisMis","WM_DSM_M1",1000,TRUE,"inclusive",0.866391828860284,1000,"conditional_on_available_point",1.07640344929801,0.210011620437723,0.210011620437723,24.2397969881581,0.0284292996543376,0.168609903784854,0.00533191332021982,0.615415928752908,0.0725057510735613,0.269268919620444,0.00504584316596738
"prospective","PoorOverlap","PATE","MisMis","WM_DSM_M1",1000,TRUE,"inclusive",0.866391828860284,1000,"conditional_on_available_point",1.0732264104873,0.206834581627015,0.206834581627015,23.8730992995514,0.0231146393423243,0.152034993808413,0.00480776864484183,0.554918512004705,0.0658720688598042,0.256655545156936,0.0046502606609732
"retrospective","GoodOverlap","PATT","MisMis","WM_DSM_M1",1000,TRUE,"inclusive",1.03507218631865,1000,"conditional_on_available_point",1.07204714890888,0.0369749625902282,0.0369749625902282,3.57221100894748,0.00468700264669731,0.0684616874368235,0.00216494864758897,0.209159194518486,0.00604946350259939,0.0777782971181511,0.00175491696822847
"prospective","GoodOverlap","PATT","MisMis","WM_DSM_M1",1000,TRUE,"inclusive",1.03507218631865,1000,"conditional_on_available_point",1.06064508290469,0.0255728965860335,0.0255728965860335,2.47063894905594,0.00628898845036836,0.079303142752153,0.00250778556706277,0.242281224460488,0.00693667250171796,0.0832866886226002,0.0018486518729796
"retrospective","PoorOverlap","PATT","MisMis","WM_DSM_M1",1000,TRUE,"inclusive",1.18185416619657,1000,"conditional_on_available_point",1.33601769311531,0.154163526918744,0.154163526918744,13.0442089496432,0.0111336547376794,0.105516134963708,0.00333671316383044,0.282328671274952,0.0348889141149681,0.186785743875083,0.00299175357982422
"prospective","PoorOverlap","PATT","MisMis","WM_DSM_M1",1000,TRUE,"inclusive",1.18185416619657,1000,"conditional_on_available_point",1.31425191817259,0.132397751976022,0.132397751976022,11.202545606968,0.0164495080357226,0.128255635493036,0.00405579930910327,0.343172569434315,0.0339622232559911,0.184288424096553,0.00340773825860431
"retrospective","GoodOverlap","PATE","CorCor","WM_X6_M1",1000,TRUE,"inclusive",0.866391828860284,1000,"conditional_on_available_point",0.865716628615767,-0.000675200244516997,0.000675200244516997,-0.0779324344973574,0.0034986726106502,0.0591495782795634,0.00187047390001844,0.215892375448531,0.00349562983340975,0.0591238516455901,0.00130212350866587
"prospective","GoodOverlap","PATE","CorCor","WM_X6_M1",1000,TRUE,"inclusive",0.866391828860284,1000,"conditional_on_available_point",0.860295249530001,-0.00609657933028305,0.00609657933028305,-0.703674610863187,0.00341654144704972,0.0584511885854319,0.00184838887874,0.2133432953969,0.00345029318513311,0.0587391963269256,0.00133569520119795
"retrospective","PoorOverlap","PATE","CorCor","WM_X6_M1",1000,TRUE,"inclusive",0.866391828860284,1000,"conditional_on_available_point",0.861531301831337,-0.00486052702894629,0.00486052702894629,-0.561007948948479,0.0140359423912976,0.118473382627904,0.003746457312088,0.43242066548762,0.0140455311719054,0.118513843798543,0.00272321047326209
"prospective","PoorOverlap","PATE","CorCor","WM_X6_M1",1000,TRUE,"inclusive",0.866391828860284,1000,"conditional_on_available_point",0.855662461984919,-0.0107293668753647,0.0107293668753647,-1.23839659123735,0.012341611130202,0.11109280413331,0.00351306292716227,0.40548200134616,0.0124443888326179,0.111554420946092,0.00256225256426493
"retrospective","GoodOverlap","PATT","CorCor","WM_X6_M1",1000,TRUE,"inclusive",1.03507218631865,1000,"conditional_on_available_point",1.03282815665099,-0.00224402966766043,0.00224402966766043,-0.216799339922519,0.00344275924257672,0.0586750308272328,0.00185546739194649,0.179259709271647,0.00344435215248349,0.0586886032589249,0.00127166772820996
"prospective","GoodOverlap","PATT","CorCor","WM_X6_M1",1000,TRUE,"inclusive",1.03507218631865,1000,"conditional_on_available_point",1.02796980252225,-0.00710238379639979,0.00710238379639979,-0.686172799373559,0.00434568600423968,0.0659218173614751,0.00208463090359893,0.201399567214065,0.0043917841738268,0.0662705377511516,0.00150176324506148
"retrospective","PoorOverlap","PATT","CorCor","WM_X6_M1",1000,TRUE,"inclusive",1.18185416619657,1000,"conditional_on_available_point",1.18456342939462,0.00270926319804715,0.00270926319804715,0.229238367603853,0.00543018023208406,0.0736897566292905,0.0023302747117205,0.197171087463334,0.00543209015892827,0.0737027147324186,0.00175068616062786
"prospective","PoorOverlap","PATT","CorCor","WM_X6_M1",1000,TRUE,"inclusive",1.18185416619657,1000,"conditional_on_available_point",1.17408938109468,-0.00776478510188621,0.00776478510188621,-0.657000273297234,0.00749805769009992,0.0865913257208822,0.00273825814891509,0.231691711823238,0.00755085152008829,0.0868956357942578,0.001794472975616
"retrospective","GoodOverlap","PATE","CorMis","WM_X6_M1",1000,TRUE,"inclusive",0.866391828860284,1000,"conditional_on_available_point",0.865716628615767,-0.000675200244516997,0.000675200244516997,-0.0779324344973574,0.0034986726106502,0.0591495782795634,0.00187047390001844,0.215892375448531,0.00349562983340975,0.0591238516455901,0.00130212350866587
"prospective","GoodOverlap","PATE","CorMis","WM_X6_M1",1000,TRUE,"inclusive",0.866391828860284,1000,"conditional_on_available_point",0.860295249530001,-0.00609657933028305,0.00609657933028305,-0.703674610863187,0.00341654144704972,0.0584511885854319,0.00184838887874,0.2133432953969,0.00345029318513311,0.0587391963269256,0.00133569520119795
"retrospective","PoorOverlap","PATE","CorMis","WM_X6_M1",1000,TRUE,"inclusive",0.866391828860284,1000,"conditional_on_available_point",0.861531301831337,-0.00486052702894629,0.00486052702894629,-0.561007948948479,0.0140359423912976,0.118473382627904,0.003746457312088,0.43242066548762,0.0140455311719054,0.118513843798543,0.00272321047326209
"prospective","PoorOverlap","PATE","CorMis","WM_X6_M1",1000,TRUE,"inclusive",0.866391828860284,1000,"conditional_on_available_point",0.855662461984919,-0.0107293668753647,0.0107293668753647,-1.23839659123735,0.012341611130202,0.11109280413331,0.00351306292716227,0.40548200134616,0.0124443888326179,0.111554420946092,0.00256225256426493
"retrospective","GoodOverlap","PATT","CorMis","WM_X6_M1",1000,TRUE,"inclusive",1.03507218631865,1000,"conditional_on_available_point",1.03282815665099,-0.00224402966766043,0.00224402966766043,-0.216799339922519,0.00344275924257672,0.0586750308272328,0.00185546739194649,0.179259709271647,0.00344435215248349,0.0586886032589249,0.00127166772820996
"prospective","GoodOverlap","PATT","CorMis","WM_X6_M1",1000,TRUE,"inclusive",1.03507218631865,1000,"conditional_on_available_point",1.02796980252225,-0.00710238379639979,0.00710238379639979,-0.686172799373559,0.00434568600423968,0.0659218173614751,0.00208463090359893,0.201399567214065,0.0043917841738268,0.0662705377511516,0.00150176324506148
"retrospective","PoorOverlap","PATT","CorMis","WM_X6_M1",1000,TRUE,"inclusive",1.18185416619657,1000,"conditional_on_available_point",1.18456342939462,0.00270926319804715,0.00270926319804715,0.229238367603853,0.00543018023208406,0.0736897566292905,0.0023302747117205,0.197171087463334,0.00543209015892827,0.0737027147324186,0.00175068616062786
"prospective","PoorOverlap","PATT","CorMis","WM_X6_M1",1000,TRUE,"inclusive",1.18185416619657,1000,"conditional_on_available_point",1.17408938109468,-0.00776478510188621,0.00776478510188621,-0.657000273297234,0.00749805769009992,0.0865913257208822,0.00273825814891509,0.231691711823238,0.00755085152008829,0.0868956357942578,0.001794472975616
"retrospective","GoodOverlap","PATE","MisCor","WM_X6_M1",1000,TRUE,"inclusive",0.866391828860284,1000,"conditional_on_available_point",0.865716628615767,-0.000675200244516997,0.000675200244516997,-0.0779324344973574,0.0034986726106502,0.0591495782795634,0.00187047390001844,0.215892375448531,0.00349562983340975,0.0591238516455901,0.00130212350866587
"prospective","GoodOverlap","PATE","MisCor","WM_X6_M1",1000,TRUE,"inclusive",0.866391828860284,1000,"conditional_on_available_point",0.860295249530001,-0.00609657933028305,0.00609657933028305,-0.703674610863187,0.00341654144704972,0.0584511885854319,0.00184838887874,0.2133432953969,0.00345029318513311,0.0587391963269256,0.00133569520119795
"retrospective","PoorOverlap","PATE","MisCor","WM_X6_M1",1000,TRUE,"inclusive",0.866391828860284,1000,"conditional_on_available_point",0.861531301831337,-0.00486052702894629,0.00486052702894629,-0.561007948948479,0.0140359423912976,0.118473382627904,0.003746457312088,0.43242066548762,0.0140455311719054,0.118513843798543,0.00272321047326209
"prospective","PoorOverlap","PATE","MisCor","WM_X6_M1",1000,TRUE,"inclusive",0.866391828860284,1000,"conditional_on_available_point",0.855662461984919,-0.0107293668753647,0.0107293668753647,-1.23839659123735,0.012341611130202,0.11109280413331,0.00351306292716227,0.40548200134616,0.0124443888326179,0.111554420946092,0.00256225256426493
"retrospective","GoodOverlap","PATT","MisCor","WM_X6_M1",1000,TRUE,"inclusive",1.03507218631865,1000,"conditional_on_available_point",1.03282815665099,-0.00224402966766043,0.00224402966766043,-0.216799339922519,0.00344275924257672,0.0586750308272328,0.00185546739194649,0.179259709271647,0.00344435215248349,0.0586886032589249,0.00127166772820996
"prospective","GoodOverlap","PATT","MisCor","WM_X6_M1",1000,TRUE,"inclusive",1.03507218631865,1000,"conditional_on_available_point",1.02796980252225,-0.00710238379639979,0.00710238379639979,-0.686172799373559,0.00434568600423968,0.0659218173614751,0.00208463090359893,0.201399567214065,0.0043917841738268,0.0662705377511516,0.00150176324506148
"retrospective","PoorOverlap","PATT","MisCor","WM_X6_M1",1000,TRUE,"inclusive",1.18185416619657,1000,"conditional_on_available_point",1.18456342939462,0.00270926319804715,0.00270926319804715,0.229238367603853,0.00543018023208406,0.0736897566292905,0.0023302747117205,0.197171087463334,0.00543209015892827,0.0737027147324186,0.00175068616062786
"prospective","PoorOverlap","PATT","MisCor","WM_X6_M1",1000,TRUE,"inclusive",1.18185416619657,1000,"conditional_on_available_point",1.17408938109468,-0.00776478510188621,0.00776478510188621,-0.657000273297234,0.00749805769009992,0.0865913257208822,0.00273825814891509,0.231691711823238,0.00755085152008829,0.0868956357942578,0.001794472975616
"retrospective","GoodOverlap","PATE","MisMis","WM_X6_M1",1000,TRUE,"inclusive",0.866391828860284,1000,"conditional_on_available_point",0.865716628615767,-0.000675200244516997,0.000675200244516997,-0.0779324344973574,0.0034986726106502,0.0591495782795634,0.00187047390001844,0.215892375448531,0.00349562983340975,0.0591238516455901,0.00130212350866587
"prospective","GoodOverlap","PATE","MisMis","WM_X6_M1",1000,TRUE,"inclusive",0.866391828860284,1000,"conditional_on_available_point",0.860295249530001,-0.00609657933028305,0.00609657933028305,-0.703674610863187,0.00341654144704972,0.0584511885854319,0.00184838887874,0.2133432953969,0.00345029318513311,0.0587391963269256,0.00133569520119795
"retrospective","PoorOverlap","PATE","MisMis","WM_X6_M1",1000,TRUE,"inclusive",0.866391828860284,1000,"conditional_on_available_point",0.861531301831337,-0.00486052702894629,0.00486052702894629,-0.561007948948479,0.0140359423912976,0.118473382627904,0.003746457312088,0.43242066548762,0.0140455311719054,0.118513843798543,0.00272321047326209
"prospective","PoorOverlap","PATE","MisMis","WM_X6_M1",1000,TRUE,"inclusive",0.866391828860284,1000,"conditional_on_available_point",0.855662461984919,-0.0107293668753647,0.0107293668753647,-1.23839659123735,0.012341611130202,0.11109280413331,0.00351306292716227,0.40548200134616,0.0124443888326179,0.111554420946092,0.00256225256426493
"retrospective","GoodOverlap","PATT","MisMis","WM_X6_M1",1000,TRUE,"inclusive",1.03507218631865,1000,"conditional_on_available_point",1.03282815665099,-0.00224402966766043,0.00224402966766043,-0.216799339922519,0.00344275924257672,0.0586750308272328,0.00185546739194649,0.179259709271647,0.00344435215248349,0.0586886032589249,0.00127166772820996
"prospective","GoodOverlap","PATT","MisMis","WM_X6_M1",1000,TRUE,"inclusive",1.03507218631865,1000,"conditional_on_available_point",1.02796980252225,-0.00710238379639979,0.00710238379639979,-0.686172799373559,0.00434568600423968,0.0659218173614751,0.00208463090359893,0.201399567214065,0.0043917841738268,0.0662705377511516,0.00150176324506148
"retrospective","PoorOverlap","PATT","MisMis","WM_X6_M1",1000,TRUE,"inclusive",1.18185416619657,1000,"conditional_on_available_point",1.18456342939462,0.00270926319804715,0.00270926319804715,0.229238367603853,0.00543018023208406,0.0736897566292905,0.0023302747117205,0.197171087463334,0.00543209015892827,0.0737027147324186,0.00175068616062786
"prospective","PoorOverlap","PATT","MisMis","WM_X6_M1",1000,TRUE,"inclusive",1.18185416619657,1000,"conditional_on_available_point",1.17408938109468,-0.00776478510188621,0.00776478510188621,-0.657000273297234,0.00749805769009992,0.0865913257208822,0.00273825814891509,0.231691711823238,0.00755085152008829,0.0868956357942578,0.001794472975616
"retrospective","GoodOverlap","PATE","CorCor","WM_PS_M3",1000,TRUE,"inclusive",0.866391828860284,1000,"conditional_on_available_point",0.865783746971002,-0.00060808188928173,0.00060808188928173,-0.0701855521977447,0.00334109469481359,0.0578022032003417,0.00182786615888954,0.210974538078695,0.00333812336370285,0.0577764949066907,0.00131099804733046
"prospective","GoodOverlap","PATE","CorCor","WM_PS_M3",1000,TRUE,"inclusive",0.866391828860284,1000,"conditional_on_available_point",0.859632135095216,-0.0067596937650678,0.0067596937650678,-0.780212086482857,0.00345072021703037,0.0587428311969245,0.00185761142789077,0.214407773251325,0.00349296295661084,0.0591012940349942,0.00127986983651283
"retrospective","PoorOverlap","PATE","CorCor","WM_PS_M3",1000,TRUE,"inclusive",0.866391828860284,1000,"conditional_on_available_point",0.859393965666886,-0.00699786319339767,0.00699786319339767,-0.807701891949186,0.0256376019095334,0.160117462850038,0.00506335875773517,0.584419034098681,0.0256609343968974,0.16019030681317,0.00398256979573064
"prospective","PoorOverlap","PATE","CorCor","WM_PS_M3",1000,TRUE,"inclusive",0.866391828860284,1000,"conditional_on_available_point",0.853923160363282,-0.0124686684970018,0.0124686684970018,-1.43914890257033,0.0239357649753303,0.154711877292373,0.00489241913324383,0.564688974465478,0.0240672969044431,0.155136381627403,0.00346280110340265
"retrospective","GoodOverlap","PATT","CorCor","WM_PS_M3",1000,TRUE,"inclusive",1.03507218631865,1000,"conditional_on_available_point",1.03314325901785,-0.00192892730080393,0.00192892730080393,-0.186356790019098,0.00289780227732354,0.0538312388611254,0.00170229324069725,0.164461306486424,0.002898625235578,0.0538388821910151,0.00114962048640966
"prospective","GoodOverlap","PATT","CorCor","WM_PS_M3",1000,TRUE,"inclusive",1.03507218631865,1000,"conditional_on_available_point",1.02767046258631,-0.00740172373234661,0.00740172373234661,-0.715092515302885,0.00394714753467109,0.0628263283558023,0.00198674294629957,0.1919424531506,0.0039979859013464,0.063229628350532,0.00141035504657686
"retrospective","PoorOverlap","PATT","CorCor","WM_PS_M3",1000,TRUE,"inclusive",1.18185416619657,1000,"conditional_on_available_point",1.1791604697076,-0.00269369648897301,0.00269369648897301,-0.22792122463314,0.00885755538041817,0.094114586438119,0.0029761645418925,0.251821639844987,0.00885595382581246,0.0941060775179396,0.00225220696516606
"prospective","PoorOverlap","PATT","CorCor","WM_PS_M3",1000,TRUE,"inclusive",1.18185416619657,1000,"conditional_on_available_point",1.17036527816993,-0.0114888880266378,0.0114888880266378,-0.972107080149426,0.0142265137626997,0.119274950273306,0.0037718051066697,0.319143022426201,0.0143442817970256,0.119767615810893,0.00260340415230064
"retrospective","GoodOverlap","PATE","CorMis","WM_PS_M3",1000,TRUE,"inclusive",0.866391828860284,1000,"conditional_on_available_point",0.857959146873513,-0.00843268198677071,0.00843268198677071,-0.973310424437368,0.00404353022992634,0.0635887586757781,0.00201085310998251,0.232095114819785,0.00411059682518643,0.0641139362789903,0.00145302765901612
"prospective","GoodOverlap","PATE","CorMis","WM_PS_M3",1000,TRUE,"inclusive",0.866391828860284,1000,"conditional_on_available_point",0.857141621165511,-0.00925020769477225,0.00925020769477225,-1.06767023725751,0.00416832600426664,0.0645625743311606,0.0020416478649039,0.235649482935409,0.00424972402065879,0.0651899073527398,0.00146863822874089
"retrospective","PoorOverlap","PATE","CorMis","WM_PS_M3",1000,TRUE,"inclusive",0.866391828860284,1000,"conditional_on_available_point",0.85937093940736,-0.00702088945292395,0.00702088945292395,-0.810359610865646,0.0483116493651914,0.219799111383989,0.00695065819654451,0.802253433725007,0.0483126306045364,0.219801343500299,0.00558596635129792
"prospective","PoorOverlap","PATE","CorMis","WM_PS_M3",1000,TRUE,"inclusive",0.866391828860284,1000,"conditional_on_available_point",0.852415254400392,-0.0139765744598916,0.0139765744598916,-1.61319324517147,0.0425801439134227,0.206349567272196,0.00652534626770279,0.753163412942931,0.0427329084031422,0.206719395324053,0.00531216281538045
"retrospective","GoodOverlap","PATT","CorMis","WM_PS_M3",1000,TRUE,"inclusive",1.03507218631865,1000,"conditional_on_available_point",1.03356914804165,-0.00150303827700237,0.00150303827700237,-0.145210961792732,0.00330287379147787,0.0574706341663103,0.00181738102539833,0.17558012372664,0.00330183004174852,0.0574615527265712,0.0012460005314931
"prospective","GoodOverlap","PATT","CorMis","WM_PS_M3",1000,TRUE,"inclusive",1.03507218631865,1000,"conditional_on_available_point",1.02148018774884,-0.0135919985698123,0.0135919985698123,-1.31314499118692,0.00463574757838624,0.0680863244593673,0.00215307862800833,0.208012412705822,0.00481585425592963,0.0693963562150754,0.00153129677878345
"retrospective","PoorOverlap","PATT","CorMis","WM_PS_M3",1000,TRUE,"inclusive",1.18185416619657,1000,"conditional_on_available_point",1.1909685388674,0.00911437267083084,0.00911437267083084,0.771192667549044,0.0141318713318048,0.118877547635391,0.00375923813183001,0.31807969539321,0.0142008112496557,0.119167156757455,0.00282554065289886
"prospective","PoorOverlap","PATT","CorMis","WM_PS_M3",1000,TRUE,"inclusive",1.18185416619657,1000,"conditional_on_available_point",1.17349637306031,-0.00835779313626274,0.00835779313626274,-0.707176348428817,0.0223522970539125,0.149506846177399,0.0047278215970902,0.400034262459405,0.0223997974629672,0.149665618840692,0.00338208665162618
"retrospective","GoodOverlap","PATE","MisCor","WM_PS_M3",1000,TRUE,"inclusive",0.866391828860284,1000,"conditional_on_available_point",0.864982851814058,-0.00140897704622581,0.00140897704622581,-0.162625846561744,0.00354077272698486,0.0595043925016033,0.00188169411089711,0.217187425852392,0.00353921717057466,0.0594913201280209,0.00136084384503632
"prospective","GoodOverlap","PATE","MisCor","WM_PS_M3",1000,TRUE,"inclusive",0.866391828860284,1000,"conditional_on_available_point",0.860456097917207,-0.00593573094307694,0.00593573094307694,-0.685109294126798,0.00342286827604465,0.0585052841719844,0.00185009953138869,0.213540741008886,0.0034546783095972,0.0587765115466817,0.0013122961948344
"retrospective","PoorOverlap","PATE","MisCor","WM_PS_M3",1000,TRUE,"inclusive",0.866391828860284,1000,"conditional_on_available_point",0.863300801709315,-0.00309102715096847,0.00309102715096847,-0.356770118092484,0.0252792359043539,0.158994452432636,0.0050278460501843,0.580320114144925,0.0252635111172976,0.15894499399886,0.00396702253442844
"prospective","PoorOverlap","PATE","MisCor","WM_PS_M3",1000,TRUE,"inclusive",0.866391828860284,1000,"conditional_on_available_point",0.859998039505758,-0.00639378935452553,0.00639378935452553,-0.737978953810817,0.0241121253536325,0.155280795186116,0.00491040989670236,0.566765490293448,0.0241288937705889,0.155334779655391,0.00363426310126291
"retrospective","GoodOverlap","PATT","MisCor","WM_PS_M3",1000,TRUE,"inclusive",1.03507218631865,1000,"conditional_on_available_point",1.03159252997838,-0.00347965634027168,0.00347965634027168,-0.336175233598678,0.00285726362459317,0.0534533780466041,0.00169034423257311,0.163306893462668,0.00286651436921497,0.0535398390846944,0.00119076226645966
"prospective","GoodOverlap","PATT","MisCor","WM_PS_M3",1000,TRUE,"inclusive",1.03507218631865,1000,"conditional_on_available_point",1.02730792015389,-0.00776426616476029,0.00776426616476029,-0.750118326758905,0.00391332084881624,0.0625565412152577,0.00197821152782412,0.191118218996865,0.00396969135704466,0.0630054867217504,0.00136876337671874
"retrospective","PoorOverlap","PATT","MisCor","WM_PS_M3",1000,TRUE,"inclusive",1.18185416619657,1000,"conditional_on_available_point",1.17864829472733,-0.00320587146923946,0.00320587146923946,-0.271257788053205,0.00843087733382502,0.0918198090491645,0.00290359730917099,0.245681522494041,0.00843272406836848,0.0918298647955472,0.00227938115986265
"prospective","PoorOverlap","PATT","MisCor","WM_PS_M3",1000,TRUE,"inclusive",1.18185416619657,1000,"conditional_on_available_point",1.16961425112476,-0.0122399150718121,0.0122399150718121,-1.035653587549,0.0141663054525131,0.119022289729752,0.00376381527874485,0.318466980647664,0.0143019546680258,0.119590780029339,0.00270309305664057
"retrospective","GoodOverlap","PATE","MisMis","WM_PS_M3",1000,TRUE,"inclusive",0.866391828860284,1000,"conditional_on_available_point",0.931961297917059,0.0655694690567755,0.0655694690567755,7.56810797062,0.00610984182557718,0.0781654771979113,0.00247180942339356,0.285299253877447,0.010403087256139,0.101995525667252,0.00212888307251335
"prospective","GoodOverlap","PATE","MisMis","WM_PS_M3",1000,TRUE,"inclusive",0.866391828860284,1000,"conditional_on_available_point",0.931072606142826,0.0646807772825419,0.0646807772825419,7.4655340837676,0.00570660396018115,0.075542067486806,0.00238884992416459,0.275723967446352,0.00988450030609476,0.0994208243080631,0.00216137731364722
"retrospective","PoorOverlap","PATE","MisMis","WM_PS_M3",1000,TRUE,"inclusive",0.866391828860284,1000,"conditional_on_available_point",1.10947906372138,0.243087234861096,0.243087234861096,28.0574246851879,0.0547693876846423,0.234028604415448,0.00740063427583354,0.854190220788311,0.113806022049371,0.337351481469063,0.00767879334436411
"prospective","PoorOverlap","PATE","MisMis","WM_PS_M3",1000,TRUE,"inclusive",0.866391828860284,1000,"conditional_on_available_point",1.11156312230165,0.245171293441368,0.245171293441368,28.2979692645399,0.0521176762459178,0.228292961446291,0.00721925731955288,0.833255471609148,0.112174521697385,0.33492465077594,0.00715678344803481
"retrospective","GoodOverlap","PATT","MisMis","WM_PS_M3",1000,TRUE,"inclusive",1.03507218631865,1000,"conditional_on_available_point",1.08534683049833,0.0502746441796803,0.0502746441796803,4.85711478331647,0.00439970946966744,0.066330305816176,0.0020975484427463,0.202647551588306,0.00692284960759123,0.0832036634265056,0.00176468239037008
"prospective","GoodOverlap","PATT","MisMis","WM_PS_M3",1000,TRUE,"inclusive",1.03507218631865,1000,"conditional_on_available_point",1.07725440407264,0.0421822177539849,0.0421822177539849,4.07529236236273,0.00597115802734098,0.0772732685172627,0.00244359530760332,0.236079699551607,0.00774452636395824,0.08800299065349,0.00195650740765433
"retrospective","PoorOverlap","PATT","MisMis","WM_PS_M3",1000,TRUE,"inclusive",1.18185416619657,1000,"conditional_on_available_point",1.37942974153811,0.19757557534154,0.19757557534154,16.7174242806433,0.014776841740542,0.121560033483633,0.00384406578254613,0.32525720114158,0.0537981728703421,0.23194433140377,0.00365463956764933
"prospective","PoorOverlap","PATT","MisMis","WM_PS_M3",1000,TRUE,"inclusive",1.18185416619657,1000,"conditional_on_available_point",1.36613808638945,0.184283920192884,0.184283920192884,15.5927800115936,0.0246833834544316,0.157109463287326,0.00496823745954555,0.420376523741019,0.0586192633126345,0.242114153474419,0.00478553301394229
"retrospective","GoodOverlap","PATE","CorCor","WM_DSM_M3",1000,TRUE,"inclusive",0.866391828860284,1000,"conditional_on_available_point",0.864920544983888,-0.00147128387639578,0.00147128387639578,-0.169817376778728,0.00317069524312854,0.0563089268511534,0.00178064461449458,0.205524169917088,0.00316968922413035,0.0562999931095054,0.00130163913409451
"prospective","GoodOverlap","PATE","CorCor","WM_DSM_M3",1000,TRUE,"inclusive",0.866391828860284,1000,"conditional_on_available_point",0.861333885481965,-0.00505794337831851,0.00505794337831851,-0.58379398441143,0.00330006019427521,0.0574461503869076,0.00181660678031191,0.209674966891321,0.00332234292529921,0.0576397686090013,0.00127014567877874
"retrospective","PoorOverlap","PATE","CorCor","WM_DSM_M3",1000,TRUE,"inclusive",0.866391828860284,1000,"conditional_on_available_point",0.872564566700864,0.00617273784058044,0.00617273784058044,0.71246491886939,0.0113712669382932,0.106636142739191,0.00337213091950671,0.389215457392144,0.0113979983638034,0.106761408588513,0.00246358749884135
"prospective","PoorOverlap","PATE","CorCor","WM_DSM_M3",1000,TRUE,"inclusive",0.866391828860284,1000,"conditional_on_available_point",0.863587486082339,-0.00280434277794477,0.00280434277794477,-0.323680658626918,0.0114818963954218,0.107153611210364,0.00338849470936901,0.39110418594627,0.0114782788374426,0.107136729637611,0.00251010423757941
"retrospective","GoodOverlap","PATT","CorCor","WM_DSM_M3",1000,TRUE,"inclusive",1.03507218631865,1000,"conditional_on_available_point",1.0324426401369,-0.00262954618175253,0.00262954618175253,-0.254044714611142,0.00287806881927142,0.0536476357286267,0.00169648719985487,0.163900375478991,0.00288210526357412,0.0536852425120174,0.00113681012000574
"prospective","GoodOverlap","PATT","CorCor","WM_DSM_M3",1000,TRUE,"inclusive",1.03507218631865,1000,"conditional_on_available_point",1.02895801377817,-0.00611417254047919,0.00611417254047919,-0.590700109740646,0.00383848282759619,0.0619554906977275,0.00195920464158193,0.189281932939389,0.00387202745062335,0.0622256173181379,0.00141165821258058
"retrospective","PoorOverlap","PATT","CorCor","WM_DSM_M3",1000,TRUE,"inclusive",1.18185416619657,1000,"conditional_on_available_point",1.18538908756806,0.00353492137149414,0.00353492137149414,0.299099624352993,0.00591502131929257,0.0769091757808687,0.00243208168433804,0.205785261320772,0.00592160196707592,0.0769519458303422,0.00180054805022907
"prospective","PoorOverlap","PATT","CorCor","WM_DSM_M3",1000,TRUE,"inclusive",1.18185416619657,1000,"conditional_on_available_point",1.17770461860062,-0.00414954759595305,0.00414954759595305,-0.351104875257755,0.00928505871892928,0.0963590095368839,0.0030471394321444,0.257827024627807,0.00929299240546143,0.0964001680779729,0.00208231416212029
"retrospective","GoodOverlap","PATE","CorMis","WM_DSM_M3",1000,TRUE,"inclusive",0.866391828860284,1000,"conditional_on_available_point",0.859396263845729,-0.00699556501455472,0.00699556501455472,-0.807436633348355,0.00389277848891849,0.0623921348321925,0.00197301254150056,0.227727510322438,0.00393782364030243,0.0627520807647239,0.00141053655452188
"prospective","GoodOverlap","PATE","CorMis","WM_DSM_M3",1000,TRUE,"inclusive",0.866391828860284,1000,"conditional_on_available_point",0.862536735033423,-0.00385509382686068,0.00385509382686068,-0.44495962432286,0.00394321314979211,0.0627950089560636,0.00198575253991833,0.229197976454896,0.00395413168505622,0.0628818867803457,0.00145810112316302
"retrospective","PoorOverlap","PATE","CorMis","WM_DSM_M3",1000,TRUE,"inclusive",0.866391828860284,1000,"conditional_on_available_point",0.889345219267689,0.0229533904074058,0.0229533904074058,2.64930827401736,0.01661995089426,0.128918388503192,0.00407675739948552,0.470544303822486,0.0171301890745605,0.1308823482161,0.00287217334393617
"prospective","PoorOverlap","PATE","CorMis","WM_DSM_M3",1000,TRUE,"inclusive",0.866391828860284,1000,"conditional_on_available_point",0.881931463538795,0.0155396346785109,0.0155396346785109,1.79360355913708,0.0159326698245725,0.126224679934522,0.00399157485518843,0.46071243082235,0.0161582174006895,0.127114977090387,0.00318709786326355
"retrospective","GoodOverlap","PATT","CorMis","WM_DSM_M3",1000,TRUE,"inclusive",1.03507218631865,1000,"conditional_on_available_point",1.0355815661548,0.000509379836151003,0.000509379836151003,0.0492120108030985,0.0033302657759044,0.0577084549776235,0.00182490157978571,0.176306696663947,0.00332719497794597,0.0576818427058808,0.0012902787206735
"prospective","GoodOverlap","PATT","CorMis","WM_DSM_M3",1000,TRUE,"inclusive",1.03507218631865,1000,"conditional_on_available_point",1.02152514654055,-0.0135470397781,0.0135470397781,-1.30880144951837,0.00451273915571637,0.0671769242799667,0.00212432086929361,0.205234079069306,0.00469174870331008,0.0684963408023384,0.00150213627044537
"retrospective","PoorOverlap","PATT","CorMis","WM_DSM_M3",1000,TRUE,"inclusive",1.18185416619657,1000,"conditional_on_available_point",1.21203564981328,0.0301814836167098,0.0301814836167098,2.55374008739501,0.00834141195151746,0.0913313306128705,0.00288815026470533,0.244374504681905,0.00924399249287167,0.0961456836934018,0.00209154704773161
"prospective","PoorOverlap","PATT","CorMis","WM_DSM_M3",1000,TRUE,"inclusive",1.18185416619657,1000,"conditional_on_available_point",1.1930559875231,0.0112018213265292,0.0112018213265292,0.947817560484536,0.013782671874941,0.117399624679728,0.00371250210436856,0.314125228861027,0.0138943700040975,0.117874382306324,0.00259306426982542
"retrospective","GoodOverlap","PATE","MisCor","WM_DSM_M3",1000,TRUE,"inclusive",0.866391828860284,1000,"conditional_on_available_point",0.865237536440844,-0.00115429241944011,0.00115429241944011,-0.133229836777033,0.00321476864249418,0.0566989298178915,0.00179297759118573,0.206947657106179,0.00321288626484127,0.0566823276237071,0.00129032037274087
"prospective","GoodOverlap","PATE","MisCor","WM_DSM_M3",1000,TRUE,"inclusive",0.866391828860284,1000,"conditional_on_available_point",0.86100096418631,-0.00539086467397404,0.00539086467397404,-0.622220165795606,0.00327442026823239,0.0572225503471524,0.0018095359262066,0.208858840299429,0.00330020726989726,0.0574474304899467,0.00126564419229048
"retrospective","PoorOverlap","PATE","MisCor","WM_DSM_M3",1000,TRUE,"inclusive",0.866391828860284,1000,"conditional_on_available_point",0.872868488758275,0.00647665989799152,0.00647665989799152,0.747543972859416,0.0113588126240692,0.106577730432156,0.00337028376017053,0.389002256012047,0.0113894009348794,0.106721136308041,0.00246606905079582
"prospective","PoorOverlap","PATE","MisCor","WM_DSM_M3",1000,TRUE,"inclusive",0.866391828860284,1000,"conditional_on_available_point",0.862690289809672,-0.00370153905061172,0.00370153905061172,-0.427236145045481,0.0116286928377286,0.107836417029353,0.00341008692524525,0.393596385798229,0.0116307655362341,0.107846026984002,0.00247743134692754
"retrospective","GoodOverlap","PATT","MisCor","WM_DSM_M3",1000,TRUE,"inclusive",1.03507218631865,1000,"conditional_on_available_point",1.03250718100902,-0.002565005309634,0.002565005309634,-0.247809316445524,0.00292454262170544,0.0540790405028181,0.00171012941665402,0.165218372134632,0.00292819733132218,0.0541128203970388,0.00114425310068195
"prospective","GoodOverlap","PATT","MisCor","WM_DSM_M3",1000,TRUE,"inclusive",1.03507218631865,1000,"conditional_on_available_point",1.02879847228256,-0.00627371403609436,0.00627371403609436,-0.606113671975624,0.00384707524171803,0.0620247953782843,0.00196139624801263,0.1894936675855,0.003882587654283,0.0623104136905141,0.0014114759174393
"retrospective","PoorOverlap","PATT","MisCor","WM_DSM_M3",1000,TRUE,"inclusive",1.18185416619657,1000,"conditional_on_available_point",1.18441871696709,0.00256455077051667,0.00256455077051667,0.21699384271495,0.00601387356460034,0.077549168690582,0.00245232003714857,0.207497685187386,0.0060144366116903,0.077552798864324,0.0018567518347805
"prospective","PoorOverlap","PATT","MisCor","WM_DSM_M3",1000,TRUE,"inclusive",1.18185416619657,1000,"conditional_on_available_point",1.17635716003555,-0.00549700616101854,0.00549700616101854,-0.465117128512475,0.0093094458106315,0.0964854694274298,0.00305113844501221,0.25816539233697,0.00933035344155514,0.0965937546715891,0.00202983564388087
"retrospective","GoodOverlap","PATE","MisMis","WM_DSM_M3",1000,TRUE,"inclusive",0.866391828860284,1000,"conditional_on_available_point",0.917733845306291,0.0513420164460072,0.0513420164460072,5.92595806374886,0.00528282228016383,0.0726830260801229,0.00229843909646608,0.265288639608896,0.00791354211062574,0.0889580918782869,0.00188898000382
"prospective","GoodOverlap","PATE","MisMis","WM_DSM_M3",1000,TRUE,"inclusive",0.866391828860284,1000,"conditional_on_available_point",0.9216083738508,0.0552165449905167,0.0552165449905167,6.37316086685082,0.00511363441165442,0.0715096805450452,0.00226133465273374,0.261005999526619,0.00815738761793252,0.0903182573898131,0.00200908747624581
"retrospective","PoorOverlap","PATE","MisMis","WM_DSM_M3",1000,TRUE,"inclusive",0.866391828860284,1000,"conditional_on_available_point",1.09395159639724,0.227559767536958,0.227559767536958,26.2652254969102,0.0223511640514599,0.149503056997039,0.00472770177268617,0.545677096113122,0.0741122606888827,0.272235671227859,0.00455457500209299
"prospective","PoorOverlap","PATE","MisMis","WM_DSM_M3",1000,TRUE,"inclusive",0.866391828860284,1000,"conditional_on_available_point",1.08760794049005,0.221216111629763,0.221216111629763,25.533033006644,0.0202533707937708,0.142314337976786,0.00450037451705642,0.519438707423701,0.0691696854675686,0.263001303167054,0.00438270645620056
"retrospective","GoodOverlap","PATT","MisMis","WM_DSM_M3",1000,TRUE,"inclusive",1.03507218631865,1000,"conditional_on_available_point",1.07584829811149,0.0407761117928345,0.0407761117928345,3.93944618856577,0.00414367179313705,0.064371358484477,0.00203560108890152,0.196662717422768,0.00580221941428565,0.0761723008336078,0.00173258752549351
"prospective","GoodOverlap","PATT","MisMis","WM_DSM_M3",1000,TRUE,"inclusive",1.03507218631865,1000,"conditional_on_available_point",1.0658651252724,0.0307929389537483,0.0307929389537483,2.97495569495175,0.00528958240890996,0.0727295153903143,0.00229990921753663,0.222197953721132,0.00623249791591032,0.0789461710022109,0.00179435012990733
"retrospective","PoorOverlap","PATT","MisMis","WM_DSM_M3",1000,TRUE,"inclusive",1.18185416619657,1000,"conditional_on_available_point",1.34417804619675,0.162323880000184,0.162323880000184,13.7346793405631,0.00858817877725251,0.0926724272761457,0.00293055946488934,0.247962866207126,0.0349286326167895,0.186892034653137,0.00266563891542527
"prospective","PoorOverlap","PATT","MisMis","WM_DSM_M3",1000,TRUE,"inclusive",1.18185416619657,1000,"conditional_on_available_point",1.32683364294157,0.144979476745003,0.144979476745003,12.2671206728977,0.0140239489015707,0.118422754999074,0.00374485632589165,0.316862810404375,0.0350289736299239,0.187160288602908,0.0032335477626815
"retrospective","GoodOverlap","PATE","CorCor","WM_X6_M3",1000,TRUE,"inclusive",0.866391828860284,1000,"conditional_on_available_point",0.865516693000621,-0.000875135859662301,0.000875135859662301,-0.101009246683861,0.00322783647604494,0.0568140517481806,0.00179661806626922,0.207367845173774,0.00322537450234177,0.0567923806715458,0.00125634427404778
"prospective","GoodOverlap","PATE","CorCor","WM_X6_M3",1000,TRUE,"inclusive",0.866391828860284,1000,"conditional_on_available_point",0.861270368769345,-0.0051214600909384,0.0051214600909384,-0.591125160734209,0.00319040573855463,0.0564836767443005,0.00178617069132674,0.206161996434846,0.00321344468627915,0.0566872532963024,0.0012632910101824
"retrospective","PoorOverlap","PATE","CorCor","WM_X6_M3",1000,TRUE,"inclusive",0.866391828860284,1000,"conditional_on_available_point",0.861381339731433,-0.00501048912885044,0.00501048912885044,-0.578316757146892,0.0134277938701682,0.115878358075044,0.00366439543037705,0.422948983163596,0.0134394710776084,0.115928732752534,0.00262526186191512
"prospective","PoorOverlap","PATE","CorCor","WM_X6_M3",1000,TRUE,"inclusive",0.866391828860284,1000,"conditional_on_available_point",0.855603465337667,-0.0107883635226162,0.0107883635226162,-1.24520605611067,0.0127165463056286,0.112767665159959,0.00356602668324686,0.411595142573988,0.0128202185468191,0.113226403929557,0.00257962503332254
"retrospective","GoodOverlap","PATT","CorCor","WM_X6_M3",1000,TRUE,"inclusive",1.03507218631865,1000,"conditional_on_available_point",1.03292952883093,-0.00214265748772676,0.00214265748772676,-0.207005609468395,0.00296943686366819,0.0544925395230227,0.00172320540379497,0.166481664426105,0.00297105840791423,0.0545074160817978,0.00115064076749319
"prospective","GoodOverlap","PATT","CorCor","WM_X6_M3",1000,TRUE,"inclusive",1.03507218631865,1000,"conditional_on_available_point",1.02896422050614,-0.00610796581251065,0.00610796581251065,-0.590100467701127,0.00373347746846658,0.0611021887371196,0.00193222086430785,0.186674986522438,0.00376705123736491,0.0613763084370909,0.00139757010529305
"retrospective","PoorOverlap","PATT","CorCor","WM_X6_M3",1000,TRUE,"inclusive",1.18185416619657,1000,"conditional_on_available_point",1.18379007147215,0.00193590527558408,0.00193590527558408,0.163802381965127,0.00493610199861,0.0702573981770603,0.00222173400716872,0.187987153636619,0.00493491362584742,0.0702489403894993,0.00160208031266867
"prospective","PoorOverlap","PATT","CorCor","WM_X6_M3",1000,TRUE,"inclusive",1.18185416619657,1000,"conditional_on_available_point",1.17333576772607,-0.00851839847049961,0.00851839847049961,-0.720765616786158,0.00712174549631135,0.0843904348626748,0.00266865986898131,0.225802805905365,0.00718718686331725,0.0847772779895489,0.00181296882096135
"retrospective","GoodOverlap","PATE","CorMis","WM_X6_M3",1000,TRUE,"inclusive",0.866391828860284,1000,"conditional_on_available_point",0.865516693000621,-0.000875135859662301,0.000875135859662301,-0.101009246683861,0.00322783647604494,0.0568140517481806,0.00179661806626922,0.207367845173774,0.00322537450234177,0.0567923806715458,0.00125634427404778
"prospective","GoodOverlap","PATE","CorMis","WM_X6_M3",1000,TRUE,"inclusive",0.866391828860284,1000,"conditional_on_available_point",0.861270368769345,-0.0051214600909384,0.0051214600909384,-0.591125160734209,0.00319040573855463,0.0564836767443005,0.00178617069132674,0.206161996434846,0.00321344468627915,0.0566872532963024,0.0012632910101824
"retrospective","PoorOverlap","PATE","CorMis","WM_X6_M3",1000,TRUE,"inclusive",0.866391828860284,1000,"conditional_on_available_point",0.861381339731433,-0.00501048912885044,0.00501048912885044,-0.578316757146892,0.0134277938701682,0.115878358075044,0.00366439543037705,0.422948983163596,0.0134394710776084,0.115928732752534,0.00262526186191512
"prospective","PoorOverlap","PATE","CorMis","WM_X6_M3",1000,TRUE,"inclusive",0.866391828860284,1000,"conditional_on_available_point",0.855603465337667,-0.0107883635226162,0.0107883635226162,-1.24520605611067,0.0127165463056286,0.112767665159959,0.00356602668324686,0.411595142573988,0.0128202185468191,0.113226403929557,0.00257962503332254
"retrospective","GoodOverlap","PATT","CorMis","WM_X6_M3",1000,TRUE,"inclusive",1.03507218631865,1000,"conditional_on_available_point",1.03292952883093,-0.00214265748772676,0.00214265748772676,-0.207005609468395,0.00296943686366819,0.0544925395230227,0.00172320540379497,0.166481664426105,0.00297105840791423,0.0545074160817978,0.00115064076749319
"prospective","GoodOverlap","PATT","CorMis","WM_X6_M3",1000,TRUE,"inclusive",1.03507218631865,1000,"conditional_on_available_point",1.02896422050614,-0.00610796581251065,0.00610796581251065,-0.590100467701127,0.00373347746846658,0.0611021887371196,0.00193222086430785,0.186674986522438,0.00376705123736491,0.0613763084370909,0.00139757010529305
"retrospective","PoorOverlap","PATT","CorMis","WM_X6_M3",1000,TRUE,"inclusive",1.18185416619657,1000,"conditional_on_available_point",1.18379007147215,0.00193590527558408,0.00193590527558408,0.163802381965127,0.00493610199861,0.0702573981770603,0.00222173400716872,0.187987153636619,0.00493491362584742,0.0702489403894993,0.00160208031266867
"prospective","PoorOverlap","PATT","CorMis","WM_X6_M3",1000,TRUE,"inclusive",1.18185416619657,1000,"conditional_on_available_point",1.17333576772607,-0.00851839847049961,0.00851839847049961,-0.720765616786158,0.00712174549631135,0.0843904348626748,0.00266865986898131,0.225802805905365,0.00718718686331725,0.0847772779895489,0.00181296882096135
"retrospective","GoodOverlap","PATE","MisCor","WM_X6_M3",1000,TRUE,"inclusive",0.866391828860284,1000,"conditional_on_available_point",0.865516693000621,-0.000875135859662301,0.000875135859662301,-0.101009246683861,0.00322783647604494,0.0568140517481806,0.00179661806626922,0.207367845173774,0.00322537450234177,0.0567923806715458,0.00125634427404778
"prospective","GoodOverlap","PATE","MisCor","WM_X6_M3",1000,TRUE,"inclusive",0.866391828860284,1000,"conditional_on_available_point",0.861270368769345,-0.0051214600909384,0.0051214600909384,-0.591125160734209,0.00319040573855463,0.0564836767443005,0.00178617069132674,0.206161996434846,0.00321344468627915,0.0566872532963024,0.0012632910101824
"retrospective","PoorOverlap","PATE","MisCor","WM_X6_M3",1000,TRUE,"inclusive",0.866391828860284,1000,"conditional_on_available_point",0.861381339731433,-0.00501048912885044,0.00501048912885044,-0.578316757146892,0.0134277938701682,0.115878358075044,0.00366439543037705,0.422948983163596,0.0134394710776084,0.115928732752534,0.00262526186191512
"prospective","PoorOverlap","PATE","MisCor","WM_X6_M3",1000,TRUE,"inclusive",0.866391828860284,1000,"conditional_on_available_point",0.855603465337667,-0.0107883635226162,0.0107883635226162,-1.24520605611067,0.0127165463056286,0.112767665159959,0.00356602668324686,0.411595142573988,0.0128202185468191,0.113226403929557,0.00257962503332254
"retrospective","GoodOverlap","PATT","MisCor","WM_X6_M3",1000,TRUE,"inclusive",1.03507218631865,1000,"conditional_on_available_point",1.03292952883093,-0.00214265748772676,0.00214265748772676,-0.207005609468395,0.00296943686366819,0.0544925395230227,0.00172320540379497,0.166481664426105,0.00297105840791423,0.0545074160817978,0.00115064076749319
"prospective","GoodOverlap","PATT","MisCor","WM_X6_M3",1000,TRUE,"inclusive",1.03507218631865,1000,"conditional_on_available_point",1.02896422050614,-0.00610796581251065,0.00610796581251065,-0.590100467701127,0.00373347746846658,0.0611021887371196,0.00193222086430785,0.186674986522438,0.00376705123736491,0.0613763084370909,0.00139757010529305
"retrospective","PoorOverlap","PATT","MisCor","WM_X6_M3",1000,TRUE,"inclusive",1.18185416619657,1000,"conditional_on_available_point",1.18379007147215,0.00193590527558408,0.00193590527558408,0.163802381965127,0.00493610199861,0.0702573981770603,0.00222173400716872,0.187987153636619,0.00493491362584742,0.0702489403894993,0.00160208031266867
"prospective","PoorOverlap","PATT","MisCor","WM_X6_M3",1000,TRUE,"inclusive",1.18185416619657,1000,"conditional_on_available_point",1.17333576772607,-0.00851839847049961,0.00851839847049961,-0.720765616786158,0.00712174549631135,0.0843904348626748,0.00266865986898131,0.225802805905365,0.00718718686331725,0.0847772779895489,0.00181296882096135
"retrospective","GoodOverlap","PATE","MisMis","WM_X6_M3",1000,TRUE,"inclusive",0.866391828860284,1000,"conditional_on_available_point",0.865516693000621,-0.000875135859662301,0.000875135859662301,-0.101009246683861,0.00322783647604494,0.0568140517481806,0.00179661806626922,0.207367845173774,0.00322537450234177,0.0567923806715458,0.00125634427404778
"prospective","GoodOverlap","PATE","MisMis","WM_X6_M3",1000,TRUE,"inclusive",0.866391828860284,1000,"conditional_on_available_point",0.861270368769345,-0.0051214600909384,0.0051214600909384,-0.591125160734209,0.00319040573855463,0.0564836767443005,0.00178617069132674,0.206161996434846,0.00321344468627915,0.0566872532963024,0.0012632910101824
"retrospective","PoorOverlap","PATE","MisMis","WM_X6_M3",1000,TRUE,"inclusive",0.866391828860284,1000,"conditional_on_available_point",0.861381339731433,-0.00501048912885044,0.00501048912885044,-0.578316757146892,0.0134277938701682,0.115878358075044,0.00366439543037705,0.422948983163596,0.0134394710776084,0.115928732752534,0.00262526186191512
"prospective","PoorOverlap","PATE","MisMis","WM_X6_M3",1000,TRUE,"inclusive",0.866391828860284,1000,"conditional_on_available_point",0.855603465337667,-0.0107883635226162,0.0107883635226162,-1.24520605611067,0.0127165463056286,0.112767665159959,0.00356602668324686,0.411595142573988,0.0128202185468191,0.113226403929557,0.00257962503332254
"retrospective","GoodOverlap","PATT","MisMis","WM_X6_M3",1000,TRUE,"inclusive",1.03507218631865,1000,"conditional_on_available_point",1.03292952883093,-0.00214265748772676,0.00214265748772676,-0.207005609468395,0.00296943686366819,0.0544925395230227,0.00172320540379497,0.166481664426105,0.00297105840791423,0.0545074160817978,0.00115064076749319
"prospective","GoodOverlap","PATT","MisMis","WM_X6_M3",1000,TRUE,"inclusive",1.03507218631865,1000,"conditional_on_available_point",1.02896422050614,-0.00610796581251065,0.00610796581251065,-0.590100467701127,0.00373347746846658,0.0611021887371196,0.00193222086430785,0.186674986522438,0.00376705123736491,0.0613763084370909,0.00139757010529305
"retrospective","PoorOverlap","PATT","MisMis","WM_X6_M3",1000,TRUE,"inclusive",1.18185416619657,1000,"conditional_on_available_point",1.18379007147215,0.00193590527558408,0.00193590527558408,0.163802381965127,0.00493610199861,0.0702573981770603,0.00222173400716872,0.187987153636619,0.00493491362584742,0.0702489403894993,0.00160208031266867
"prospective","PoorOverlap","PATT","MisMis","WM_X6_M3",1000,TRUE,"inclusive",1.18185416619657,1000,"conditional_on_available_point",1.17333576772607,-0.00851839847049961,0.00851839847049961,-0.720765616786158,0.00712174549631135,0.0843904348626748,0.00266865986898131,0.225802805905365,0.00718718686331725,0.0847772779895489,0.00181296882096135
"retrospective","GoodOverlap","PATE","CorCor","WM_PS_M5",1000,TRUE,"inclusive",0.866391828860284,1000,"conditional_on_available_point",0.865696495259951,-0.000695333600332588,0.000695333600332588,-0.080256250944481,0.00322519673257303,0.0567908155653098,0.00179588327364922,0.207283034514725,0.00322245502465621,0.0567666717771635,0.00130165293498748
"prospective","GoodOverlap","PATE","CorCor","WM_PS_M5",1000,TRUE,"inclusive",0.866391828860284,1000,"conditional_on_available_point",0.859673569876255,-0.00671825898402913,0.00671825898402913,-0.775429633595093,0.00326642270008191,0.0571526263620659,0.00180732473564711,0.208603621992212,0.00330829128115832,0.0575177475320298,0.00124507015656931
"retrospective","PoorOverlap","PATE","CorCor","WM_PS_M5",1000,TRUE,"inclusive",0.866391828860284,1000,"conditional_on_available_point",0.862092115630507,-0.00429971322977682,0.00429971322977682,-0.496278137275716,0.0208758977921352,0.144484939672393,0.00456901496956786,0.527361272044576,0.0208735094282013,0.144476674339498,0.00367071533828588
"prospective","PoorOverlap","PATE","CorCor","WM_PS_M5",1000,TRUE,"inclusive",0.866391828860284,1000,"conditional_on_available_point",0.857448739648825,-0.00894308921145911,0.00894308921145911,-1.03222224789718,0.0209744661012138,0.144825640344567,0.00457978887081204,0.528604808846897,0.0210334704797567,0.145029205609617,0.0033228234518705
"retrospective","GoodOverlap","PATT","CorCor","WM_PS_M5",1000,TRUE,"inclusive",1.03507218631865,1000,"conditional_on_available_point",1.03294053463844,-0.0021316516802106,0.0021316516802106,-0.205942320582688,0.0028756690690599,0.0536252652120239,0.00169577978200588,0.163832030695087,0.00287733733887659,0.0536408178430995,0.00114995508089568
"prospective","GoodOverlap","PATT","CorCor","WM_PS_M5",1000,TRUE,"inclusive",1.03507218631865,1000,"conditional_on_available_point",1.02735156160156,-0.00772062471709028,0.00772062471709028,-0.745902055831442,0.00379118650588332,0.0615726116539109,0.00194709694311386,0.188112188584539,0.00384700336539958,0.0620242159595717,0.00140940962174498
"retrospective","PoorOverlap","PATT","CorCor","WM_PS_M5",1000,TRUE,"inclusive",1.18185416619657,1000,"conditional_on_available_point",1.18158066223355,-0.000273503963021496,0.000273503963021496,-0.0231419383917462,0.0081457998032056,0.0902540846898665,0.0028540847575371,0.241492126454322,0.00813772880782018,0.0902093609766757,0.00211925598177831
"prospective","PoorOverlap","PATT","CorCor","WM_PS_M5",1000,TRUE,"inclusive",1.18185416619657,1000,"conditional_on_available_point",1.17275365058846,-0.00910051560810906,0.00910051560810906,-0.7700201825574,0.013172171678339,0.11477008180854,0.00362934865758844,0.307089382209344,0.0132418188909941,0.115073102378419,0.00250040322027973
"retrospective","GoodOverlap","PATE","CorMis","WM_PS_M5",1000,TRUE,"inclusive",0.866391828860284,1000,"conditional_on_available_point",0.861084078382323,-0.00530775047796078,0.00530775047796078,-0.612627024073276,0.00371502261566415,0.0609509853543333,0.00192743939351258,0.222467402081582,0.00373947980818478,0.0611512862349172,0.00136924747686983
"prospective","GoodOverlap","PATE","CorMis","WM_PS_M5",1000,TRUE,"inclusive",0.866391828860284,1000,"conditional_on_available_point",0.858634069221233,-0.00775775963905047,0.00775775963905047,-0.895410065126723,0.00393707013634105,0.0627460766609439,0.00198420516488115,0.229019376543674,0.00399331590082199,0.0631926886658733,0.00138904021854588
"retrospective","PoorOverlap","PATE","CorMis","WM_PS_M5",1000,TRUE,"inclusive",0.866391828860284,1000,"conditional_on_available_point",0.867568946263072,0.00117711740278817,0.00117711740278817,0.135864324151884,0.0395965932643746,0.198988927491895,0.00629258240028485,0.726297523900079,0.0395583822764902,0.198892891467971,0.00488146670527895
"prospective","PoorOverlap","PATE","CorMis","WM_PS_M5",1000,TRUE,"inclusive",0.866391828860284,1000,"conditional_on_available_point",0.862671419400326,-0.0037204094599575,0.0037204094599575,-0.429414190673013,0.0369801589341202,0.192302259305813,0.0060811313860268,0.70189159032425,0.0369570202217358,0.192242087539997,0.00497523546355757
"retrospective","GoodOverlap","PATT","CorMis","WM_PS_M5",1000,TRUE,"inclusive",1.03507218631865,1000,"conditional_on_available_point",1.03359030683526,-0.00148187948339318,0.00148187948339318,-0.143166776479972,0.00314745493258021,0.0561021829573521,0.00177410679852714,0.171399330595187,0.00314650344445093,0.056093702359988,0.00118842063833545
"prospective","GoodOverlap","PATT","CorMis","WM_PS_M5",1000,TRUE,"inclusive",1.03507218631865,1000,"conditional_on_available_point",1.02444103769159,-0.0106311486270577,0.0106311486270577,-1.02709248374923,0.00440812075653391,0.0663936800948246,0.0020995525134023,0.202841168099549,0.00451673395690796,0.0672066511359401,0.0014750184260778
"retrospective","PoorOverlap","PATT","CorMis","WM_PS_M5",1000,TRUE,"inclusive",1.18185416619657,1000,"conditional_on_available_point",1.19533213178725,0.0134779655906817,0.0134779655906817,1.14040851876474,0.0125047782924129,0.11182476600652,0.00353620959395974,0.299208624473519,0.0126739290705841,0.112578546226997,0.00256983859524776
"prospective","PoorOverlap","PATT","CorMis","WM_PS_M5",1000,TRUE,"inclusive",1.18185416619657,1000,"conditional_on_available_point",1.18264626501941,0.00079209882284321,0.00079209882284321,0.0670217058499133,0.0201921216021047,0.142098985225457,0.0044935644651106,0.380213108658891,0.0201725569010478,0.142030126737421,0.00313003373722209
"retrospective","GoodOverlap","PATE","MisCor","WM_PS_M5",1000,TRUE,"inclusive",0.866391828860284,1000,"conditional_on_available_point",0.864780464478471,-0.00161136438181258,0.00161136438181258,-0.185985639307367,0.00332403896882421,0.0576544791739914,0.00182319471500556,0.210435354336608,0.00332331142502636,0.0576481693120116,0.00130982652421373
"prospective","GoodOverlap","PATE","MisCor","WM_PS_M5",1000,TRUE,"inclusive",0.866391828860284,1000,"conditional_on_available_point",0.860723185899653,-0.00566864296063037,0.00566864296063037,-0.654281673926603,0.00324681101923979,0.0569807951790758,0.00180189095653422,0.207976448589613,0.00327569772123565,0.0572337114053916,0.00124712433396075
"retrospective","PoorOverlap","PATE","MisCor","WM_PS_M5",1000,TRUE,"inclusive",0.866391828860284,1000,"conditional_on_available_point",0.864662947764736,-0.00172888109554814,0.00172888109554814,-0.199549561521424,0.0207163004184958,0.143931582421982,0.00455151627685717,0.525341551621577,0.0206985731479198,0.143869986960171,0.00363968133446479
"prospective","PoorOverlap","PATE","MisCor","WM_PS_M5",1000,TRUE,"inclusive",0.866391828860284,1000,"conditional_on_available_point",0.860189144069038,-0.00620268479124565,0.00620268479124565,-0.715921432385289,0.0203059475952881,0.142498938926885,0.00450621211166187,0.520112489702226,0.0203241149463124,0.142562670241239,0.00334917176796848
"retrospective","GoodOverlap","PATT","MisCor","WM_PS_M5",1000,TRUE,"inclusive",1.03507218631865,1000,"conditional_on_available_point",1.03139575612416,-0.00367643019449129,0.00367643019449129,-0.355185874288336,0.00277461145759198,0.0526745807538321,0.00166571649976579,0.160927568316765,0.00278535298510936,0.052776443467795,0.00111940958434092
"prospective","GoodOverlap","PATT","MisCor","WM_PS_M5",1000,TRUE,"inclusive",1.03507218631865,1000,"conditional_on_available_point",1.02734762573573,-0.0077245605829185,0.0077245605829185,-0.746282306202406,0.00368910949442171,0.0607380399290404,0.0019207054679002,0.185562465428754,0.00374508922112646,0.0611971340924268,0.00135037017773892
"retrospective","PoorOverlap","PATT","MisCor","WM_PS_M5",1000,TRUE,"inclusive",1.18185416619657,1000,"conditional_on_available_point",1.18182350548133,-3.06607152380229e-05,3.06607152380229e-05,-0.00259428922069928,0.00759159252297667,0.0871297453397901,0.00275528447224178,0.233132356854891,0.00758400187053315,0.0870861749678624,0.00208756891668179
"prospective","PoorOverlap","PATT","MisCor","WM_PS_M5",1000,TRUE,"inclusive",1.18185416619657,1000,"conditional_on_available_point",1.17203110493209,-0.00982306126448337,0.00982306126448337,-0.831156799666395,0.0126111448138865,0.112299353577331,0.00355121737068945,0.300478474608922,0.0126950262016784,0.112672206873205,0.00245636342304719
"retrospective","GoodOverlap","PATE","MisMis","WM_PS_M5",1000,TRUE,"inclusive",0.866391828860284,1000,"conditional_on_available_point",0.933025778796356,0.0666339499360727,0.0666339499360727,7.69097165005907,0.00572012491409632,0.075631507416528,0.00239167826308145,0.276050417768557,0.0101544880732653,0.100769479869975,0.00210311015822529
"prospective","GoodOverlap","PATE","MisMis","WM_PS_M5",1000,TRUE,"inclusive",0.866391828860284,1000,"conditional_on_available_point",0.933107625159285,0.0667157962990014,0.0667157962990014,7.70041845694278,0.00540006248108047,0.0734851174121704,0.00232380345147357,0.268216224353186,0.00984565989440924,0.0992252986612247,0.00204172646564792
"retrospective","PoorOverlap","PATE","MisMis","WM_PS_M5",1000,TRUE,"inclusive",0.866391828860284,1000,"conditional_on_available_point",1.11896280622326,0.252570977362973,0.252570977362973,29.1520497942858,0.044356981163756,0.210610971138153,0.00666010369016549,0.768717278754428,0.10810472278868,0.328792826546869,0.00664274484653278
"prospective","PoorOverlap","PATE","MisMis","WM_PS_M5",1000,TRUE,"inclusive",0.866391828860284,1000,"conditional_on_available_point",1.11481726219973,0.248425433339447,0.248425433339447,28.6735660545465,0.0422259671881971,0.205489579269113,0.00649815105920115,0.750024508858689,0.103898937150901,0.322333580551113,0.00645030251348282
"retrospective","GoodOverlap","PATT","MisMis","WM_PS_M5",1000,TRUE,"inclusive",1.03507218631865,1000,"conditional_on_available_point",1.08650478894247,0.0514326026238205,0.0514326026238205,4.96898702367283,0.00423466960062996,0.0650743390333699,0.00205783128575449,0.19881041273782,0.00687574754368916,0.0829201274944097,0.00173065178398303
"prospective","GoodOverlap","PATT","MisMis","WM_PS_M5",1000,TRUE,"inclusive",1.03507218631865,1000,"conditional_on_available_point",1.0801298230702,0.0450576367515513,0.0450576367515513,4.35309124784849,0.00563154502438895,0.0750436208107588,0.00237308765628009,0.229267841185091,0.00765610410899931,0.0874991663331675,0.00192187102732068
"retrospective","PoorOverlap","PATT","MisMis","WM_PS_M5",1000,TRUE,"inclusive",1.18185416619657,1000,"conditional_on_available_point",1.38885322133037,0.206999055133801,0.206999055133801,17.5147713698013,0.012926528986445,0.113694894284858,0.00359534824272212,0.304212511624224,0.0557622112837449,0.236140236477702,0.00339377295336864
"prospective","PoorOverlap","PATT","MisMis","WM_PS_M5",1000,TRUE,"inclusive",1.18185416619657,1000,"conditional_on_available_point",1.37352387377148,0.191669707574914,0.191669707574914,16.2177122234753,0.0214646287379905,0.146508118334755,0.004632993496433,0.392010590557281,0.0581804409111055,0.241206220713947,0.00431884786827637
"retrospective","GoodOverlap","PATE","CorCor","WM_DSM_M5",1000,TRUE,"inclusive",0.866391828860284,1000,"conditional_on_available_point",0.864916974189942,-0.00147485467034172,0.00147485467034172,-0.170229522164568,0.00307607156459132,0.0554623436629874,0.00175387330346046,0.20243419259478,0.00307517068932536,0.0554542215645064,0.00127682175280504
"prospective","GoodOverlap","PATE","CorCor","WM_DSM_M5",1000,TRUE,"inclusive",0.866391828860284,1000,"conditional_on_available_point",0.861176891841812,-0.00521493701847139,0.00521493701847139,-0.601914381548532,0.00319905875939181,0.0565602224128567,0.00178859127790332,0.206441383485364,0.00322305526873905,0.0567719584719344,0.00124043407409294
"retrospective","PoorOverlap","PATE","CorCor","WM_DSM_M5",1000,TRUE,"inclusive",0.866391828860284,1000,"conditional_on_available_point",0.873960217526354,0.00756838866607025,0.00756838866607025,0.87355263680479,0.0106830263702118,0.103358726628243,0.00326848992199943,0.377253087243337,0.0107296238508423,0.103583897642647,0.00235737213609201
"prospective","PoorOverlap","PATE","CorCor","WM_DSM_M5",1000,TRUE,"inclusive",0.866391828860284,1000,"conditional_on_available_point",0.866257095204907,-0.000134733655376692,0.000134733655376692,-0.0155511225854855,0.0107981815024048,0.103914298835169,0.00328605865778516,0.379280892123358,0.0107874014740603,0.10386241608041,0.00243670025766958
"retrospective","GoodOverlap","PATT","CorCor","WM_DSM_M5",1000,TRUE,"inclusive",1.03507218631865,1000,"conditional_on_available_point",1.03159747741721,-0.0034747089014416,0.0034747089014416,-0.335697253521977,0.00276880976505394,0.0526194808512393,0.00166397408785532,0.160759231080629,0.00277811455723865,0.0527078225431353,0.00109486801832091
"prospective","GoodOverlap","PATT","CorCor","WM_DSM_M5",1000,TRUE,"inclusive",1.03507218631865,1000,"conditional_on_available_point",1.02844168886282,-0.00663049745583029,0.00663049745583029,-0.640583095891349,0.00374526253869892,0.0611985501355949,0.00193526807928486,0.186969382895685,0.003785480772672,0.0615262608377268,0.00139186004892196
"retrospective","PoorOverlap","PATT","CorCor","WM_DSM_M5",1000,TRUE,"inclusive",1.18185416619657,1000,"conditional_on_available_point",1.1851211417654,0.00326697556883208,0.00326697556883208,0.276427977518227,0.00564326151973149,0.0751216448151363,0.00237555499194009,0.201002379133212,0.0056482913875791,0.0751551155117142,0.00180984059232585
"prospective","PoorOverlap","PATT","CorCor","WM_DSM_M5",1000,TRUE,"inclusive",1.18185416619657,1000,"conditional_on_available_point",1.17877029858845,-0.00308386760811817,0.00308386760811817,-0.260934698740593,0.00899499737306402,0.0948419599811393,0.0029991661129494,0.253767867367366,0.00899551261511536,0.094844676261324,0.00206447413425264
"retrospective","GoodOverlap","PATE","CorMis","WM_DSM_M5",1000,TRUE,"inclusive",0.866391828860284,1000,"conditional_on_available_point",0.863209777751984,-0.00318205110829938,0.00318205110829938,-0.367276214098797,0.00371661355646717,0.0609640349424738,0.00192785205772309,0.222515032287312,0.00372302239216653,0.0610165747331537,0.00136291075574316
"prospective","GoodOverlap","PATE","CorMis","WM_DSM_M5",1000,TRUE,"inclusive",0.866391828860284,1000,"conditional_on_available_point",0.864079026655641,-0.00231280220464249,0.00231280220464249,-0.266946447046358,0.00394007527756869,0.0627700189387314,0.00198496228618296,0.229106764406369,0.00394148425632893,0.0627812412773826,0.00140929074848562
"retrospective","PoorOverlap","PATE","CorMis","WM_DSM_M5",1000,TRUE,"inclusive",0.866391828860284,1000,"conditional_on_available_point",0.899003521047164,0.0326116921868803,0.0326116921868803,3.76408122751805,0.0150555452753478,0.122701040237432,0.00388014758422251,0.447851359508636,0.0161040121973643,0.126901584692092,0.0028024241544587
"prospective","PoorOverlap","PATE","CorMis","WM_DSM_M5",1000,TRUE,"inclusive",0.866391828860284,1000,"conditional_on_available_point",0.889848679531268,0.0234568506709841,0.0234568506709841,2.70741827076566,0.0150973234563227,0.122871166090026,0.00388552743605327,0.448472308558656,0.0156324499762672,0.125029796353778,0.00319977354753791
"retrospective","GoodOverlap","PATT","CorMis","WM_DSM_M5",1000,TRUE,"inclusive",1.03507218631865,1000,"conditional_on_available_point",1.0342937548815,-0.000778431437152673,0.000778431437152673,-0.0752055216478428,0.00315334120322883,0.0561546187167969,0.001775764962834,0.171559528533918,0.00315079381752795,0.0561319322447388,0.00121856733393019
"prospective","GoodOverlap","PATT","CorMis","WM_DSM_M5",1000,TRUE,"inclusive",1.03507218631865,1000,"conditional_on_available_point",1.02455660777413,-0.0105155785445193,0.0105155785445193,-1.01592707093398,0.00428594976738452,0.0654671655670575,0.0020702535514725,0.200010547944061,0.00439224120974309,0.0662739859201413,0.00144758009487566
"retrospective","PoorOverlap","PATT","CorMis","WM_DSM_M5",1000,TRUE,"inclusive",1.18185416619657,1000,"conditional_on_available_point",1.21458513808864,0.0327309718920746,0.0327309718920746,2.76945945009519,0.00797044964798044,0.0892773747820826,0.0028231984783186,0.238878751631784,0.00903379571933224,0.0950462819858422,0.00211993341613569
"prospective","PoorOverlap","PATT","CorMis","WM_DSM_M5",1000,TRUE,"inclusive",1.18185416619657,1000,"conditional_on_available_point",1.20048432886533,0.0186301626687616,0.0186301626687616,1.57635038244329,0.0133246278725844,0.115432351932136,0.00365029147775687,0.308861413037464,0.0136583862057764,0.116869098592298,0.00248872334688983
"retrospective","GoodOverlap","PATE","MisCor","WM_DSM_M5",1000,TRUE,"inclusive",0.866391828860284,1000,"conditional_on_available_point",0.865412902347455,-0.000978926512828524,0.000978926512828524,-0.112988890271077,0.0031158730581036,0.0558200058948725,0.00176518357631823,0.203739638061947,0.00311371548216302,0.0558006763593688,0.0012607451718142
"prospective","GoodOverlap","PATE","MisCor","WM_DSM_M5",1000,TRUE,"inclusive",0.866391828860284,1000,"conditional_on_available_point",0.861007636800329,-0.00538419205995483,0.00538419205995483,-0.621450004559438,0.00320932182706379,0.0566508766663305,0.00179145801710891,0.206772266015658,0.0032351020293752,0.0568779573242148,0.00125609904385039
"retrospective","PoorOverlap","PATE","MisCor","WM_DSM_M5",1000,TRUE,"inclusive",0.866391828860284,1000,"conditional_on_available_point",0.87433712486576,0.00794529600547585,0.00794529600547585,0.917055740925868,0.0106087334941069,0.102998706273947,0.00325710507876348,0.375939034772306,0.0106612524892274,0.103253341298126,0.00232302288339148
"prospective","PoorOverlap","PATE","MisCor","WM_DSM_M5",1000,TRUE,"inclusive",0.866391828860284,1000,"conditional_on_available_point",0.86516380740116,-0.00122802145912393,0.00122802145912393,-0.14173973232635,0.0108443777660091,0.104136342196224,0.00329308028538769,0.38009133693235,0.0108350414249471,0.104091505056595,0.00242887351918869
"retrospective","GoodOverlap","PATT","MisCor","WM_DSM_M5",1000,TRUE,"inclusive",1.03507218631865,1000,"conditional_on_available_point",1.03210685422095,-0.0029653320977018,0.0029653320977018,-0.286485535685036,0.00279704158489782,0.052887064438271,0.0016724358238503,0.16157673309709,0.00280303773776259,0.0529437223640592,0.00110270178273772
"prospective","GoodOverlap","PATT","MisCor","WM_DSM_M5",1000,TRUE,"inclusive",1.03507218631865,1000,"conditional_on_available_point",1.02828337492232,-0.0067888113963287,0.0067888113963287,-0.655878062038731,0.00370525488172589,0.0608708048388214,0.00192490386298274,0.185968079176089,0.00374763758701908,0.0612179515094966,0.00140399098340253
"retrospective","PoorOverlap","PATT","MisCor","WM_DSM_M5",1000,TRUE,"inclusive",1.18185416619657,1000,"conditional_on_available_point",1.18350183529084,0.00164766909426876,0.00164766909426876,0.139413909211089,0.0057400202817606,0.0757629215497964,0.00239583394286011,0.202718238119882,0.00573699507492305,0.0757429539622205,0.00182094646387136
"prospective","PoorOverlap","PATT","MisCor","WM_DSM_M5",1000,TRUE,"inclusive",1.18185416619657,1000,"conditional_on_available_point",1.17736508016938,-0.00448908602719261,0.00448908602719261,-0.379834175449865,0.00914245837962809,0.0956162035411786,0.00302364984408382,0.25583950461625,0.009153467814608,0.0956737571887296,0.00204105448248623
"retrospective","GoodOverlap","PATE","MisMis","WM_DSM_M5",1000,TRUE,"inclusive",0.866391828860284,1000,"conditional_on_available_point",0.92068377616365,0.0542919473033664,0.0542919473033664,6.26644267580247,0.00503669685948623,0.0709696897237562,0.00224425864362516,0.259035065759729,0.00797927570461825,0.0893267916395649,0.00190289688135328
"prospective","GoodOverlap","PATE","MisMis","WM_DSM_M5",1000,TRUE,"inclusive",0.866391828860284,1000,"conditional_on_available_point",0.922036856674796,0.0556450278145127,0.0556450278145127,6.42261687621319,0.00509945828273247,0.0714104914052023,0.00225819801672317,0.260643965178408,0.00819072794492764,0.0905026405411888,0.00199523106506584
"retrospective","PoorOverlap","PATE","MisMis","WM_DSM_M5",1000,TRUE,"inclusive",0.866391828860284,1000,"conditional_on_available_point",1.09735020243653,0.230958373576244,0.230958373576244,26.6574967448693,0.0202394771746191,0.142265516463474,0.00449883064524762,0.519260511859365,0.0735610080224283,0.271221326636436,0.00436702257228007
"prospective","PoorOverlap","PATE","MisMis","WM_DSM_M5",1000,TRUE,"inclusive",0.866391828860284,1000,"conditional_on_available_point",1.08993603500443,0.223544206144149,0.223544206144149,25.8017445107043,0.0195880389594888,0.139957275478943,0.00442583765625094,0.510835572176738,0.0695404630211471,0.26370525785647,0.00427422276855001
"retrospective","GoodOverlap","PATT","MisMis","WM_DSM_M5",1000,TRUE,"inclusive",1.03507218631865,1000,"conditional_on_available_point",1.07629909754341,0.0412269112247586,0.0412269112247586,3.98299865165797,0.00393214638452901,0.0627068288508438,0.00198296404015025,0.191577366908378,0.00562787244727861,0.0750191472044211,0.00170080354420964
"prospective","GoodOverlap","PATT","MisMis","WM_DSM_M5",1000,TRUE,"inclusive",1.03507218631865,1000,"conditional_on_available_point",1.06848816158809,0.033415975269441,0.033415975269441,3.22837148086151,0.00514058534247507,0.0716978754390608,0.00226728589782477,0.219046161977226,0.00625207216034049,0.0790700459108283,0.00176753261676576
"retrospective","PoorOverlap","PATT","MisMis","WM_DSM_M5",1000,TRUE,"inclusive",1.18185416619657,1000,"conditional_on_available_point",1.34616941246701,0.164315246270443,0.164315246270443,13.9031744330386,0.00811423560827117,0.0900790519947405,0.00284854973772114,0.241023792883712,0.0351056215295791,0.18736494210385,0.00258747686535331
"prospective","PoorOverlap","PATT","MisMis","WM_DSM_M5",1000,TRUE,"inclusive",1.18185416619657,1000,"conditional_on_available_point",1.33051877756195,0.148664611365383,0.148664611365383,12.5789302620825,0.0136415411819149,0.116797008445914,0.00369344570583012,0.312512813464653,0.0357290663131533,0.189021338248234,0.00322903816180793
"retrospective","GoodOverlap","PATE","CorCor","WM_X6_M5",1000,TRUE,"inclusive",0.866391828860284,1000,"conditional_on_available_point",0.864933563497883,-0.0014582653624011,0.0014582653624011,-0.168314764039201,0.00317244969437082,0.0563245034986623,0.00178113719133896,0.205581023736338,0.00317140378254363,0.0563152180369004,0.00123374601704232
"prospective","GoodOverlap","PATE","CorCor","WM_X6_M5",1000,TRUE,"inclusive",0.866391828860284,1000,"conditional_on_available_point",0.860948850663929,-0.00544297819635492,0.00544297819635492,-0.628235172013917,0.0032374967108601,0.0568990044803958,0.00179930450754176,0.207677917497064,0.00326388522579524,0.0571304229443056,0.00125444797952749
"retrospective","PoorOverlap","PATE","CorCor","WM_X6_M5",1000,TRUE,"inclusive",0.866391828860284,1000,"conditional_on_available_point",0.861085057692871,-0.00530677116741239,0.00530677116741239,-0.612513990857153,0.0132581880706048,0.115144205545068,0.00364117948893003,0.420269370928845,0.0132730917027574,0.115208904615735,0.00258497412001081
"prospective","PoorOverlap","PATE","CorCor","WM_X6_M5",1000,TRUE,"inclusive",0.866391828860284,1000,"conditional_on_available_point",0.855249180959484,-0.0111426479007997,0.0111426479007997,-1.2860979904967,0.0130801665266311,0.114368555672576,0.0036166512862911,0.417438295909221,0.0131912449623457,0.114853145200058,0.00261238621565768
"retrospective","GoodOverlap","PATT","CorCor","WM_X6_M5",1000,TRUE,"inclusive",1.03507218631865,1000,"conditional_on_available_point",1.0324415223687,-0.0026306639499521,0.0026306639499521,-0.254152704006892,0.00280954266373454,0.0530051192219633,0.00167616904390176,0.161937405531419,0.00281365351388839,0.0530438829073474,0.00110783161812533
"prospective","GoodOverlap","PATT","CorCor","WM_X6_M5",1000,TRUE,"inclusive",1.03507218631865,1000,"conditional_on_available_point",1.02866074364359,-0.00641144267506375,0.00641144267506375,-0.619419858808761,0.00362252577164756,0.0601874220385585,0.0019032934013566,0.18388025748483,0.00366000984305154,0.0604980151992736,0.00138098061868617
"retrospective","PoorOverlap","PATT","CorCor","WM_X6_M5",1000,TRUE,"inclusive",1.18185416619657,1000,"conditional_on_available_point",1.18320351031069,0.00134934411411677,0.00134934411411677,0.114171794855131,0.00485502985042137,0.0696780442494002,0.00220341322734102,0.186436981005196,0.00485199555010925,0.0696562671272962,0.00157530165082765
"prospective","PoorOverlap","PATT","CorCor","WM_X6_M5",1000,TRUE,"inclusive",1.18185416619657,1000,"conditional_on_available_point",1.17317878066352,-0.00867538553305175,0.00867538553305175,-0.734048733015071,0.0071941642902527,0.0848184195222518,0.00268219393226006,0.226947961007056,0.00726223244010953,0.085218732917766,0.00182146702711178
"retrospective","GoodOverlap","PATE","CorMis","WM_X6_M5",1000,TRUE,"inclusive",0.866391828860284,1000,"conditional_on_available_point",0.864933563497883,-0.0014582653624011,0.0014582653624011,-0.168314764039201,0.00317244969437082,0.0563245034986623,0.00178113719133896,0.205581023736338,0.00317140378254363,0.0563152180369004,0.00123374601704232
"prospective","GoodOverlap","PATE","CorMis","WM_X6_M5",1000,TRUE,"inclusive",0.866391828860284,1000,"conditional_on_available_point",0.860948850663929,-0.00544297819635492,0.00544297819635492,-0.628235172013917,0.0032374967108601,0.0568990044803958,0.00179930450754176,0.207677917497064,0.00326388522579524,0.0571304229443056,0.00125444797952749
"retrospective","PoorOverlap","PATE","CorMis","WM_X6_M5",1000,TRUE,"inclusive",0.866391828860284,1000,"conditional_on_available_point",0.861085057692871,-0.00530677116741239,0.00530677116741239,-0.612513990857153,0.0132581880706048,0.115144205545068,0.00364117948893003,0.420269370928845,0.0132730917027574,0.115208904615735,0.00258497412001081
"prospective","PoorOverlap","PATE","CorMis","WM_X6_M5",1000,TRUE,"inclusive",0.866391828860284,1000,"conditional_on_available_point",0.855249180959484,-0.0111426479007997,0.0111426479007997,-1.2860979904967,0.0130801665266311,0.114368555672576,0.0036166512862911,0.417438295909221,0.0131912449623457,0.114853145200058,0.00261238621565768
"retrospective","GoodOverlap","PATT","CorMis","WM_X6_M5",1000,TRUE,"inclusive",1.03507218631865,1000,"conditional_on_available_point",1.0324415223687,-0.0026306639499521,0.0026306639499521,-0.254152704006892,0.00280954266373454,0.0530051192219633,0.00167616904390176,0.161937405531419,0.00281365351388839,0.0530438829073474,0.00110783161812533
"prospective","GoodOverlap","PATT","CorMis","WM_X6_M5",1000,TRUE,"inclusive",1.03507218631865,1000,"conditional_on_available_point",1.02866074364359,-0.00641144267506375,0.00641144267506375,-0.619419858808761,0.00362252577164756,0.0601874220385585,0.0019032934013566,0.18388025748483,0.00366000984305154,0.0604980151992736,0.00138098061868617
"retrospective","PoorOverlap","PATT","CorMis","WM_X6_M5",1000,TRUE,"inclusive",1.18185416619657,1000,"conditional_on_available_point",1.18320351031069,0.00134934411411677,0.00134934411411677,0.114171794855131,0.00485502985042137,0.0696780442494002,0.00220341322734102,0.186436981005196,0.00485199555010925,0.0696562671272962,0.00157530165082765
"prospective","PoorOverlap","PATT","CorMis","WM_X6_M5",1000,TRUE,"inclusive",1.18185416619657,1000,"conditional_on_available_point",1.17317878066352,-0.00867538553305175,0.00867538553305175,-0.734048733015071,0.0071941642902527,0.0848184195222518,0.00268219393226006,0.226947961007056,0.00726223244010953,0.085218732917766,0.00182146702711178
"retrospective","GoodOverlap","PATE","MisCor","WM_X6_M5",1000,TRUE,"inclusive",0.866391828860284,1000,"conditional_on_available_point",0.864933563497883,-0.0014582653624011,0.0014582653624011,-0.168314764039201,0.00317244969437082,0.0563245034986623,0.00178113719133896,0.205581023736338,0.00317140378254363,0.0563152180369004,0.00123374601704232
"prospective","GoodOverlap","PATE","MisCor","WM_X6_M5",1000,TRUE,"inclusive",0.866391828860284,1000,"conditional_on_available_point",0.860948850663929,-0.00544297819635492,0.00544297819635492,-0.628235172013917,0.0032374967108601,0.0568990044803958,0.00179930450754176,0.207677917497064,0.00326388522579524,0.0571304229443056,0.00125444797952749
"retrospective","PoorOverlap","PATE","MisCor","WM_X6_M5",1000,TRUE,"inclusive",0.866391828860284,1000,"conditional_on_available_point",0.861085057692871,-0.00530677116741239,0.00530677116741239,-0.612513990857153,0.0132581880706048,0.115144205545068,0.00364117948893003,0.420269370928845,0.0132730917027574,0.115208904615735,0.00258497412001081
"prospective","PoorOverlap","PATE","MisCor","WM_X6_M5",1000,TRUE,"inclusive",0.866391828860284,1000,"conditional_on_available_point",0.855249180959484,-0.0111426479007997,0.0111426479007997,-1.2860979904967,0.0130801665266311,0.114368555672576,0.0036166512862911,0.417438295909221,0.0131912449623457,0.114853145200058,0.00261238621565768
"retrospective","GoodOverlap","PATT","MisCor","WM_X6_M5",1000,TRUE,"inclusive",1.03507218631865,1000,"conditional_on_available_point",1.0324415223687,-0.0026306639499521,0.0026306639499521,-0.254152704006892,0.00280954266373454,0.0530051192219633,0.00167616904390176,0.161937405531419,0.00281365351388839,0.0530438829073474,0.00110783161812533
"prospective","GoodOverlap","PATT","MisCor","WM_X6_M5",1000,TRUE,"inclusive",1.03507218631865,1000,"conditional_on_available_point",1.02866074364359,-0.00641144267506375,0.00641144267506375,-0.619419858808761,0.00362252577164756,0.0601874220385585,0.0019032934013566,0.18388025748483,0.00366000984305154,0.0604980151992736,0.00138098061868617
"retrospective","PoorOverlap","PATT","MisCor","WM_X6_M5",1000,TRUE,"inclusive",1.18185416619657,1000,"conditional_on_available_point",1.18320351031069,0.00134934411411677,0.00134934411411677,0.114171794855131,0.00485502985042137,0.0696780442494002,0.00220341322734102,0.186436981005196,0.00485199555010925,0.0696562671272962,0.00157530165082765
"prospective","PoorOverlap","PATT","MisCor","WM_X6_M5",1000,TRUE,"inclusive",1.18185416619657,1000,"conditional_on_available_point",1.17317878066352,-0.00867538553305175,0.00867538553305175,-0.734048733015071,0.0071941642902527,0.0848184195222518,0.00268219393226006,0.226947961007056,0.00726223244010953,0.085218732917766,0.00182146702711178
"retrospective","GoodOverlap","PATE","MisMis","WM_X6_M5",1000,TRUE,"inclusive",0.866391828860284,1000,"conditional_on_available_point",0.864933563497883,-0.0014582653624011,0.0014582653624011,-0.168314764039201,0.00317244969437082,0.0563245034986623,0.00178113719133896,0.205581023736338,0.00317140378254363,0.0563152180369004,0.00123374601704232
"prospective","GoodOverlap","PATE","MisMis","WM_X6_M5",1000,TRUE,"inclusive",0.866391828860284,1000,"conditional_on_available_point",0.860948850663929,-0.00544297819635492,0.00544297819635492,-0.628235172013917,0.0032374967108601,0.0568990044803958,0.00179930450754176,0.207677917497064,0.00326388522579524,0.0571304229443056,0.00125444797952749
"retrospective","PoorOverlap","PATE","MisMis","WM_X6_M5",1000,TRUE,"inclusive",0.866391828860284,1000,"conditional_on_available_point",0.861085057692871,-0.00530677116741239,0.00530677116741239,-0.612513990857153,0.0132581880706048,0.115144205545068,0.00364117948893003,0.420269370928845,0.0132730917027574,0.115208904615735,0.00258497412001081
"prospective","PoorOverlap","PATE","MisMis","WM_X6_M5",1000,TRUE,"inclusive",0.866391828860284,1000,"conditional_on_available_point",0.855249180959484,-0.0111426479007997,0.0111426479007997,-1.2860979904967,0.0130801665266311,0.114368555672576,0.0036166512862911,0.417438295909221,0.0131912449623457,0.114853145200058,0.00261238621565768
"retrospective","GoodOverlap","PATT","MisMis","WM_X6_M5",1000,TRUE,"inclusive",1.03507218631865,1000,"conditional_on_available_point",1.0324415223687,-0.0026306639499521,0.0026306639499521,-0.254152704006892,0.00280954266373454,0.0530051192219633,0.00167616904390176,0.161937405531419,0.00281365351388839,0.0530438829073474,0.00110783161812533
"prospective","GoodOverlap","PATT","MisMis","WM_X6_M5",1000,TRUE,"inclusive",1.03507218631865,1000,"conditional_on_available_point",1.02866074364359,-0.00641144267506375,0.00641144267506375,-0.619419858808761,0.00362252577164756,0.0601874220385585,0.0019032934013566,0.18388025748483,0.00366000984305154,0.0604980151992736,0.00138098061868617
"retrospective","PoorOverlap","PATT","MisMis","WM_X6_M5",1000,TRUE,"inclusive",1.18185416619657,1000,"conditional_on_available_point",1.18320351031069,0.00134934411411677,0.00134934411411677,0.114171794855131,0.00485502985042137,0.0696780442494002,0.00220341322734102,0.186436981005196,0.00485199555010925,0.0696562671272962,0.00157530165082765
"prospective","PoorOverlap","PATT","MisMis","WM_X6_M5",1000,TRUE,"inclusive",1.18185416619657,1000,"conditional_on_available_point",1.17317878066352,-0.00867538553305175,0.00867538553305175,-0.734048733015071,0.0071941642902527,0.0848184195222518,0.00268219393226006,0.226947961007056,0.00726223244010953,0.085218732917766,0.00182146702711178
"retrospective","GoodOverlap","PATE","CorCor","WM_DSM_analytic_M1",1000,TRUE,"inclusive",0.866391828860284,1000,"conditional_on_available_point",0.864859577501244,-0.00153225135903918,0.00153225135903918,-0.176854317873105,0.00387249740256784,0.0622293933970743,0.00196786620545398,0.227133513948609,0.00387097269939255,0.0622171415237999,0.00139280889746852
"prospective","GoodOverlap","PATE","CorCor","WM_DSM_analytic_M1",1000,TRUE,"inclusive",0.866391828860284,1000,"conditional_on_available_point",0.86013980144946,-0.00625202741082398,0.00625202741082398,-0.721616617627657,0.00356738178646189,0.0597275630380304,0.00188875138291462,0.21800198478317,0.00360290225142112,0.0600241805560153,0.00129804393563787
"retrospective","PoorOverlap","PATE","CorCor","WM_DSM_analytic_M1",1000,TRUE,"inclusive",0.866391828860284,1000,"conditional_on_available_point",0.869386567854972,0.00299473899468861,0.00299473899468861,0.345656421832615,0.0148299681018574,0.121778356459009,0.00385096976122345,0.444483619644624,0.0148241065954018,0.121754287790623,0.00279744372497187
"prospective","PoorOverlap","PATE","CorCor","WM_DSM_analytic_M1",1000,TRUE,"inclusive",0.866391828860284,1000,"conditional_on_available_point",0.857508031637301,-0.00888379722298298,0.00888379722298298,-1.02537869438005,0.013571598405974,0.11649720342555,0.00368396503864708,0.425207731182466,0.0136369486606671,0.116777346521777,0.00253365906197967
"retrospective","GoodOverlap","PATT","CorCor","WM_DSM_analytic_M1",1000,TRUE,"inclusive",1.03507218631865,1000,"conditional_on_available_point",1.03250044185355,-0.00257174446510342,0.00257174446510342,-0.248460397168057,0.00349730622601465,0.0591380269032934,0.00187010861342721,0.18067422138725,0.00350042278938243,0.0591643709455482,0.00132079644333855
"prospective","GoodOverlap","PATT","CorCor","WM_DSM_analytic_M1",1000,TRUE,"inclusive",1.03507218631865,1000,"conditional_on_available_point",1.0298022747082,-0.00526991161045445,0.00526991161045445,-0.50913469418954,0.00447947206189173,0.0669288582144633,0.00211647633152174,0.204476205572601,0.00450276455821184,0.0671026419614894,0.00149778867880243
"retrospective","PoorOverlap","PATT","CorCor","WM_DSM_analytic_M1",1000,TRUE,"inclusive",1.18185416619657,1000,"conditional_on_available_point",1.18469486641071,0.00284070021414416,0.00284070021414416,0.240359622650066,0.00726576296381233,0.0852394448821221,0.00269550792315889,0.228074495166653,0.00726656677855515,0.0852441597914787,0.00206382320658129
"prospective","PoorOverlap","PATT","CorCor","WM_DSM_analytic_M1",1000,TRUE,"inclusive",1.18185416619657,1000,"conditional_on_available_point",1.17393476779226,-0.00791939840431223,0.00791939840431223,-0.670082539015651,0.0105627293402177,0.102775139699334,0.00325003528291889,0.274994612353749,0.0106148834819637,0.10302855663341,0.00224792898395047
"retrospective","GoodOverlap","PATE","CorMis","WM_DSM_analytic_M1",1000,TRUE,"inclusive",0.866391828860284,1000,"conditional_on_available_point",0.842995755585558,-0.0233960732747257,0.0233960732747257,-2.70040326967333,0.00474491666076076,0.0688833554696689,0.00217828296159171,0.251420072192646,0.00528754798877633,0.0727155278381195,0.00165750585462645
"prospective","GoodOverlap","PATE","CorMis","WM_DSM_analytic_M1",1000,TRUE,"inclusive",0.866391828860284,1000,"conditional_on_available_point",0.856089714134392,-0.0103021147258912,0.0103021147258912,-1.18908262782711,0.00459529545316638,0.0677886085796602,0.00214366402525358,0.24742431240072,0.00469683372553863,0.0685334496836299,0.00158300061915647
"retrospective","PoorOverlap","PATE","CorMis","WM_DSM_analytic_M1",1000,TRUE,"inclusive",0.866391828860284,1000,"conditional_on_available_point",0.861618661461766,-0.004773167398518,0.004773167398518,-0.550924794015772,0.0223302271197633,0.149433018840427,0.00472548697170601,0.545421461086754,0.0223306800196578,0.149434534227058,0.00330774174317982
"prospective","PoorOverlap","PATE","CorMis","WM_DSM_analytic_M1",1000,TRUE,"inclusive",0.866391828860284,1000,"conditional_on_available_point",0.860827037054567,-0.00556479180571676,0.00556479180571676,-0.642295047154022,0.0193954503114729,0.139267549384172,0.00440402660203965,0.508318113737642,0.0194070217690024,0.1393090871731,0.00327774196329595
"retrospective","GoodOverlap","PATT","CorMis","WM_DSM_analytic_M1",1000,TRUE,"inclusive",1.03507218631865,1000,"conditional_on_available_point",1.03691227144986,0.00184008513120478,0.00184008513120478,0.177773604153083,0.0041903653445219,0.0647330313249882,0.0020470381883399,0.197767674119466,0.00418956089246746,0.0647268174133988,0.00149105633540803
"prospective","GoodOverlap","PATT","CorMis","WM_DSM_analytic_M1",1000,TRUE,"inclusive",1.03507218631865,1000,"conditional_on_available_point",1.0130505881333,-0.0220215981853478,0.0220215981853478,-2.12754225999155,0.00526804159784722,0.0725812758075195,0.00229522147032639,0.221745062872339,0.00574772434288628,0.0758137477169298,0.00159903600519115
"retrospective","PoorOverlap","PATT","CorMis","WM_DSM_analytic_M1",1000,TRUE,"inclusive",1.18185416619657,1000,"conditional_on_available_point",1.20511183275706,0.0232576665604858,0.0232576665604858,1.96789648212972,0.0108517824988568,0.104171889196927,0.00329420438024978,0.278731883718881,0.0113818497701967,0.106685752423633,0.00240416409789612
"prospective","PoorOverlap","PATT","CorMis","WM_DSM_analytic_M1",1000,TRUE,"inclusive",1.18185416619657,1000,"conditional_on_available_point",1.17189585399467,-0.00995831220189671,0.00995831220189671,-0.842600761305808,0.0165642990335351,0.128702366075901,0.00406992617052633,0.34436788285175,0.016646902716412,0.129022876717317,0.00288846111129534
"retrospective","GoodOverlap","PATE","MisCor","WM_DSM_analytic_M1",1000,TRUE,"inclusive",0.866391828860284,1000,"conditional_on_available_point",0.866647063843477,0.000255234983193604,0.000255234983193604,0.0294595325915479,0.0039388609199069,0.0627603451225923,0.00198465637325631,0.229071455563827,0.00393498720388363,0.0627294763558858,0.00142230104704104
"prospective","GoodOverlap","PATE","MisCor","WM_DSM_analytic_M1",1000,TRUE,"inclusive",0.866391828860284,1000,"conditional_on_available_point",0.859771693084278,-0.00662013577600548,0.00662013577600548,-0.764104133428185,0.00356177288686181,0.0596805905371404,0.00188726598201256,0.217830538002096,0.0036020373116677,0.0600169751959202,0.00134673844023978
"retrospective","PoorOverlap","PATE","MisCor","WM_DSM_analytic_M1",1000,TRUE,"inclusive",0.866391828860284,1000,"conditional_on_available_point",0.871453231676939,0.00506140281665567,0.00506140281665567,0.584193276997293,0.014698095382747,0.121235701766216,0.00383380951310142,0.442502962908215,0.0147090150858367,0.121280728418973,0.00277840535144229
"prospective","PoorOverlap","PATE","MisCor","WM_DSM_analytic_M1",1000,TRUE,"inclusive",0.866391828860284,1000,"conditional_on_available_point",0.85609003253702,-0.0103017963232633,0.0103017963232633,-1.18904587740804,0.0138286005369158,0.117595070206688,0.0037186826346054,0.429214878387904,0.0139208989438648,0.117986859199933,0.00258348343088964
"retrospective","GoodOverlap","PATT","MisCor","WM_DSM_analytic_M1",1000,TRUE,"inclusive",1.03507218631865,1000,"conditional_on_available_point",1.03274419643714,-0.00232798988150809,0.00232798988150809,-0.224910872138091,0.00357678834148186,0.0598062567084904,0.00189123989527555,0.182715748744244,0.00357863109002878,0.059821660709385,0.00128108565856652
"prospective","GoodOverlap","PATT","MisCor","WM_DSM_analytic_M1",1000,TRUE,"inclusive",1.03507218631865,1000,"conditional_on_available_point",1.029862593996,-0.00520959232265132,0.00520959232265132,-0.503307150120592,0.00452100591915652,0.0672384259122455,0.0021262657216718,0.205421974406838,0.00454362476540559,0.067406414868361,0.00146148694264485
"retrospective","PoorOverlap","PATT","MisCor","WM_DSM_analytic_M1",1000,TRUE,"inclusive",1.18185416619657,1000,"conditional_on_available_point",1.18288987269578,0.00103570649920805,0.00103570649920805,0.0876340354699728,0.00729844910405508,0.0854309610390465,0.00270156419580492,0.22858693340305,0.00729222334290353,0.0853945158830679,0.0020684189277536
"prospective","PoorOverlap","PATT","MisCor","WM_DSM_analytic_M1",1000,TRUE,"inclusive",1.18185416619657,1000,"conditional_on_available_point",1.17448509853583,-0.00736906766074134,0.00736906766074134,-0.623517509309663,0.0105552357331058,0.102738676909457,0.00324888222826032,0.274897049160967,0.0105989836555612,0.102951365486628,0.00237179888222341
"retrospective","GoodOverlap","PATE","MisMis","WM_DSM_analytic_M1",1000,TRUE,"inclusive",0.866391828860284,1000,"conditional_on_available_point",0.906626846755315,0.0402350178950317,0.0402350178950317,4.64397476462351,0.00612916271714158,0.0782889693197042,0.00247571458717308,0.285749992636683,0.00774189021943796,0.0879880117938686,0.00193286202135816
"prospective","GoodOverlap","PATE","MisMis","WM_DSM_analytic_M1",1000,TRUE,"inclusive",0.866391828860284,1000,"conditional_on_available_point",0.91621288581486,0.0498210569545763,0.0498210569545763,5.75040706698661,0.00564826303032777,0.0751549268533192,0.0023766074623984,0.274310927600133,0.00812475248336857,0.0901374089009029,0.00203142878527142
"retrospective","PoorOverlap","PATE","MisMis","WM_DSM_analytic_M1",1000,TRUE,"inclusive",0.866391828860284,1000,"conditional_on_available_point",1.07640344929801,0.210011620437723,0.210011620437723,24.2397969881581,0.0284292996543376,0.168609903784854,0.00533191332021982,0.615415928752908,0.0725057510735613,0.269268919620444,0.00504584316596738
"prospective","PoorOverlap","PATE","MisMis","WM_DSM_analytic_M1",1000,TRUE,"inclusive",0.866391828860284,1000,"conditional_on_available_point",1.0732264104873,0.206834581627015,0.206834581627015,23.8730992995514,0.0231146393423243,0.152034993808413,0.00480776864484183,0.554918512004705,0.0658720688598042,0.256655545156936,0.0046502606609732
"retrospective","GoodOverlap","PATT","MisMis","WM_DSM_analytic_M1",1000,TRUE,"inclusive",1.03507218631865,1000,"conditional_on_available_point",1.07204714890888,0.0369749625902282,0.0369749625902282,3.57221100894748,0.00468700264669731,0.0684616874368235,0.00216494864758897,0.209159194518486,0.00604946350259939,0.0777782971181511,0.00175491696822847
"prospective","GoodOverlap","PATT","MisMis","WM_DSM_analytic_M1",1000,TRUE,"inclusive",1.03507218631865,1000,"conditional_on_available_point",1.06064508290469,0.0255728965860335,0.0255728965860335,2.47063894905594,0.00628898845036836,0.079303142752153,0.00250778556706277,0.242281224460488,0.00693667250171796,0.0832866886226002,0.0018486518729796
"retrospective","PoorOverlap","PATT","MisMis","WM_DSM_analytic_M1",1000,TRUE,"inclusive",1.18185416619657,1000,"conditional_on_available_point",1.33601769311531,0.154163526918744,0.154163526918744,13.0442089496432,0.0111336547376794,0.105516134963708,0.00333671316383044,0.282328671274952,0.0348889141149681,0.186785743875083,0.00299175357982422
"prospective","PoorOverlap","PATT","MisMis","WM_DSM_analytic_M1",1000,TRUE,"inclusive",1.18185416619657,1000,"conditional_on_available_point",1.31425191817259,0.132397751976022,0.132397751976022,11.202545606968,0.0164495080357226,0.128255635493036,0.00405579930910327,0.343172569434315,0.0339622232559911,0.184288424096553,0.00340773825860431
"retrospective","GoodOverlap","PATE","CorCor","WM_DSM_analytic_M3",1000,TRUE,"inclusive",0.866391828860284,1000,"conditional_on_available_point",0.864920544983888,-0.00147128387639578,0.00147128387639578,-0.169817376778728,0.00317069524312854,0.0563089268511534,0.00178064461449458,0.205524169917088,0.00316968922413035,0.0562999931095054,0.00130163913409451
"prospective","GoodOverlap","PATE","CorCor","WM_DSM_analytic_M3",1000,TRUE,"inclusive",0.866391828860284,1000,"conditional_on_available_point",0.861333885481965,-0.00505794337831851,0.00505794337831851,-0.58379398441143,0.00330006019427521,0.0574461503869076,0.00181660678031191,0.209674966891321,0.00332234292529921,0.0576397686090013,0.00127014567877874
"retrospective","PoorOverlap","PATE","CorCor","WM_DSM_analytic_M3",1000,TRUE,"inclusive",0.866391828860284,1000,"conditional_on_available_point",0.872564566700864,0.00617273784058044,0.00617273784058044,0.71246491886939,0.0113712669382932,0.106636142739191,0.00337213091950671,0.389215457392144,0.0113979983638034,0.106761408588513,0.00246358749884135
"prospective","PoorOverlap","PATE","CorCor","WM_DSM_analytic_M3",1000,TRUE,"inclusive",0.866391828860284,1000,"conditional_on_available_point",0.863587486082339,-0.00280434277794477,0.00280434277794477,-0.323680658626918,0.0114818963954218,0.107153611210364,0.00338849470936901,0.39110418594627,0.0114782788374426,0.107136729637611,0.00251010423757941
"retrospective","GoodOverlap","PATT","CorCor","WM_DSM_analytic_M3",1000,TRUE,"inclusive",1.03507218631865,1000,"conditional_on_available_point",1.0324426401369,-0.00262954618175253,0.00262954618175253,-0.254044714611142,0.00287806881927142,0.0536476357286267,0.00169648719985487,0.163900375478991,0.00288210526357412,0.0536852425120174,0.00113681012000574
"prospective","GoodOverlap","PATT","CorCor","WM_DSM_analytic_M3",1000,TRUE,"inclusive",1.03507218631865,1000,"conditional_on_available_point",1.02895801377817,-0.00611417254047919,0.00611417254047919,-0.590700109740646,0.00383848282759619,0.0619554906977275,0.00195920464158193,0.189281932939389,0.00387202745062335,0.0622256173181379,0.00141165821258058
"retrospective","PoorOverlap","PATT","CorCor","WM_DSM_analytic_M3",1000,TRUE,"inclusive",1.18185416619657,1000,"conditional_on_available_point",1.18538908756806,0.00353492137149414,0.00353492137149414,0.299099624352993,0.00591502131929257,0.0769091757808687,0.00243208168433804,0.205785261320772,0.00592160196707592,0.0769519458303422,0.00180054805022907
"prospective","PoorOverlap","PATT","CorCor","WM_DSM_analytic_M3",1000,TRUE,"inclusive",1.18185416619657,1000,"conditional_on_available_point",1.17770461860062,-0.00414954759595305,0.00414954759595305,-0.351104875257755,0.00928505871892928,0.0963590095368839,0.0030471394321444,0.257827024627807,0.00929299240546143,0.0964001680779729,0.00208231416212029
"retrospective","GoodOverlap","PATE","CorMis","WM_DSM_analytic_M3",1000,TRUE,"inclusive",0.866391828860284,1000,"conditional_on_available_point",0.859396263845729,-0.00699556501455472,0.00699556501455472,-0.807436633348355,0.00389277848891849,0.0623921348321925,0.00197301254150056,0.227727510322438,0.00393782364030243,0.0627520807647239,0.00141053655452188
"prospective","GoodOverlap","PATE","CorMis","WM_DSM_analytic_M3",1000,TRUE,"inclusive",0.866391828860284,1000,"conditional_on_available_point",0.862536735033423,-0.00385509382686068,0.00385509382686068,-0.44495962432286,0.00394321314979211,0.0627950089560636,0.00198575253991833,0.229197976454896,0.00395413168505622,0.0628818867803457,0.00145810112316302
"retrospective","PoorOverlap","PATE","CorMis","WM_DSM_analytic_M3",1000,TRUE,"inclusive",0.866391828860284,1000,"conditional_on_available_point",0.889345219267689,0.0229533904074058,0.0229533904074058,2.64930827401736,0.01661995089426,0.128918388503192,0.00407675739948552,0.470544303822486,0.0171301890745605,0.1308823482161,0.00287217334393617
"prospective","PoorOverlap","PATE","CorMis","WM_DSM_analytic_M3",1000,TRUE,"inclusive",0.866391828860284,1000,"conditional_on_available_point",0.881931463538795,0.0155396346785109,0.0155396346785109,1.79360355913708,0.0159326698245725,0.126224679934522,0.00399157485518843,0.46071243082235,0.0161582174006895,0.127114977090387,0.00318709786326355
"retrospective","GoodOverlap","PATT","CorMis","WM_DSM_analytic_M3",1000,TRUE,"inclusive",1.03507218631865,1000,"conditional_on_available_point",1.0355815661548,0.000509379836151003,0.000509379836151003,0.0492120108030985,0.0033302657759044,0.0577084549776235,0.00182490157978571,0.176306696663947,0.00332719497794597,0.0576818427058808,0.0012902787206735
"prospective","GoodOverlap","PATT","CorMis","WM_DSM_analytic_M3",1000,TRUE,"inclusive",1.03507218631865,1000,"conditional_on_available_point",1.02152514654055,-0.0135470397781,0.0135470397781,-1.30880144951837,0.00451273915571637,0.0671769242799667,0.00212432086929361,0.205234079069306,0.00469174870331008,0.0684963408023384,0.00150213627044537
"retrospective","PoorOverlap","PATT","CorMis","WM_DSM_analytic_M3",1000,TRUE,"inclusive",1.18185416619657,1000,"conditional_on_available_point",1.21203564981328,0.0301814836167098,0.0301814836167098,2.55374008739501,0.00834141195151746,0.0913313306128705,0.00288815026470533,0.244374504681905,0.00924399249287167,0.0961456836934018,0.00209154704773161
"prospective","PoorOverlap","PATT","CorMis","WM_DSM_analytic_M3",1000,TRUE,"inclusive",1.18185416619657,1000,"conditional_on_available_point",1.1930559875231,0.0112018213265292,0.0112018213265292,0.947817560484536,0.013782671874941,0.117399624679728,0.00371250210436856,0.314125228861027,0.0138943700040975,0.117874382306324,0.00259306426982542
"retrospective","GoodOverlap","PATE","MisCor","WM_DSM_analytic_M3",1000,TRUE,"inclusive",0.866391828860284,1000,"conditional_on_available_point",0.865237536440844,-0.00115429241944011,0.00115429241944011,-0.133229836777033,0.00321476864249418,0.0566989298178915,0.00179297759118573,0.206947657106179,0.00321288626484127,0.0566823276237071,0.00129032037274087
"prospective","GoodOverlap","PATE","MisCor","WM_DSM_analytic_M3",1000,TRUE,"inclusive",0.866391828860284,1000,"conditional_on_available_point",0.86100096418631,-0.00539086467397404,0.00539086467397404,-0.622220165795606,0.00327442026823239,0.0572225503471524,0.0018095359262066,0.208858840299429,0.00330020726989726,0.0574474304899467,0.00126564419229048
"retrospective","PoorOverlap","PATE","MisCor","WM_DSM_analytic_M3",1000,TRUE,"inclusive",0.866391828860284,1000,"conditional_on_available_point",0.872868488758275,0.00647665989799152,0.00647665989799152,0.747543972859416,0.0113588126240692,0.106577730432156,0.00337028376017053,0.389002256012047,0.0113894009348794,0.106721136308041,0.00246606905079582
"prospective","PoorOverlap","PATE","MisCor","WM_DSM_analytic_M3",1000,TRUE,"inclusive",0.866391828860284,1000,"conditional_on_available_point",0.862690289809672,-0.00370153905061172,0.00370153905061172,-0.427236145045481,0.0116286928377286,0.107836417029353,0.00341008692524525,0.393596385798229,0.0116307655362341,0.107846026984002,0.00247743134692754
"retrospective","GoodOverlap","PATT","MisCor","WM_DSM_analytic_M3",1000,TRUE,"inclusive",1.03507218631865,1000,"conditional_on_available_point",1.03250718100902,-0.002565005309634,0.002565005309634,-0.247809316445524,0.00292454262170544,0.0540790405028181,0.00171012941665402,0.165218372134632,0.00292819733132218,0.0541128203970388,0.00114425310068195
"prospective","GoodOverlap","PATT","MisCor","WM_DSM_analytic_M3",1000,TRUE,"inclusive",1.03507218631865,1000,"conditional_on_available_point",1.02879847228256,-0.00627371403609436,0.00627371403609436,-0.606113671975624,0.00384707524171803,0.0620247953782843,0.00196139624801263,0.1894936675855,0.003882587654283,0.0623104136905141,0.0014114759174393
"retrospective","PoorOverlap","PATT","MisCor","WM_DSM_analytic_M3",1000,TRUE,"inclusive",1.18185416619657,1000,"conditional_on_available_point",1.18441871696709,0.00256455077051667,0.00256455077051667,0.21699384271495,0.00601387356460034,0.077549168690582,0.00245232003714857,0.207497685187386,0.0060144366116903,0.077552798864324,0.0018567518347805
"prospective","PoorOverlap","PATT","MisCor","WM_DSM_analytic_M3",1000,TRUE,"inclusive",1.18185416619657,1000,"conditional_on_available_point",1.17635716003555,-0.00549700616101854,0.00549700616101854,-0.465117128512475,0.0093094458106315,0.0964854694274298,0.00305113844501221,0.25816539233697,0.00933035344155514,0.0965937546715891,0.00202983564388087
"retrospective","GoodOverlap","PATE","MisMis","WM_DSM_analytic_M3",1000,TRUE,"inclusive",0.866391828860284,1000,"conditional_on_available_point",0.917733845306291,0.0513420164460072,0.0513420164460072,5.92595806374886,0.00528282228016383,0.0726830260801229,0.00229843909646608,0.265288639608896,0.00791354211062574,0.0889580918782869,0.00188898000382
"prospective","GoodOverlap","PATE","MisMis","WM_DSM_analytic_M3",1000,TRUE,"inclusive",0.866391828860284,1000,"conditional_on_available_point",0.9216083738508,0.0552165449905167,0.0552165449905167,6.37316086685082,0.00511363441165442,0.0715096805450452,0.00226133465273374,0.261005999526619,0.00815738761793252,0.0903182573898131,0.00200908747624581
"retrospective","PoorOverlap","PATE","MisMis","WM_DSM_analytic_M3",1000,TRUE,"inclusive",0.866391828860284,1000,"conditional_on_available_point",1.09395159639724,0.227559767536958,0.227559767536958,26.2652254969102,0.0223511640514599,0.149503056997039,0.00472770177268617,0.545677096113122,0.0741122606888827,0.272235671227859,0.00455457500209299
"prospective","PoorOverlap","PATE","MisMis","WM_DSM_analytic_M3",1000,TRUE,"inclusive",0.866391828860284,1000,"conditional_on_available_point",1.08760794049005,0.221216111629763,0.221216111629763,25.533033006644,0.0202533707937708,0.142314337976786,0.00450037451705642,0.519438707423701,0.0691696854675686,0.263001303167054,0.00438270645620056
"retrospective","GoodOverlap","PATT","MisMis","WM_DSM_analytic_M3",1000,TRUE,"inclusive",1.03507218631865,1000,"conditional_on_available_point",1.07584829811149,0.0407761117928345,0.0407761117928345,3.93944618856577,0.00414367179313705,0.064371358484477,0.00203560108890152,0.196662717422768,0.00580221941428565,0.0761723008336078,0.00173258752549351
"prospective","GoodOverlap","PATT","MisMis","WM_DSM_analytic_M3",1000,TRUE,"inclusive",1.03507218631865,1000,"conditional_on_available_point",1.0658651252724,0.0307929389537483,0.0307929389537483,2.97495569495175,0.00528958240890996,0.0727295153903143,0.00229990921753663,0.222197953721132,0.00623249791591032,0.0789461710022109,0.00179435012990733
"retrospective","PoorOverlap","PATT","MisMis","WM_DSM_analytic_M3",1000,TRUE,"inclusive",1.18185416619657,1000,"conditional_on_available_point",1.34417804619675,0.162323880000184,0.162323880000184,13.7346793405631,0.00858817877725251,0.0926724272761457,0.00293055946488934,0.247962866207126,0.0349286326167895,0.186892034653137,0.00266563891542527
"prospective","PoorOverlap","PATT","MisMis","WM_DSM_analytic_M3",1000,TRUE,"inclusive",1.18185416619657,1000,"conditional_on_available_point",1.32683364294157,0.144979476745003,0.144979476745003,12.2671206728977,0.0140239489015707,0.118422754999074,0.00374485632589165,0.316862810404375,0.0350289736299239,0.187160288602908,0.0032335477626815
"retrospective","GoodOverlap","PATE","CorCor","WM_DSM_analytic_M5",1000,TRUE,"inclusive",0.866391828860284,1000,"conditional_on_available_point",0.864916974189942,-0.00147485467034172,0.00147485467034172,-0.170229522164568,0.00307607156459132,0.0554623436629874,0.00175387330346046,0.20243419259478,0.00307517068932536,0.0554542215645064,0.00127682175280504
"prospective","GoodOverlap","PATE","CorCor","WM_DSM_analytic_M5",1000,TRUE,"inclusive",0.866391828860284,1000,"conditional_on_available_point",0.861176891841812,-0.00521493701847139,0.00521493701847139,-0.601914381548532,0.00319905875939181,0.0565602224128567,0.00178859127790332,0.206441383485364,0.00322305526873905,0.0567719584719344,0.00124043407409294
"retrospective","PoorOverlap","PATE","CorCor","WM_DSM_analytic_M5",1000,TRUE,"inclusive",0.866391828860284,1000,"conditional_on_available_point",0.873960217526354,0.00756838866607025,0.00756838866607025,0.87355263680479,0.0106830263702118,0.103358726628243,0.00326848992199943,0.377253087243337,0.0107296238508423,0.103583897642647,0.00235737213609201
"prospective","PoorOverlap","PATE","CorCor","WM_DSM_analytic_M5",1000,TRUE,"inclusive",0.866391828860284,1000,"conditional_on_available_point",0.866257095204907,-0.000134733655376692,0.000134733655376692,-0.0155511225854855,0.0107981815024048,0.103914298835169,0.00328605865778516,0.379280892123358,0.0107874014740603,0.10386241608041,0.00243670025766958
"retrospective","GoodOverlap","PATT","CorCor","WM_DSM_analytic_M5",1000,TRUE,"inclusive",1.03507218631865,1000,"conditional_on_available_point",1.03159747741721,-0.0034747089014416,0.0034747089014416,-0.335697253521977,0.00276880976505394,0.0526194808512393,0.00166397408785532,0.160759231080629,0.00277811455723865,0.0527078225431353,0.00109486801832091
"prospective","GoodOverlap","PATT","CorCor","WM_DSM_analytic_M5",1000,TRUE,"inclusive",1.03507218631865,1000,"conditional_on_available_point",1.02844168886282,-0.00663049745583029,0.00663049745583029,-0.640583095891349,0.00374526253869892,0.0611985501355949,0.00193526807928486,0.186969382895685,0.003785480772672,0.0615262608377268,0.00139186004892196
"retrospective","PoorOverlap","PATT","CorCor","WM_DSM_analytic_M5",1000,TRUE,"inclusive",1.18185416619657,1000,"conditional_on_available_point",1.1851211417654,0.00326697556883208,0.00326697556883208,0.276427977518227,0.00564326151973149,0.0751216448151363,0.00237555499194009,0.201002379133212,0.0056482913875791,0.0751551155117142,0.00180984059232585
"prospective","PoorOverlap","PATT","CorCor","WM_DSM_analytic_M5",1000,TRUE,"inclusive",1.18185416619657,1000,"conditional_on_available_point",1.17877029858845,-0.00308386760811817,0.00308386760811817,-0.260934698740593,0.00899499737306402,0.0948419599811393,0.0029991661129494,0.253767867367366,0.00899551261511536,0.094844676261324,0.00206447413425264
"retrospective","GoodOverlap","PATE","CorMis","WM_DSM_analytic_M5",1000,TRUE,"inclusive",0.866391828860284,1000,"conditional_on_available_point",0.863209777751984,-0.00318205110829938,0.00318205110829938,-0.367276214098797,0.00371661355646717,0.0609640349424738,0.00192785205772309,0.222515032287312,0.00372302239216653,0.0610165747331537,0.00136291075574316
"prospective","GoodOverlap","PATE","CorMis","WM_DSM_analytic_M5",1000,TRUE,"inclusive",0.866391828860284,1000,"conditional_on_available_point",0.864079026655641,-0.00231280220464249,0.00231280220464249,-0.266946447046358,0.00394007527756869,0.0627700189387314,0.00198496228618296,0.229106764406369,0.00394148425632893,0.0627812412773826,0.00140929074848562
"retrospective","PoorOverlap","PATE","CorMis","WM_DSM_analytic_M5",1000,TRUE,"inclusive",0.866391828860284,1000,"conditional_on_available_point",0.899003521047164,0.0326116921868803,0.0326116921868803,3.76408122751805,0.0150555452753478,0.122701040237432,0.00388014758422251,0.447851359508636,0.0161040121973643,0.126901584692092,0.0028024241544587
"prospective","PoorOverlap","PATE","CorMis","WM_DSM_analytic_M5",1000,TRUE,"inclusive",0.866391828860284,1000,"conditional_on_available_point",0.889848679531268,0.0234568506709841,0.0234568506709841,2.70741827076566,0.0150973234563227,0.122871166090026,0.00388552743605327,0.448472308558656,0.0156324499762672,0.125029796353778,0.00319977354753791
"retrospective","GoodOverlap","PATT","CorMis","WM_DSM_analytic_M5",1000,TRUE,"inclusive",1.03507218631865,1000,"conditional_on_available_point",1.0342937548815,-0.000778431437152673,0.000778431437152673,-0.0752055216478428,0.00315334120322883,0.0561546187167969,0.001775764962834,0.171559528533918,0.00315079381752795,0.0561319322447388,0.00121856733393019
"prospective","GoodOverlap","PATT","CorMis","WM_DSM_analytic_M5",1000,TRUE,"inclusive",1.03507218631865,1000,"conditional_on_available_point",1.02455660777413,-0.0105155785445193,0.0105155785445193,-1.01592707093398,0.00428594976738452,0.0654671655670575,0.0020702535514725,0.200010547944061,0.00439224120974309,0.0662739859201413,0.00144758009487566
"retrospective","PoorOverlap","PATT","CorMis","WM_DSM_analytic_M5",1000,TRUE,"inclusive",1.18185416619657,1000,"conditional_on_available_point",1.21458513808864,0.0327309718920746,0.0327309718920746,2.76945945009519,0.00797044964798044,0.0892773747820826,0.0028231984783186,0.238878751631784,0.00903379571933224,0.0950462819858422,0.00211993341613569
"prospective","PoorOverlap","PATT","CorMis","WM_DSM_analytic_M5",1000,TRUE,"inclusive",1.18185416619657,1000,"conditional_on_available_point",1.20048432886533,0.0186301626687616,0.0186301626687616,1.57635038244329,0.0133246278725844,0.115432351932136,0.00365029147775687,0.308861413037464,0.0136583862057764,0.116869098592298,0.00248872334688983
"retrospective","GoodOverlap","PATE","MisCor","WM_DSM_analytic_M5",1000,TRUE,"inclusive",0.866391828860284,1000,"conditional_on_available_point",0.865412902347455,-0.000978926512828524,0.000978926512828524,-0.112988890271077,0.0031158730581036,0.0558200058948725,0.00176518357631823,0.203739638061947,0.00311371548216302,0.0558006763593688,0.0012607451718142
"prospective","GoodOverlap","PATE","MisCor","WM_DSM_analytic_M5",1000,TRUE,"inclusive",0.866391828860284,1000,"conditional_on_available_point",0.861007636800329,-0.00538419205995483,0.00538419205995483,-0.621450004559438,0.00320932182706379,0.0566508766663305,0.00179145801710891,0.206772266015658,0.0032351020293752,0.0568779573242148,0.00125609904385039
"retrospective","PoorOverlap","PATE","MisCor","WM_DSM_analytic_M5",1000,TRUE,"inclusive",0.866391828860284,1000,"conditional_on_available_point",0.87433712486576,0.00794529600547585,0.00794529600547585,0.917055740925868,0.0106087334941069,0.102998706273947,0.00325710507876348,0.375939034772306,0.0106612524892274,0.103253341298126,0.00232302288339148
"prospective","PoorOverlap","PATE","MisCor","WM_DSM_analytic_M5",1000,TRUE,"inclusive",0.866391828860284,1000,"conditional_on_available_point",0.86516380740116,-0.00122802145912393,0.00122802145912393,-0.14173973232635,0.0108443777660091,0.104136342196224,0.00329308028538769,0.38009133693235,0.0108350414249471,0.104091505056595,0.00242887351918869
"retrospective","GoodOverlap","PATT","MisCor","WM_DSM_analytic_M5",1000,TRUE,"inclusive",1.03507218631865,1000,"conditional_on_available_point",1.03210685422095,-0.0029653320977018,0.0029653320977018,-0.286485535685036,0.00279704158489782,0.052887064438271,0.0016724358238503,0.16157673309709,0.00280303773776259,0.0529437223640592,0.00110270178273772
"prospective","GoodOverlap","PATT","MisCor","WM_DSM_analytic_M5",1000,TRUE,"inclusive",1.03507218631865,1000,"conditional_on_available_point",1.02828337492232,-0.0067888113963287,0.0067888113963287,-0.655878062038731,0.00370525488172589,0.0608708048388214,0.00192490386298274,0.185968079176089,0.00374763758701908,0.0612179515094966,0.00140399098340253
"retrospective","PoorOverlap","PATT","MisCor","WM_DSM_analytic_M5",1000,TRUE,"inclusive",1.18185416619657,1000,"conditional_on_available_point",1.18350183529084,0.00164766909426876,0.00164766909426876,0.139413909211089,0.0057400202817606,0.0757629215497964,0.00239583394286011,0.202718238119882,0.00573699507492305,0.0757429539622205,0.00182094646387136
"prospective","PoorOverlap","PATT","MisCor","WM_DSM_analytic_M5",1000,TRUE,"inclusive",1.18185416619657,1000,"conditional_on_available_point",1.17736508016938,-0.00448908602719261,0.00448908602719261,-0.379834175449865,0.00914245837962809,0.0956162035411786,0.00302364984408382,0.25583950461625,0.009153467814608,0.0956737571887296,0.00204105448248623
"retrospective","GoodOverlap","PATE","MisMis","WM_DSM_analytic_M5",1000,TRUE,"inclusive",0.866391828860284,1000,"conditional_on_available_point",0.92068377616365,0.0542919473033664,0.0542919473033664,6.26644267580247,0.00503669685948623,0.0709696897237562,0.00224425864362516,0.259035065759729,0.00797927570461825,0.0893267916395649,0.00190289688135328
"prospective","GoodOverlap","PATE","MisMis","WM_DSM_analytic_M5",1000,TRUE,"inclusive",0.866391828860284,1000,"conditional_on_available_point",0.922036856674796,0.0556450278145127,0.0556450278145127,6.42261687621319,0.00509945828273247,0.0714104914052023,0.00225819801672317,0.260643965178408,0.00819072794492764,0.0905026405411888,0.00199523106506584
"retrospective","PoorOverlap","PATE","MisMis","WM_DSM_analytic_M5",1000,TRUE,"inclusive",0.866391828860284,1000,"conditional_on_available_point",1.09735020243653,0.230958373576244,0.230958373576244,26.6574967448693,0.0202394771746191,0.142265516463474,0.00449883064524762,0.519260511859365,0.0735610080224283,0.271221326636436,0.00436702257228007
"prospective","PoorOverlap","PATE","MisMis","WM_DSM_analytic_M5",1000,TRUE,"inclusive",0.866391828860284,1000,"conditional_on_available_point",1.08993603500443,0.223544206144149,0.223544206144149,25.8017445107043,0.0195880389594888,0.139957275478943,0.00442583765625094,0.510835572176738,0.0695404630211471,0.26370525785647,0.00427422276855001
"retrospective","GoodOverlap","PATT","MisMis","WM_DSM_analytic_M5",1000,TRUE,"inclusive",1.03507218631865,1000,"conditional_on_available_point",1.07629909754341,0.0412269112247586,0.0412269112247586,3.98299865165797,0.00393214638452901,0.0627068288508438,0.00198296404015025,0.191577366908378,0.00562787244727861,0.0750191472044211,0.00170080354420964
"prospective","GoodOverlap","PATT","MisMis","WM_DSM_analytic_M5",1000,TRUE,"inclusive",1.03507218631865,1000,"conditional_on_available_point",1.06848816158809,0.033415975269441,0.033415975269441,3.22837148086151,0.00514058534247507,0.0716978754390608,0.00226728589782477,0.219046161977226,0.00625207216034049,0.0790700459108283,0.00176753261676576
"retrospective","PoorOverlap","PATT","MisMis","WM_DSM_analytic_M5",1000,TRUE,"inclusive",1.18185416619657,1000,"conditional_on_available_point",1.34616941246701,0.164315246270443,0.164315246270443,13.9031744330386,0.00811423560827117,0.0900790519947405,0.00284854973772114,0.241023792883712,0.0351056215295791,0.18736494210385,0.00258747686535331
"prospective","PoorOverlap","PATT","MisMis","WM_DSM_analytic_M5",1000,TRUE,"inclusive",1.18185416619657,1000,"conditional_on_available_point",1.33051877756195,0.148664611365383,0.148664611365383,12.5789302620825,0.0136415411819149,0.116797008445914,0.00369344570583012,0.312512813464653,0.0357290663131533,0.189021338248234,0.00322903816180793
"retrospective","GoodOverlap","PATE","CorCor","PSM_M1",1000,TRUE,"inclusive",0.866391828860284,1000,"conditional_on_available_point",0.921448225941632,0.0550563970813486,0.0550563970813486,6.35467640014264,0.00716442624343717,0.0846429338068877,0.00267664458668632,0.308941577877919,0.0101884686767729,0.100937944682725,0.00217099928463193
"prospective","GoodOverlap","PATE","CorCor","PSM_M1",1000,TRUE,"inclusive",0.866391828860284,1000,"conditional_on_available_point",0.921514386912294,0.0551225580520108,0.0551225580520108,6.3623127799489,0.00757770737570927,0.0870500280052182,0.00275276358877933,0.317727325799058,0.0106086260745309,0.102998184811825,0.00229150516763364
"retrospective","PoorOverlap","PATE","CorCor","PSM_M1",1000,TRUE,"inclusive",0.866391828860284,1000,"conditional_on_available_point",0.957496082371858,0.0911042535115748,0.0911042535115748,10.5153638892717,0.0988525312143353,0.314408223833817,0.00994246102402897,1.14757095956318,0.107053663691022,0.327190561738908,0.00762848297705262
"prospective","PoorOverlap","PATE","CorCor","PSM_M1",1000,TRUE,"inclusive",0.866391828860284,1000,"conditional_on_available_point",0.957891812931403,0.0914999840711189,0.0914999840711189,10.5610395923845,0.12591407450154,0.354843732509875,0.0112211440816674,1.295158115287,0.134160407512053,0.366279138789057,0.00885626782012744
"retrospective","GoodOverlap","PATT","CorCor","PSM_M1",1000,TRUE,"inclusive",1.03507218631865,1000,"conditional_on_available_point",1.09679639412661,0.0617242078079533,0.0617242078079533,5.96327566558254,0.00658007194057743,0.0811176425975104,0.0025651650903163,0.247824753115973,0.0103833696981563,0.101898820886977,0.0020510439708202
"prospective","GoodOverlap","PATT","CorCor","PSM_M1",1000,TRUE,"inclusive",1.03507218631865,1000,"conditional_on_available_point",1.09573536720822,0.0606631808895693,0.0606631808895693,5.86076813688953,0.00607209848913143,0.0779236709166825,0.00246416283738137,0.238066761908214,0.00974604790628291,0.0987220740578464,0.00209786873129991
"retrospective","PoorOverlap","PATT","CorCor","PSM_M1",1000,TRUE,"inclusive",1.18185416619657,1000,"conditional_on_available_point",1.23450382114935,0.0526496549527754,0.0526496549527754,4.45483516144906,0.0556480920523005,0.235898478274661,0.00745976487915675,0.631191655664563,0.0583644301268945,0.241587313671257,0.00640380702040173
"prospective","PoorOverlap","PATT","CorCor","PSM_M1",1000,TRUE,"inclusive",1.18185416619657,1000,"conditional_on_available_point",1.26067865114733,0.078824484950763,0.078824484950763,6.66956103428861,0.0516976678438343,0.227371211554661,0.00719010902864722,0.6083753168791,0.0578592696037436,0.240539538545628,0.00604596161701416
"retrospective","GoodOverlap","PATE","CorMis","PSM_M1",1000,TRUE,"inclusive",0.866391828860284,1000,"conditional_on_available_point",0.921448225941632,0.0550563970813486,0.0550563970813486,6.35467640014264,0.00716442624343717,0.0846429338068877,0.00267664458668632,0.308941577877919,0.0101884686767729,0.100937944682725,0.00217099928463193
"prospective","GoodOverlap","PATE","CorMis","PSM_M1",1000,TRUE,"inclusive",0.866391828860284,1000,"conditional_on_available_point",0.921514386912294,0.0551225580520108,0.0551225580520108,6.3623127799489,0.00757770737570927,0.0870500280052182,0.00275276358877933,0.317727325799058,0.0106086260745309,0.102998184811825,0.00229150516763364
"retrospective","PoorOverlap","PATE","CorMis","PSM_M1",1000,TRUE,"inclusive",0.866391828860284,1000,"conditional_on_available_point",0.957496082371858,0.0911042535115748,0.0911042535115748,10.5153638892717,0.0988525312143353,0.314408223833817,0.00994246102402897,1.14757095956318,0.107053663691022,0.327190561738908,0.00762848297705262
"prospective","PoorOverlap","PATE","CorMis","PSM_M1",1000,TRUE,"inclusive",0.866391828860284,1000,"conditional_on_available_point",0.957891812931403,0.0914999840711189,0.0914999840711189,10.5610395923845,0.12591407450154,0.354843732509875,0.0112211440816674,1.295158115287,0.134160407512053,0.366279138789057,0.00885626782012744
"retrospective","GoodOverlap","PATT","CorMis","PSM_M1",1000,TRUE,"inclusive",1.03507218631865,1000,"conditional_on_available_point",1.09679639412661,0.0617242078079533,0.0617242078079533,5.96327566558254,0.00658007194057743,0.0811176425975104,0.0025651650903163,0.247824753115973,0.0103833696981563,0.101898820886977,0.0020510439708202
"prospective","GoodOverlap","PATT","CorMis","PSM_M1",1000,TRUE,"inclusive",1.03507218631865,1000,"conditional_on_available_point",1.09573536720822,0.0606631808895693,0.0606631808895693,5.86076813688953,0.00607209848913143,0.0779236709166825,0.00246416283738137,0.238066761908214,0.00974604790628291,0.0987220740578464,0.00209786873129991
"retrospective","PoorOverlap","PATT","CorMis","PSM_M1",1000,TRUE,"inclusive",1.18185416619657,1000,"conditional_on_available_point",1.23450382114935,0.0526496549527754,0.0526496549527754,4.45483516144906,0.0556480920523005,0.235898478274661,0.00745976487915675,0.631191655664563,0.0583644301268945,0.241587313671257,0.00640380702040173
"prospective","PoorOverlap","PATT","CorMis","PSM_M1",1000,TRUE,"inclusive",1.18185416619657,1000,"conditional_on_available_point",1.26067865114733,0.078824484950763,0.078824484950763,6.66956103428861,0.0516976678438343,0.227371211554661,0.00719010902864722,0.6083753168791,0.0578592696037436,0.240539538545628,0.00604596161701416
"retrospective","GoodOverlap","PATE","MisCor","PSM_M1",1000,TRUE,"inclusive",0.866391828860284,1000,"conditional_on_available_point",0.993927254992715,0.127535426132431,0.127535426132431,14.720294199935,0.00838767181162647,0.0915842334227156,0.002896147753763,0.334276900738181,0.0246445690585956,0.156985888087419,0.00271814623879214
"prospective","GoodOverlap","PATE","MisCor","PSM_M1",1000,TRUE,"inclusive",0.866391828860284,1000,"conditional_on_available_point",0.993138066304028,0.126746237443744,0.126746237443744,14.6292050803937,0.00869869518342906,0.0932667957176029,0.00294935504533263,0.340418151128276,0.0247546051943917,0.157335962813311,0.00277529012847084
"retrospective","PoorOverlap","PATE","MisCor","PSM_M1",1000,TRUE,"inclusive",0.866391828860284,1000,"conditional_on_available_point",1.19627660527238,0.329884776412099,0.329884776412099,38.0757026351522,0.0929290125042456,0.304842602836686,0.00963996952818035,1.11265702273087,0.201660049200202,0.449065751533338,0.00843807089860987
"prospective","PoorOverlap","PATE","MisCor","PSM_M1",1000,TRUE,"inclusive",0.866391828860284,1000,"conditional_on_available_point",1.21054402822019,0.344152199359904,0.344152199359904,39.722465967001,0.13829898557064,0.371885715738909,0.0117600589101688,1.35736032109615,0.256601422909329,0.506558410165431,0.0109067240343114
"retrospective","GoodOverlap","PATT","MisCor","PSM_M1",1000,TRUE,"inclusive",1.03507218631865,1000,"conditional_on_available_point",1.15309665282601,0.118024466507353,0.118024466507353,11.4025348248532,0.00768570344944454,0.0876681438690505,0.00277231012865526,0.267837370697331,0.0216077924403405,0.146995892596836,0.00256252122534176
"prospective","GoodOverlap","PATT","MisCor","PSM_M1",1000,TRUE,"inclusive",1.03507218631865,1000,"conditional_on_available_point",1.15325660232436,0.118184416005704,0.118184416005704,11.4179878048931,0.00746189296410185,0.0863822491262056,0.00273164656646899,0.263908798108506,0.021421987257747,0.14636251998974,0.00240984619435495
"retrospective","PoorOverlap","PATT","MisCor","PSM_M1",1000,TRUE,"inclusive",1.18185416619657,1000,"conditional_on_available_point",1.42975670065592,0.247902534459349,0.247902534459349,20.975729624675,0.0613397459745579,0.247668621295791,0.00783196948248382,0.662684932413327,0.122734072819952,0.350334230157363,0.00837416685382642
"prospective","PoorOverlap","PATT","MisCor","PSM_M1",1000,TRUE,"inclusive",1.18185416619657,1000,"conditional_on_available_point",1.46849678251251,0.286642616315941,0.286642616315941,24.2536367442365,0.0572446481416826,0.239258538283762,0.00756601930619283,0.640182141130128,0.139351392981989,0.37329799488075,0.00744054765086716
"retrospective","GoodOverlap","PATE","MisMis","PSM_M1",1000,TRUE,"inclusive",0.866391828860284,1000,"conditional_on_available_point",0.993927254992715,0.127535426132431,0.127535426132431,14.720294199935,0.00838767181162647,0.0915842334227156,0.002896147753763,0.334276900738181,0.0246445690585956,0.156985888087419,0.00271814623879214
"prospective","GoodOverlap","PATE","MisMis","PSM_M1",1000,TRUE,"inclusive",0.866391828860284,1000,"conditional_on_available_point",0.993138066304028,0.126746237443744,0.126746237443744,14.6292050803937,0.00869869518342906,0.0932667957176029,0.00294935504533263,0.340418151128276,0.0247546051943917,0.157335962813311,0.00277529012847084
"retrospective","PoorOverlap","PATE","MisMis","PSM_M1",1000,TRUE,"inclusive",0.866391828860284,1000,"conditional_on_available_point",1.19627660527238,0.329884776412099,0.329884776412099,38.0757026351522,0.0929290125042456,0.304842602836686,0.00963996952818035,1.11265702273087,0.201660049200202,0.449065751533338,0.00843807089860987
"prospective","PoorOverlap","PATE","MisMis","PSM_M1",1000,TRUE,"inclusive",0.866391828860284,1000,"conditional_on_available_point",1.21054402822019,0.344152199359904,0.344152199359904,39.722465967001,0.13829898557064,0.371885715738909,0.0117600589101688,1.35736032109615,0.256601422909329,0.506558410165431,0.0109067240343114
"retrospective","GoodOverlap","PATT","MisMis","PSM_M1",1000,TRUE,"inclusive",1.03507218631865,1000,"conditional_on_available_point",1.15309665282601,0.118024466507353,0.118024466507353,11.4025348248532,0.00768570344944454,0.0876681438690505,0.00277231012865526,0.267837370697331,0.0216077924403405,0.146995892596836,0.00256252122534176
"prospective","GoodOverlap","PATT","MisMis","PSM_M1",1000,TRUE,"inclusive",1.03507218631865,1000,"conditional_on_available_point",1.15325660232436,0.118184416005704,0.118184416005704,11.4179878048931,0.00746189296410185,0.0863822491262056,0.00273164656646899,0.263908798108506,0.021421987257747,0.14636251998974,0.00240984619435495
"retrospective","PoorOverlap","PATT","MisMis","PSM_M1",1000,TRUE,"inclusive",1.18185416619657,1000,"conditional_on_available_point",1.42975670065592,0.247902534459349,0.247902534459349,20.975729624675,0.0613397459745579,0.247668621295791,0.00783196948248382,0.662684932413327,0.122734072819952,0.350334230157363,0.00837416685382642
"prospective","PoorOverlap","PATT","MisMis","PSM_M1",1000,TRUE,"inclusive",1.18185416619657,1000,"conditional_on_available_point",1.46849678251251,0.286642616315941,0.286642616315941,24.2536367442365,0.0572446481416826,0.239258538283762,0.00756601930619283,0.640182141130128,0.139351392981989,0.37329799488075,0.00744054765086716
"retrospective","GoodOverlap","PATE","CorCor","PGM_M1",1000,TRUE,"inclusive",0.866391828860284,1000,"conditional_on_available_point",0.920763933735738,0.054372104875454,0.054372104875454,6.27569456039066,0.00275987045559052,0.0525344692139411,0.00166128578384049,0.19174762832492,0.0057134363737223,0.0755872765333049,0.00149408552632736
"prospective","GoodOverlap","PATE","CorCor","PGM_M1",1000,TRUE,"inclusive",0.866391828860284,1000,"conditional_on_available_point",0.917605388445245,0.0512135595849608,0.0512135595849608,5.91113141640901,0.00322850267803242,0.0568199144493585,0.00179680346115885,0.207389243677713,0.00584810286071673,0.0764728897107774,0.00164027373591553
"retrospective","PoorOverlap","PATE","CorCor","PGM_M1",1000,TRUE,"inclusive",0.866391828860284,1000,"conditional_on_available_point",0.919404286716515,0.053012457856231,0.053012457856231,6.11876244562088,0.00449040484229664,0.0670104830776248,0.00211905753633464,0.244584201483318,0.007296235125413,0.0854180023496979,0.00161503137119094
"prospective","PoorOverlap","PATE","CorCor","PGM_M1",1000,TRUE,"inclusive",0.866391828860284,1000,"conditional_on_available_point",0.915110776937996,0.0487189480777128,0.0487189480777128,5.62320031824415,0.00579135592713292,0.0761009587793276,0.00240652361865262,0.277763886787615,0.00815910047300466,0.0903277392222603,0.00198294318420598
"retrospective","GoodOverlap","PATT","CorCor","PGM_M1",1000,TRUE,"inclusive",1.03507218631865,1000,"conditional_on_available_point",1.09531939068637,0.060247204367717,0.060247204367717,5.82057997152767,0.00332178686723738,0.0576349448445765,0.00182257698527041,0.176082113823636,0.0069481907144956,0.0833558079229972,0.00155561123303645
"prospective","GoodOverlap","PATT","CorCor","PGM_M1",1000,TRUE,"inclusive",1.03507218631865,1000,"conditional_on_available_point",1.09118513263958,0.0561129463209271,0.0561129463209271,5.42116260707371,0.00350720086780038,0.0592216250013488,0.00187275221740634,0.18092962424843,0.00665235641174782,0.0815619789592419,0.00161873653493397
"retrospective","PoorOverlap","PATT","CorCor","PGM_M1",1000,TRUE,"inclusive",1.18185416619657,1000,"conditional_on_available_point",1.22262055575423,0.0407663895576615,0.0407663895576615,3.44935870462389,0.00394286069697345,0.0627922025172987,0.00198566379253222,0.168012589820829,0.00560081635384349,0.074838602030259,0.00162208790259204
"prospective","PoorOverlap","PATT","CorCor","PGM_M1",1000,TRUE,"inclusive",1.18185416619657,1000,"conditional_on_available_point",1.2408775202668,0.0590233540702262,0.0590233540702262,4.99413174301991,0.00444720360964582,0.0666873571949423,0.00210883939873235,0.17843482377517,0.00792651273173546,0.0890309650163102,0.00172689577240773
"retrospective","GoodOverlap","PATE","CorMis","PGM_M1",1000,TRUE,"inclusive",0.866391828860284,1000,"conditional_on_available_point",0.965421403062106,0.0990295742018226,0.0990295742018226,11.4301140549875,0.00394108330113141,0.0627780479238676,0.00198521618498626,0.22913606971545,0.0137439987844246,0.11723480193366,0.00199275067945182
"prospective","GoodOverlap","PATE","CorMis","PGM_M1",1000,TRUE,"inclusive",0.866391828860284,1000,"conditional_on_available_point",0.965400871076636,0.0990090422163519,0.0990090422163519,11.4277442282201,0.0042650450027436,0.0653073120159113,0.00206519853833562,0.23836773034348,0.0140635703983402,0.118589925366113,0.00201011007858968
"retrospective","PoorOverlap","PATE","CorMis","PGM_M1",1000,TRUE,"inclusive",0.866391828860284,1000,"conditional_on_available_point",1.06344888478,0.197057055919719,0.197057055919719,22.7445653751078,0.00723024214371138,0.0850308305481687,0.00268891095868037,0.310357377471757,0.0460544951893149,0.214603110856564,0.00263473412418342
"prospective","PoorOverlap","PATE","CorMis","PGM_M1",1000,TRUE,"inclusive",0.866391828860284,1000,"conditional_on_available_point",1.06947459395866,0.203082765098379,0.203082765098379,23.4400600667633,0.00982045023489533,0.0990981848213948,0.00313375976023934,0.361702367895335,0.051053239264664,0.225949638779671,0.0033920629368077
"retrospective","GoodOverlap","PATT","CorMis","PGM_M1",1000,TRUE,"inclusive",1.03507218631865,1000,"conditional_on_available_point",1.16836693850806,0.133294752189404,0.133294752189404,12.8778218515832,0.00498216788590246,0.0705844734052926,0.00223207703404306,0.215644576633992,0.0227446766792511,0.15081338362112,0.00214213957575198
"prospective","GoodOverlap","PATT","CorMis","PGM_M1",1000,TRUE,"inclusive",1.03507218631865,1000,"conditional_on_available_point",1.16763131560369,0.132559129285039,0.132559129285039,12.8067521316074,0.00529307219050459,0.0727535029431889,0.00230066777056241,0.222271238757268,0.0228597018751219,0.151194252123293,0.00213306589904129
"retrospective","PoorOverlap","PATT","CorMis","PGM_M1",1000,TRUE,"inclusive",1.18185416619657,1000,"conditional_on_available_point",1.44910633784552,0.267252171648948,0.267252171648948,22.6129567668248,0.00621368279548646,0.0788269166940231,0.00249272597681463,0.210916545214432,0.07763119236377,0.278623746948766,0.00241575053195028
"prospective","PoorOverlap","PATT","CorMis","PGM_M1",1000,TRUE,"inclusive",1.18185416619657,1000,"conditional_on_available_point",1.46570924167122,0.283855075474653,0.283855075474653,24.0177750854111,0.00644824133031954,0.080300942275415,0.00253933875848016,0.21486058357371,0.08701549696171,0.294983892715704,0.0024851466561696
"retrospective","GoodOverlap","PATE","MisCor","PGM_M1",1000,TRUE,"inclusive",0.866391828860284,1000,"conditional_on_available_point",0.920763933735738,0.054372104875454,0.054372104875454,6.27569456039066,0.00275987045559052,0.0525344692139411,0.00166128578384049,0.19174762832492,0.0057134363737223,0.0755872765333049,0.00149408552632736
"prospective","GoodOverlap","PATE","MisCor","PGM_M1",1000,TRUE,"inclusive",0.866391828860284,1000,"conditional_on_available_point",0.917605388445245,0.0512135595849608,0.0512135595849608,5.91113141640901,0.00322850267803242,0.0568199144493585,0.00179680346115885,0.207389243677713,0.00584810286071673,0.0764728897107774,0.00164027373591553
"retrospective","PoorOverlap","PATE","MisCor","PGM_M1",1000,TRUE,"inclusive",0.866391828860284,1000,"conditional_on_available_point",0.919404286716515,0.053012457856231,0.053012457856231,6.11876244562088,0.00449040484229664,0.0670104830776248,0.00211905753633464,0.244584201483318,0.007296235125413,0.0854180023496979,0.00161503137119094
"prospective","PoorOverlap","PATE","MisCor","PGM_M1",1000,TRUE,"inclusive",0.866391828860284,1000,"conditional_on_available_point",0.915110776937996,0.0487189480777128,0.0487189480777128,5.62320031824415,0.00579135592713292,0.0761009587793276,0.00240652361865262,0.277763886787615,0.00815910047300466,0.0903277392222603,0.00198294318420598
"retrospective","GoodOverlap","PATT","MisCor","PGM_M1",1000,TRUE,"inclusive",1.03507218631865,1000,"conditional_on_available_point",1.09531939068637,0.060247204367717,0.060247204367717,5.82057997152767,0.00332178686723738,0.0576349448445765,0.00182257698527041,0.176082113823636,0.0069481907144956,0.0833558079229972,0.00155561123303645
"prospective","GoodOverlap","PATT","MisCor","PGM_M1",1000,TRUE,"inclusive",1.03507218631865,1000,"conditional_on_available_point",1.09118513263958,0.0561129463209271,0.0561129463209271,5.42116260707371,0.00350720086780038,0.0592216250013488,0.00187275221740634,0.18092962424843,0.00665235641174782,0.0815619789592419,0.00161873653493397
"retrospective","PoorOverlap","PATT","MisCor","PGM_M1",1000,TRUE,"inclusive",1.18185416619657,1000,"conditional_on_available_point",1.22262055575423,0.0407663895576615,0.0407663895576615,3.44935870462389,0.00394286069697345,0.0627922025172987,0.00198566379253222,0.168012589820829,0.00560081635384349,0.074838602030259,0.00162208790259204
"prospective","PoorOverlap","PATT","MisCor","PGM_M1",1000,TRUE,"inclusive",1.18185416619657,1000,"conditional_on_available_point",1.2408775202668,0.0590233540702262,0.0590233540702262,4.99413174301991,0.00444720360964582,0.0666873571949423,0.00210883939873235,0.17843482377517,0.00792651273173546,0.0890309650163102,0.00172689577240773
"retrospective","GoodOverlap","PATE","MisMis","PGM_M1",1000,TRUE,"inclusive",0.866391828860284,1000,"conditional_on_available_point",0.965421403062106,0.0990295742018226,0.0990295742018226,11.4301140549875,0.00394108330113141,0.0627780479238676,0.00198521618498626,0.22913606971545,0.0137439987844246,0.11723480193366,0.00199275067945182
"prospective","GoodOverlap","PATE","MisMis","PGM_M1",1000,TRUE,"inclusive",0.866391828860284,1000,"conditional_on_available_point",0.965400871076636,0.0990090422163519,0.0990090422163519,11.4277442282201,0.0042650450027436,0.0653073120159113,0.00206519853833562,0.23836773034348,0.0140635703983402,0.118589925366113,0.00201011007858968
"retrospective","PoorOverlap","PATE","MisMis","PGM_M1",1000,TRUE,"inclusive",0.866391828860284,1000,"conditional_on_available_point",1.06344888478,0.197057055919719,0.197057055919719,22.7445653751078,0.00723024214371138,0.0850308305481687,0.00268891095868037,0.310357377471757,0.0460544951893149,0.214603110856564,0.00263473412418342
"prospective","PoorOverlap","PATE","MisMis","PGM_M1",1000,TRUE,"inclusive",0.866391828860284,1000,"conditional_on_available_point",1.06947459395866,0.203082765098379,0.203082765098379,23.4400600667633,0.00982045023489533,0.0990981848213948,0.00313375976023934,0.361702367895335,0.051053239264664,0.225949638779671,0.0033920629368077
"retrospective","GoodOverlap","PATT","MisMis","PGM_M1",1000,TRUE,"inclusive",1.03507218631865,1000,"conditional_on_available_point",1.16836693850806,0.133294752189404,0.133294752189404,12.8778218515832,0.00498216788590246,0.0705844734052926,0.00223207703404306,0.215644576633992,0.0227446766792511,0.15081338362112,0.00214213957575198
"prospective","GoodOverlap","PATT","MisMis","PGM_M1",1000,TRUE,"inclusive",1.03507218631865,1000,"conditional_on_available_point",1.16763131560369,0.132559129285039,0.132559129285039,12.8067521316074,0.00529307219050459,0.0727535029431889,0.00230066777056241,0.222271238757268,0.0228597018751219,0.151194252123293,0.00213306589904129
"retrospective","PoorOverlap","PATT","MisMis","PGM_M1",1000,TRUE,"inclusive",1.18185416619657,1000,"conditional_on_available_point",1.44910633784552,0.267252171648948,0.267252171648948,22.6129567668248,0.00621368279548646,0.0788269166940231,0.00249272597681463,0.210916545214432,0.07763119236377,0.278623746948766,0.00241575053195028
"prospective","PoorOverlap","PATT","MisMis","PGM_M1",1000,TRUE,"inclusive",1.18185416619657,1000,"conditional_on_available_point",1.46570924167122,0.283855075474653,0.283855075474653,24.0177750854111,0.00644824133031954,0.080300942275415,0.00253933875848016,0.21486058357371,0.08701549696171,0.294983892715704,0.0024851466561696
"retrospective","GoodOverlap","PATE","CorCor","DSM_M1",1000,TRUE,"inclusive",0.866391828860284,1000,"conditional_on_available_point",0.92191255810927,0.0555207292489867,0.0555207292489867,6.40827018440638,0.00305418469756711,0.055264678571101,0.00174762258441779,0.201712726990597,0.00613368188920883,0.0783178261266797,0.00158319204777422
"prospective","GoodOverlap","PATE","CorCor","DSM_M1",1000,TRUE,"inclusive",0.866391828860284,1000,"conditional_on_available_point",0.917548779935655,0.0511569510753712,0.0511569510753712,5.90459759329296,0.00328859272360698,0.0573462529168818,0.00181344774493421,0.209310347180877,0.00590233777421129,0.0768266735854891,0.0016157285449759
"retrospective","PoorOverlap","PATE","CorCor","DSM_M1",1000,TRUE,"inclusive",0.866391828860284,1000,"conditional_on_available_point",0.917056644641979,0.0506648157816949,0.0506648157816949,5.84779473836257,0.0125134553514235,0.111863556851298,0.00353743626817834,0.408295202048679,0.0150678654542652,0.12275123402339,0.00282427506627831
"prospective","PoorOverlap","PATE","CorCor","DSM_M1",1000,TRUE,"inclusive",0.866391828860284,1000,"conditional_on_available_point",0.91206622628842,0.045674397428136,0.045674397428136,5.2717945745425,0.0163465346706966,0.127853567297501,0.00404308479637721,0.466657770964413,0.0184163387164492,0.135706811606673,0.00284841643551912
"retrospective","GoodOverlap","PATT","CorCor","DSM_M1",1000,TRUE,"inclusive",1.03507218631865,1000,"conditional_on_available_point",1.09444079988315,0.0593686135644988,0.0593686135644988,5.7356978913374,0.00348691607872291,0.0590501149763734,0.0018673285942016,0.180405639228212,0.00700806143921498,0.083714165104927,0.00166805817728384
"prospective","GoodOverlap","PATT","CorCor","DSM_M1",1000,TRUE,"inclusive",1.03507218631865,1000,"conditional_on_available_point",1.09311825968117,0.0580460733625183,0.0580460733625183,5.60792514085085,0.0034848872467806,0.0590329335776277,0.00186678527066736,0.180353147861772,0.00685074899234068,0.08276925149076,0.00165092303371704
"retrospective","PoorOverlap","PATT","CorCor","DSM_M1",1000,TRUE,"inclusive",1.18185416619657,1000,"conditional_on_available_point",1.2246114183454,0.0427572521488305,0.0427572521488305,3.61781117939715,0.011092919396332,0.105322929110104,0.0033306034582838,0.28181171193078,0.0129100090882543,0.113622220926429,0.0025256606386066
"prospective","PoorOverlap","PATT","CorCor","DSM_M1",1000,TRUE,"inclusive",1.18185416619657,1000,"conditional_on_available_point",1.23799844886911,0.0561442826725389,0.0561442826725389,4.75052542677256,0.0114964307361876,0.10722140987782,0.00339063869148389,0.286891461608635,0.0146371147822653,0.120983944316034,0.00244013635133517
"retrospective","GoodOverlap","PATE","CorMis","DSM_M1",1000,TRUE,"inclusive",0.866391828860284,1000,"conditional_on_available_point",0.92385851445032,0.0574666855900361,0.0574666855900361,6.63287483512305,0.00339299003280344,0.0582493779606567,0.00184200706643689,0.21260669884895,0.0066920169954747,0.0818047492232248,0.00160842230236061
"prospective","GoodOverlap","PATE","CorMis","DSM_M1",1000,TRUE,"inclusive",0.866391828860284,1000,"conditional_on_available_point",0.920583702992409,0.0541918741321258,0.0541918741321258,6.25489210850636,0.00379624451692229,0.0616136715098386,0.00194839536976515,0.22488616638135,0.00672920749435754,0.082031746868865,0.00170297915928306
"retrospective","PoorOverlap","PATE","CorMis","DSM_M1",1000,TRUE,"inclusive",0.866391828860284,1000,"conditional_on_available_point",0.918862096428394,0.0524702675681105,0.0524702675681105,6.05618218227356,0.0141607061881816,0.118998765490158,0.00376307137697142,0.434338281089475,0.0168996744606625,0.129998747919595,0.00299247036941663
"prospective","PoorOverlap","PATE","CorMis","DSM_M1",1000,TRUE,"inclusive",0.866391828860284,1000,"conditional_on_available_point",0.915052698728227,0.0486608698679434,0.0486608698679434,5.61649686054352,0.0183988048670183,0.135642194272351,0.00428938280723676,0.495085787325503,0.0207482863184562,0.144042654510587,0.00332423682177564
"retrospective","GoodOverlap","PATT","CorMis","DSM_M1",1000,TRUE,"inclusive",1.03507218631865,1000,"conditional_on_available_point",1.09319796508462,0.0581257787659635,0.0581257787659635,5.61562560894368,0.00451267670249011,0.067176459436994,0.00212430616966814,0.205232658914685,0.00788677018293735,0.0888074894529586,0.00188773801750968
"prospective","GoodOverlap","PATT","CorMis","DSM_M1",1000,TRUE,"inclusive",1.03507218631865,1000,"conditional_on_available_point",1.09077420235318,0.0557020160345237,0.0557020160345237,5.38146196668988,0.00425351954796353,0.0652190121664192,0.00206240625192117,0.19925240762737,0.00735198061872591,0.0857436914223193,0.00179897815932594
"retrospective","PoorOverlap","PATT","CorMis","DSM_M1",1000,TRUE,"inclusive",1.18185416619657,1000,"conditional_on_available_point",1.23769868292815,0.0558445167315768,0.0558445167315768,4.72516138867582,0.0167273074531911,0.129334092385539,0.00408990311048943,0.346058187843218,0.0198291901947213,0.140816157434867,0.00313930723006975
"prospective","PoorOverlap","PATT","CorMis","DSM_M1",1000,TRUE,"inclusive",1.18185416619657,1000,"conditional_on_available_point",1.2469689002559,0.0651147340593259,0.0651147340593259,5.50954051030487,0.0175965734495434,0.132652076687639,0.00419482698684265,0.354936091678925,0.0218189054677106,0.147712238720123,0.00307398087228556
"retrospective","GoodOverlap","PATE","MisCor","DSM_M1",1000,TRUE,"inclusive",0.866391828860284,1000,"conditional_on_available_point",0.921742806406186,0.0553509775459023,0.0553509775459023,6.38867723610865,0.00305940019384372,0.05531184496872,0.0017491141168728,0.201884881482979,0.00612007150893686,0.0782308859015214,0.00157022567218625
"prospective","GoodOverlap","PATE","MisCor","DSM_M1",1000,TRUE,"inclusive",0.866391828860284,1000,"conditional_on_available_point",0.916848070119435,0.050456241259151,0.050456241259151,5.82372081296344,0.00327238257517928,0.0572047425934186,0.0018089727955885,0.208793843077694,0.00581494247460575,0.0762557701069614,0.00160968735890081
"retrospective","PoorOverlap","PATE","MisCor","DSM_M1",1000,TRUE,"inclusive",0.866391828860284,1000,"conditional_on_available_point",0.918546076924563,0.0521542480642791,0.0521542480642791,6.01970682628513,0.0124594523566002,0.111621917008266,0.00352979494540408,0.407413231268286,0.0151670584953939,0.123154612156403,0.00282931536553541
"prospective","PoorOverlap","PATE","MisCor","DSM_M1",1000,TRUE,"inclusive",0.866391828860284,1000,"conditional_on_available_point",0.913355126148509,0.0469632972882254,0.0469632972882254,5.42056096604747,0.0163264496600003,0.127774996223832,0.00404060016086723,0.466370991308002,0.0185156745025225,0.136072313504704,0.00287344961986682
"retrospective","GoodOverlap","PATT","MisCor","DSM_M1",1000,TRUE,"inclusive",1.03507218631865,1000,"conditional_on_available_point",1.09443392644976,0.0593617401311061,0.0593617401311061,5.73503383780726,0.00340678795806696,0.0583676961860494,0.00184574861724639,0.178320762710377,0.00692719736150186,0.0832297865040027,0.00166240438078651
"prospective","GoodOverlap","PATT","MisCor","DSM_M1",1000,TRUE,"inclusive",1.03507218631865,1000,"conditional_on_available_point",1.09243808892137,0.0573659026027132,0.0573659026027132,5.54221274235388,0.00353699345416507,0.0594726277724893,0.00188068962196452,0.181696469755738,0.00682430324213488,0.0826093411312236,0.00160827196443602
"retrospective","PoorOverlap","PATT","MisCor","DSM_M1",1000,TRUE,"inclusive",1.18185416619657,1000,"conditional_on_available_point",1.22335891238407,0.041504746187503,0.041504746187503,3.51183313259987,0.0105019784988174,0.102479161290564,0.00324067562381942,0.274202665312635,0.0122141204764076,0.110517512080247,0.00250604644701901
"prospective","PoorOverlap","PATT","MisCor","DSM_M1",1000,TRUE,"inclusive",1.18185416619657,1000,"conditional_on_available_point",1.23784183705157,0.0559876708549983,0.0559876708549983,4.73727406107788,0.0111526660460668,0.105606183749186,0.00333956075645687,0.282569614083961,0.0142761326677883,0.11948277142663,0.00253131452957349
"retrospective","GoodOverlap","PATE","MisMis","DSM_M1",1000,TRUE,"inclusive",0.866391828860284,1000,"conditional_on_available_point",0.957285688242644,0.0908938593823604,0.0908938593823604,10.4910799426547,0.00386760166103839,0.062190044710053,0.00196662189071473,0.226989893626048,0.0121254277327977,0.110115519945181,0.00188265795051763
"prospective","GoodOverlap","PATE","MisMis","DSM_M1",1000,TRUE,"inclusive",0.866391828860284,1000,"conditional_on_available_point",0.957389166325582,0.0909973374652982,0.0909973374652982,10.5030235090055,0.00429856658860659,0.0655634546726039,0.00207329848034637,0.239302635514666,0.0125747834477913,0.112137341897297,0.00196749416580206
"retrospective","PoorOverlap","PATE","MisMis","DSM_M1",1000,TRUE,"inclusive",0.866391828860284,1000,"conditional_on_available_point",1.01318885963827,0.146797030777986,0.146797030777986,16.9434920653734,0.0150119038582936,0.122523074799377,0.00387451982293208,0.44720179644687,0.0365462601996683,0.19117076188494,0.00353874846695806
"prospective","PoorOverlap","PATE","MisMis","DSM_M1",1000,TRUE,"inclusive",0.866391828860284,1000,"conditional_on_available_point",1.01657596561036,0.150184136750076,0.150184136750076,17.3344359615717,0.0198708844278022,0.14096412461262,0.0044576770214768,0.514510510485857,0.04240628847474,0.205927872020132,0.0041733337301552
"retrospective","GoodOverlap","PATT","MisMis","DSM_M1",1000,TRUE,"inclusive",1.03507218631865,1000,"conditional_on_available_point",1.13667778055041,0.101605594231756,0.101605594231756,9.81628098742832,0.00501026472910372,0.0707832235003728,0.00223836206389934,0.216251783545679,0.015328951243563,0.1238101419253,0.00208836247793125
"prospective","GoodOverlap","PATT","MisMis","DSM_M1",1000,TRUE,"inclusive",1.03507218631865,1000,"conditional_on_available_point",1.13838510803515,0.103312921716502,0.103312921716502,9.98122866038415,0.00534934430556668,0.0731392118194248,0.0023128649561889,0.223449628611397,0.0160175547548612,0.126560478645038,0.00209402865080266
"retrospective","PoorOverlap","PATT","MisMis","DSM_M1",1000,TRUE,"inclusive",1.18185416619657,1000,"conditional_on_available_point",1.3887764961303,0.206922329933731,0.206922329933731,17.5082794351562,0.0161058903627714,0.126908984562841,0.00401321446757725,0.339569346401895,0.0589066350976123,0.242706891326992,0.0036259378279748
"prospective","PoorOverlap","PATT","MisMis","DSM_M1",1000,TRUE,"inclusive",1.18185416619657,1000,"conditional_on_available_point",1.40253678610633,0.22068261990976,0.22068261990976,18.6725762130161,0.0172034320069017,0.131161854237052,0.00414770201520092,0.350948715487377,0.0658870473051306,0.256684723552319,0.00369764646774372
"retrospective","GoodOverlap","PATE","CorCor","SWPSM_full",1000,TRUE,"inclusive",0.866391828860284,1000,"conditional_on_available_point",0.865356088434688,-0.00103574042559537,0.00103574042559537,-0.119546421271985,0.00406555680012392,0.063761718923849,0.00201632259326823,0.232726409241492,0.00406256400155301,0.0637382459874212,0.00142068644866341
"prospective","GoodOverlap","PATE","CorCor","SWPSM_full",1000,TRUE,"inclusive",0.866391828860284,1000,"conditional_on_available_point",0.860990693865988,-0.0054011349942961,0.0054011349942961,-0.623405578674623,0.00383334191092013,0.0619139880069127,0.00195789221126193,0.225982303392391,0.00385868082823582,0.0621182809504241,0.00141784044978706
"retrospective","PoorOverlap","PATE","CorCor","SWPSM_full",1000,TRUE,"inclusive",0.866391828860284,1000,"conditional_on_available_point",0.857494823359829,-0.00889700550045455,0.00889700550045455,-1.02690320985117,0.031930177443983,0.178690171649095,0.00565067937897586,0.652208295455554,0.0319774039734141,0.17882226923237,0.00479388729189631
"prospective","PoorOverlap","PATE","CorCor","SWPSM_full",1000,TRUE,"inclusive",0.866391828860284,1000,"conditional_on_available_point",0.851188432958786,-0.0152033959014974,0.0152033959014974,-1.75479447001446,0.0265327511802111,0.162888769349551,0.00515099516406404,0.594534134842897,0.0267373616759686,0.163515631289393,0.00359149709962939
"retrospective","GoodOverlap","PATT","CorCor","SWPSM_full",1000,TRUE,"inclusive",1.03507218631865,1000,"conditional_on_available_point",1.03294237109218,-0.00212981522647408,0.00212981522647408,-0.205764897813456,0.00300350590505579,0.0548042507936728,0.00173306257967097,0.16743398214909,0.00300503851204965,0.0548182315662376,0.00118845859534693
"prospective","GoodOverlap","PATT","CorCor","SWPSM_full",1000,TRUE,"inclusive",1.03507218631865,1000,"conditional_on_available_point",1.02773003036653,-0.00734215595212559,0.00734215595212559,-0.709337575598352,0.00406640952612057,0.0637684053910757,0.00201653403792759,0.194820618753134,0.00411625037061978,0.0641580109621533,0.00144314155939684
"retrospective","PoorOverlap","PATT","CorCor","SWPSM_full",1000,TRUE,"inclusive",1.18185416619657,1000,"conditional_on_available_point",1.17545084234725,-0.00640332384932438,0.00640332384932438,-0.541803213329736,0.0122527310468978,0.110692055030602,0.00350039012781401,0.296177838851212,0.0122814808721702,0.110821842937979,0.00261864378811145
"prospective","PoorOverlap","PATT","CorCor","SWPSM_full",1000,TRUE,"inclusive",1.18185416619657,1000,"conditional_on_available_point",1.16594382658713,-0.0159103396094437,0.0159103396094437,-1.34621851532209,0.0172191573125561,0.131221786729781,0.00414959724702966,0.351109076374782,0.0174550770617314,0.132117663700701,0.00319097514139622
"retrospective","GoodOverlap","PATE","CorMis","SWPSM_full",1000,TRUE,"inclusive",0.866391828860284,1000,"conditional_on_available_point",0.865356088434688,-0.00103574042559537,0.00103574042559537,-0.119546421271985,0.00406555680012392,0.063761718923849,0.00201632259326823,0.232726409241492,0.00406256400155301,0.0637382459874212,0.00142068644866341
"prospective","GoodOverlap","PATE","CorMis","SWPSM_full",1000,TRUE,"inclusive",0.866391828860284,1000,"conditional_on_available_point",0.860990693865988,-0.0054011349942961,0.0054011349942961,-0.623405578674623,0.00383334191092013,0.0619139880069127,0.00195789221126193,0.225982303392391,0.00385868082823582,0.0621182809504241,0.00141784044978706
"retrospective","PoorOverlap","PATE","CorMis","SWPSM_full",1000,TRUE,"inclusive",0.866391828860284,1000,"conditional_on_available_point",0.857494823359829,-0.00889700550045455,0.00889700550045455,-1.02690320985117,0.031930177443983,0.178690171649095,0.00565067937897586,0.652208295455554,0.0319774039734141,0.17882226923237,0.00479388729189631
"prospective","PoorOverlap","PATE","CorMis","SWPSM_full",1000,TRUE,"inclusive",0.866391828860284,1000,"conditional_on_available_point",0.851188432958786,-0.0152033959014974,0.0152033959014974,-1.75479447001446,0.0265327511802111,0.162888769349551,0.00515099516406404,0.594534134842897,0.0267373616759686,0.163515631289393,0.00359149709962939
"retrospective","GoodOverlap","PATT","CorMis","SWPSM_full",1000,TRUE,"inclusive",1.03507218631865,1000,"conditional_on_available_point",1.03294237109218,-0.00212981522647408,0.00212981522647408,-0.205764897813456,0.00300350590505579,0.0548042507936728,0.00173306257967097,0.16743398214909,0.00300503851204965,0.0548182315662376,0.00118845859534693
"prospective","GoodOverlap","PATT","CorMis","SWPSM_full",1000,TRUE,"inclusive",1.03507218631865,1000,"conditional_on_available_point",1.02773003036653,-0.00734215595212559,0.00734215595212559,-0.709337575598352,0.00406640952612057,0.0637684053910757,0.00201653403792759,0.194820618753134,0.00411625037061978,0.0641580109621533,0.00144314155939684
"retrospective","PoorOverlap","PATT","CorMis","SWPSM_full",1000,TRUE,"inclusive",1.18185416619657,1000,"conditional_on_available_point",1.17545084234725,-0.00640332384932438,0.00640332384932438,-0.541803213329736,0.0122527310468978,0.110692055030602,0.00350039012781401,0.296177838851212,0.0122814808721702,0.110821842937979,0.00261864378811145
"prospective","PoorOverlap","PATT","CorMis","SWPSM_full",1000,TRUE,"inclusive",1.18185416619657,1000,"conditional_on_available_point",1.16594382658713,-0.0159103396094437,0.0159103396094437,-1.34621851532209,0.0172191573125561,0.131221786729781,0.00414959724702966,0.351109076374782,0.0174550770617314,0.132117663700701,0.00319097514139622
"retrospective","GoodOverlap","PATE","MisCor","SWPSM_full",1000,TRUE,"inclusive",0.866391828860284,1000,"conditional_on_available_point",0.86293232267802,-0.00345950618226402,0.00345950618226402,-0.399300416627302,0.00417798610420906,0.0646373429544335,0.00204401225637447,0.235922383878356,0.00418577630112997,0.0646975756974709,0.0014699626142721
"prospective","GoodOverlap","PATE","MisCor","SWPSM_full",1000,TRUE,"inclusive",0.866391828860284,1000,"conditional_on_available_point",0.859543024710249,-0.00684880415003473,0.00684880415003473,-0.790497315636524,0.00380200988103135,0.0616604401624847,0.00194987432441974,0.225056869128689,0.00384511398943585,0.0620089831349931,0.00143249148449923
"retrospective","PoorOverlap","PATE","MisCor","SWPSM_full",1000,TRUE,"inclusive",0.866391828860284,1000,"conditional_on_available_point",0.856156288555233,-0.0102355403050503,0.0102355403050503,-1.18139852709771,0.032422718029672,0.18006309457985,0.00569409501410646,0.657219380934939,0.0324950615969786,0.18026386658723,0.00461493898882941
"prospective","PoorOverlap","PATE","MisCor","SWPSM_full",1000,TRUE,"inclusive",0.866391828860284,1000,"conditional_on_available_point",0.855410133270258,-0.0109816955900254,0.0109816955900254,-1.2675206787755,0.0272621858934328,0.165112646073621,0.005221320320899,0.602651150088466,0.0273555213455714,0.165395046315092,0.00364821650806035
"retrospective","GoodOverlap","PATT","MisCor","SWPSM_full",1000,TRUE,"inclusive",1.03507218631865,1000,"conditional_on_available_point",1.03141784499161,-0.00365434132703862,0.00365434132703862,-0.353051833035499,0.00290311112479436,0.0538805263967823,0.00170385184942657,0.1646118861996,0.00291356222420407,0.0539774232823693,0.00112858060884096
"prospective","GoodOverlap","PATT","MisCor","SWPSM_full",1000,TRUE,"inclusive",1.03507218631865,1000,"conditional_on_available_point",1.02858463460564,-0.00648755171301595,0.00648755171301595,-0.626772876207759,0.00399018940732393,0.0631679460432578,0.00199754584611316,0.192986138794594,0.00402828754514566,0.0634687918992134,0.00141210347412583
"retrospective","PoorOverlap","PATT","MisCor","SWPSM_full",1000,TRUE,"inclusive",1.18185416619657,1000,"conditional_on_available_point",1.17333820193727,-0.00851596425930343,0.00851596425930343,-0.72055965134086,0.011545819666868,0.107451475871055,0.0033979140169916,0.287507047331121,0.0116067954944668,0.107734838814874,0.00260634753603354
"prospective","PoorOverlap","PATT","MisCor","SWPSM_full",1000,TRUE,"inclusive",1.18185416619657,1000,"conditional_on_available_point",1.16838974689176,-0.0134644193048114,0.0134644193048114,-1.13926232947525,0.0171935829652644,0.131124303488195,0.00414651455625859,0.350848241251529,0.0173576799695149,0.131748548263405,0.00292918256670025
"retrospective","GoodOverlap","PATE","MisMis","SWPSM_full",1000,TRUE,"inclusive",0.866391828860284,1000,"conditional_on_available_point",0.86293232267802,-0.00345950618226402,0.00345950618226402,-0.399300416627302,0.00417798610420906,0.0646373429544335,0.00204401225637447,0.235922383878356,0.00418577630112997,0.0646975756974709,0.0014699626142721
"prospective","GoodOverlap","PATE","MisMis","SWPSM_full",1000,TRUE,"inclusive",0.866391828860284,1000,"conditional_on_available_point",0.859543024710249,-0.00684880415003473,0.00684880415003473,-0.790497315636524,0.00380200988103135,0.0616604401624847,0.00194987432441974,0.225056869128689,0.00384511398943585,0.0620089831349931,0.00143249148449923
"retrospective","PoorOverlap","PATE","MisMis","SWPSM_full",1000,TRUE,"inclusive",0.866391828860284,1000,"conditional_on_available_point",0.856156288555233,-0.0102355403050503,0.0102355403050503,-1.18139852709771,0.032422718029672,0.18006309457985,0.00569409501410646,0.657219380934939,0.0324950615969786,0.18026386658723,0.00461493898882941
"prospective","PoorOverlap","PATE","MisMis","SWPSM_full",1000,TRUE,"inclusive",0.866391828860284,1000,"conditional_on_available_point",0.855410133270258,-0.0109816955900254,0.0109816955900254,-1.2675206787755,0.0272621858934328,0.165112646073621,0.005221320320899,0.602651150088466,0.0273555213455714,0.165395046315092,0.00364821650806035
"retrospective","GoodOverlap","PATT","MisMis","SWPSM_full",1000,TRUE,"inclusive",1.03507218631865,1000,"conditional_on_available_point",1.03141784499161,-0.00365434132703862,0.00365434132703862,-0.353051833035499,0.00290311112479436,0.0538805263967823,0.00170385184942657,0.1646118861996,0.00291356222420407,0.0539774232823693,0.00112858060884096
"prospective","GoodOverlap","PATT","MisMis","SWPSM_full",1000,TRUE,"inclusive",1.03507218631865,1000,"conditional_on_available_point",1.02858463460564,-0.00648755171301595,0.00648755171301595,-0.626772876207759,0.00399018940732393,0.0631679460432578,0.00199754584611316,0.192986138794594,0.00402828754514566,0.0634687918992134,0.00141210347412583
"retrospective","PoorOverlap","PATT","MisMis","SWPSM_full",1000,TRUE,"inclusive",1.18185416619657,1000,"conditional_on_available_point",1.17333820193727,-0.00851596425930343,0.00851596425930343,-0.72055965134086,0.011545819666868,0.107451475871055,0.0033979140169916,0.287507047331121,0.0116067954944668,0.107734838814874,0.00260634753603354
"prospective","PoorOverlap","PATT","MisMis","SWPSM_full",1000,TRUE,"inclusive",1.18185416619657,1000,"conditional_on_available_point",1.16838974689176,-0.0134644193048114,0.0134644193048114,-1.13926232947525,0.0171935829652644,0.131124303488195,0.00414651455625859,0.350848241251529,0.0173576799695149,0.131748548263405,0.00292918256670025
